code,name,sw_l1,pct_0408,amount_0408,weighted_0408,high_0408,double_red_hits,double_red_amount_sum,double_red_sectors,ret_3d,ret_5d,ret_7d,ret_10d,peak_ret,peak_day_n,peak_date,drawdown_after_peak,pct_0409,sw_pct_0409,rel_0409,divergence_path,nearest_reflow_date,nearest_reflow_sector,peak_minus_reflow_days
301232.SZ,飞沃科技,电力设备,20.0,19.28,87.82,,1,2701.0,风电,10.5,23.33,32.63,26.59,34.06,8,2026-04-21,-7.47,-4.46,-0.57,-3.89,补跌且弱于行业,2026-04-20,风电,1
600875.SH,东方电气,电力设备,9.99,44.93,66.96,,7,16469.81,储能、光伏、可控核聚变、氢能源、燃料电池、雅下水电、风电,1.62,9.74,10.96,14.38,14.38,10,2026-04-23,0.0,0.03,-0.57,0.6,抗住且相对强,2026-04-20,雅下水电,3
688676.SH,金盘科技,电力设备,14.53,18.69,62.82,,5,12701.39,储能、光伏、电网设备、雅下水电、风电,0.6,2.14,5.59,9.15,10.53,9,2026-04-22,-1.38,4.59,-0.57,5.16,抗住且相对强,2026-04-20,电网设备,2
600869.SH,远东股份,电力设备,10.01,20.51,45.33,历史新高,13,30448.28,储能、光伏、光纤、可控核聚变、固态电池、液冷服务器、特高压、电网设备、芯片、钠离子电池、铜缆高速连接、雅下水电、风电,-5.51,-10.08,-2.94,3.38,7.51,9,2026-04-22,-4.13,0.95,-0.57,1.52,抗住且相对强,2026-04-22,铜缆高速连接,0
600089.SH,特变电工,电力设备,6.19,48.9,43.29,,7,14755.37,储能、光伏、特高压、虚拟电厂、雅下水电、风电、高压快充,2.81,4.56,4.34,3.55,5.57,4,2026-04-15,-2.02,-0.71,-0.57,-0.14,补跌且弱于行业,2026-04-15,特高压,0
688392.SH,XD骄成超,电力设备,16.07,6.54,41.1,20日新高,5,14895.08,先进封装、固态电池、液冷服务器、电池、芯片,0.23,-0.27,4.59,8.41,10.61,9,2026-04-22,-2.2,-0.71,-0.57,-0.14,补跌且弱于行业,2026-04-22,先进封装,0
300450.SZ,先导智能,电力设备,7.07,33.31,40.8,,10,19249.46,PCB、TOPCON电池、储能、光伏、固态电池、氢能源、燃料电池、电池、钙钛矿电池、钠离子电池,7.76,6.72,12.77,13.52,16.95,9,2026-04-22,-3.42,-1.24,-0.57,-0.67,补跌且弱于行业,2026-04-21,钠离子电池,1
601179.SH,中国西电,电力设备,6.95,33.33,40.12,,7,22029.81,储能、光伏、可控核聚变、特高压、电网设备、芯片、风电,2.6,10.45,15.39,14.12,15.39,7,2026-04-20,-1.27,-1.37,-0.57,-0.8,补跌且弱于行业,2026-04-20,电网设备,0
300014.SZ,亿纬锂能,电力设备,5.88,46.41,40.06,,6,12376.89,储能、固态电池、氢能源、燃料电池、电池、钠离子电池,11.04,9.02,5.91,10.38,11.04,3,2026-04-14,-0.66,1.34,-0.57,1.91,抗住且相对强,2026-04-14,钠离子电池,0
002851.SZ,麦格米特,电力设备,9.29,17.48,38.84,,6,21261.35,储能、光伏、芯片、英伟达、风电、高压快充,5.95,1.91,9.24,3.79,9.24,7,2026-04-20,-5.45,0.07,-0.57,0.64,抗住且相对强,2026-04-20,风电,0
300274.SZ,阳光电源,电力设备,3.85,99.95,38.49,,6,15281.99,储能、光伏、光伏设备、氢能源、虚拟电厂、风电,12.65,8.16,9.21,8.64,12.65,3,2026-04-14,-4.01,-2.51,-0.57,-1.94,补跌且弱于行业,2026-04-14,虚拟电厂,0
300751.SZ,迈为股份,电力设备,6.82,28.6,36.47,,6,16935.01,先进封装、光伏、光伏设备、存储芯片、芯片、钙钛矿电池,1.31,8.87,12.18,7.73,12.18,7,2026-04-20,-4.45,-6.66,-0.57,-6.09,补跌且弱于行业,2026-04-20,光伏设备,0
601126.SH,四方股份,电力设备,9.65,13.99,36.09,,8,17019.74,储能、光伏、氢能源、特高压、电网设备、虚拟电厂、雅下水电、风电,0.73,6.21,11.53,19.42,21.97,9,2026-04-22,-2.56,0.07,-0.57,0.64,抗住且相对强,2026-04-20,电网设备,2
600482.SH,中国动力,电力设备,7.86,20.13,35.27,,6,14238.42,储能、固态电池、氢能源、燃料电池、钠离子电池、风电,5.22,6.09,3.92,14.96,14.96,10,2026-04-23,0.0,5.03,-0.57,5.6,抗住且相对强,2026-04-21,钠离子电池,2
002335.SZ,科华数据,电力设备,8.82,15.22,34.41,,4,13539.46,储能、光伏、氢能源、液冷服务器,3.56,5.6,8.93,14.91,15.16,9,2026-04-22,-0.26,2.05,-0.57,2.62,抗住且相对强,2026-04-22,液冷服务器,0
002202.SZ,金风科技,电力设备,4.15,65.61,33.62,,4,11191.42,储能、氢能源、特高压、风电,6.12,4.82,11.54,7.8,11.54,7,2026-04-20,-3.73,0.0,-0.57,0.57,抗住且相对强,2026-04-20,风电,0
688226.SH,威腾电气,电力设备,10.93,9.33,33.39,120日新高,6,16665.07,储能、光伏、共封装光学(CPO)、电网设备、钠离子电池、风电,2.29,3.6,8.79,14.11,19.98,9,2026-04-22,-5.86,-2.02,-0.57,-1.45,补跌且弱于行业,2026-04-22,共封装光学(CPO),0
603806.SH,福斯特,电力设备,9.72,11.74,33.3,,6,14119.43,PCB、储能、光伏、光伏设备、固态电池、钠离子电池,-0.06,-1.02,-2.82,2.37,2.37,10,2026-04-23,0.0,-4.27,-0.57,-3.7,补跌且弱于行业,2026-04-21,钠离子电池,2
300870.SZ,欧陆通,电力设备,8.07,16.19,32.47,,3,11186.81,储能、光伏、液冷服务器,6.3,18.16,28.67,19.0,28.67,7,2026-04-20,-9.67,3.23,-0.57,3.8,抗住且相对强,2026-04-20,液冷服务器,0
301291.SZ,明阳电气,电力设备,10.45,7.09,27.83,,5,14473.57,储能、光伏、氢能源、电网设备、风电,-0.4,5.24,4.07,6.49,6.69,9,2026-04-22,-0.21,-0.38,-0.57,0.19,补跌但相对强,2026-04-20,电网设备,2
688388.SH,嘉元科技,电力设备,7.0,13.42,25.64,,6,16901.48,PCB、储能、光伏、共封装光学(CPO)、固态电池、电池,6.4,8.95,10.21,4.07,12.8,8,2026-04-21,-8.72,-1.5,-0.57,-0.93,补跌且弱于行业,2026-04-21,固态电池,0
688223.SH,晶科能源,电力设备,6.94,13.15,25.17,,5,10764.51,TOPCON电池、储能、光伏、光伏设备、钙钛矿电池,2.95,10.87,7.92,4.5,10.87,5,2026-04-16,-6.37,-2.87,-0.57,-2.3,补跌且弱于行业,2026-04-16,TOPCON电池,0
688503.SH,聚和材料,电力设备,8.46,8.5,24.66,,5,15241.51,TOPCON电池、光伏、光伏设备、液冷服务器、芯片,4.17,10.04,10.69,4.38,12.37,8,2026-04-21,-7.99,-0.62,-0.57,-0.05,补跌且弱于行业,2026-04-22,芯片,-1
600580.SH,卧龙电驱,电力设备,6.14,16.02,24.58,,3,10087.28,储能、氢能源、风电,4.6,3.76,4.71,2.49,5.01,6,2026-04-17,-2.52,-1.41,-0.57,-0.84,补跌且弱于行业,2026-04-20,风电,-1
300118.SZ,东方日升,电力设备,7.03,11.79,24.14,,5,10764.51,TOPCON电池、储能、光伏、光伏设备、钙钛矿电池,1.97,3.08,6.97,0.86,6.97,7,2026-04-20,-6.11,-2.35,-0.57,-1.78,补跌且弱于行业,2026-04-20,钙钛矿电池,0
300724.SZ,捷佳伟创,电力设备,5.57,18.49,23.95,,7,17087.46,PCB、TOPCON电池、先进封装、光伏、光伏设备、芯片、钙钛矿电池,6.03,4.42,3.84,-13.97,6.03,3,2026-04-14,-20.01,-2.07,-0.57,-1.5,补跌且弱于行业,2026-04-14,PCB,0
300617.SZ,安靠智电,电力设备,10.35,4.94,23.0,,6,14086.62,储能、光伏、特高压、电网设备、虚拟电厂、风电,2.53,3.96,13.72,7.84,13.72,7,2026-04-20,-5.88,0.61,-0.57,1.18,抗住且相对强,2026-04-20,电网设备,0
601567.SH,三星电气,电力设备,8.04,8.1,22.88,,4,12120.92,储能、光伏、电网设备、风电,-1.67,1.63,0.78,-0.74,2.1,6,2026-04-17,-2.84,-1.83,-0.57,-1.26,补跌且弱于行业,2026-04-17,光伏,0
300153.SZ,科泰电源,电力设备,9.29,5.89,22.55,,1,5033.63,储能,3.03,8.97,11.17,5.07,11.17,7,2026-04-20,-6.1,-0.71,-0.57,-0.14,补跌且弱于行业,2026-04-10,储能,6
603985.SH,恒润股份,电力设备,6.45,12.07,22.41,2年新高,2,3877.13,英伟达、风电,4.14,20.83,18.56,20.24,25.41,9,2026-04-22,-5.17,-7.43,-0.57,-6.86,补跌且弱于行业,2026-04-22,英伟达,0
600550.SH,保变电气,电力设备,6.49,11.04,21.56,,4,3526.54,可控核聚变、特高压、电网设备、虚拟电厂,-1.84,4.67,7.63,3.88,7.63,7,2026-04-20,-3.75,-1.36,-0.57,-0.79,补跌且弱于行业,2026-04-20,特高压,0
300750.SZ,宁德时代,电力设备,1.74,143.15,20.82,,4,8905.09,储能、固态电池、电池、钠离子电池,10.46,16.41,10.9,12.54,16.41,5,2026-04-16,-3.87,-0.33,-0.57,0.24,补跌但相对强,2026-04-16,电池,0
002759.SZ,天际股份,电力设备,5.02,17.11,20.76,,3,3871.46,固态电池、电池、钠离子电池,12.32,4.47,-0.46,-7.79,12.32,3,2026-04-14,-20.12,-3.62,-0.57,-3.05,补跌且弱于行业,2026-04-14,钠离子电池,0
600268.SH,国电南自,电力设备,7.71,7.04,20.46,,6,10912.91,储能、特高压、电网设备、虚拟电厂、雅下水电、风电,0.07,4.78,9.43,5.59,9.43,7,2026-04-20,-3.84,1.16,-0.57,1.73,抗住且相对强,2026-04-20,电网设备,0
601615.SH,明阳智能,电力设备,5.4,14.13,20.3,,6,22481.87,储能、光伏、氢能源、芯片、钙钛矿电池、风电,2.27,1.16,5.94,2.14,6.0,9,2026-04-22,-3.86,-0.43,-0.57,0.14,补跌但相对强,2026-04-22,芯片,0
300037.SZ,新宙邦,电力设备,5.81,11.93,20.07,,6,15906.38,先进封装、固态电池、液冷服务器、电池、芯片、钠离子电池,7.31,5.74,4.11,3.75,7.31,3,2026-04-14,-3.56,3.0,-0.57,3.57,抗住且相对强,2026-04-14,钠离子电池,0
601012.SH,隆基绿能,电力设备,3.71,28.47,19.8,,6,13117.16,TOPCON电池、储能、光伏、光伏设备、氢能源、钙钛矿电池,3.72,3.49,4.31,3.61,4.49,2,2026-04-13,-0.89,-2.31,-0.57,-1.74,补跌且弱于行业,2026-04-14,氢能源,-1
300001.SZ,特锐德,电力设备,6.34,9.39,19.43,,6,10745.92,MCU芯片、储能、电网设备、虚拟电厂、风电、高压快充,1.02,1.19,4.38,8.86,8.86,10,2026-04-23,0.0,0.07,-0.57,0.64,抗住且相对强,2026-04-22,高压快充,1
601727.SH,上海电气,电力设备,5.31,13.05,19.18,,9,19875.73,储能、光伏、可控核聚变、固态电池、氢能源、燃料电池、特高压、虚拟电厂、风电,0.88,2.01,1.88,1.25,2.01,5,2026-04-16,-0.75,-1.97,-0.57,-1.4,补跌且弱于行业,2026-04-17,光伏,-1
300409.SZ,道氏技术,电力设备,6.73,8.1,19.15,,6,15219.28,固态电池、氢能源、燃料电池、电池、芯片、钠离子电池,9.98,4.33,4.36,3.7,9.98,3,2026-04-14,-6.27,-0.74,-0.57,-0.17,补跌且弱于行业,2026-04-14,钠离子电池,0
600406.SH,国电南瑞,电力设备,4.07,22.02,19.1,,8,22194.76,储能、光伏、氢能源、特高压、电网设备、芯片、虚拟电厂、雅下水电,0.81,3.51,4.93,3.81,4.93,7,2026-04-20,-1.12,-2.33,-0.57,-1.76,补跌且弱于行业,2026-04-20,电网设备,0
002459.SZ,晶澳科技,电力设备,6.23,9.27,18.97,,6,13465.51,TOPCON电池、储能、光伏、光伏设备、钙钛矿电池、风电,4.25,3.4,5.39,2.74,5.58,2,2026-04-13,-2.84,-3.02,-0.57,-2.45,补跌且弱于行业,2026-04-10,储能,1
688599.SH,天合光能,电力设备,6.96,7.38,18.91,,7,13978.72,TOPCON电池、储能、光伏、光伏设备、氢能源、虚拟电厂、钙钛矿电池,4.18,5.51,5.2,2.85,5.64,6,2026-04-17,-2.79,-3.19,-0.57,-2.62,补跌且弱于行业,2026-04-17,光伏,0
603063.SH,禾望电气,电力设备,6.75,7.75,18.79,,4,13841.46,储能、光伏、氢能源、风电,5.53,12.76,24.94,27.56,27.56,10,2026-04-23,0.0,3.61,-0.57,4.18,抗住且相对强,2026-04-20,风电,3
300316.SZ,晶盛机电,电力设备,5.83,10.29,18.7,,7,18340.86,AI眼镜、TOPCON电池、先进封装、光伏、光伏设备、存储芯片、芯片,2.95,10.17,9.3,5.32,11.57,6,2026-04-17,-6.26,-4.54,-0.57,-3.97,补跌且弱于行业,2026-04-17,光伏,0
600885.SH,宏发股份,电力设备,6.25,8.36,18.07,,4,12120.92,储能、光伏、电网设备、风电,1.62,3.51,8.8,9.26,9.86,9,2026-04-22,-0.6,0.46,-0.57,1.03,抗住且相对强,2026-04-20,风电,2
603659.SH,璞泰来,电力设备,4.1,19.05,17.89,,6,19133.76,储能、固态电池、氢能源、电池、芯片、钠离子电池,10.18,12.32,10.91,7.74,13.51,8,2026-04-21,-5.77,1.3,-0.57,1.87,抗住且相对强,2026-04-21,钠离子电池,0
600577.SH,精达股份,电力设备,5.89,9.1,17.77,,4,3053.79,可控核聚变、电网设备、铜缆高速连接、高压快充,0.08,0.48,7.34,4.6,7.34,7,2026-04-20,-2.74,-1.43,-0.57,-0.86,补跌且弱于行业,2026-04-20,铜缆高速连接,0
002270.SZ,华明装备,电力设备,7.61,5.28,17.49,,2,1736.25,特高压、电网设备,-4.36,-1.11,-0.79,0.11,0.86,9,2026-04-22,-0.75,-1.55,-0.57,-0.98,补跌且弱于行业,2026-04-20,特高压,2
301217.SZ,铜冠铜箔,电力设备,3.36,27.07,17.48,,4,9614.45,PCB、储能、固态电池、电池,6.11,6.9,8.69,12.15,19.61,9,2026-04-22,-7.46,2.06,-0.57,2.63,抗住且相对强,2026-04-21,电池,1
002709.SZ,天赐材料,电力设备,2.93,34.99,17.33,,4,8905.09,储能、固态电池、电池、钠离子电池,12.44,12.01,13.12,12.58,20.28,8,2026-04-21,-7.7,-2.42,-0.57,-1.85,补跌且弱于行业,2026-04-21,电池,0
002606.SZ,大连电瓷,电力设备,9.98,3.0,17.29,,4,7631.44,储能、特高压、电网设备、虚拟电厂,-0.94,4.35,6.31,13.82,13.82,10,2026-04-23,0.0,-1.51,-0.57,-0.94,补跌且弱于行业,2026-04-20,特高压,3
300444.SZ,双杰电气,电力设备,6.93,6.15,17.19,,8,16827.7,储能、光伏、固态电池、特高压、电网设备、虚拟电厂、风电、高压快充,0.22,11.36,15.2,15.77,15.77,10,2026-04-23,0.0,-0.5,-0.57,0.07,补跌但相对强,2026-04-22,高压快充,1
002028.SZ,思源电气,电力设备,3.27,27.49,17.14,,4,14645.9,储能、特高压、电网设备、芯片,1.64,6.51,7.47,10.51,10.51,10,2026-04-23,0.0,-1.96,-0.57,-1.39,补跌且弱于行业,2026-04-22,芯片,1
300432.SZ,富临精工,电力设备,4.19,15.71,16.61,,1,5033.63,储能,7.28,8.71,7.58,13.31,13.31,10,2026-04-23,0.0,3.24,-0.57,3.81,抗住且相对强,2026-04-10,储能,9
300035.SZ,中科电气,电力设备,5.36,9.51,16.53,,6,11346.14,PCB、储能、固态电池、电池、钠离子电池、高压快充,4.69,2.72,2.14,7.01,8.04,9,2026-04-22,-1.03,-0.89,-0.57,-0.32,补跌且弱于行业,2026-04-22,高压快充,0
301511.SZ,德福科技,电力设备,4.28,14.73,16.43,,6,15348.85,PCB、储能、共封装光学(CPO)、固态电池、存储芯片、电池,1.91,6.51,17.49,40.88,42.85,9,2026-04-22,-1.98,9.23,-0.57,9.8,抗住且相对强,2026-04-22,共封装光学(CPO),0
301120.SZ,新特电气,电力设备,8.38,3.83,16.4,,5,13132.22,储能、光伏、电网设备、钠离子电池、风电,5.02,8.37,7.2,5.57,8.65,4,2026-04-15,-3.08,-0.67,-0.57,-0.1,补跌且弱于行业,2026-04-15,电网设备,0
300593.SZ,新雷能,电力设备,7.13,5.14,16.16,,2,12909.65,储能、芯片,13.08,14.27,21.74,22.48,25.18,9,2026-04-22,-2.71,-1.06,-0.57,-0.49,补跌且弱于行业,2026-04-22,芯片,0
002364.SZ,中恒电气,电力设备,5.3,9.18,16.06,,6,12773.37,储能、氢能源、特高压、虚拟电厂、风电、高压快充,33.07,34.04,36.86,36.33,38.3,8,2026-04-21,-1.97,9.99,-0.57,10.56,抗住且相对强,2026-04-22,高压快充,-1
688472.SH,阿特斯,电力设备,6.3,6.49,16.05,,5,10764.51,TOPCON电池、储能、光伏、光伏设备、钙钛矿电池,3.24,3.32,3.09,0.46,4.09,2,2026-04-13,-3.63,-2.78,-0.57,-2.21,补跌且弱于行业,2026-04-10,储能,1
001208.SZ,华菱线缆,电力设备,6.62,5.84,16.0,,5,9120.16,光伏、可控核聚变、特高压、电网设备、风电,1.35,15.69,19.07,7.66,19.07,7,2026-04-20,-11.41,-2.29,-0.57,-1.72,补跌且弱于行业,2026-04-20,电网设备,0
600884.SH,杉杉股份,电力设备,4.83,10.75,15.84,,6,13169.74,储能、光伏、光学光电子、固态电池、电池、钠离子电池,10.21,5.36,3.29,6.86,10.21,3,2026-04-14,-3.36,2.41,-0.57,2.98,抗住且相对强,2026-04-14,钠离子电池,0
002506.SZ,协鑫集成,电力设备,3.2,24.43,15.82,,5,10764.51,TOPCON电池、储能、光伏、光伏设备、钙钛矿电池,0.68,0.68,5.68,3.64,10.91,8,2026-04-21,-7.27,-2.65,-0.57,-2.08,补跌且弱于行业,2026-04-20,光伏设备,1
603906.SH,龙蟠科技,电力设备,5.21,8.91,15.55,,7,14775.89,储能、固态电池、氢能源、液冷服务器、燃料电池、电池、钠离子电池,7.49,13.71,23.97,38.22,38.22,10,2026-04-23,0.0,-1.7,-0.57,-1.13,补跌且弱于行业,2026-04-22,液冷服务器,1
300693.SZ,盛弘股份,电力设备,5.41,8.0,15.3,,3,6615.58,储能、虚拟电厂、高压快充,6.08,5.44,8.71,0.97,8.71,7,2026-04-20,-7.74,4.75,-0.57,5.32,抗住且相对强,2026-04-22,高压快充,-2
002692.SZ,远程股份,电力设备,7.33,4.27,15.15,,5,19996.94,储能、光伏、电网设备、芯片、风电,10.51,2.71,15.61,6.53,15.61,7,2026-04-20,-9.08,2.11,-0.57,2.68,抗住且相对强,2026-04-20,电网设备,0
688147.SH,微导纳米,电力设备,6.77,5.0,15.14,,7,19082.47,TOPCON电池、先进封装、光伏、半导体、存储芯片、芯片、钙钛矿电池,5.25,4.98,0.94,-2.47,5.25,3,2026-04-14,-7.72,0.62,-0.57,1.19,抗住且相对强,2026-04-14,先进封装,0
000533.SZ,顺钠股份,电力设备,5.2,8.27,14.95,,5,13049.65,储能、光伏、可控核聚变、电网设备、风电,2.61,7.91,9.9,-0.62,12.79,8,2026-04-21,-13.41,-0.14,-0.57,0.43,补跌但相对强,2026-04-20,电网设备,1
603897.SH,XD长城科,电力设备,6.11,5.98,14.94,3年新高,1,632.11,电网设备,17.54,38.71,39.01,42.11,42.11,10,2026-04-23,0.0,0.97,-0.57,1.54,抗住且相对强,2026-04-20,电网设备,3
002498.SZ,汉缆股份,电力设备,4.61,10.44,14.9,,5,7909.05,氢能源、燃料电池、特高压、电网设备、风电,0.0,16.3,21.6,17.59,21.6,7,2026-04-20,-4.01,-2.64,-0.57,-2.07,补跌且弱于行业,2026-04-20,电网设备,0
002169.SZ,智光电气,电力设备,6.99,4.5,14.83,,6,19261.64,储能、光伏、特高压、电网设备、芯片、虚拟电厂,3.37,-0.67,-1.62,-12.66,3.37,3,2026-04-14,-16.03,0.0,-0.57,0.57,抗住且相对强,2026-04-14,虚拟电厂,0
300265.SZ,通光线缆,电力设备,3.62,16.57,14.74,,5,9825.88,光伏、光纤、特高压、电网设备、风电,-6.03,-3.66,5.68,-5.34,5.68,7,2026-04-20,-11.02,3.85,-0.57,4.42,抗住且相对强,2026-04-20,特高压,0
002980.SZ,华盛昌,电力设备,4.26,11.96,14.73,3年新高,5,14489.67,AI眼镜、储能、光伏、共封装光学(CPO)、电网设备,15.19,19.38,40.09,36.31,47.63,8,2026-04-21,-11.31,5.33,-0.57,5.9,抗住且相对强,2026-04-22,共封装光学(CPO),-1
600438.SH,通威股份,电力设备,4.86,8.86,14.47,,6,18640.53,TOPCON电池、储能、光伏、光伏设备、芯片、钙钛矿电池,9.99,9.8,13.86,14.42,15.29,9,2026-04-22,-0.87,-2.32,-0.57,-1.75,补跌且弱于行业,2026-04-22,芯片,0
000400.SZ,许继电气,电力设备,5.07,8.02,14.36,,8,15387.39,储能、光伏、可控核聚变、氢能源、特高压、电网设备、虚拟电厂、高压快充,-7.93,-7.03,-5.71,-6.64,1.68,1,2026-04-10,-8.32,-0.71,-0.57,-0.14,补跌且弱于行业,2026-04-10,虚拟电厂,0
002340.SZ,格林美,电力设备,4.15,11.82,14.27,,6,12376.89,储能、固态电池、氢能源、燃料电池、电池、钠离子电池,4.53,4.66,6.55,4.79,7.93,9,2026-04-22,-3.15,-1.12,-0.57,-0.55,补跌且弱于行业,2026-04-21,钠离子电池,1
300769.SZ,德方纳米,电力设备,5.32,7.18,14.26,,3,7893.79,储能、固态电池、电池,11.21,12.89,12.82,17.46,17.46,10,2026-04-23,0.0,-1.62,-0.57,-1.05,补跌且弱于行业,2026-04-21,电池,2
300919.SZ,中伟新材,电力设备,4.64,9.43,14.25,,4,8905.09,储能、固态电池、电池、钠离子电池,10.33,10.33,10.62,11.52,13.67,9,2026-04-22,-2.15,1.39,-0.57,1.96,抗住且相对强,2026-04-21,电池,1
000720.SZ,新能泰山,电力设备,2.6,29.66,14.16,3年新高,2,2266.56,光纤、电网设备,-14.59,-17.25,-17.74,-19.24,-9.95,1,2026-04-10,-9.29,-10.0,-0.57,-9.43,补跌且弱于行业,2026-04-15,电网设备,-3
002112.SZ,三变科技,电力设备,5.83,5.81,14.05,,4,12120.92,储能、光伏、电网设备、风电,1.87,6.08,5.94,-1.48,7.18,4,2026-04-15,-8.67,-1.65,-0.57,-1.08,补跌且弱于行业,2026-04-15,电网设备,0
300073.SZ,当升科技,电力设备,4.87,8.22,13.96,,4,8905.09,储能、固态电池、电池、钠离子电池,5.55,3.5,5.52,6.63,7.54,8,2026-04-21,-0.91,1.67,-0.57,2.24,抗住且相对强,2026-04-21,电池,0
002534.SZ,西子洁能,电力设备,7.42,3.52,13.92,,4,10671.35,储能、光伏、燃料电池、钙钛矿电池,8.24,7.06,8.36,10.12,10.12,10,2026-04-23,0.0,-3.79,-0.57,-3.22,补跌且弱于行业,2026-04-20,钙钛矿电池,3
002471.SZ,中超控股,电力设备,2.97,21.77,13.86,,3,7087.29,光伏、电网设备、风电,-2.98,2.1,5.41,0.66,7.96,8,2026-04-21,-7.29,0.44,-0.57,1.01,抗住且相对强,2026-04-20,风电,1
600312.SH,平高电气,电力设备,5.75,5.69,13.72,,4,9470.88,储能、特高压、电网设备、风电,-6.59,-2.08,2.91,5.52,5.91,9,2026-04-22,-0.39,-0.67,-0.57,-0.1,补跌且弱于行业,2026-04-20,特高压,2
002245.SZ,蔚蓝锂芯,电力设备,2.62,26.93,13.6,,5,16781.11,储能、固态电池、电池、芯片、钠离子电池,5.09,6.16,5.3,13.34,13.34,10,2026-04-23,0.0,1.58,-0.57,2.15,抗住且相对强,2026-04-22,芯片,1
002074.SZ,国轩高科,电力设备,4.05,11.22,13.57,,6,12326.48,储能、固态电池、电池、钠离子电池、风电、高压快充,13.15,12.76,13.21,12.7,14.97,8,2026-04-21,-2.27,0.31,-0.57,0.88,抗住且相对强,2026-04-21,钠离子电池,0
601877.SH,正泰电器,电力设备,4.01,11.17,13.4,,5,12982.48,储能、光伏、电网设备、虚拟电厂、风电,2.35,2.14,0.76,-0.7,4.85,4,2026-04-15,-5.56,0.09,-0.57,0.66,抗住且相对强,2026-04-15,电网设备,0
300850.SZ,新强联,电力设备,4.83,7.63,13.34,,1,2701.0,风电,4.67,3.45,1.74,0.22,4.67,3,2026-04-14,-4.45,-2.27,-0.57,-1.7,补跌且弱于行业,2026-04-20,风电,-4
002518.SZ,科士达,电力设备,6.26,4.36,13.07,,4,13887.81,储能、光伏、液冷服务器、风电,1.91,1.59,3.48,4.11,4.11,10,2026-04-23,0.0,1.4,-0.57,1.97,抗住且相对强,2026-04-22,液冷服务器,1
300842.SZ,帝科股份,电力设备,6.11,4.52,12.99,,6,15808.45,TOPCON电池、光伏、光伏设备、存储芯片、芯片、钙钛矿电池,2.76,4.03,4.16,4.21,4.21,10,2026-04-23,0.0,-1.2,-0.57,-0.63,补跌且弱于行业,2026-04-22,芯片,1
002129.SZ,TCL中环,电力设备,4.61,7.73,12.82,,4,12842.51,TOPCON电池、光伏、光伏设备、芯片,4.37,3.55,4.26,2.13,4.61,2,2026-04-13,-2.48,-1.86,-0.57,-1.29,补跌且弱于行业,2026-04-14,芯片,-1
300490.SZ,华自科技,电力设备,6.1,4.38,12.77,,7,16102.75,储能、光伏、固态电池、虚拟电厂、钠离子电池、风电、高压快充,10.45,14.83,19.67,9.75,21.13,9,2026-04-22,-11.38,-1.55,-0.57,-0.98,补跌且弱于行业,2026-04-22,高压快充,0
300207.SZ,欣旺达,电力设备,3.28,14.81,12.62,,7,12023.94,AI眼镜、储能、固态电池、电池、虚拟电厂、钠离子电池、高压快充,20.23,17.51,16.35,16.71,20.23,3,2026-04-14,-3.53,1.75,-0.57,2.32,抗住且相对强,2026-04-14,钠离子电池,0
688556.SH,高测股份,电力设备,5.43,5.24,12.43,,3,12209.17,光伏、光伏设备、芯片,6.32,11.32,13.19,4.76,13.19,7,2026-04-20,-8.43,-9.66,-0.57,-9.09,补跌且弱于行业,2026-04-20,光伏设备,0
688778.SH,厦钨新能,电力设备,6.06,4.2,12.42,,4,6224.11,固态电池、氢能源、电池、钠离子电池,4.59,6.3,12.8,10.8,18.59,9,2026-04-22,-7.79,-2.62,-0.57,-2.05,补跌且弱于行业,2026-04-21,电池,1
688680.SH,海优新材,电力设备,8.29,2.19,12.27,,3,5097.54,光伏、光伏设备、钙钛矿电池,4.09,6.2,4.36,3.78,6.2,5,2026-04-16,-2.43,-3.14,-0.57,-2.57,补跌且弱于行业,2026-04-17,光伏,-1
300438.SZ,鹏辉能源,电力设备,2.94,16.81,12.05,,6,10885.8,储能、固态电池、燃料电池、电池、虚拟电厂、钠离子电池,23.45,28.45,26.22,27.53,29.2,6,2026-04-17,-1.67,1.7,-0.57,2.27,抗住且相对强,2026-04-16,电池,1
688551.SH,科威尔,电力设备,8.61,1.95,12.02,,6,22156.32,储能、光伏、固态电池、氢能源、燃料电池、芯片,4.06,4.24,3.66,10.28,14.18,9,2026-04-22,-3.9,-2.39,-0.57,-1.82,补跌且弱于行业,2026-04-22,芯片,0
301358.SZ,湖南裕能,电力设备,3.39,12.47,11.97,,4,8905.09,储能、固态电池、电池、钠离子电池,16.71,18.2,15.3,19.67,19.67,10,2026-04-23,0.0,0.98,-0.57,1.55,抗住且相对强,2026-04-21,电池,2
300129.SZ,泰胜风能,电力设备,5.82,4.2,11.93,,2,6455.18,光伏、风电,1.85,0.81,5.0,-8.22,5.0,7,2026-04-20,-13.22,-1.12,-0.57,-0.55,补跌且弱于行业,2026-04-20,风电,0
688191.SH,智洋创新,电力设备,7.73,2.35,11.85,,2,3805.14,特高压、风电,-0.71,-0.15,5.92,5.43,5.92,7,2026-04-20,-0.49,-0.61,-0.57,-0.04,补跌且弱于行业,2026-04-20,特高压,0
300427.SZ,红相股份,电力设备,5.98,3.87,11.76,,4,12313.27,特高压、电网设备、芯片、风电,3.37,7.16,6.82,-1.85,8.76,4,2026-04-15,-10.61,-2.86,-0.57,-2.29,补跌且弱于行业,2026-04-15,特高压,0
300776.SZ,帝尔激光,电力设备,5.18,5.08,11.68,,7,17087.46,PCB、TOPCON电池、先进封装、光伏、光伏设备、芯片、钙钛矿电池,-0.71,2.53,32.07,41.8,41.8,10,2026-04-23,0.0,6.12,-0.57,6.69,抗住且相对强,2026-04-22,先进封装,1
003021.SZ,兆威机电,电力设备,5.74,4.12,11.65,,1,571.44,MR(混合现实),3.7,4.53,4.19,0.07,4.53,5,2026-04-16,-4.46,-1.66,-0.57,-1.09,补跌且弱于行业,2026-04-20,MR(混合现实),-2
002560.SZ,通达股份,电力设备,2.26,26.38,11.61,,6,13805.53,储能、光伏、特高压、电网设备、雅下水电、风电,4.07,4.82,15.07,7.54,15.07,7,2026-04-20,-7.54,-2.07,-0.57,-1.5,补跌且弱于行业,2026-04-20,电网设备,0
002865.SZ,钧达股份,电力设备,4.25,7.26,11.45,,4,5730.88,TOPCON电池、光伏、光伏设备、钙钛矿电池,-5.81,-0.56,3.54,1.13,7.57,8,2026-04-21,-6.45,3.58,-0.57,4.15,抗住且相对强,2026-04-20,钙钛矿电池,1
600110.SH,诺德股份,电力设备,1.97,33.59,11.42,3年新高,4,9614.45,PCB、储能、固态电池、电池,2.07,-1.08,-1.57,-8.76,2.07,3,2026-04-14,-10.83,3.46,-0.57,4.03,抗住且相对强,2026-04-14,PCB,0
300568.SZ,星源材质,电力设备,3.74,9.21,11.35,,6,19133.76,储能、固态电池、氢能源、电池、芯片、钠离子电池,5.52,2.53,2.14,-0.39,5.52,3,2026-04-14,-5.91,2.94,-0.57,3.51,抗住且相对强,2026-04-14,钠离子电池,0
300827.SZ,上能电气,电力设备,3.38,11.27,11.35,,5,12648.16,储能、光伏、光伏设备、可控核聚变、氢能源,2.58,1.3,1.22,3.51,3.51,10,2026-04-23,0.0,3.49,-0.57,4.06,抗住且相对强,2026-04-20,光伏设备,3
002249.SZ,大洋电机,电力设备,5.28,4.56,11.27,,4,11206.43,储能、氢能源、燃料电池、风电,1.85,2.39,2.82,1.09,2.82,7,2026-04-20,-1.74,-1.81,-0.57,-1.24,补跌且弱于行业,2026-04-20,风电,0
301012.SZ,扬电科技,电力设备,6.69,2.83,11.25,,3,9419.92,储能、光伏、电网设备,2.12,10.25,20.15,17.77,25.16,9,2026-04-22,-7.39,-0.2,-0.57,0.37,补跌但相对强,2026-04-20,电网设备,2
002056.SZ,横店东磁,电力设备,3.9,7.93,10.98,,6,13117.16,TOPCON电池、储能、光伏、光伏设备、氢能源、钙钛矿电池,6.55,5.09,6.33,3.41,7.74,8,2026-04-21,-4.33,-0.91,-0.57,-0.34,补跌且弱于行业,2026-04-20,光伏设备,1
301157.SZ,华塑科技,电力设备,7.78,1.91,10.75,,3,8443.93,储能、液冷服务器、钠离子电池,22.83,25.67,29.31,17.55,35.54,6,2026-04-17,-17.99,-1.39,-0.57,-0.82,补跌且弱于行业,2026-04-20,液冷服务器,-1
600732.SH,爱旭股份,电力设备,4.03,7.04,10.69,,4,7667.49,TOPCON电池、光伏、光伏设备、风电,10.02,9.19,11.83,8.28,11.83,7,2026-04-20,-3.55,-0.55,-0.57,0.02,补跌但相对强,2026-04-20,风电,0
300660.SZ,江苏雷利,电力设备,6.27,2.82,10.53,,3,15308.65,储能、液冷服务器、芯片,3.84,3.67,4.22,0.57,4.22,6,2026-04-17,-3.65,-2.29,-0.57,-1.72,补跌且弱于行业,2026-04-17,芯片,0
688638.SH,誉辰智能,电力设备,11.16,0.89,10.53,20日新高,4,14490.36,光伏、固态电池、电池、芯片,-3.56,-2.7,-0.93,-4.2,2.13,6,2026-04-17,-6.33,4.33,-0.57,4.9,抗住且相对强,2026-04-17,光伏,0
002706.SZ,良信股份,电力设备,5.19,4.1,10.51,,4,12120.92,储能、光伏、电网设备、风电,1.23,4.41,13.63,8.61,14.86,6,2026-04-17,-6.25,0.41,-0.57,0.98,抗住且相对强,2026-04-17,光伏,0
605222.SH,起帆电缆,电力设备,5.79,3.28,10.49,,6,14153.79,储能、光伏、可控核聚变、特高压、电网设备、风电,0.21,13.72,33.5,42.18,45.56,9,2026-04-22,-3.38,0.09,-0.57,0.66,抗住且相对强,2026-04-20,电网设备,2
300690.SZ,双一科技,电力设备,5.97,3.07,10.46,,1,2701.0,风电,4.89,4.35,10.43,0.3,10.43,7,2026-04-20,-10.12,-1.72,-0.57,-1.15,补跌且弱于行业,2026-04-20,风电,0
002850.SZ,科达利,电力设备,3.28,10.11,10.43,,3,7893.79,储能、固态电池、电池,3.55,12.65,9.37,12.8,14.83,9,2026-04-22,-2.03,0.83,-0.57,1.4,抗住且相对强,2026-04-21,电池,1
688517.SH,金冠电气,电力设备,7.32,1.94,10.2,2年新高,4,7490.27,储能、特高压、电网设备、高压快充,0.0,3.12,5.14,4.95,10.34,9,2026-04-22,-5.38,1.32,-0.57,1.89,抗住且相对强,2026-04-22,高压快充,0
600151.SH,航天机电,电力设备,4.61,4.73,10.03,,3,4966.49,TOPCON电池、光伏、光伏设备,1.01,-0.14,7.61,10.05,10.05,10,2026-04-23,0.0,5.93,-0.57,6.5,抗住且相对强,2026-04-20,光伏设备,3
002452.SZ,长高电新,电力设备,6.06,2.74,10.03,,5,13225.06,储能、光伏、特高压、电网设备、风电,3.86,5.12,7.73,8.31,9.18,9,2026-04-22,-0.87,-1.43,-0.57,-0.86,补跌且弱于行业,2026-04-20,电网设备,2
300763.SZ,锦浪科技,电力设备,2.12,22.21,9.99,,4,17242.8,储能、光伏、光伏设备、芯片,6.52,2.9,5.04,6.28,6.52,3,2026-04-14,-0.24,0.38,-0.57,0.95,抗住且相对强,2026-04-14,芯片,0
603861.SH,白云电器,电力设备,5.87,2.82,9.86,,4,10524.06,储能、光伏、特高压、电网设备,-2.76,-3.35,0.47,1.23,1.23,10,2026-04-23,0.0,0.41,-0.57,0.98,抗住且相对强,2026-04-20,特高压,3
600152.SH,维科技术,电力设备,4.07,5.64,9.67,,4,8905.09,储能、固态电池、电池、钠离子电池,20.71,28.32,41.42,19.59,41.42,7,2026-04-20,-21.83,-1.2,-0.57,-0.63,补跌且弱于行业,2026-04-21,电池,-1
003022.SZ,联泓新科,电力设备,4.19,5.3,9.65,,6,17001.06,先进封装、光伏、光伏设备、固态电池、芯片、钠离子电池,0.74,-0.05,3.0,14.36,14.36,10,2026-04-23,0.0,0.14,-0.57,0.71,抗住且相对强,2026-04-22,先进封装,1
600481.SH,双良节能,电力设备,4.8,4.0,9.6,,5,14118.43,储能、光伏、光伏设备、氢能源、液冷服务器,-0.78,-0.16,2.02,-0.78,2.33,9,2026-04-22,-3.1,-1.53,-0.57,-0.96,补跌且弱于行业,2026-04-22,液冷服务器,0
688005.SH,容百科技,电力设备,4.39,4.59,9.41,,4,8905.09,储能、固态电池、电池、钠离子电池,11.09,7.56,12.82,14.51,14.96,8,2026-04-21,-0.45,-0.24,-0.57,0.33,补跌但相对强,2026-04-21,电池,0
300185.SZ,通裕重工,电力设备,3.75,6.26,9.38,,2,7734.63,储能、风电,0.93,0.0,3.42,-0.62,3.42,7,2026-04-20,-4.04,-3.01,-0.57,-2.44,补跌且弱于行业,2026-04-20,风电,0
603031.SH,安孚科技,电力设备,4.9,3.56,9.25,,6,20011.3,AI PC、储能、共封装光学(CPO)、固态电池、电池、芯片,-1.11,-0.08,4.95,7.8,11.13,9,2026-04-22,-3.33,3.08,-0.57,3.65,抗住且相对强,2026-04-22,共封装光学(CPO),0
600537.SH,*ST亿晶,电力设备,4.38,4.37,9.16,,4,5730.88,TOPCON电池、光伏、光伏设备、钙钛矿电池,17.3,12.43,-0.81,-8.65,17.3,3,2026-04-14,-25.95,-2.89,-0.57,-2.32,补跌且弱于行业,2026-04-16,TOPCON电池,-2
000682.SZ,东方电子,电力设备,5.98,2.34,9.15,,4,9228.3,储能、电网设备、虚拟电厂、风电,6.21,6.87,8.26,11.04,11.04,10,2026-04-23,0.0,-1.37,-0.57,-0.8,补跌且弱于行业,2026-04-20,风电,3
603556.SH,海兴电力,电力设备,7.1,1.63,9.06,,3,9419.92,储能、光伏、电网设备,2.54,4.17,-0.44,-11.95,6.71,4,2026-04-15,-18.66,-1.15,-0.57,-0.58,补跌且弱于行业,2026-04-15,电网设备,0
603988.SH,中电电机,电力设备,3.55,6.34,8.94,,2,7734.63,储能、风电,-1.31,-3.61,-3.79,-10.61,-1.2,1,2026-04-10,-9.41,-1.97,-0.57,-1.4,补跌且弱于行业,2026-04-10,储能,0
300716.SZ,*ST泉为,电力设备,9.07,0.95,8.84,,5,10764.51,TOPCON电池、储能、光伏、光伏设备、钙钛矿电池,-2.95,-2.95,-4.39,-7.69,1.3,1,2026-04-10,-8.99,0.97,-0.57,1.54,抗住且相对强,2026-04-10,储能,0
600416.SH,湘电股份,电力设备,5.16,2.93,8.83,,2,7734.63,储能、风电,0.32,-0.4,0.48,1.77,2.25,9,2026-04-22,-0.48,-3.12,-0.57,-2.55,补跌且弱于行业,2026-04-20,风电,2
688408.SH,中信博,电力设备,6.23,1.93,8.65,,3,9366.78,储能、光伏、光伏设备,8.26,14.17,15.01,18.1,18.21,9,2026-04-22,-0.11,-1.78,-0.57,-1.21,补跌且弱于行业,2026-04-20,光伏设备,2
301662.SZ,宏工科技,电力设备,6.49,1.71,8.49,,3,3871.46,固态电池、电池、钠离子电池,9.68,9.96,25.68,17.55,28.0,8,2026-04-21,-10.45,-5.9,-0.57,-5.33,补跌且弱于行业,2026-04-21,电池,0
300222.SZ,科大智能,电力设备,5.88,2.0,8.32,,5,11001.87,储能、光伏、电网设备、虚拟电厂、高压快充,3.25,3.9,4.83,1.76,4.83,7,2026-04-20,-3.06,-2.0,-0.57,-1.43,补跌且弱于行业,2026-04-20,电网设备,0
002121.SZ,科陆电子,电力设备,5.14,2.61,8.3,,3,6527.3,储能、电网设备、虚拟电厂,2.37,0.53,0.26,-1.05,2.37,3,2026-04-14,-3.43,-2.44,-0.57,-1.87,补跌且弱于行业,2026-04-14,虚拟电厂,0
301266.SZ,宇邦新材,电力设备,6.66,1.54,8.26,,2,4333.15,光伏、光伏设备,1.43,5.02,6.7,6.47,7.56,9,2026-04-22,-1.1,-1.95,-0.57,-1.38,补跌且弱于行业,2026-04-20,光伏设备,2
600468.SH,百利电气,电力设备,4.12,3.99,8.23,,5,11648.12,储能、可控核聚变、氢能源、电网设备、风电,1.57,4.99,7.48,6.3,7.48,7,2026-04-20,-1.18,-2.68,-0.57,-2.11,补跌且弱于行业,2026-04-20,电网设备,0
002276.SZ,万马股份,电力设备,4.54,3.26,8.2,,6,14475.76,储能、光伏、光纤、电网设备、风电、高压快充,1.71,2.92,4.84,-0.85,4.84,7,2026-04-20,-5.69,-1.68,-0.57,-1.11,补跌且弱于行业,2026-04-20,电网设备,0
603185.SH,弘元绿能,电力设备,4.26,3.64,8.13,,4,10000.12,TOPCON电池、储能、光伏、光伏设备,6.94,8.34,9.61,7.12,9.61,7,2026-04-20,-2.49,-1.42,-0.57,-0.85,补跌且弱于行业,2026-04-20,光伏设备,0
300491.SZ,通合科技,电力设备,6.41,1.6,8.11,,2,5754.02,储能、高压快充,3.54,10.43,8.83,5.57,10.43,5,2026-04-16,-4.85,3.63,-0.57,4.2,抗住且相对强,2026-04-22,高压快充,-4
603381.SH,永臻股份,电力设备,5.83,1.93,8.1,,4,11765.78,储能、光伏、光伏设备、液冷服务器,0.18,2.78,5.34,5.25,8.12,8,2026-04-21,-2.87,-1.82,-0.57,-1.25,补跌且弱于行业,2026-04-22,液冷服务器,-1
300128.SZ,锦富技术,电力设备,6.06,1.76,8.04,,6,13773.85,MR(混合现实)、储能、光伏、液冷服务器、电池、英伟达,1.16,1.16,3.15,1.66,4.31,9,2026-04-22,-2.65,-1.63,-0.57,-1.06,补跌且弱于行业,2026-04-22,英伟达,0
603191.SH,望变电气,电力设备,4.88,2.69,8.0,,5,12701.39,储能、光伏、电网设备、雅下水电、风电,0.98,2.88,4.54,0.34,4.54,7,2026-04-20,-4.2,-0.78,-0.57,-0.21,补跌且弱于行业,2026-04-20,电网设备,0
605196.SH,华通线缆,电力设备,3.33,5.69,7.94,,2,4386.29,光伏、电网设备,-3.76,1.52,1.54,-8.77,4.37,6,2026-04-17,-13.14,-0.91,-0.57,-0.34,补跌且弱于行业,2026-04-17,光伏,0
300820.SZ,英杰电气,电力设备,5.86,1.74,7.73,,6,20578.55,TOPCON电池、储能、光伏、可控核聚变、氢能源、芯片,3.34,3.36,3.27,1.84,3.58,9,2026-04-22,-1.73,-1.56,-0.57,-0.99,补跌且弱于行业,2026-04-22,芯片,0
002339.SZ,积成电子,电力设备,4.95,2.4,7.67,,7,14807.01,储能、光伏、特高压、电网设备、虚拟电厂、风电、高压快充,2.45,3.72,5.58,1.47,5.58,7,2026-04-20,-4.11,-1.73,-0.57,-1.16,补跌且弱于行业,2026-04-20,电网设备,0
688772.SH,珠海冠宇,电力设备,3.62,4.4,7.59,,4,8905.09,储能、固态电池、电池、钠离子电池,4.08,4.72,4.97,6.25,11.42,8,2026-04-21,-5.17,1.49,-0.57,2.06,抗住且相对强,2026-04-21,电池,0
688411.SH,海博思创,电力设备,2.1,13.02,7.58,,3,8065.62,储能、固态电池、钠离子电池,8.44,5.14,1.59,1.62,8.44,3,2026-04-14,-6.82,0.35,-0.57,0.92,抗住且相对强,2026-04-14,钠离子电池,0
300932.SZ,三友联众,电力设备,5.8,1.69,7.54,,3,9419.92,储能、光伏、电网设备,2.15,6.75,5.71,1.85,6.75,5,2026-04-16,-4.9,-0.07,-0.57,0.5,补跌但相对强,2026-04-17,光伏,-1
688779.SH,五矿新能,电力设备,4.36,2.97,7.51,,5,9625.48,储能、固态电池、电池、钠离子电池、高压快充,4.4,2.15,2.15,2.53,4.4,3,2026-04-14,-1.87,-0.65,-0.57,-0.08,补跌且弱于行业,2026-04-14,钠离子电池,0
002533.SZ,金杯电工,电力设备,4.56,2.71,7.51,,8,15454.65,储能、光伏、可控核聚变、特高压、电网设备、雅下水电、风电、高压快充,1.22,5.27,6.11,6.18,8.85,9,2026-04-22,-2.67,-1.43,-0.57,-0.86,补跌且弱于行业,2026-04-22,高压快充,0
002358.SZ,森源电气,电力设备,5.04,2.21,7.49,,6,13945.45,储能、光伏、特高压、电网设备、风电、高压快充,0.96,3.56,5.48,2.33,5.48,7,2026-04-20,-3.15,-2.67,-0.57,-2.1,补跌且弱于行业,2026-04-20,电网设备,0
300068.SZ,ST南都,电力设备,2.87,6.79,7.48,,8,15939.45,储能、固态电池、氢能源、燃料电池、电池、虚拟电厂、钠离子电池、风电,12.5,11.02,9.81,5.3,12.5,3,2026-04-14,-7.2,-2.62,-0.57,-2.05,补跌且弱于行业,2026-04-14,钠离子电池,0
300345.SZ,华民股份,电力设备,4.5,2.73,7.44,,4,10000.12,TOPCON电池、储能、光伏、光伏设备,2.55,0.9,2.55,-4.65,4.5,2,2026-04-13,-9.15,-4.17,-0.57,-3.6,补跌且弱于行业,2026-04-10,光伏,1
688186.SH,广大特材,电力设备,4.76,2.31,7.23,,5,17119.85,储能、可控核聚变、芯片、雅下水电、风电,-0.21,2.39,4.56,-9.33,4.56,7,2026-04-20,-13.88,-2.04,-0.57,-1.47,补跌且弱于行业,2026-04-20,雅下水电,0
688116.SH,天奈科技,电力设备,4.29,2.83,7.22,,5,9625.48,储能、固态电池、电池、钠离子电池、高压快充,6.12,3.68,5.12,6.04,8.46,9,2026-04-22,-2.42,-1.97,-0.57,-1.4,补跌且弱于行业,2026-04-22,高压快充,0
002300.SZ,太阳电缆,电力设备,4.12,3.04,7.18,,4,8191.43,光伏、特高压、电网设备、风电,0.21,2.64,10.03,11.83,11.83,10,2026-04-23,0.0,-1.35,-0.57,-0.78,补跌且弱于行业,2026-04-20,特高压,3
301002.SZ,崧盛股份,电力设备,6.49,1.22,7.17,,3,9298.28,储能、光伏、光学光电子,3.09,11.63,20.55,25.51,25.51,10,2026-04-23,0.0,0.55,-0.57,1.12,抗住且相对强,2026-04-20,光学光电子,3
688349.SH,三一重能,电力设备,5.71,1.53,7.06,,2,5053.65,氢能源、风电,2.16,0.38,4.11,4.92,6.32,9,2026-04-22,-1.4,-0.55,-0.57,0.02,补跌但相对强,2026-04-20,风电,2
688353.SH,华盛锂电,电力设备,2.48,7.99,7.01,,4,8905.09,储能、固态电池、电池、钠离子电池,14.94,6.1,6.42,-1.43,14.94,3,2026-04-14,-16.37,1.69,-0.57,2.26,抗住且相对强,2026-04-14,钠离子电池,0
002176.SZ,江特电机,电力设备,2.04,11.76,7.0,,2,4721.69,固态电池、风电,7.53,7.53,6.96,18.02,18.11,9,2026-04-22,-0.1,0.0,-0.57,0.57,抗住且相对强,2026-04-21,固态电池,1
600973.SH,宝胜股份,电力设备,4.39,2.52,6.97,,3,2333.4,可控核聚变、电网设备、铜缆高速连接,4.02,4.02,8.61,6.74,8.75,9,2026-04-22,-2.01,1.01,-0.57,1.58,抗住且相对强,2026-04-22,铜缆高速连接,0
300286.SZ,安科瑞,电力设备,5.28,1.64,6.76,,3,6527.3,储能、电网设备、虚拟电厂,3.2,6.32,6.6,-2.67,6.6,7,2026-04-20,-9.28,-1.71,-0.57,-1.14,补跌且弱于行业,2026-04-20,电网设备,0
688660.SH,电气风电,电力设备,4.93,1.86,6.72,,1,2701.0,风电,-3.03,-2.02,0.31,-4.27,0.31,7,2026-04-20,-4.58,2.71,-0.57,3.28,抗住且相对强,2026-04-20,风电,0
300376.SZ,易事特,电力设备,4.4,2.26,6.61,,7,20602.9,储能、液冷服务器、芯片、虚拟电厂、钠离子电池、风电、高压快充,-0.16,1.46,3.88,0.32,4.05,6,2026-04-17,-3.72,-3.44,-0.57,-2.87,补跌且弱于行业,2026-04-17,芯片,0
300619.SZ,金银河,电力设备,4.76,1.93,6.61,,4,7625.64,光伏、固态电池、电池、钠离子电池,9.1,5.57,5.15,13.56,13.56,10,2026-04-23,0.0,-0.29,-0.57,0.28,补跌但相对强,2026-04-21,电池,2
601616.SH,广电电气,电力设备,5.4,1.5,6.61,,2,3333.11,电网设备、风电,0.21,2.32,2.53,0.42,2.53,7,2026-04-20,-2.11,-2.66,-0.57,-2.09,补跌且弱于行业,2026-04-20,风电,0
603606.SH,东方电缆,电力设备,2.55,6.71,6.61,,2,3333.11,电网设备、风电,2.31,2.93,5.28,13.76,15.98,9,2026-04-22,-2.23,-3.43,-0.57,-2.86,补跌且弱于行业,2026-04-20,风电,2
688248.SH,南网科技,电力设备,4.11,2.58,6.6,,4,10948.84,储能、氢能源、虚拟电厂、风电,0.59,6.32,4.84,6.5,6.5,10,2026-04-23,0.0,-1.72,-0.57,-1.15,补跌且弱于行业,2026-04-20,风电,3
688567.SH,孚能科技,电力设备,5.04,1.69,6.55,,5,9625.48,储能、固态电池、电池、钠离子电池、高压快充,7.23,4.98,6.69,6.3,8.32,6,2026-04-17,-2.02,-2.13,-0.57,-1.56,补跌且弱于行业,2026-04-16,电池,1
601218.SH,吉鑫科技,电力设备,3.2,4.16,6.53,,1,2701.0,风电,0.17,0.17,4.99,4.66,4.99,7,2026-04-20,-0.33,-1.8,-0.57,-1.23,补跌且弱于行业,2026-04-20,风电,0
688499.SH,利元亨,电力设备,4.82,1.82,6.5,,8,16895.46,储能、光伏、固态电池、氢能源、燃料电池、电池、钙钛矿电池、钠离子电池,10.13,8.81,15.75,13.75,18.86,9,2026-04-22,-5.11,-1.8,-0.57,-1.23,补跌且弱于行业,2026-04-21,钠离子电池,1
002546.SZ,新联电子,电力设备,4.22,2.33,6.44,,2,1493.67,电网设备、虚拟电厂,5.25,2.46,0.11,-2.46,5.25,3,2026-04-14,-7.71,-2.08,-0.57,-1.51,补跌且弱于行业,2026-04-14,虚拟电厂,0
301590.SZ,优优绿能,电力设备,6.12,1.1,6.42,,2,5754.02,储能、高压快充,1.95,2.55,3.53,3.41,4.58,9,2026-04-22,-1.17,2.65,-0.57,3.22,抗住且相对强,2026-04-22,高压快充,0
301636.SZ,泽润新能,电力设备,5.4,1.38,6.34,,3,5097.54,光伏、光伏设备、钙钛矿电池,4.64,17.01,9.29,3.15,17.01,5,2026-04-16,-13.87,-1.22,-0.57,-0.65,补跌且弱于行业,2026-04-17,光伏,-1
688611.SH,杭州柯林,电力设备,7.76,0.66,6.3,,8,22227.58,储能、光伏、存储芯片、特高压、电网设备、芯片、虚拟电厂、钙钛矿电池,5.68,14.73,25.91,25.71,28.97,8,2026-04-21,-3.26,-5.28,-0.57,-4.71,补跌且弱于行业,2026-04-22,芯片,-1
603248.SH,锡华科技,电力设备,2.34,7.24,6.3,,1,2701.0,风电,-10.13,-9.63,-10.33,-16.4,-0.07,1,2026-04-10,-16.33,-3.23,-0.57,-2.66,补跌且弱于行业,2026-04-20,风电,-6
002255.SZ,海陆重工,电力设备,4.16,2.22,6.2,,4,14911.58,光伏、可控核聚变、氢能源、芯片,3.03,3.22,4.64,1.7,4.64,7,2026-04-20,-2.93,-1.86,-0.57,-1.29,补跌且弱于行业,2026-04-20,可控核聚变,0
301658.SZ,首航新能,电力设备,2.55,5.88,6.18,,3,9366.78,储能、光伏、光伏设备,3.31,0.24,2.42,0.85,3.86,2,2026-04-13,-3.02,-1.05,-0.57,-0.48,补跌且弱于行业,2026-04-10,光伏,1
000009.SZ,中国宝安,电力设备,4.12,2.23,6.15,,8,15496.28,储能、固态电池、氢能源、液冷服务器、燃料电池、电池、钠离子电池、高压快充,4.04,3.11,3.0,2.42,4.04,3,2026-04-14,-1.61,-2.03,-0.57,-1.46,补跌且弱于行业,2026-04-14,钠离子电池,0
603212.SH,赛伍技术,电力设备,4.77,1.65,6.13,,10,25842.51,TOPCON电池、储能、先进封装、光伏、光伏设备、固态电池、芯片、钙钛矿电池、风电、高压快充,2.13,2.91,8.35,12.44,12.44,10,2026-04-23,0.0,-1.93,-0.57,-1.36,补跌且弱于行业,2026-04-22,高压快充,1
688155.SH,先惠技术,电力设备,4.42,1.91,6.11,,3,3979.31,固态电池、燃料电池、电池,3.93,5.27,14.95,10.31,16.62,9,2026-04-22,-6.32,0.88,-0.57,1.45,抗住且相对强,2026-04-21,电池,1
301487.SZ,盟固利,电力设备,4.12,2.03,5.87,,3,3871.46,固态电池、电池、钠离子电池,10.24,8.88,10.73,11.9,14.68,9,2026-04-22,-2.78,-1.06,-0.57,-0.49,补跌且弱于行业,2026-04-21,电池,1
301226.SZ,祥明智能,电力设备,2.62,4.99,5.85,,4,19364.83,储能、光伏、芯片、风电,-5.7,-8.8,-10.53,-13.98,-3.58,1,2026-04-10,-10.4,3.22,-0.57,3.79,抗住且相对强,2026-04-10,光伏,0
600478.SH,科力远,电力设备,3.27,3.14,5.79,,6,12227.15,储能、固态电池、氢能源、燃料电池、电池、虚拟电厂,7.24,6.82,6.82,4.87,7.52,9,2026-04-22,-2.65,-1.1,-0.57,-0.53,补跌且弱于行业,2026-04-21,固态电池,1
300062.SZ,中能电气,电力设备,4.53,1.62,5.77,,4,10140.31,储能、光伏、电网设备、高压快充,1.44,1.96,3.53,-0.65,3.53,7,2026-04-20,-4.18,-2.42,-0.57,-1.85,补跌且弱于行业,2026-04-20,电网设备,0
601865.SH,福莱特,电力设备,3.04,3.6,5.77,,2,4333.15,光伏、光伏设备,3.81,3.88,7.1,6.44,7.69,9,2026-04-22,-1.24,-1.73,-0.57,-1.16,补跌且弱于行业,2026-04-20,光伏设备,2
300880.SZ,迦南智能,电力设备,4.36,1.7,5.68,,4,7247.69,储能、电网设备、虚拟电厂、高压快充,1.1,10.97,9.3,12.03,12.03,10,2026-04-23,0.0,-2.02,-0.57,-1.45,补跌且弱于行业,2026-04-22,高压快充,1
301150.SZ,中一科技,电力设备,2.01,7.92,5.66,,4,9614.45,PCB、储能、固态电池、电池,2.7,6.26,10.71,-1.73,18.44,8,2026-04-21,-20.17,0.67,-0.57,1.24,抗住且相对强,2026-04-21,电池,0
688330.SH,宏力达,电力设备,4.47,1.59,5.64,,1,632.11,电网设备,0.8,0.0,-0.28,-1.47,5.4,9,2026-04-22,-6.87,1.81,-0.57,2.38,抗住且相对强,2026-04-20,电网设备,2
300443.SZ,金雷股份,电力设备,3.01,3.39,5.54,,1,2701.0,风电,1.8,1.42,4.41,1.86,4.91,6,2026-04-17,-3.05,5.09,-0.57,5.66,抗住且相对强,2026-04-20,风电,-1
300393.SZ,中来股份,电力设备,2.21,6.27,5.53,,5,6592.44,TOPCON电池、光伏、光伏设备、虚拟电厂、钙钛矿电池,-9.61,-6.47,5.0,0.49,5.0,7,2026-04-20,-4.51,0.2,-0.57,0.77,抗住且相对强,2026-04-20,钙钛矿电池,0
603218.SH,日月股份,电力设备,4.03,1.85,5.48,,1,2701.0,风电,1.44,1.51,5.76,4.9,6.2,9,2026-04-22,-1.3,-0.43,-0.57,0.14,补跌但相对强,2026-04-20,风电,2
688733.SH,壹石通,电力设备,5.38,1.03,5.46,,9,22302.92,PCB、先进封装、光伏、固态电池、存储芯片、燃料电池、电池、芯片、钠离子电池,9.2,10.02,8.05,5.6,10.32,4,2026-04-15,-4.71,-1.71,-0.57,-1.14,补跌且弱于行业,2026-04-16,电池,-1
300410.SZ,正业科技,电力设备,5.57,0.93,5.37,,6,20983.86,PCB、储能、先进封装、光伏、电池、芯片,3.76,13.16,15.98,12.46,18.8,8,2026-04-21,-6.35,2.04,-0.57,2.61,抗住且相对强,2026-04-21,电池,0
000821.SZ,ST京机,电力设备,4.1,1.7,5.35,,5,10764.51,TOPCON电池、储能、光伏、光伏设备、钙钛矿电池,3.25,2.89,4.15,-1.26,5.78,8,2026-04-21,-7.04,-2.98,-0.57,-2.41,补跌且弱于行业,2026-04-20,光伏设备,1
300360.SZ,炬华科技,电力设备,4.75,1.27,5.35,,3,2214.06,电网设备、虚拟电厂、高压快充,1.12,2.93,2.05,-0.12,2.93,5,2026-04-16,-3.05,-1.59,-0.57,-1.02,补跌且弱于行业,2026-04-15,电网设备,1
002366.SZ,融发核电,电力设备,2.8,3.49,5.23,,2,3629.73,可控核聚变、风电,1.67,1.53,2.65,-1.26,2.65,7,2026-04-20,-3.91,-2.45,-0.57,-1.88,补跌且弱于行业,2026-04-20,可控核聚变,0
688063.SH,派能科技,电力设备,1.83,8.14,5.22,,4,8905.09,储能、固态电池、电池、钠离子电池,10.74,9.15,10.25,8.73,14.83,9,2026-04-22,-6.1,-0.17,-0.57,0.4,补跌但相对强,2026-04-21,电池,1
002857.SZ,三晖电气,电力设备,6.04,0.74,5.2,,3,6527.3,储能、电网设备、虚拟电厂,-3.22,-2.81,-2.68,-7.21,1.86,1,2026-04-10,-9.07,1.29,-0.57,1.86,抗住且相对强,2026-04-10,虚拟电厂,0
603097.SH,江苏华辰,电力设备,5.35,0.93,5.16,,5,13225.06,储能、光伏、特高压、电网设备、风电,-1.4,2.89,2.86,-0.4,3.66,4,2026-04-15,-4.05,-0.76,-0.57,-0.19,补跌且弱于行业,2026-04-15,电网设备,0
301325.SZ,曼恩斯特,电力设备,5.68,0.79,5.05,,9,25520.08,储能、先进封装、光伏、固态电池、氢能源、燃料电池、电池、芯片、钙钛矿电池,6.0,4.2,5.4,3.56,6.59,6,2026-04-17,-3.03,-1.69,-0.57,-1.12,补跌且弱于行业,2026-04-17,光伏,0
300018.SZ,中元股份,电力设备,3.77,1.77,5.02,,2,1736.25,特高压、电网设备,-1.98,-0.38,9.06,16.44,16.44,10,2026-04-23,0.0,-0.53,-0.57,0.04,补跌但相对强,2026-04-20,特高压,3
688148.SH,芳源股份,电力设备,4.87,1.04,4.97,,3,10736.18,固态电池、电池、芯片,12.53,15.85,12.78,17.08,20.15,9,2026-04-22,-3.07,-0.49,-0.57,0.08,补跌但相对强,2026-04-22,芯片,0
002953.SZ,日丰股份,电力设备,5.23,0.9,4.96,,4,9087.13,储能、电网设备、风电、高压快充,6.13,7.08,7.94,3.97,7.94,7,2026-04-20,-3.97,-0.6,-0.57,-0.03,补跌且弱于行业,2026-04-20,风电,0
301222.SZ,浙江恒威,电力设备,4.52,1.16,4.87,20日新高,1,839.47,电池,2.14,8.78,7.23,18.87,18.87,10,2026-04-23,0.0,1.75,-0.57,2.32,抗住且相对强,2026-04-21,电池,2
002927.SZ,泰永长征,电力设备,5.15,0.89,4.86,,6,12722.53,PCB、储能、光伏、电网设备、虚拟电厂、高压快充,-2.35,-0.98,4.88,2.24,4.88,7,2026-04-20,-2.64,-0.85,-0.57,-0.28,补跌且弱于行业,2026-04-20,电网设备,0
002451.SZ,摩恩电气,电力设备,4.26,1.28,4.82,,4,12120.92,储能、光伏、电网设备、风电,1.77,2.81,2.6,-1.25,2.81,5,2026-04-16,-4.06,-1.84,-0.57,-1.27,补跌且弱于行业,2026-04-17,光伏,-1
301155.SZ,海力风电,电力设备,2.54,3.58,4.81,,1,2701.0,风电,1.58,1.1,2.73,-1.21,2.73,7,2026-04-20,-3.94,-2.64,-0.57,-2.07,补跌且弱于行业,2026-04-20,风电,0
002079.SZ,苏州固锝,电力设备,3.29,2.12,4.79,,7,20400.43,TOPCON电池、储能、先进封装、光伏、光伏设备、芯片、钙钛矿电池,2.83,7.33,7.85,10.26,12.04,9,2026-04-22,-1.78,-1.85,-0.57,-1.28,补跌且弱于行业,2026-04-22,先进封装,0
300882.SZ,万胜智能,电力设备,3.21,2.23,4.79,,3,6527.3,储能、电网设备、虚拟电厂,-0.95,-0.26,-1.77,-4.92,0.95,1,2026-04-10,-5.87,-1.11,-0.57,-0.54,补跌且弱于行业,2026-04-10,虚拟电厂,0
002350.SZ,北京科锐,电力设备,2.19,4.73,4.76,,9,18278.81,储能、光伏、氢能源、燃料电池、特高压、电网设备、虚拟电厂、风电、高压快充,-5.58,-5.17,-6.33,-3.06,1.16,1,2026-04-10,-4.22,1.8,-0.57,2.37,抗住且相对强,2026-04-10,虚拟电厂,0
300457.SZ,赢合科技,电力设备,2.4,3.94,4.76,,4,10246.44,储能、固态电池、氢能源、电池,4.91,2.6,4.47,3.19,5.38,6,2026-04-17,-2.2,1.41,-0.57,1.98,抗住且相对强,2026-04-16,电池,1
300141.SZ,和顺电气,电力设备,4.34,1.17,4.69,,6,13612.11,储能、光伏、氢能源、燃料电池、电网设备、高压快充,-5.43,-6.06,-3.95,-7.75,-2.47,1,2026-04-10,-5.29,3.65,-0.57,4.22,抗住且相对强,2026-04-10,氢能源,0
603312.SH,西典新能,电力设备,5.45,0.74,4.69,,4,12120.92,储能、光伏、电网设备、风电,5.32,7.39,8.29,5.94,8.6,9,2026-04-22,-2.66,-0.92,-0.57,-0.35,补跌且弱于行业,2026-04-20,风电,2
001283.SZ,豪鹏科技,电力设备,2.57,3.32,4.68,,6,11150.63,AI PC、AI眼镜、储能、固态电池、电池、钠离子电池,9.15,9.52,10.63,13.03,13.03,10,2026-04-23,0.0,-2.19,-0.57,-1.62,补跌且弱于行业,2026-04-22,AI PC,1
688348.SH,昱能科技,电力设备,3.44,1.83,4.65,,4,17242.8,储能、光伏、光伏设备、芯片,2.6,0.95,2.43,-1.06,2.6,3,2026-04-14,-3.66,-2.08,-0.57,-1.51,补跌且弱于行业,2026-04-14,芯片,0
688303.SH,大全能源,电力设备,2.96,2.46,4.64,,3,12209.17,光伏、光伏设备、芯片,7.74,10.63,14.01,14.3,14.3,10,2026-04-23,0.0,-2.25,-0.57,-1.68,补跌且弱于行业,2026-04-22,芯片,1
603396.SH,金辰股份,电力设备,3.71,1.52,4.57,,5,8083.53,TOPCON电池、光伏、光伏设备、氢能源、钙钛矿电池,3.89,5.55,7.6,3.74,7.6,7,2026-04-20,-3.86,-1.95,-0.57,-1.38,补跌且弱于行业,2026-04-20,光伏设备,0
300477.SZ,ST合纵,电力设备,5.22,0.76,4.55,,3,9419.92,储能、光伏、电网设备,5.91,0.0,-3.94,-13.78,5.91,3,2026-04-14,-19.69,-3.05,-0.57,-2.48,补跌且弱于行业,2026-04-15,电网设备,-1
300569.SZ,天能重工,电力设备,2.94,2.4,4.55,,2,6455.18,光伏、风电,1.53,1.69,4.75,-1.99,5.98,6,2026-04-17,-7.98,-1.95,-0.57,-1.38,补跌且弱于行业,2026-04-17,光伏,0
300423.SZ,昇辉科技,电力设备,4.41,1.04,4.5,,8,17383.01,储能、光伏、可控核聚变、氢能源、燃料电池、电网设备、虚拟电厂、风电,0.86,0.62,0.0,-4.69,0.86,2,2026-04-13,-5.56,-2.29,-0.57,-1.72,补跌且弱于行业,2026-04-14,虚拟电厂,-1
002801.SZ,微光股份,电力设备,5.4,0.69,4.49,,1,5033.63,储能,3.65,5.27,6.45,4.36,7.1,6,2026-04-17,-2.73,-1.6,-0.57,-1.03,补跌且弱于行业,2026-04-10,储能,5
001301.SZ,尚太科技,电力设备,2.56,3.08,4.49,,2,5873.1,储能、电池,3.91,2.23,-1.19,2.57,3.91,3,2026-04-14,-1.34,0.37,-0.57,0.94,抗住且相对强,2026-04-16,电池,-2
002125.SZ,湘潭电化,电力设备,3.12,2.07,4.49,,3,3871.46,固态电池、电池、钠离子电池,6.13,9.5,8.74,6.67,9.5,5,2026-04-16,-2.84,-1.36,-0.57,-0.79,补跌且弱于行业,2026-04-16,电池,0
600207.SH,安彩高科,电力设备,2.43,3.4,4.48,,4,17242.8,储能、光伏、光伏设备、芯片,-7.12,-8.31,-2.2,-1.86,-1.86,10,2026-04-23,0.0,0.17,-0.57,0.74,抗住且相对强,2026-04-22,芯片,1
600405.SH,动力源,电力设备,5.49,0.66,4.46,,5,12980.0,储能、光伏、氢能源、燃料电池、高压快充,2.29,1.53,0.0,-2.87,2.29,3,2026-04-14,-5.16,-2.79,-0.57,-2.22,补跌且弱于行业,2026-04-14,氢能源,0
688819.SH,天能股份,电力设备,3.95,1.27,4.45,,6,12376.89,储能、固态电池、氢能源、燃料电池、电池、钠离子电池,6.43,6.55,8.8,8.68,9.34,8,2026-04-21,-0.67,1.1,-0.57,1.67,抗住且相对强,2026-04-21,钠离子电池,0
688006.SH,杭可科技,电力设备,2.81,2.48,4.43,,3,10736.18,固态电池、电池、芯片,11.91,7.79,11.17,7.68,13.34,6,2026-04-17,-5.65,-0.18,-0.57,0.39,补跌但相对强,2026-04-17,芯片,0
688598.SH,金博股份,电力设备,4.67,0.89,4.41,,5,9717.79,光伏、光伏设备、固态电池、氢能源、钠离子电池,4.27,4.89,7.03,5.29,7.7,8,2026-04-21,-2.4,-1.71,-0.57,-1.14,补跌且弱于行业,2026-04-21,钠离子电池,0
300080.SZ,易成新能,电力设备,3.47,1.61,4.4,,4,10000.12,TOPCON电池、储能、光伏、光伏设备,1.75,1.75,1.97,-2.19,3.06,8,2026-04-21,-5.25,-4.19,-0.57,-3.62,补跌且弱于行业,2026-04-20,光伏设备,1
301361.SZ,众智科技,电力设备,4.59,0.91,4.38,,3,6527.3,储能、电网设备、虚拟电厂,5.59,8.16,6.92,0.53,8.16,5,2026-04-16,-7.63,-0.82,-0.57,-0.25,补跌且弱于行业,2026-04-15,电网设备,1
002879.SZ,长缆科技,电力设备,4.43,0.97,4.36,,4,10765.74,储能、液冷服务器、电网设备、风电,2.34,5.18,11.67,4.79,11.67,7,2026-04-20,-6.88,-1.25,-0.57,-0.68,补跌且弱于行业,2026-04-20,风电,0
300051.SZ,琏升科技,电力设备,2.5,2.94,4.29,,6,11775.81,TOPCON电池、储能、光伏、光伏设备、钙钛矿电池、钠离子电池,10.79,26.35,32.99,39.95,43.39,9,2026-04-22,-3.44,3.98,-0.57,4.55,抗住且相对强,2026-04-21,钠离子电池,1
300407.SZ,凯发电气,电力设备,4.8,0.78,4.24,,1,632.11,电网设备,2.69,4.58,7.74,3.24,7.74,7,2026-04-20,-4.5,-1.71,-0.57,-1.14,补跌且弱于行业,2026-04-20,电网设备,0
603050.SH,科林电气,电力设备,4.57,0.85,4.21,,5,11001.87,储能、光伏、电网设备、虚拟电厂、高压快充,2.16,2.06,2.47,0.0,2.47,7,2026-04-20,-2.47,-1.37,-0.57,-0.8,补跌且弱于行业,2026-04-20,电网设备,0
002623.SZ,亚玛顿,电力设备,4.25,0.95,4.14,,4,10131.17,储能、光伏、光伏设备、钙钛矿电池,1.61,2.86,4.2,2.86,4.2,7,2026-04-20,-1.34,-1.86,-0.57,-1.29,补跌且弱于行业,2026-04-20,钙钛矿电池,0
301238.SZ,瑞泰新材,电力设备,3.49,1.39,4.11,,5,9625.48,储能、固态电池、电池、钠离子电池、高压快充,7.81,10.32,9.35,7.29,10.94,6,2026-04-17,-3.65,-2.01,-0.57,-1.44,补跌且弱于行业,2026-04-16,电池,1
300933.SZ,中辰股份,电力设备,4.6,0.8,4.11,,4,6210.82,光伏、特高压、电网设备、高压快充,1.81,4.4,5.05,0.91,5.05,7,2026-04-20,-4.14,-2.89,-0.57,-2.32,补跌且弱于行业,2026-04-20,特高压,0
301609.SZ,山大电力,电力设备,3.11,1.68,4.03,,4,7631.44,储能、特高压、电网设备、虚拟电厂,2.44,6.16,7.88,2.33,7.88,7,2026-04-20,-5.56,-3.44,-0.57,-2.87,补跌且弱于行业,2026-04-20,特高压,0
688663.SH,新风光,电力设备,3.14,1.63,4.01,,5,13049.65,储能、光伏、可控核聚变、电网设备、风电,9.23,8.47,19.02,20.1,20.1,10,2026-04-23,0.0,-0.62,-0.57,-0.05,补跌且弱于行业,2026-04-20,电网设备,3
301668.SZ,昊创瑞通,电力设备,3.8,1.09,3.97,,2,3333.11,电网设备、风电,2.02,3.45,3.71,-1.1,3.71,7,2026-04-20,-4.81,-1.36,-0.57,-0.79,补跌且弱于行业,2026-04-20,风电,0
300713.SZ,英可瑞,电力设备,5.31,0.54,3.9,,4,11228.86,PCB、储能、光伏、高压快充,4.13,6.69,6.31,5.19,6.69,5,2026-04-16,-1.5,-1.54,-0.57,-0.97,补跌且弱于行业,2026-04-17,PCB,-1
002805.SZ,丰元股份,电力设备,2.58,2.28,3.9,,4,8905.09,储能、固态电池、电池、钠离子电池,7.92,9.4,7.39,5.61,9.4,5,2026-04-16,-3.78,-1.05,-0.57,-0.48,补跌且弱于行业,2026-04-16,电池,0
688275.SH,万润新能,电力设备,1.68,5.34,3.88,,4,8905.09,储能、固态电池、电池、钠离子电池,16.06,15.02,19.58,25.01,25.01,10,2026-04-23,0.0,4.67,-0.57,5.24,抗住且相对强,2026-04-21,电池,2
002630.SZ,*ST华西,电力设备,4.21,0.84,3.86,,1,5033.63,储能,6.91,13.3,17.55,7.98,19.15,6,2026-04-17,-11.17,-5.05,-0.57,-4.48,补跌且弱于行业,2026-04-10,储能,5
002823.SZ,凯中精密,电力设备,4.4,0.76,3.84,,2,3820.15,燃料电池、风电,3.61,3.87,4.53,3.81,4.53,7,2026-04-20,-0.72,0.4,-0.57,0.97,抗住且相对强,2026-04-20,风电,0
301386.SZ,未来电器,电力设备,4.93,0.6,3.82,,2,4386.29,光伏、电网设备,1.63,4.08,6.82,2.82,6.82,7,2026-04-20,-4.0,-1.18,-0.57,-0.61,补跌且弱于行业,2026-04-20,电网设备,0
300853.SZ,申昊科技,电力设备,5.29,0.52,3.81,,2,6570.53,AI眼镜、储能,12.62,25.94,34.87,38.24,40.8,9,2026-04-22,-2.57,-2.09,-0.57,-1.52,补跌且弱于行业,2026-04-20,AI眼镜,2
301023.SZ,奕帆传动,电力设备,4.56,0.69,3.79,,3,9891.95,储能、光伏、特高压,1.34,3.38,4.48,1.64,4.48,7,2026-04-20,-2.85,-1.1,-0.57,-0.53,补跌且弱于行业,2026-04-20,特高压,0
688032.SH,禾迈股份,电力设备,2.33,2.62,3.77,,3,9366.78,储能、光伏、光伏设备,2.44,0.54,-0.12,0.93,4.12,2,2026-04-13,-3.18,-2.99,-0.57,-2.42,补跌且弱于行业,2026-04-10,光伏,1
688681.SH,科汇股份,电力设备,5.41,0.48,3.75,,4,7631.44,储能、特高压、电网设备、虚拟电厂,0.27,1.86,1.43,-0.69,1.86,5,2026-04-16,-2.55,-1.26,-0.57,-0.69,补跌且弱于行业,2026-04-15,特高压,1
688597.SH,煜邦电力,电力设备,5.37,0.48,3.72,,5,8351.83,储能、特高压、电网设备、虚拟电厂、高压快充,0.68,2.5,3.3,11.93,16.7,9,2026-04-22,-4.77,-2.44,-0.57,-1.87,补跌且弱于行业,2026-04-22,高压快充,0
688719.SH,爱科赛博,电力设备,3.55,1.09,3.71,,3,7081.51,储能、可控核聚变、燃料电池,9.59,16.86,18.2,23.43,24.58,9,2026-04-22,-1.15,2.74,-0.57,3.31,抗住且相对强,2026-04-20,可控核聚变,2
301163.SZ,宏德股份,电力设备,4.68,0.63,3.71,,2,7734.63,储能、风电,-2.04,2.48,7.27,1.7,8.46,9,2026-04-22,-6.76,-1.93,-0.57,-1.36,补跌且弱于行业,2026-04-20,风电,2
002882.SZ,金龙羽,电力设备,3.85,0.9,3.65,,2,2652.8,固态电池、电网设备,5.29,12.02,12.14,5.14,15.92,6,2026-04-17,-10.78,-2.0,-0.57,-1.43,补跌且弱于行业,2026-04-20,电网设备,-1
603530.SH,神马电力,电力设备,1.93,3.58,3.65,,3,4437.25,特高压、电网设备、风电,-0.99,6.5,2.76,3.83,6.5,5,2026-04-16,-2.68,2.9,-0.57,3.47,抗住且相对强,2026-04-15,特高压,1
002441.SZ,众业达,电力设备,4.0,0.82,3.62,,2,3333.11,电网设备、风电,0.5,2.31,-2.41,-5.73,2.31,5,2026-04-16,-8.04,-1.78,-0.57,-1.21,补跌且弱于行业,2026-04-15,电网设备,1
300283.SZ,温州宏丰,电力设备,2.95,1.5,3.61,,6,21037.29,PCB、储能、光伏、固态电池、电网设备、芯片,13.37,14.6,20.79,21.16,24.38,8,2026-04-21,-3.22,0.75,-0.57,1.32,抗住且相对强,2026-04-21,固态电池,0
301439.SZ,泓淋电力,电力设备,4.32,0.69,3.59,,4,7158.69,储能、电网设备、铜缆高速连接、高压快充,2.88,4.16,3.65,0.9,4.16,5,2026-04-16,-3.26,-1.94,-0.57,-1.37,补跌且弱于行业,2026-04-15,电网设备,1
002733.SZ,雄韬股份,电力设备,1.27,7.89,3.57,,6,12376.89,储能、固态电池、氢能源、燃料电池、电池、钠离子电池,15.24,17.02,12.11,10.29,17.02,5,2026-04-16,-6.73,-1.19,-0.57,-0.62,补跌且弱于行业,2026-04-16,电池,0
300648.SZ,星云股份,电力设备,3.66,0.95,3.57,,6,10594.89,储能、固态电池、燃料电池、电池、虚拟电厂、高压快充,0.82,4.38,0.78,-1.85,4.38,5,2026-04-16,-6.23,-1.93,-0.57,-1.36,补跌且弱于行业,2026-04-16,电池,0
301278.SZ,快可电子,电力设备,4.0,0.79,3.56,,4,10131.17,储能、光伏、光伏设备、钙钛矿电池,1.62,4.2,5.5,7.6,16.87,9,2026-04-22,-9.27,-2.23,-0.57,-1.66,补跌且弱于行业,2026-04-20,钙钛矿电池,2
001382.SZ,新亚电缆,电力设备,3.23,1.21,3.55,,5,13225.06,储能、光伏、特高压、电网设备、风电,-0.15,1.8,5.04,1.95,5.04,7,2026-04-20,-3.1,-3.56,-0.57,-2.99,补跌且弱于行业,2026-04-20,电网设备,0
601700.SH,风范股份,电力设备,3.74,0.89,3.53,,3,5490.43,光伏、特高压、电网设备,0.77,2.13,4.64,-2.71,4.64,7,2026-04-20,-7.35,-1.9,-0.57,-1.33,补跌且弱于行业,2026-04-20,特高压,0
000922.SZ,佳电股份,电力设备,3.42,1.06,3.52,,2,5053.65,氢能源、风电,3.79,5.65,5.87,4.83,5.87,4,2026-04-15,-1.04,-1.1,-0.57,-0.53,补跌且弱于行业,2026-04-14,氢能源,1
300514.SZ,友讯达,电力设备,5.23,0.45,3.51,,3,9369.69,电网设备、芯片、虚拟电厂,0.15,2.08,3.16,-7.94,3.32,9,2026-04-22,-11.26,-2.41,-0.57,-1.84,补跌且弱于行业,2026-04-22,芯片,0
605066.SH,天正电气,电力设备,3.95,0.78,3.49,,4,12120.92,储能、光伏、电网设备、风电,0.99,2.98,-1.86,-6.2,2.98,5,2026-04-16,-9.18,-1.1,-0.57,-0.53,补跌且弱于行业,2026-04-17,光伏,-1
603829.SH,洛凯股份,电力设备,3.17,1.21,3.49,,3,9419.92,储能、光伏、电网设备,-4.46,-4.81,2.42,-3.84,2.42,7,2026-04-20,-6.26,2.26,-0.57,2.83,抗住且相对强,2026-04-20,电网设备,0
301210.SZ,金杨精密,电力设备,4.74,0.53,3.45,,2,5873.1,储能、电池,4.12,4.41,-3.23,-7.82,5.4,6,2026-04-17,-13.22,-1.47,-0.57,-0.9,补跌且弱于行业,2026-04-16,电池,1
300890.SZ,翔丰华,电力设备,3.0,1.31,3.43,,4,8905.09,储能、固态电池、电池、钠离子电池,7.58,7.48,10.03,42.99,42.99,10,2026-04-23,0.0,-1.32,-0.57,-0.75,补跌且弱于行业,2026-04-21,电池,2
301557.SZ,常友科技,电力设备,3.9,0.77,3.42,,1,2701.0,风电,5.14,13.72,9.74,6.6,13.72,5,2026-04-16,-7.12,-1.03,-0.57,-0.46,补跌且弱于行业,2026-04-20,风电,-2
600241.SH,时代万恒,电力设备,3.03,1.27,3.41,,1,839.47,电池,7.64,5.62,3.61,0.32,7.64,3,2026-04-14,-7.32,-1.05,-0.57,-0.48,补跌且弱于行业,2026-04-16,电池,-2
603092.SH,德力佳,电力设备,2.9,1.38,3.41,,1,2701.0,风电,1.86,3.52,5.24,11.59,11.59,10,2026-04-23,0.0,-1.09,-0.57,-0.52,补跌且弱于行业,2026-04-20,风电,3
603070.SH,万控智造,电力设备,4.75,0.51,3.39,,2,5665.74,储能、电网设备,1.4,1.94,2.14,-1.47,2.14,7,2026-04-20,-3.61,-0.27,-0.57,0.3,补跌但相对强,2026-04-20,电网设备,0
603577.SH,汇金通,电力设备,4.52,0.56,3.38,,3,5490.43,光伏、特高压、电网设备,5.52,6.38,8.38,5.71,8.38,7,2026-04-20,-2.67,-1.32,-0.57,-0.75,补跌且弱于行业,2026-04-20,特高压,0
688707.SH,振华新材,电力设备,3.45,0.9,3.27,,4,8905.09,储能、固态电池、电池、钠离子电池,7.55,6.94,11.67,25.71,28.15,9,2026-04-22,-2.44,-2.89,-0.57,-2.32,补跌且弱于行业,2026-04-21,电池,1
601311.SH,骆驼股份,电力设备,2.38,1.88,3.26,,6,12376.89,储能、固态电池、氢能源、燃料电池、电池、钠离子电池,8.02,8.33,9.07,12.76,14.66,9,2026-04-22,-1.9,0.11,-0.57,0.68,抗住且相对强,2026-04-21,钠离子电池,1
300670.SZ,大烨智能,电力设备,4.75,0.47,3.26,,3,8366.74,储能、电网设备、风电,0.48,3.52,1.92,-0.16,3.52,5,2026-04-16,-3.68,-2.34,-0.57,-1.77,补跌且弱于行业,2026-04-15,电网设备,1
603628.SH,清源股份,电力设备,2.5,1.65,3.21,,3,9366.78,储能、光伏、光伏设备,1.9,1.37,1.14,2.21,4.03,8,2026-04-21,-1.83,-2.88,-0.57,-2.31,补跌且弱于行业,2026-04-20,光伏设备,1
301121.SZ,紫建电子,电力设备,4.68,0.45,3.14,,5,10441.99,AI眼镜、储能、固态电池、电池、钠离子电池,5.13,4.46,4.46,2.96,6.22,6,2026-04-17,-3.26,0.25,-0.57,0.82,抗住且相对强,2026-04-20,AI眼镜,-1
301456.SZ,盘古智能,电力设备,4.28,0.51,3.06,,1,2701.0,风电,3.74,4.44,6.35,5.04,6.42,9,2026-04-22,-1.38,-1.49,-0.57,-0.92,补跌且弱于行业,2026-04-20,风电,2
301388.SZ,欣灵电气,电力设备,4.0,0.58,3.05,,2,4386.29,光伏、电网设备,1.08,3.26,2.18,0.19,3.26,5,2026-04-16,-3.07,-1.13,-0.57,-0.56,补跌且弱于行业,2026-04-17,光伏,-1
688339.SH,亿华通-U,电力设备,3.09,0.95,3.01,,4,9344.9,储能、氢能源、燃料电池、电池,6.16,8.84,7.52,5.95,8.84,5,2026-04-16,-2.89,-3.37,-0.57,-2.8,补跌且弱于行业,2026-04-16,电池,0
688560.SH,明冠新材,电力设备,3.93,0.58,2.99,,5,12020.81,TOPCON电池、储能、光伏、光伏设备、固态电池,3.16,4.07,19.38,13.34,24.86,6,2026-04-17,-11.52,-2.06,-0.57,-1.49,补跌且弱于行业,2026-04-17,光伏,0
688616.SH,西力科技,电力设备,4.78,0.38,2.95,,2,5665.74,储能、电网设备,-1.11,0.89,0.96,1.78,4.81,9,2026-04-22,-3.03,-2.17,-0.57,-1.6,补跌且弱于行业,2026-04-20,电网设备,2
301516.SZ,中远通,电力设备,2.1,1.95,2.93,,5,12980.0,储能、光伏、氢能源、燃料电池、高压快充,0.87,4.2,3.43,-1.28,4.2,5,2026-04-16,-5.48,0.21,-0.57,0.78,抗住且相对强,2026-04-17,光伏,-1
001388.SZ,信通电子,电力设备,4.13,0.5,2.92,,5,14033.93,PCB、特高压、电网设备、芯片、风电,1.66,3.55,3.04,-0.36,3.55,5,2026-04-16,-3.92,-1.36,-0.57,-0.79,补跌且弱于行业,2026-04-17,PCB,-1
300340.SZ,科恒股份,电力设备,3.21,0.83,2.92,,6,8107.65,固态电池、氢能源、燃料电池、电池、钙钛矿电池、钠离子电池,6.26,5.7,5.51,2.05,6.26,3,2026-04-14,-4.2,-1.92,-0.57,-1.35,补跌且弱于行业,2026-04-14,钠离子电池,0
301082.SZ,久盛电气,电力设备,3.26,0.79,2.9,,4,7314.86,储能、可控核聚变、电网设备、高压快充,1.49,3.09,5.44,-26.16,5.44,7,2026-04-20,-31.6,-1.52,-0.57,-0.95,补跌且弱于行业,2026-04-20,可控核聚变,0
300510.SZ,金冠股份,电力设备,3.16,0.81,2.84,,6,12106.01,储能、光伏、特高压、电网设备、虚拟电厂、高压快充,1.93,2.66,1.45,-2.9,2.66,5,2026-04-16,-5.56,-2.59,-0.57,-2.02,补跌且弱于行业,2026-04-17,光伏,-1
300173.SZ,ST福能,电力设备,4.09,0.46,2.77,,5,10664.99,储能、先进封装、固态电池、电池、钠离子电池,2.84,2.36,4.02,0.0,4.02,6,2026-04-17,-4.02,-2.31,-0.57,-1.74,补跌且弱于行业,2026-04-17,先进封装,0
688573.SH,信宇人,电力设备,4.9,0.32,2.77,,7,10309.2,固态电池、存储芯片、氢能源、燃料电池、电池、钙钛矿电池、钠离子电池,11.18,10.2,13.34,8.71,15.4,6,2026-04-17,-6.7,-2.56,-0.57,-1.99,补跌且弱于行业,2026-04-20,钙钛矿电池,-1
600379.SH,宝光股份,电力设备,4.2,0.41,2.69,,8,21680.26,储能、氢能源、燃料电池、特高压、电网设备、芯片、虚拟电厂、风电,1.99,-0.33,-1.24,1.33,6.72,2,2026-04-13,-5.39,1.17,-0.57,1.74,抗住且相对强,2026-04-14,虚拟电厂,-1
600067.SH,冠城新材,电力设备,3.13,0.74,2.69,,3,8018.39,储能、氢能源、电网设备,6.15,5.38,6.67,1.28,7.18,9,2026-04-22,-5.9,-1.27,-0.57,-0.7,补跌且弱于行业,2026-04-20,电网设备,2
002090.SZ,金智科技,电力设备,3.32,0.65,2.68,,5,11580.95,储能、氢能源、电网设备、虚拟电厂、风电,3.92,4.48,0.75,-2.15,4.48,5,2026-04-16,-6.63,-1.74,-0.57,-1.17,补跌且弱于行业,2026-04-15,电网设备,1
000049.SZ,德赛电池,电力设备,1.53,2.93,2.62,,6,12201.89,AI眼镜、储能、先进封装、固态电池、电池、钠离子电池,8.37,7.31,8.65,13.09,18.59,9,2026-04-22,-5.5,0.71,-0.57,1.28,抗住且相对强,2026-04-22,先进封装,0
600212.SH,绿能慧充,电力设备,3.3,0.62,2.6,,2,5754.02,储能、高压快充,10.08,13.73,9.24,8.4,13.73,5,2026-04-16,-5.32,-0.83,-0.57,-0.26,补跌且弱于行业,2026-04-22,高压快充,-4
301168.SZ,通灵股份,电力设备,2.59,1.0,2.59,,3,6353.84,光伏、光伏设备、固态电池,1.25,1.25,3.63,-1.13,4.37,6,2026-04-17,-5.51,0.0,-0.57,0.57,抗住且相对强,2026-04-17,光伏,0
688429.SH,时创能源,电力设备,3.88,0.44,2.57,,3,4966.49,TOPCON电池、光伏、光伏设备,3.91,9.43,10.17,4.86,11.5,4,2026-04-15,-6.63,-4.44,-0.57,-3.87,补跌且弱于行业,2026-04-16,TOPCON电池,-1
600847.SH,万里股份,电力设备,3.82,0.43,2.5,,2,5873.1,储能、电池,6.64,14.21,16.16,12.02,16.16,7,2026-04-20,-4.14,-1.91,-0.57,-1.34,补跌且弱于行业,2026-04-21,电池,-1
301040.SZ,中环海陆,电力设备,2.25,1.19,2.45,,1,2701.0,风电,5.97,24.79,20.29,17.1,24.79,5,2026-04-16,-7.69,-2.17,-0.57,-1.6,补跌且弱于行业,2026-04-20,风电,-2
603370.SH,华新精科,电力设备,3.91,0.39,2.44,,2,7432.63,储能、液冷服务器,3.26,2.56,4.3,2.12,4.3,7,2026-04-20,-2.19,-1.26,-0.57,-0.69,补跌且弱于行业,2026-04-20,液冷服务器,0
301587.SZ,中瑞股份,电力设备,1.98,1.51,2.43,,3,7893.79,储能、固态电池、电池,10.69,10.01,10.49,10.17,15.48,8,2026-04-21,-5.31,-2.64,-0.57,-2.07,补跌且弱于行业,2026-04-21,电池,0
600192.SH,长城电工,电力设备,2.76,0.7,2.31,,4,8206.44,光伏、燃料电池、电网设备、风电,0.6,1.93,1.68,-1.93,1.93,5,2026-04-16,-3.85,-2.92,-0.57,-2.35,补跌且弱于行业,2026-04-17,光伏,-1
300904.SZ,威力传动,电力设备,3.24,0.51,2.31,,1,2701.0,风电,5.96,5.37,7.79,1.12,8.19,1,2026-04-10,-7.08,-1.21,-0.57,-0.64,补跌且弱于行业,2026-04-20,风电,-6
600525.SH,ST长园,电力设备,2.84,0.64,2.27,,8,21553.74,MR(混合现实)、PCB、储能、光伏、特高压、电网设备、芯片、虚拟电厂,1.26,-0.72,-5.05,-6.13,2.34,2,2026-04-13,-8.47,2.02,-0.57,2.59,抗住且相对强,2026-04-14,PCB,-1
300772.SZ,运达股份,电力设备,1.06,4.14,2.16,,3,10087.28,储能、氢能源、风电,-0.18,-5.81,-3.11,-3.88,0.82,2,2026-04-13,-4.7,-0.99,-0.57,-0.42,补跌且弱于行业,2026-04-14,氢能源,-1
603032.SH,德新科技,电力设备,2.76,0.6,2.14,,2,2860.16,固态电池、电池,12.14,25.07,31.62,23.49,31.62,7,2026-04-20,-8.13,-1.06,-0.57,-0.49,补跌且弱于行业,2026-04-21,电池,-1
002346.SZ,柘中股份,电力设备,2.64,0.66,2.14,,1,632.11,电网设备,3.9,3.95,4.71,2.06,4.71,7,2026-04-20,-2.65,-2.89,-0.57,-2.32,补跌且弱于行业,2026-04-20,电网设备,0
301295.SZ,美硕科技,电力设备,2.13,0.99,2.12,20日新高,2,4386.29,光伏、电网设备,-1.64,8.25,14.48,24.26,26.87,9,2026-04-22,-2.61,-0.67,-0.57,-0.1,补跌且弱于行业,2026-04-20,电网设备,2
002951.SZ,金时科技,电力设备,2.85,0.53,2.07,,2,7734.63,储能、风电,7.78,2.75,11.15,11.63,13.76,9,2026-04-22,-2.13,-1.89,-0.57,-1.32,补跌且弱于行业,2026-04-20,风电,2
002576.SZ,通达动力,电力设备,1.93,1.15,2.07,,2,3805.14,特高压、风电,2.87,2.27,2.97,0.97,2.97,7,2026-04-20,-2.0,-0.05,-0.57,0.52,补跌但相对强,2026-04-20,特高压,0
603819.SH,神力股份,电力设备,1.44,1.82,1.94,,1,2701.0,风电,3.65,5.8,8.78,3.57,9.45,6,2026-04-17,-5.88,0.75,-0.57,1.32,抗住且相对强,2026-04-20,风电,-1
301349.SZ,信德新材,电力设备,1.03,3.39,1.9,,7,15014.11,储能、光伏、光纤、固态电池、电池、钠离子电池、高压快充,5.19,4.09,7.22,4.53,7.98,9,2026-04-22,-3.45,2.07,-0.57,2.64,抗住且相对强,2026-04-22,高压快充,0
000159.SZ,国际实业,电力设备,1.86,1.02,1.88,,3,5437.29,光伏、光伏设备、特高压,-2.03,-1.25,-2.34,4.69,4.69,10,2026-04-23,0.0,-2.44,-0.57,-1.87,补跌且弱于行业,2026-04-20,特高压,3
688726.SH,拉普拉斯,电力设备,0.45,17.08,1.86,,5,13606.9,TOPCON电池、光伏、光伏设备、芯片、钙钛矿电池,3.88,13.4,13.31,2.88,13.86,6,2026-04-17,-10.98,-7.21,-0.57,-6.64,补跌且弱于行业,2026-04-17,光伏,0
301152.SZ,天力锂能,电力设备,1.67,1.08,1.74,,5,16781.11,储能、固态电池、电池、芯片、钠离子电池,9.08,7.25,7.65,7.25,9.08,3,2026-04-14,-1.83,-2.72,-0.57,-2.15,补跌且弱于行业,2026-04-14,钠离子电池,0
001269.SZ,欧晶科技,电力设备,2.43,0.5,1.72,,3,12209.17,光伏、光伏设备、芯片,9.07,7.31,7.31,3.08,13.1,2,2026-04-13,-10.01,-2.18,-0.57,-1.61,补跌且弱于行业,2026-04-14,芯片,-1
600072.SH,中船科技,电力设备,1.17,2.1,1.7,,3,10087.28,储能、氢能源、风电,1.41,0.08,9.63,12.21,16.28,8,2026-04-21,-4.07,-0.5,-0.57,0.07,补跌但相对强,2026-04-20,风电,1
603398.SH,*ST沐邦,电力设备,2.12,0.61,1.66,1年新高,3,4966.49,TOPCON电池、光伏、光伏设备,1.11,-0.32,-8.8,-5.63,2.78,2,2026-04-13,-8.41,4.56,-0.57,5.13,抗住且相对强,2026-04-10,光伏,1
603333.SH,尚纬股份,电力设备,1.83,0.78,1.62,,5,13225.06,储能、光伏、特高压、电网设备、风电,1.15,0.38,1.41,3.97,6.27,9,2026-04-22,-2.3,0.0,-0.57,0.57,抗住且相对强,2026-04-20,电网设备,2
000695.SZ,滨海能源,电力设备,0.85,3.29,1.54,,4,11647.97,储能、光伏、固态电池、电池,9.93,13.14,16.65,11.31,16.65,7,2026-04-20,-5.35,0.61,-0.57,1.18,抗住且相对强,2026-04-21,电池,-1
605378.SH,野马电池,电力设备,2.27,0.43,1.49,,1,839.47,电池,4.78,4.22,3.82,2.04,4.94,6,2026-04-17,-2.9,-1.06,-0.57,-0.49,补跌且弱于行业,2026-04-16,电池,1
002227.SZ,*ST特迅,电力设备,2.47,0.33,1.42,,5,10420.72,储能、特高压、虚拟电厂、风电、高压快充,0.11,-9.66,-3.71,-12.25,0.9,2,2026-04-13,-13.15,-2.41,-0.57,-1.84,补跌且弱于行业,2026-04-14,虚拟电厂,-1
688184.SH,ST帕瓦,电力设备,3.02,0.08,0.85,,3,3871.46,固态电池、电池、钠离子电池,3.24,2.26,3.14,0.0,3.24,3,2026-04-14,-3.24,-0.49,-0.57,0.08,补跌但相对强,2026-04-14,钠离子电池,0
301327.SZ,华宝新能,电力设备,0.4,3.91,0.79,,5,12659.27,储能、光伏、固态电池、电池、钠离子电池,3.78,1.02,4.35,0.52,4.35,7,2026-04-20,-3.83,-1.69,-0.57,-1.12,补跌且弱于行业,2026-04-21,钠离子电池,-1
002168.SZ,ST惠程,电力设备,0.74,0.36,0.44,,4,10140.31,储能、光伏、电网设备、高压快充,2.97,5.69,3.71,7.92,9.16,9,2026-04-22,-1.24,-0.98,-0.57,-0.41,补跌且弱于行业,2026-04-22,高压快充,0
300390.SZ,天华新能,电力设备,0.07,21.93,0.33,,5,17971.36,储能、固态电池、存储芯片、电池、芯片,30.73,38.19,39.69,29.15,41.6,6,2026-04-17,-12.45,8.73,-0.57,9.3,抗住且相对强,2026-04-17,芯片,0
002531.SZ,天顺风能,电力设备,0.09,6.55,0.23,,2,5053.65,氢能源、风电,5.57,7.52,8.31,12.11,15.38,9,2026-04-22,-3.27,2.17,-0.57,2.74,抗住且相对强,2026-04-20,风电,2
300093.SZ,*ST金刚,电力设备,0.16,0.82,0.14,,3,5097.54,光伏、光伏设备、钙钛矿电池,1.75,6.29,13.01,19.94,24.11,9,2026-04-22,-4.18,-0.16,-0.57,0.41,补跌但相对强,2026-04-20,钙钛矿电池,2
603507.SH,振江股份,电力设备,-0.26,6.23,-0.65,,3,8807.83,光伏、氢能源、风电,-0.35,-0.74,-1.64,-1.51,2.23,1,2026-04-10,-3.74,10.0,-0.57,10.57,抗住且相对强,2026-04-10,光伏,0
688516.SH,奥特维,电力设备,-1.62,22.56,-1,,8,24194.07,TOPCON电池、储能、光伏、光伏设备、共封装光学(CPO)、固态电池、芯片、钙钛矿电池,2.26,8.76,14.25,10.84,14.25,7,2026-04-20,-3.41,-8.36,-0.57,-7.79,补跌且弱于行业,2026-04-20,钙钛矿电池,0
002309.SZ,中利集团,电力设备,-3.82,37.58,-1,,7,15153.1,TOPCON电池、储能、光伏、光纤、电网设备、钙钛矿电池、风电,-10.92,-14.08,-7.98,-11.76,-6.51,2,2026-04-13,-5.25,-5.37,-0.57,-4.8,补跌且弱于行业,2026-04-10,储能,1
688345.SH,博力威,电力设备,-5.16,3.81,-1,3年新高,4,8905.09,储能、固态电池、电池、钠离子电池,5.04,0.87,4.65,4.94,6.39,9,2026-04-22,-1.45,5.82,-0.57,6.39,抗住且相对强,2026-04-21,电池,1
301179.SZ,泽宇智能,电力设备,-2.39,8.8,-1,,6,14086.62,储能、光伏、特高压、电网设备、虚拟电厂、风电,-1.71,7.32,9.38,1.28,9.38,7,2026-04-20,-8.1,-7.59,-0.57,-7.02,补跌且弱于行业,2026-04-20,电网设备,0
002812.SZ,恩捷股份,电力设备,-1.22,26.05,-1,,3,7893.79,储能、固态电池、电池,7.41,8.45,9.62,6.59,15.22,8,2026-04-21,-8.63,-4.53,-0.57,-3.96,补跌且弱于行业,2026-04-21,电池,0
300953.SZ,震裕科技,电力设备,-3.12,23.54,-1,120日新高,2,5873.1,储能、电池,-0.59,13.24,11.95,18.96,23.77,9,2026-04-22,-4.81,4.1,-0.57,4.67,抗住且相对强,2026-04-21,电池,1
605117.SH,德业股份,电力设备,-1.08,15.89,-1,,3,9366.78,储能、光伏、光伏设备,13.86,10.31,12.73,17.25,17.25,10,2026-04-23,0.0,2.93,-0.57,3.5,抗住且相对强,2026-04-20,光伏设备,3
688717.SH,艾罗能源,电力设备,-2.19,11.38,-1,,4,10228.34,储能、光伏、光伏设备、虚拟电厂,6.8,-3.92,-1.29,-0.16,10.25,2,2026-04-13,-10.41,2.87,-0.57,3.44,抗住且相对强,2026-04-14,虚拟电厂,-1
603618.SH,杭电股份,电力设备,-3.38,24.82,-1,,6,14859.51,储能、光伏、光纤、特高压、电网设备、风电,-15.78,-13.43,-3.49,19.16,19.16,10,2026-04-23,0.0,1.46,-0.57,2.03,抗住且相对强,2026-04-22,光纤,1
002580.SZ,圣阳股份,电力设备,-2.55,15.77,-1,,5,11304.09,储能、固态电池、液冷服务器、电池、钠离子电池,33.16,61.16,91.3,56.35,91.3,7,2026-04-20,-34.96,10.01,-0.57,10.58,抗住且相对强,2026-04-20,液冷服务器,0
688390.SH,固德威,电力设备,-1.41,9.62,-1,,4,10228.34,储能、光伏、光伏设备、虚拟电厂,9.44,5.7,8.57,11.63,12.3,9,2026-04-22,-0.67,0.22,-0.57,0.79,抗住且相对强,2026-04-20,光伏设备,2
301292.SZ,海科新源,电力设备,-4.97,15.04,-1,,3,3871.46,固态电池、电池、钠离子电池,31.25,14.16,12.38,2.87,31.25,3,2026-04-14,-28.37,-0.33,-0.57,0.24,补跌但相对强,2026-04-14,钠离子电池,0
300069.SZ,金利华电,电力设备,-2.28,5.37,-1,,3,2855.4,燃料电池、特高压、电网设备,-6.16,1.59,-1.59,6.8,6.8,10,2026-04-23,0.0,-1.36,-0.57,-0.79,补跌且弱于行业,2026-04-20,特高压,3
603026.SH,石大胜华,电力设备,-1.54,14.07,-1,,2,1958.62,燃料电池、电池,27.25,25.9,24.14,32.73,35.42,9,2026-04-22,-2.69,-3.23,-0.57,-2.66,补跌且弱于行业,2026-04-21,电池,1
002487.SZ,大金重工,电力设备,-2.74,19.1,-1,,1,2701.0,风电,9.51,6.89,23.3,17.28,23.3,7,2026-04-20,-6.03,1.51,-0.57,2.08,抗住且相对强,2026-04-20,风电,0
603016.SH,新宏泰,电力设备,-2.09,3.94,-1,,2,1736.25,特高压、电网设备,4.03,12.74,19.09,25.14,31.0,8,2026-04-21,-5.86,-1.06,-0.57,-0.49,补跌且弱于行业,2026-04-20,特高压,1
603459.SH,红板科技,电子,225.99,35.46,1345.73,历史新高,5,16072.0,PCB、元件、共封装光学(CPO)、存储芯片、芯片,23.69,36.64,25.14,17.49,36.64,5,2026-04-16,-19.16,-12.88,0.49,-13.37,补跌且弱于行业,2026-04-17,PCB,-1
300475.SZ,香农芯创,电子,20.0,85.42,184.85,,2,10077.57,存储芯片、芯片,7.48,6.27,11.15,5.99,11.15,7,2026-04-20,-5.16,-0.43,0.49,-0.92,补跌且弱于行业,2026-04-17,芯片,1
002463.SZ,沪电股份,电子,10.0,81.45,90.25,,3,10337.6,PCB、元件、芯片,13.63,9.97,14.17,24.21,24.21,10,2026-04-23,0.0,2.11,0.49,1.62,抗住且相对强,2026-04-22,芯片,1
601138.SH,工业富联,电子,7.66,138.75,90.23,20日新高,5,15719.79,共封装光学(CPO)、消费电子、液冷服务器、芯片、英伟达,7.09,7.82,11.8,23.45,23.45,10,2026-04-23,0.0,-2.81,0.49,-3.3,补跌且弱于行业,2026-04-22,共封装光学(CPO),1
300476.SZ,胜宏科技,电子,7.93,127.82,89.65,,9,25142.09,AI PC、AI手机、PCB、储能、元件、光伏、共封装光学(CPO)、芯片、英伟达,11.5,9.16,23.37,19.4,23.37,7,2026-04-20,-3.97,-2.75,0.49,-3.24,补跌且弱于行业,2026-04-17,PCB,1
688270.SH,ST臻镭,电子,15.1,32.05,85.49,,4,14888.2,6G、共封装光学(CPO)、半导体、芯片,13.56,18.68,,6.98,18.68,5,2026-04-16,-11.71,-4.27,0.49,-4.76,补跌且弱于行业,2026-04-17,共封装光学(CPO),-1
300679.SZ,电连技术,电子,19.99,17.81,84.36,20日新高,2,2456.45,PCB、消费电子,-4.65,-1.91,-2.06,-3.81,-0.16,9,2026-04-22,-3.65,9.74,0.49,9.25,抗住且相对强,2026-04-22,消费电子,0
002475.SZ,立讯精密,电子,8.02,103.42,81.56,20日新高,7,17424.56,AI眼镜、MR(混合现实)、共封装光学(CPO)、消费电子、液冷服务器、芯片、铜缆高速连接,7.35,9.73,19.31,23.02,23.49,9,2026-04-22,-0.47,5.4,0.49,4.91,抗住且相对强,2026-04-22,共封装光学(CPO),0
002371.SZ,北方华创,电子,9.41,64.47,75.56,,4,15924.84,光伏、半导体、存储芯片、芯片,1.85,0.15,-0.34,0.46,1.85,3,2026-04-14,-1.4,1.91,0.49,1.42,抗住且相对强,2026-04-14,存储芯片,0
688008.SH,澜起科技,电子,8.84,68.07,72.93,,3,12170.66,半导体、存储芯片、芯片,10.2,8.5,11.13,14.75,17.37,9,2026-04-22,-2.62,-0.03,0.49,-0.52,补跌且弱于行业,2026-04-22,存储芯片,0
300857.SZ,协创数据,电子,11.67,37.2,71.18,,6,17059.24,AI眼镜、共封装光学(CPO)、存储芯片、消费电子、芯片、英伟达,8.0,38.03,33.27,11.25,38.03,5,2026-04-16,-26.78,0.11,0.49,-0.38,上涨但弱于行业,2026-04-17,共封装光学(CPO),-1
300136.SZ,信维通信,电子,8.57,57.54,65.01,,4,11534.95,6G、AI眼镜、消费电子、芯片,7.22,9.15,21.66,30.43,30.43,10,2026-04-23,0.0,-2.93,0.49,-3.42,补跌且弱于行业,2026-04-22,消费电子,1
301308.SZ,江波龙,电子,8.88,52.78,64.51,,7,16775.16,AI PC、AI手机、AI眼镜、先进封装、半导体、存储芯片、芯片,17.21,14.3,15.27,10.04,17.59,9,2026-04-22,-7.54,0.49,0.49,-0.0,上涨但弱于行业,2026-04-22,先进封装,0
688702.SH,盛科通信-U,电子,14.24,20.37,64.27,历史新高,2,9969.11,半导体、芯片,0.95,2.29,6.99,14.58,14.58,10,2026-04-23,0.0,0.67,0.49,0.18,抗住且相对强,2026-04-22,芯片,1
688396.SH,华润微,电子,12.98,22.94,62.17,,7,23294.27,MCU芯片、储能、先进封装、共封装光学(CPO)、半导体、存储芯片、芯片,-0.93,-0.91,4.28,6.38,6.38,10,2026-04-23,0.0,-1.24,0.49,-1.73,补跌且弱于行业,2026-04-22,共封装光学(CPO),1
688183.SH,生益电子,电子,11.91,26.48,61.29,20日新高,3,5994.43,PCB、元件、共封装光学(CPO),23.78,18.33,21.91,27.65,30.58,9,2026-04-22,-2.92,-1.76,0.49,-2.25,补跌且弱于行业,2026-04-22,共封装光学(CPO),0
002916.SZ,深南电路,电子,10.0,36.14,60.12,,5,14299.05,PCB、元件、先进封装、存储芯片、芯片,17.6,11.17,18.36,23.99,23.99,9,2026-04-22,0.0,2.31,0.49,1.82,抗住且相对强,2026-04-22,先进封装,0
002273.SZ,水晶光电,电子,9.99,33.76,58.05,,5,11212.91,AI手机、AI眼镜、储能、光学光电子、共封装光学(CPO),-0.33,-2.19,3.55,11.19,11.19,10,2026-04-23,0.0,6.85,0.49,6.36,抗住且相对强,2026-04-22,共封装光学(CPO),1
688012.SH,中微公司,电子,8.21,49.87,57.98,,4,13930.56,先进封装、半导体、存储芯片、芯片,1.0,-0.87,-2.42,-1.95,1.0,3,2026-04-14,-2.94,1.14,0.49,0.65,抗住且相对强,2026-04-14,存储芯片,0
300604.SZ,长川科技,电子,9.69,32.27,55.05,,3,12170.66,半导体、存储芯片、芯片,4.19,14.82,13.11,15.95,15.95,10,2026-04-23,0.0,2.83,0.49,2.34,抗住且相对强,2026-04-22,存储芯片,1
002384.SZ,东山精密,电子,10.0,27.85,52.77,,7,16824.35,AI手机、PCB、元件、光纤、共封装光学(CPO)、芯片、高压快充,10.69,13.38,19.03,41.52,41.52,10,2026-04-23,0.0,10.0,0.49,9.51,抗住且相对强,2026-04-22,共封装光学(CPO),1
688525.SH,佰维存储,电子,5.64,84.13,51.73,,7,16775.16,AI PC、AI手机、AI眼镜、先进封装、半导体、存储芯片、芯片,26.63,26.05,18.1,16.17,26.63,3,2026-04-14,-10.46,-0.94,0.49,-1.43,补跌且弱于行业,2026-04-14,先进封装,0
301183.SZ,东田微,电子,9.88,27.13,51.46,60日新高,3,5429.56,6G、光学光电子、共封装光学(CPO),-1.48,-4.86,-1.38,-3.02,9.28,9,2026-04-22,-12.29,2.42,0.49,1.93,抗住且相对强,2026-04-22,共封装光学(CPO),0
300184.SZ,力源信息,电子,11.28,19.64,49.99,,8,25168.51,6G、MCU芯片、PCB、储能、光伏、存储芯片、液冷服务器、芯片,1.38,3.2,12.02,13.06,16.7,9,2026-04-22,-3.63,-0.69,0.49,-1.18,补跌且弱于行业,2026-04-22,6G,0
300686.SZ,智动力,电子,18.01,7.59,49.62,20日新高,2,2756.48,固态电池、消费电子,7.78,0.39,-1.82,9.27,11.97,9,2026-04-22,-2.7,2.08,0.49,1.59,抗住且相对强,2026-04-22,消费电子,0
002156.SZ,通富微电,电子,8.4,32.08,47.58,,6,18172.05,AI PC、先进封装、共封装光学(CPO)、半导体、存储芯片、芯片,4.49,7.33,8.38,5.59,9.28,9,2026-04-22,-3.69,0.2,0.49,-0.29,上涨但弱于行业,2026-04-22,共封装光学(CPO),0
688693.SH,锴威特,电子,19.99,5.09,45.1,2年新高,2,9969.11,半导体、芯片,21.78,19.72,16.17,4.84,29.76,6,2026-04-17,-24.92,17.3,0.49,16.81,抗住且相对强,2026-04-17,芯片,0
603629.SH,利通电子,电子,10.0,19.76,44.45,,4,12186.94,消费电子、液冷服务器、芯片、英伟达,7.14,28.45,43.77,56.1,56.1,10,2026-04-23,0.0,5.99,0.49,5.5,抗住且相对强,2026-04-22,液冷服务器,1
688256.SH,寒武纪,电子,4.02,121.36,44.29,20日新高,3,11729.01,先进封装、半导体、芯片,3.67,9.1,15.04,10.43,15.04,7,2026-04-20,-4.61,2.92,0.49,2.43,抗住且相对强,2026-04-17,先进封装,1
600584.SH,长电科技,电子,8.14,29.25,44.02,,5,17463.41,先进封装、共封装光学(CPO)、半导体、存储芯片、芯片,5.8,4.34,6.16,5.97,8.59,9,2026-04-22,-2.62,-0.17,0.49,-0.66,补跌且弱于行业,2026-04-22,共封装光学(CPO),0
600183.SH,生益科技,电子,6.85,39.8,43.21,,6,17831.9,PCB、元件、先进封装、共封装光学(CPO)、存储芯片、芯片,12.87,14.12,17.91,26.6,28.38,9,2026-04-22,-1.77,0.37,0.49,-0.12,上涨但弱于行业,2026-04-22,共封装光学(CPO),0
688072.SH,拓荆科技,电子,8.59,25.12,43.05,,4,13930.56,先进封装、半导体、存储芯片、芯片,4.27,2.82,1.68,-3.01,4.27,3,2026-04-14,-7.29,3.27,0.49,2.78,抗住且相对强,2026-04-14,存储芯片,0
688981.SH,中芯国际,电子,5.81,54.58,42.92,,3,12170.66,半导体、存储芯片、芯片,1.81,4.47,8.26,6.28,8.26,7,2026-04-20,-1.99,-1.44,0.49,-1.93,补跌且弱于行业,2026-04-17,芯片,1
688041.SH,海光信息,电子,5.04,70.29,42.25,,2,9969.11,半导体、芯片,9.59,11.45,15.32,16.04,16.04,10,2026-04-23,0.0,-0.66,0.49,-1.15,补跌且弱于行业,2026-04-22,芯片,1
688150.SH,莱特光电,电子,13.66,9.14,41.3,历史新高,2,2485.05,PCB、钙钛矿电池,3.6,6.79,8.3,14.95,20.66,9,2026-04-22,-5.71,1.78,0.49,1.29,抗住且相对强,2026-04-20,钙钛矿电池,2
300223.SZ,北京君正,电子,7.8,27.72,41.07,,5,14504.79,AI眼镜、MCU芯片、半导体、存储芯片、芯片,6.26,6.04,10.55,9.0,13.15,9,2026-04-22,-4.16,-2.87,0.49,-3.36,补跌且弱于行业,2026-04-22,芯片,0
300322.SZ,硕贝德,电子,12.53,10.59,40.78,,7,20727.48,6G、AI眼镜、储能、先进封装、消费电子、液冷服务器、芯片,6.29,18.41,19.36,18.03,22.12,9,2026-04-22,-4.09,0.34,0.49,-0.15,上涨但弱于行业,2026-04-22,6G,0
688123.SH,聚辰股份,电子,11.26,12.25,39.41,,5,17240.41,AI眼镜、共封装光学(CPO)、半导体、存储芯片、芯片,15.24,11.09,8.05,9.91,15.24,3,2026-04-14,-5.33,-1.68,0.49,-2.17,补跌且弱于行业,2026-04-14,共封装光学(CPO),0
301489.SZ,思泉新材,电子,12.16,10.21,38.85,,5,10277.23,AI PC、AI手机、AI眼镜、储能、液冷服务器,5.98,12.76,18.3,12.89,18.45,9,2026-04-22,-5.56,1.55,0.49,1.06,抗住且相对强,2026-04-22,AI手机,0
300975.SZ,商络电子,电子,10.9,12.52,38.57,,5,14810.7,AI眼镜、MCU芯片、存储芯片、液冷服务器、芯片,1.7,0.0,-0.73,0.68,3.16,9,2026-04-22,-2.48,2.74,0.49,2.25,抗住且相对强,2026-04-22,液冷服务器,0
688536.SH,思瑞浦,电子,10.53,13.08,38.08,,5,19332.82,MCU芯片、储能、共封装光学(CPO)、半导体、芯片,1.75,6.24,6.86,15.47,15.47,10,2026-04-23,0.0,-1.04,0.49,-1.53,补跌且弱于行业,2026-04-22,共封装光学(CPO),1
688347.SH,华虹公司,电子,7.86,23.14,37.81,,3,12170.66,半导体、存储芯片、芯片,2.47,4.61,9.3,3.32,9.3,7,2026-04-20,-5.99,-0.55,0.49,-1.04,补跌且弱于行业,2026-04-17,芯片,1
600330.SH,天通股份,电子,7.31,26.62,37.72,,6,21681.29,AI眼镜、PCB、储能、先进封装、光伏、芯片,4.62,0.25,21.32,29.95,31.32,9,2026-04-22,-1.37,9.99,0.49,9.5,抗住且相对强,2026-04-22,先进封装,0
688498.SH,源杰科技,电子,5.57,44.54,37.17,,4,15136.41,光纤、共封装光学(CPO)、半导体、芯片,10.93,16.38,23.0,23.65,29.77,9,2026-04-22,-6.12,-0.78,0.49,-1.27,补跌且弱于行业,2026-04-22,光纤,0
300373.SZ,扬杰科技,电子,9.9,14.09,37.16,,8,24211.03,AI眼镜、储能、光伏、半导体、固态电池、芯片、英伟达、高压快充,0.98,0.18,5.36,5.85,6.93,9,2026-04-22,-1.08,-0.23,0.49,-0.72,补跌且弱于行业,2026-04-22,高压快充,0
688720.SH,艾森股份,电子,15.28,5.81,36.83,20日新高,5,15651.22,PCB、先进封装、半导体、存储芯片、芯片,1.84,0.59,1.31,1.58,6.58,9,2026-04-22,-5.01,-1.81,0.49,-2.3,补跌且弱于行业,2026-04-22,先进封装,0
688141.SH,杰华特,电子,10.92,11.01,36.23,历史新高,3,15002.74,储能、半导体、芯片,0.65,7.13,4.9,13.3,13.3,10,2026-04-23,0.0,3.06,0.49,2.57,抗住且相对强,2026-04-22,芯片,1
688655.SH,迅捷兴,电子,20.0,3.28,36.22,,3,5994.43,PCB、元件、共封装光学(CPO),18.06,22.71,27.78,28.88,36.38,8,2026-04-21,-7.5,-3.55,0.49,-4.04,补跌且弱于行业,2026-04-22,共封装光学(CPO),-1
000021.SZ,深科技,电子,7.0,26.03,35.71,,7,22001.3,储能、先进封装、共封装光学(CPO)、存储芯片、消费电子、芯片、虚拟电厂,5.16,3.86,5.05,3.72,6.35,9,2026-04-22,-2.64,-0.47,0.49,-0.96,补跌且弱于行业,2026-04-22,共封装光学(CPO),0
002484.SZ,江海股份,电子,10.02,12.65,35.64,,3,6703.28,储能、元件、可控核聚变,8.09,9.55,12.53,11.98,15.51,8,2026-04-21,-3.53,-0.26,0.49,-0.75,补跌且弱于行业,2026-04-20,可控核聚变,1
603920.SH,世运电路,电子,10.01,12.29,35.09,,6,16319.14,AI眼镜、PCB、储能、元件、光伏、共封装光学(CPO),-2.8,3.12,1.91,2.91,9.58,9,2026-04-22,-6.67,5.55,0.49,5.06,抗住且相对强,2026-04-22,共封装光学(CPO),0
301486.SZ,致尚科技,电子,8.62,16.53,35.05,,6,16176.65,MR(混合现实)、光纤、共封装光学(CPO)、消费电子、芯片、通信设备,6.12,0.45,3.47,22.02,26.84,9,2026-04-22,-4.82,2.98,0.49,2.49,抗住且相对强,2026-04-22,共封装光学(CPO),0
001309.SZ,德明利,电子,4.0,75.28,34.71,,5,16412.15,AI PC、共封装光学(CPO)、半导体、存储芯片、芯片,23.13,27.11,26.67,21.67,29.13,9,2026-04-22,-7.45,3.38,0.49,2.89,抗住且相对强,2026-04-22,共封装光学(CPO),0
603986.SH,兆易创新,电子,2.52,188.67,34.61,,5,16722.07,MCU芯片、光伏、半导体、存储芯片、芯片,11.78,14.47,15.99,21.68,25.35,9,2026-04-22,-3.66,-2.14,0.49,-2.63,补跌且弱于行业,2026-04-22,芯片,0
300102.SZ,乾照光电,电子,7.72,19.92,34.46,,4,15673.52,光伏、光学光电子、共封装光学(CPO)、芯片,6.07,3.61,13.45,8.5,17.54,9,2026-04-22,-9.04,-1.6,0.49,-2.09,补跌且弱于行业,2026-04-22,芯片,0
300666.SZ,江丰电子,电子,6.76,25.03,33.82,20日新高,4,15924.84,光伏、半导体、存储芯片、芯片,3.15,-1.86,-0.01,-0.65,3.15,3,2026-04-14,-3.8,-1.65,0.49,-2.14,补跌且弱于行业,2026-04-14,存储芯片,0
300661.SZ,圣邦股份,电子,6.56,26.42,33.72,,4,15703.51,共封装光学(CPO)、半导体、存储芯片、芯片,-5.67,-2.55,-2.73,9.09,9.09,10,2026-04-23,0.0,4.0,0.49,3.51,抗住且相对强,2026-04-22,存储芯片,1
300433.SZ,蓝思科技,电子,5.94,31.96,33.58,,6,9658.27,AI手机、AI眼镜、TOPCON电池、光伏、消费电子、液冷服务器,1.62,-13.58,-8.32,-10.35,1.62,3,2026-04-14,-11.96,-1.0,0.49,-1.49,补跌且弱于行业,2026-04-14,消费电子,0
603228.SH,景旺电子,电子,7.82,18.1,33.27,,6,9265.44,6G、AI PC、PCB、元件、共封装光学(CPO)、英伟达,5.96,7.23,9.55,18.48,18.48,10,2026-04-23,0.0,0.37,0.49,-0.12,上涨但弱于行业,2026-04-22,共封装光学(CPO),1
002938.SZ,鹏鼎控股,电子,7.34,20.55,33.27,,6,8839.03,AI PC、AI手机、AI眼镜、PCB、元件、共封装光学(CPO),8.51,9.71,18.47,35.65,37.01,9,2026-04-22,-1.37,1.7,0.49,1.21,抗住且相对强,2026-04-22,共封装光学(CPO),0
001389.SZ,广合科技,电子,10.0,10.89,33.0,,4,6703.07,AI PC、PCB、元件、共封装光学(CPO),4.69,6.71,16.66,32.46,32.46,10,2026-04-23,0.0,1.19,0.49,0.7,抗住且相对强,2026-04-22,AI PC,1
603738.SH,泰晶科技,电子,8.04,16.41,32.57,,6,15870.16,6G、AI眼镜、MCU芯片、元件、共封装光学(CPO)、芯片,9.93,8.03,24.14,45.73,45.73,10,2026-04-23,0.0,-3.05,0.49,-3.54,补跌且弱于行业,2026-04-22,6G,1
301479.SZ,弘景光电,电子,12.75,6.39,32.23,120日新高,2,2047.37,AI眼镜、光学光电子,-2.47,5.3,10.69,13.62,14.62,9,2026-04-22,-1.01,-3.38,0.49,-3.87,补跌且弱于行业,2026-04-20,光学光电子,2
688521.SH,芯原股份,电子,4.41,53.16,32.15,20日新高,6,14662.2,AI手机、AI眼镜、MCU芯片、先进封装、半导体、芯片,3.05,2.71,5.52,-1.15,6.72,4,2026-04-15,-7.87,-1.03,0.49,-1.52,补跌且弱于行业,2026-04-16,AI手机,-1
300115.SZ,长盈精密,电子,7.48,17.6,31.38,,11,23704.84,AI PC、AI手机、AI眼镜、MR(混合现实)、储能、氢能源、消费电子、液冷服务器、燃料电池、芯片、铜缆高速连接,2.52,2.31,4.95,-0.39,4.95,7,2026-04-20,-5.34,-1.64,0.49,-2.13,补跌且弱于行业,2026-04-20,铜缆高速连接,0
300602.SZ,飞荣达,电子,11.14,7.87,31.25,,8,18272.43,AI PC、AI眼镜、MR(混合现实)、储能、光伏、共封装光学(CPO)、消费电子、液冷服务器,5.98,6.96,9.21,5.4,9.21,7,2026-04-20,-3.81,0.49,0.49,-0.0,上涨但弱于行业,2026-04-20,消费电子,0
301099.SZ,雅创电子,电子,12.51,6.22,31.2,,6,21199.51,AI眼镜、MCU芯片、储能、光伏、存储芯片、芯片,3.26,2.66,4.89,3.87,14.81,8,2026-04-21,-10.94,4.0,0.49,3.51,抗住且相对强,2026-04-22,芯片,-1
000636.SZ,风华高科,电子,6.9,20.29,31.08,,7,17717.87,AI眼镜、储能、元件、光伏、共封装光学(CPO)、液冷服务器、高压快充,5.63,12.62,12.37,12.32,13.94,9,2026-04-22,-1.62,-0.5,0.49,-0.99,补跌且弱于行业,2026-04-22,共封装光学(CPO),0
300131.SZ,英唐智控,电子,8.77,12.34,30.81,,4,15147.32,AI眼镜、共封装光学(CPO)、存储芯片、芯片,20.39,18.13,25.91,35.02,40.23,9,2026-04-22,-5.21,4.64,0.49,4.15,抗住且相对强,2026-04-22,存储芯片,0
603893.SH,瑞芯微,电子,8.03,14.37,30.44,,4,12303.24,AI眼镜、MCU芯片、半导体、芯片,5.86,6.62,10.6,10.23,11.19,9,2026-04-22,-0.96,0.34,0.49,-0.15,上涨但弱于行业,2026-04-22,芯片,0
688603.SH,天承科技,电子,12.57,5.81,30.3,,3,11356.58,PCB、先进封装、芯片,-1.86,6.06,6.29,4.53,11.02,4,2026-04-15,-6.49,1.7,0.49,1.21,抗住且相对强,2026-04-14,PCB,1
002436.SZ,兴森科技,电子,7.3,17.2,30.28,,7,19218.14,6G、PCB、元件、先进封装、共封装光学(CPO)、存储芯片、芯片,15.13,12.91,20.24,28.62,29.66,9,2026-04-22,-1.04,1.52,0.49,1.03,抗住且相对强,2026-04-22,6G,0
688535.SH,华海诚科,电子,13.41,5.06,30.17,,5,17684.74,先进封装、光伏、半导体、存储芯片、芯片,3.52,5.24,5.79,1.78,7.0,9,2026-04-22,-5.22,-0.78,0.49,-1.27,补跌且弱于行业,2026-04-22,先进封装,0
002217.SZ,合力泰,电子,9.82,8.98,29.43,,2,2231.13,PCB、光学光电子,-3.11,-5.06,14.79,7.78,15.95,8,2026-04-21,-8.17,4.47,0.49,3.98,抗住且相对强,2026-04-20,光学光电子,1
300236.SZ,上海新阳,电子,9.27,10.07,29.42,,3,11837.47,先进封装、存储芯片、芯片,4.32,2.11,4.26,4.2,7.2,6,2026-04-17,-3.0,1.17,0.49,0.68,抗住且相对强,2026-04-17,先进封装,0
300296.SZ,利亚德,电子,8.12,13.09,29.38,,3,9923.39,AI眼镜、光学光电子、芯片,2.64,1.32,2.38,0.4,4.62,9,2026-04-22,-4.23,-1.94,0.49,-2.43,补跌且弱于行业,2026-04-22,芯片,0
001287.SZ,中电港,电子,10.02,8.32,28.9,,5,17084.56,MCU芯片、储能、存储芯片、芯片、英伟达,4.73,7.86,8.41,4.77,8.41,7,2026-04-20,-3.64,1.27,0.49,0.78,抗住且相对强,2026-04-20,MCU芯片,0
601231.SH,环旭电子,电子,6.94,17.0,28.61,,4,13681.56,AI眼镜、共封装光学(CPO)、消费电子、芯片,3.14,3.46,15.51,12.6,20.72,9,2026-04-22,-8.12,4.44,0.49,3.95,抗住且相对强,2026-04-22,消费电子,0
688372.SH,伟测科技,电子,7.77,13.48,28.53,,5,14727.79,MCU芯片、先进封装、半导体、存储芯片、芯片,-0.46,2.23,1.9,-6.25,2.23,5,2026-04-16,-8.47,0.14,0.49,-0.35,上涨但弱于行业,2026-04-17,先进封装,-1
301611.SZ,珂玛科技,电子,8.84,10.25,28.3,,4,13289.81,半导体、存储芯片、燃料电池、芯片,5.4,3.04,4.19,11.05,13.32,9,2026-04-22,-2.27,-1.47,0.49,-1.96,补跌且弱于行业,2026-04-22,存储芯片,0
002947.SZ,恒铭达,电子,9.03,9.66,28.07,历史新高,3,6478.06,AI PC、储能、消费电子,3.72,10.28,9.89,20.29,20.29,10,2026-04-23,0.0,10.0,0.49,9.51,抗住且相对强,2026-04-22,消费电子,1
603890.SH,春秋电子,电子,10.01,7.8,27.96,20日新高,3,2981.33,AI PC、AI眼镜、消费电子,7.79,19.71,27.44,25.22,27.44,7,2026-04-20,-2.22,1.09,0.49,0.6,抗住且相对强,2026-04-20,消费电子,0
688361.SH,中科飞测,电子,8.46,10.63,27.58,,4,13930.56,先进封装、半导体、存储芯片、芯片,3.8,3.34,-0.32,-2.15,3.8,3,2026-04-14,-5.95,3.57,0.49,3.08,抗住且相对强,2026-04-14,存储芯片,0
603328.SH,依顿电子,电子,10.04,7.44,27.39,,4,9748.61,PCB、元件、光伏、共封装光学(CPO),1.89,1.5,3.31,7.64,11.89,9,2026-04-22,-4.25,3.42,0.49,2.93,抗住且相对强,2026-04-22,共封装光学(CPO),0
301630.SZ,同宇新材,电子,8.3,10.72,27.18,20日新高,1,1720.66,PCB,-3.68,-4.98,-7.49,-8.47,4.74,2,2026-04-13,-13.21,1.92,0.49,1.43,抗住且相对强,2026-04-14,PCB,-1
002241.SZ,歌尔股份,电子,5.75,21.77,26.83,,4,10720.15,AI眼镜、MR(混合现实)、消费电子、芯片,3.38,2.24,5.02,2.62,5.02,7,2026-04-20,-2.41,0.64,0.49,0.15,抗住且相对强,2026-04-20,消费电子,0
688048.SH,长光华芯,电子,4.46,34.96,26.37,,5,16065.14,光纤、共封装光学(CPO)、半导体、可控核聚变、芯片,25.62,29.54,34.4,59.53,62.1,9,2026-04-22,-2.57,-3.62,0.49,-4.11,补跌且弱于行业,2026-04-22,共封装光学(CPO),0
688099.SH,晶晨股份,电子,8.49,9.56,26.25,,3,13501.96,共封装光学(CPO)、半导体、芯片,3.32,0.78,6.78,7.0,10.22,9,2026-04-22,-3.22,-2.32,0.49,-2.81,补跌且弱于行业,2026-04-22,芯片,0
688167.SH,炬光科技,电子,5.61,21.37,25.93,,8,20598.03,MR(混合现实)、先进封装、光纤、共封装光学(CPO)、半导体、可控核聚变、存储芯片、芯片,-0.37,1.58,-2.81,-7.91,2.76,2,2026-04-13,-10.67,-0.3,0.49,-0.79,补跌且弱于行业,2026-04-14,共封装光学(CPO),-1
300323.SZ,华灿光电,电子,8.44,9.32,25.77,,4,13456.24,AI眼镜、光学光电子、共封装光学(CPO)、芯片,-0.1,-0.6,9.11,6.81,12.11,9,2026-04-22,-5.31,-0.3,0.49,-0.79,补跌且弱于行业,2026-04-22,芯片,0
002636.SZ,金安国纪,电子,6.29,16.72,25.72,,2,2461.58,PCB、元件,4.3,4.17,6.4,16.29,23.88,9,2026-04-22,-7.58,10.0,0.49,9.51,抗住且相对强,2026-04-17,PCB,3
002922.SZ,伊戈尔,电子,9.11,7.79,25.43,,3,9508.2,储能、光伏、高压快充,3.53,5.76,5.82,9.19,10.76,9,2026-04-22,-1.57,1.1,0.49,0.61,抗住且相对强,2026-04-22,高压快充,0
688220.SH,翱捷科技-U,电子,9.84,6.65,25.37,,5,15093.8,6G、AI眼镜、半导体、存储芯片、芯片,4.54,11.93,30.5,25.62,30.5,7,2026-04-20,-4.88,-2.47,0.49,-2.96,补跌且弱于行业,2026-04-20,6G,0
603186.SH,华正新材,电子,6.93,13.26,25.24,,7,20538.06,6G、PCB、储能、元件、先进封装、固态电池、芯片,0.8,-2.7,1.68,-5.69,1.81,6,2026-04-17,-7.5,4.43,0.49,3.94,抗住且相对强,2026-04-17,PCB,0
688800.SH,瑞可达,电子,8.76,8.27,25.19,,6,14066.0,6G、储能、光伏、液冷服务器、铜缆高速连接、高压快充,9.52,10.65,10.68,4.72,12.15,6,2026-04-17,-7.44,-2.11,0.49,-2.6,补跌且弱于行业,2026-04-17,6G,0
002213.SZ,大为股份,电子,10.01,6.32,25.16,,4,13891.32,PCB、半导体、存储芯片、芯片,17.13,17.93,14.73,4.98,17.93,5,2026-04-16,-12.95,10.02,0.49,9.53,抗住且相对强,2026-04-17,芯片,-1
688766.SH,普冉股份,电子,6.16,16.45,24.98,,4,12967.89,MCU芯片、半导体、存储芯片、芯片,11.63,9.22,11.78,9.61,13.31,8,2026-04-21,-3.69,1.22,0.49,0.73,抗住且相对强,2026-04-22,存储芯片,-1
688213.SH,思特威-W,电子,6.6,14.29,24.95,20日新高,3,11506.01,AI眼镜、半导体、芯片,-1.17,1.59,-0.89,-1.87,1.67,6,2026-04-17,-3.54,-2.58,0.49,-3.07,补跌且弱于行业,2026-04-17,芯片,0
300964.SZ,本川智能,电子,8.49,8.62,24.93,历史新高,4,7380.67,6G、PCB、元件、共封装光学(CPO),2.77,2.19,3.44,-4.53,6.31,6,2026-04-17,-10.84,-4.79,0.49,-5.28,补跌且弱于行业,2026-04-17,PCB,0
301389.SZ,隆扬电子,电子,10.35,5.78,24.88,,1,735.79,消费电子,4.25,5.66,8.44,9.94,16.27,9,2026-04-22,-6.32,2.06,0.49,1.57,抗住且相对强,2026-04-22,消费电子,0
688502.SH,茂莱光学,电子,9.67,6.57,24.79,,2,8386.49,光学光电子、芯片,1.23,2.6,35.15,41.55,44.65,9,2026-04-22,-3.1,-0.02,0.49,-0.51,补跌且弱于行业,2026-04-22,芯片,0
000727.SZ,冠捷科技,电子,10.16,5.82,24.51,,2,2231.13,PCB、光学光电子,-2.14,-2.85,-1.42,-4.98,-1.42,1,2026-04-10,-3.56,-0.35,0.49,-0.84,补跌且弱于行业,2026-04-14,PCB,-2
300458.SZ,全志科技,电子,8.09,8.44,23.5,,5,14504.79,AI眼镜、MCU芯片、半导体、存储芯片、芯片,9.89,9.23,13.53,18.69,18.69,10,2026-04-23,0.0,-1.86,0.49,-2.35,补跌且弱于行业,2026-04-22,芯片,1
000062.SZ,深圳华强,电子,4.74,24.48,23.45,120日新高,4,14996.66,6G、共封装光学(CPO)、存储芯片、芯片,-1.41,-1.24,7.56,7.73,12.63,9,2026-04-22,-4.9,2.37,0.49,1.88,抗住且相对强,2026-04-22,存储芯片,0
688691.SH,灿芯股份,电子,9.21,6.48,23.44,,4,12967.89,MCU芯片、半导体、存储芯片、芯片,11.84,10.09,7.95,0.51,11.84,3,2026-04-14,-11.32,-2.07,0.49,-2.56,补跌且弱于行业,2026-04-14,存储芯片,0
688249.SH,晶合集成,电子,7.24,10.42,23.37,,3,10766.34,MCU芯片、半导体、芯片,-1.06,-1.22,0.17,-0.26,3.14,9,2026-04-22,-3.41,-0.46,0.49,-0.95,补跌且弱于行业,2026-04-22,芯片,0
300054.SZ,鼎龙股份,电子,4.59,25.91,23.36,,3,11837.47,先进封装、存储芯片、芯片,1.34,-1.09,0.32,6.88,6.88,10,2026-04-23,0.0,1.12,0.49,0.63,抗住且相对强,2026-04-22,存储芯片,1
688172.SH,燕东微,电子,8.76,7.02,23.21,,3,10766.34,MCU芯片、半导体、芯片,-0.58,-0.25,2.18,2.51,7.85,9,2026-04-22,-5.34,-1.25,0.49,-1.74,补跌且弱于行业,2026-04-22,芯片,0
300657.SZ,弘信电子,电子,7.26,10.17,23.15,,9,17447.79,AI PC、AI手机、AI眼镜、PCB、储能、元件、共封装光学(CPO)、液冷服务器、英伟达,10.96,18.13,16.79,24.46,24.46,10,2026-04-23,0.0,-0.03,0.49,-0.52,补跌且弱于行业,2026-04-22,共封装光学(CPO),1
002130.SZ,沃尔核材,电子,6.22,13.77,23.08,,3,4193.95,铜缆高速连接、风电、高压快充,5.51,5.23,7.82,7.24,8.11,9,2026-04-22,-0.86,-0.53,0.49,-1.02,补跌且弱于行业,2026-04-22,铜缆高速连接,0
301563.SZ,云汉芯城,电子,10.8,4.55,23.04,,4,12595.46,MCU芯片、PCB、存储芯片、芯片,6.62,6.73,7.33,5.8,8.9,6,2026-04-17,-3.1,-0.81,0.49,-1.3,补跌且弱于行业,2026-04-17,芯片,0
301123.SZ,奕东电子,电子,7.96,8.08,22.63,,6,14194.49,PCB、储能、共封装光学(CPO)、消费电子、液冷服务器、铜缆高速连接,-2.07,6.76,2.04,4.0,6.76,5,2026-04-16,-2.76,9.75,0.49,9.26,抗住且相对强,2026-04-17,PCB,-1
300346.SZ,南大光电,电子,5.5,16.44,22.3,,3,13831.75,光伏、存储芯片、芯片,2.05,0.71,6.06,9.77,9.77,10,2026-04-23,0.0,-1.0,0.49,-1.49,补跌且弱于行业,2026-04-22,存储芯片,1
002600.SZ,领益智造,电子,5.63,15.49,22.16,,10,20047.62,AI PC、AI手机、AI眼镜、MR(混合现实)、储能、光伏、共封装光学(CPO)、消费电子、液冷服务器、英伟达,4.44,3.39,10.16,9.48,12.49,9,2026-04-22,-3.01,-0.3,0.49,-0.79,补跌且弱于行业,2026-04-22,共封装光学(CPO),0
688807.SH,优迅股份,电子,8.75,6.38,22.1,,4,14299.19,MCU芯片、共封装光学(CPO)、半导体、芯片,17.64,21.11,39.25,35.25,45.33,6,2026-04-17,-10.08,-1.98,0.49,-2.47,补跌且弱于行业,2026-04-17,芯片,0
688200.SH,华峰测控,电子,8.49,6.75,22.06,,2,9969.11,半导体、芯片,4.13,4.89,3.18,8.19,8.19,10,2026-04-23,0.0,0.61,0.49,0.12,抗住且相对强,2026-04-22,芯片,1
301421.SZ,波长光电,电子,8.07,7.45,22.03,,4,11644.05,AI眼镜、PCB、光学光电子、芯片,-2.16,-3.9,1.81,-1.85,1.81,7,2026-04-20,-3.67,0.17,0.49,-0.32,上涨但弱于行业,2026-04-20,光学光电子,0
688385.SH,复旦微电,电子,7.44,8.76,22.02,,5,14144.02,MCU芯片、半导体、存储芯片、芯片、英伟达,1.37,0.79,8.4,8.42,10.5,8,2026-04-21,-2.08,0.35,0.49,-0.14,上涨但弱于行业,2026-04-22,芯片,-1
603501.SH,豪威集团,电子,5.1,18.58,21.98,,5,13479.37,AI眼镜、MCU芯片、半导体、芯片、英伟达,0.45,-0.56,-0.49,-1.91,1.18,1,2026-04-10,-3.09,-1.27,0.49,-1.76,补跌且弱于行业,2026-04-10,芯片,0
002185.SZ,华天科技,电子,6.11,12.83,21.89,,5,17463.41,先进封装、共封装光学(CPO)、半导体、存储芯片、芯片,4.62,3.38,5.19,2.8,5.61,9,2026-04-22,-2.8,-0.25,0.49,-0.74,补跌且弱于行业,2026-04-22,共封装光学(CPO),0
603175.SH,超颖电子,电子,10.0,4.69,21.66,,4,12539.15,PCB、元件、存储芯片、芯片,1.73,2.86,8.79,10.84,15.29,9,2026-04-22,-4.45,5.32,0.49,4.83,抗住且相对强,2026-04-22,存储芯片,0
002138.SZ,顺络电子,电子,7.25,8.55,21.2,,10,28721.24,6G、AI眼镜、PCB、储能、元件、光伏、共封装光学(CPO)、固态电池、燃料电池、芯片,4.57,5.43,3.92,4.75,6.61,9,2026-04-22,-1.86,-1.68,0.49,-2.17,补跌且弱于行业,2026-04-22,6G,0
300812.SZ,易天股份,电子,6.0,12.47,21.19,,5,14476.0,MR(混合现实)、先进封装、共封装光学(CPO)、消费电子、芯片,5.43,5.58,1.13,-4.08,5.58,5,2026-04-16,-9.66,-2.65,0.49,-3.14,补跌且弱于行业,2026-04-17,共封装光学(CPO),-1
002409.SZ,雅克科技,电子,6.71,9.63,20.82,,5,15034.7,先进封装、半导体、存储芯片、特高压、芯片,4.31,1.98,2.38,5.54,7.14,9,2026-04-22,-1.6,0.9,0.49,0.41,抗住且相对强,2026-04-22,先进封装,0
300684.SZ,中石科技,电子,8.51,5.83,20.55,,6,15999.74,AI PC、MR(混合现实)、储能、光伏、共封装光学(CPO)、液冷服务器,5.21,14.63,19.16,15.41,20.99,9,2026-04-22,-5.57,0.97,0.49,0.48,抗住且相对强,2026-04-22,共封装光学(CPO),0
603626.SH,科森科技,电子,7.11,8.32,20.51,,4,8498.75,AI PC、储能、固态电池、消费电子,-1.53,-1.9,-1.28,-5.41,0.99,1,2026-04-10,-6.4,-0.21,0.49,-0.7,补跌且弱于行业,2026-04-10,固态电池,0
300053.SZ,航宇微,电子,7.36,7.57,20.25,,5,14727.79,MCU芯片、先进封装、半导体、存储芯片、芯片,3.04,2.14,7.1,3.94,7.1,7,2026-04-20,-3.15,0.57,0.49,0.08,抗住且相对强,2026-04-20,MCU芯片,0
605358.SH,立昂微,电子,8.35,5.87,20.23,,5,19457.69,光伏、共封装光学(CPO)、半导体、存储芯片、芯片,2.87,1.73,10.7,8.71,12.57,9,2026-04-22,-3.86,0.54,0.49,0.05,抗住且相对强,2026-04-22,共封装光学(CPO),0
688380.SH,中微半导,电子,9.35,4.65,20.16,,4,12967.89,MCU芯片、半导体、存储芯片、芯片,7.3,6.26,6.4,5.69,8.69,9,2026-04-22,-2.99,-1.32,0.49,-1.81,补跌且弱于行业,2026-04-22,存储芯片,0
603061.SH,金海通,电子,7.89,6.53,20.16,,2,9969.11,半导体、芯片,7.28,-21.96,-23.61,-21.81,7.28,3,2026-04-14,-29.09,9.63,0.49,9.14,抗住且相对强,2026-04-14,芯片,0
688362.SH,甬矽电子,电子,7.81,6.58,20.03,20日新高,4,12526.24,MCU芯片、先进封装、半导体、芯片,8.27,10.52,7.86,4.38,10.52,5,2026-04-16,-6.13,2.59,0.49,2.1,抗住且相对强,2026-04-17,先进封装,-1
600601.SH,方正科技,电子,6.13,10.63,19.99,,3,5994.43,PCB、元件、共封装光学(CPO),5.91,2.95,15.65,14.86,16.34,9,2026-04-22,-1.48,-2.12,0.49,-2.61,补跌且弱于行业,2026-04-22,共封装光学(CPO),0
301626.SZ,苏州天脉,电子,7.09,7.91,19.94,,2,3134.79,消费电子、液冷服务器,4.55,4.73,-1.14,0.38,6.06,1,2026-04-10,-5.69,1.62,0.49,1.13,抗住且相对强,2026-04-10,消费电子,0
688195.SH,腾景科技,电子,3.35,34.64,19.72,历史新高,5,15090.69,AI眼镜、光学光电子、光纤、共封装光学(CPO)、芯片,0.66,3.37,6.8,9.63,19.94,9,2026-04-22,-10.3,-2.33,0.49,-2.82,补跌且弱于行业,2026-04-22,共封装光学(CPO),0
002913.SZ,奥士康,电子,8.89,4.88,19.64,,5,5732.59,6G、AI PC、PCB、元件、英伟达,5.09,2.02,2.7,1.9,5.09,3,2026-04-14,-3.19,0.16,0.49,-0.33,上涨但弱于行业,2026-04-14,PCB,0
300398.SZ,飞凯材料,电子,5.97,10.35,19.21,,5,17226.1,先进封装、光伏、光纤、存储芯片、芯片,4.18,7.08,9.35,16.24,16.35,9,2026-04-22,-0.11,-1.52,0.49,-2.01,补跌且弱于行业,2026-04-22,先进封装,0
688545.SH,兴福电子,电子,10.07,3.53,18.92,,3,11837.47,先进封装、存储芯片、芯片,4.36,7.84,8.79,6.3,9.41,8,2026-04-21,-3.12,-1.52,0.49,-2.01,补跌且弱于行业,2026-04-22,存储芯片,-1
300739.SZ,明阳电路,电子,6.49,8.42,18.83,,7,22050.22,6G、PCB、储能、元件、先进封装、共封装光学(CPO)、芯片,15.52,6.5,7.24,6.87,15.52,3,2026-04-14,-8.65,1.12,0.49,0.63,抗住且相对强,2026-04-14,PCB,0
688037.SH,芯源微,电子,6.21,9.16,18.79,,4,13930.56,先进封装、半导体、存储芯片、芯片,9.24,3.13,1.79,2.46,9.24,3,2026-04-14,-6.78,-0.76,0.49,-1.25,补跌且弱于行业,2026-04-14,存储芯片,0
301282.SZ,金禄电子,电子,7.23,6.73,18.76,,5,13048.75,PCB、储能、元件、共封装光学(CPO)、固态电池,7.4,18.08,17.02,15.43,23.41,9,2026-04-22,-7.98,4.65,0.49,4.16,抗住且相对强,2026-04-22,共封装光学(CPO),0
002402.SZ,和而泰,电子,5.78,10.53,18.76,,2,12909.65,储能、芯片,1.28,1.92,2.52,0.57,3.26,9,2026-04-22,-2.68,0.71,0.49,0.22,抗住且相对强,2026-04-22,芯片,0
301319.SZ,唯特偶,电子,11.29,2.73,18.65,,3,13390.1,先进封装、光伏、芯片,11.78,17.14,44.4,60.76,60.76,10,2026-04-23,0.0,3.07,0.49,2.58,抗住且相对强,2026-04-22,先进封装,1
688709.SH,成都华微,电子,9.44,3.87,18.57,,4,12967.89,MCU芯片、半导体、存储芯片、芯片,-0.47,-0.92,0.22,-4.36,0.22,7,2026-04-20,-4.59,-1.37,0.49,-1.86,补跌且弱于行业,2026-04-20,MCU芯片,0
688110.SH,东芯股份,电子,4.19,19.54,18.52,,4,12879.3,AI PC、半导体、存储芯片、芯片,3.59,5.11,3.65,1.54,5.54,6,2026-04-17,-4.0,0.04,0.49,-0.45,上涨但弱于行业,2026-04-17,芯片,0
300303.SZ,聚飞光电,电子,4.3,18.52,18.5,,4,13679.24,先进封装、光学光电子、共封装光学(CPO)、芯片,-4.2,-5.57,-2.74,0.39,1.08,9,2026-04-22,-0.68,5.46,0.49,4.97,抗住且相对强,2026-04-22,先进封装,0
300077.SZ,国民技术,电子,6.27,8.62,18.41,,6,23087.0,MCU芯片、储能、光伏、共封装光学(CPO)、半导体、芯片,1.21,-1.79,-2.82,6.13,6.13,10,2026-04-23,0.0,8.03,0.49,7.54,抗住且相对强,2026-04-22,共封装光学(CPO),1
688107.SH,安路科技,电子,9.67,3.62,18.4,,2,9969.11,半导体、芯片,2.16,5.32,8.14,4.21,8.14,7,2026-04-20,-3.93,-1.78,0.49,-2.27,补跌且弱于行业,2026-04-17,芯片,1
000100.SZ,TCL科技,电子,4.11,19.75,18.27,,4,13677.57,AI眼镜、光伏、光学光电子、芯片,2.1,0.93,1.86,-0.7,2.1,3,2026-04-14,-2.8,-0.46,0.49,-0.95,补跌且弱于行业,2026-04-14,芯片,0
688233.SH,神工股份,电子,8.28,4.87,18.27,,3,12170.66,半导体、存储芯片、芯片,1.26,-0.01,2.85,10.2,12.56,9,2026-04-22,-2.35,-1.04,0.49,-1.53,补跌且弱于行业,2026-04-22,存储芯片,0
688530.SH,欧莱新材,电子,10.51,3.0,18.2,,4,14487.68,光伏、半导体、芯片、钙钛矿电池,1.95,-0.5,5.38,15.32,25.29,9,2026-04-22,-9.97,1.47,0.49,0.98,抗住且相对强,2026-04-22,芯片,0
688082.SH,盛美上海,电子,7.21,6.34,18.15,,4,13930.56,先进封装、半导体、存储芯片、芯片,5.21,2.99,3.59,3.38,6.39,9,2026-04-22,-3.01,0.23,0.49,-0.26,上涨但弱于行业,2026-04-22,存储芯片,0
688019.SH,安集科技,电子,6.15,8.7,18.14,20日新高,3,11837.47,先进封装、存储芯片、芯片,-2.58,-5.68,-8.35,-8.91,-1.28,1,2026-04-10,-7.63,0.23,0.49,-0.26,上涨但弱于行业,2026-04-10,存储芯片,0
603773.SH,沃格光电,电子,8.36,4.69,18.1,,7,18031.42,6G、先进封装、光学光电子、共封装光学(CPO)、存储芯片、芯片、钙钛矿电池,14.79,22.62,48.37,54.26,64.1,9,2026-04-22,-9.84,10.01,0.49,9.52,抗住且相对强,2026-04-22,6G,0
002815.SZ,崇达技术,电子,7.6,5.63,18.03,,7,17725.23,6G、AI PC、PCB、元件、先进封装、共封装光学(CPO)、芯片,3.52,4.81,5.55,4.6,7.52,9,2026-04-22,-2.91,1.23,0.49,0.74,抗住且相对强,2026-04-22,6G,0
301536.SZ,星宸科技,电子,8.03,4.97,17.9,,3,11506.01,AI眼镜、半导体、芯片,5.41,5.33,9.43,15.67,15.67,9,2026-04-22,0.0,-1.06,0.49,-1.55,补跌且弱于行业,2026-04-22,芯片,0
002049.SZ,紫光国微,电子,5.23,11.47,17.71,,5,16500.74,MCU芯片、共封装光学(CPO)、半导体、存储芯片、芯片,3.74,3.67,6.78,4.21,6.78,7,2026-04-20,-2.57,-0.77,0.49,-1.26,补跌且弱于行业,2026-04-20,MCU芯片,0
603936.SH,博敏电子,电子,7.83,5.0,17.51,,8,14449.76,6G、AI PC、PCB、元件、先进封装、共封装光学(CPO)、存储芯片、液冷服务器,2.15,2.65,7.38,14.9,18.27,9,2026-04-22,-3.37,2.42,0.49,1.93,抗住且相对强,2026-04-22,6G,0
688652.SH,京仪装备,电子,8.68,4.07,17.51,,3,12170.66,半导体、存储芯片、芯片,5.23,4.48,5.06,3.27,7.28,9,2026-04-22,-4.01,-0.11,0.49,-0.6,补跌且弱于行业,2026-04-22,存储芯片,0
688409.SH,富创精密,电子,8.09,4.66,17.46,,2,9969.11,半导体、芯片,5.78,2.31,4.56,5.77,6.14,9,2026-04-22,-0.37,-1.21,0.49,-1.7,补跌且弱于行业,2026-04-22,芯片,0
301387.SZ,光大同创,电子,11.78,2.17,17.35,,2,4268.64,共封装光学(CPO)、消费电子,-1.6,-2.39,5.77,-1.3,5.77,7,2026-04-20,-7.06,5.92,0.49,5.43,抗住且相对强,2026-04-20,消费电子,0
688661.SH,和林微纳,电子,9.27,3.5,17.34,,3,9787.94,消费电子、芯片、英伟达,3.5,3.06,4.11,34.11,44.03,9,2026-04-22,-9.93,0.94,0.49,0.45,抗住且相对强,2026-04-22,消费电子,0
688120.SH,华海清科,电子,6.34,7.45,17.3,,4,13930.56,先进封装、半导体、存储芯片、芯片,0.94,4.04,3.82,1.23,5.24,9,2026-04-22,-4.01,2.0,0.49,1.51,抗住且相对强,2026-04-22,存储芯片,0
300672.SZ,国科微,电子,3.82,20.14,17.14,,3,12170.66,半导体、存储芯片、芯片,7.49,1.34,3.19,0.37,7.49,3,2026-04-14,-7.12,-0.79,0.49,-1.28,补跌且弱于行业,2026-04-14,存储芯片,0
002426.SZ,胜利精密,电子,7.14,5.61,16.91,,3,2981.33,AI PC、AI眼镜、消费电子,3.97,6.52,7.08,8.5,12.75,9,2026-04-22,-4.25,-1.94,0.49,-2.43,补跌且弱于行业,2026-04-22,消费电子,0
600703.SH,三安光电,电子,3.24,27.14,16.88,,6,18970.32,AI眼镜、先进封装、光伏、光学光电子、共封装光学(CPO)、芯片,3.21,2.45,15.29,31.0,31.0,10,2026-04-23,0.0,-4.59,0.49,-5.08,补跌且弱于行业,2026-04-22,共封装光学(CPO),1
300269.SZ,联建光电,电子,8.69,3.64,16.58,,2,1081.91,MR(混合现实)、光学光电子,-0.27,0.68,2.03,-7.32,2.03,7,2026-04-20,-9.35,-3.28,0.49,-3.77,补跌且弱于行业,2026-04-20,MR(混合现实),0
688469.SH,芯联集成-U,电子,6.21,7.11,16.56,,7,22195.19,AI眼镜、MCU芯片、储能、光伏、半导体、特高压、芯片,1.37,1.53,5.8,1.68,5.8,7,2026-04-20,-4.12,-1.8,0.49,-2.29,补跌且弱于行业,2026-04-20,AI眼镜,0
300331.SZ,苏大维格,电子,7.22,5.23,16.51,,4,12849.31,AI PC、光伏、光学光电子、芯片,0.04,-1.93,3.71,18.47,18.47,10,2026-04-23,0.0,-0.6,0.49,-1.09,补跌且弱于行业,2026-04-22,芯片,1
688809.SH,强一股份,电子,5.7,8.34,16.46,,3,12170.66,半导体、存储芯片、芯片,7.65,9.99,18.15,18.53,28.06,9,2026-04-22,-9.52,0.17,0.49,-0.32,上涨但弱于行业,2026-04-22,存储芯片,0
600460.SH,士兰微,电子,5.62,8.56,16.44,,7,24015.05,MCU芯片、储能、先进封装、光伏、半导体、芯片、风电,2.71,1.75,4.31,4.35,5.3,9,2026-04-22,-0.95,-0.98,0.49,-1.47,补跌且弱于行业,2026-04-22,先进封装,0
688322.SH,奥比中光-W,电子,7.1,5.35,16.42,,3,9562.62,光学光电子、芯片、英伟达,5.9,7.6,8.4,2.79,9.14,6,2026-04-17,-6.35,-2.83,0.49,-3.32,补跌且弱于行业,2026-04-17,芯片,0
300782.SZ,卓胜微,电子,3.14,26.93,16.29,,4,13115.25,6G、先进封装、半导体、芯片,9.77,6.09,17.38,7.43,17.49,9,2026-04-22,-10.06,7.58,0.49,7.09,抗住且相对强,2026-04-22,先进封装,0
603005.SH,晶方科技,电子,5.2,9.69,16.19,,3,11729.01,先进封装、半导体、芯片,8.64,6.53,10.47,13.62,14.84,9,2026-04-22,-1.22,-0.89,0.49,-1.38,补跌且弱于行业,2026-04-22,先进封装,0
688683.SH,莱尔科技,电子,14.53,1.23,16.11,,2,9896.71,固态电池、芯片,5.38,10.28,14.82,22.25,22.25,10,2026-04-23,0.0,-0.56,0.49,-1.05,补跌且弱于行业,2026-04-22,芯片,1
301285.SZ,鸿日达,电子,8.97,3.19,16.02,,3,12365.99,光伏、消费电子、芯片,11.05,12.78,20.23,23.42,23.95,9,2026-04-22,-0.53,1.42,0.49,0.93,抗住且相对强,2026-04-22,消费电子,0
002655.SZ,共达电声,电子,5.16,9.61,16.0,3年新高,2,8611.81,消费电子、芯片,2.55,7.61,7.23,16.78,16.78,10,2026-04-23,0.0,5.85,0.49,5.36,抗住且相对强,2026-04-22,消费电子,1
300814.SZ,中富电路,电子,4.86,10.82,15.99,,5,8526.89,PCB、元件、先进封装、共封装光学(CPO)、铜缆高速连接,2.22,3.92,3.8,3.56,6.05,9,2026-04-22,-2.49,2.82,0.49,2.33,抗住且相对强,2026-04-22,共封装光学(CPO),0
603327.SH,福蓉科技,电子,5.32,9.02,15.98,20日新高,5,8476.82,AI手机、AI眼镜、MR(混合现实)、储能、消费电子,-4.68,5.07,6.57,2.39,6.87,6,2026-04-17,-4.48,-2.33,0.49,-2.82,补跌且弱于行业,2026-04-20,消费电子,-1
688608.SH,恒玄科技,电子,5.97,7.16,15.97,,3,11506.01,AI眼镜、半导体、芯片,2.45,1.99,3.71,2.1,3.71,7,2026-04-20,-1.61,-3.18,0.49,-3.67,补跌且弱于行业,2026-04-20,AI眼镜,0
002449.SZ,国星光电,电子,10.04,2.42,15.62,,5,16716.92,AI眼镜、储能、先进封装、光学光电子、芯片,-0.61,-0.49,1.35,-0.37,1.97,9,2026-04-22,-2.33,-2.28,0.49,-2.77,补跌且弱于行业,2026-04-22,先进封装,0
688662.SH,富信科技,电子,8.46,3.37,15.53,,3,16442.5,储能、共封装光学(CPO)、芯片,4.04,3.71,9.37,10.17,19.86,9,2026-04-22,-9.69,2.51,0.49,2.02,抗住且相对强,2026-04-22,芯片,0
002993.SZ,奥海科技,电子,8.19,3.58,15.5,,5,11769.14,AI PC、AI眼镜、储能、光伏、消费电子,5.37,3.94,8.24,-4.89,8.24,7,2026-04-20,-13.13,4.14,0.49,3.65,抗住且相对强,2026-04-20,消费电子,0
688018.SH,乐鑫科技,电子,6.47,5.68,15.42,,3,10766.34,MCU芯片、半导体、芯片,4.23,3.48,16.41,12.33,16.41,7,2026-04-20,-4.08,-2.72,0.49,-3.21,补跌且弱于行业,2026-04-20,MCU芯片,0
688262.SH,国芯科技,电子,8.14,3.58,15.4,,5,14727.79,MCU芯片、先进封装、半导体、存储芯片、芯片,3.72,5.49,7.52,6.08,7.52,7,2026-04-20,-1.45,-1.45,0.49,-1.94,补跌且弱于行业,2026-04-20,MCU芯片,0
688127.SH,蓝特光学,电子,5.48,7.88,15.38,历史新高,3,11919.34,光学光电子、共封装光学(CPO)、芯片,-1.37,2.98,4.93,3.15,10.1,9,2026-04-22,-6.95,2.59,0.49,2.1,抗住且相对强,2026-04-22,芯片,0
688261.SH,东微半导,电子,8.63,3.12,15.24,,6,21876.31,储能、光伏、半导体、液冷服务器、芯片、高压快充,3.26,1.73,2.32,0.19,4.18,9,2026-04-22,-3.99,-0.27,0.49,-0.76,补跌且弱于行业,2026-04-22,高压快充,0
603160.SH,汇顶科技,电子,6.7,5.14,15.19,,5,12902.3,AI手机、AI眼镜、MCU芯片、半导体、芯片,0.72,0.45,2.06,3.33,3.33,10,2026-04-23,0.0,0.88,0.49,0.39,抗住且相对强,2026-04-22,芯片,1
688020.SH,方邦股份,电子,10.5,2.09,15.18,,2,3480.56,PCB、先进封装,5.61,3.64,6.96,34.63,42.33,9,2026-04-22,-7.71,-1.63,0.49,-2.12,补跌且弱于行业,2026-04-22,先进封装,0
300623.SZ,捷捷微电,电子,6.84,4.91,15.16,,3,10689.5,半导体、芯片、高压快充,1.34,1.02,3.74,-1.8,3.74,7,2026-04-20,-5.54,-0.35,0.49,-0.84,补跌且弱于行业,2026-04-17,芯片,1
605111.SH,新洁能,电子,6.62,5.18,15.07,,4,15483.19,先进封装、光伏、半导体、芯片,0.73,-1.1,1.07,-0.6,1.2,9,2026-04-22,-1.8,-0.83,0.49,-1.32,补跌且弱于行业,2026-04-22,先进封装,0
688010.SH,福光股份,电子,10.02,2.22,14.93,20日新高,1,510.47,光学光电子,1.91,2.51,6.93,3.79,7.2,9,2026-04-22,-3.4,1.3,0.49,0.81,抗住且相对强,2026-04-20,光学光电子,2
300903.SZ,科翔股份,电子,5.64,6.93,14.85,,8,23876.83,PCB、储能、元件、先进封装、共封装光学(CPO)、存储芯片、芯片、钠离子电池,10.14,13.96,9.47,24.24,27.97,9,2026-04-22,-3.73,3.56,0.49,3.07,抗住且相对强,2026-04-22,共封装光学(CPO),0
688593.SH,新相微,电子,8.66,2.93,14.82,,3,11506.01,AI眼镜、半导体、芯片,0.47,1.0,0.16,-1.78,1.31,2,2026-04-13,-3.09,3.39,0.49,2.9,抗住且相对强,2026-04-14,芯片,-1
000725.SZ,京东方Ａ,电子,3.07,23.13,14.76,,10,24440.14,AI PC、AI眼镜、储能、先进封装、光伏、光学光电子、光纤、芯片、虚拟电厂、钙钛矿电池,0.25,0.5,4.49,4.49,6.48,9,2026-04-22,-2.0,-0.5,0.49,-0.99,补跌且弱于行业,2026-04-22,先进封装,0
300706.SZ,阿石创,电子,6.57,4.86,14.48,,5,16689.23,光伏、半导体、存储芯片、芯片、钙钛矿电池,1.61,-1.56,1.94,3.09,7.21,9,2026-04-22,-4.12,4.61,0.49,4.12,抗住且相对强,2026-04-22,芯片,0
688403.SH,汇成股份,电子,5.57,6.7,14.42,,4,13930.56,先进封装、半导体、存储芯片、芯片,0.88,5.57,5.82,2.25,10.01,6,2026-04-17,-7.75,6.81,0.49,6.32,抗住且相对强,2026-04-17,先进封装,0
002654.SZ,万润科技,电子,5.89,5.92,14.33,,5,13888.1,AI手机、光学光电子、存储芯片、芯片、风电,4.31,7.33,14.51,5.89,14.51,7,2026-04-20,-8.62,1.9,0.49,1.41,抗住且相对强,2026-04-20,光学光电子,0
688126.SH,沪硅产业,电子,6.05,5.56,14.27,,3,12170.66,半导体、存储芯片、芯片,1.66,1.94,18.79,18.22,18.79,7,2026-04-20,-0.57,-2.07,0.49,-2.56,补跌且弱于行业,2026-04-17,芯片,1
688416.SH,恒烁股份,电子,8.42,2.78,14.04,,4,12967.89,MCU芯片、半导体、存储芯片、芯片,7.55,9.82,26.22,34.65,34.65,10,2026-04-23,0.0,-0.27,0.49,-0.76,补跌且弱于行业,2026-04-22,存储芯片,1
300032.SZ,金龙机电,电子,7.82,3.2,13.99,,1,735.79,消费电子,3.51,5.62,5.45,-1.76,5.62,5,2026-04-16,-7.38,-1.73,0.49,-2.22,补跌且弱于行业,2026-04-20,消费电子,-2
688419.SH,耐科装备,电子,8.37,2.79,13.98,20日新高,3,11837.47,先进封装、存储芯片、芯片,-3.3,-1.11,-2.53,-5.12,1.07,1,2026-04-10,-6.19,-1.06,0.49,-1.55,补跌且弱于行业,2026-04-10,存储芯片,0
688047.SH,龙芯中科,电子,5.01,7.78,13.97,,3,10766.34,MCU芯片、半导体、芯片,7.21,6.97,8.76,13.83,13.83,10,2026-04-23,0.0,-0.84,0.49,-1.33,补跌且弱于行业,2026-04-22,芯片,1
603989.SH,艾华集团,电子,9.03,2.36,13.87,20日新高,5,10914.63,储能、元件、固态电池、液冷服务器、高压快充,5.56,3.34,2.6,3.07,5.56,3,2026-04-14,-2.49,-1.67,0.49,-2.16,补跌且弱于行业,2026-04-14,元件,0
301326.SZ,捷邦科技,电子,8.38,2.74,13.87,,4,13031.5,固态电池、消费电子、液冷服务器、芯片,5.38,7.62,7.41,5.88,10.28,6,2026-04-17,-4.4,2.74,0.49,2.25,抗住且相对强,2026-04-17,芯片,0
003026.SZ,中晶科技,电子,7.33,3.48,13.67,,2,9969.11,半导体、芯片,0.38,2.64,1.04,4.56,4.75,9,2026-04-22,-0.19,-0.98,0.49,-1.47,补跌且弱于行业,2026-04-22,芯片,0
002119.SZ,康强电子,电子,3.88,12.39,13.66,,4,13930.56,先进封装、半导体、存储芯片、芯片,0.14,4.15,2.17,-4.84,8.16,6,2026-04-17,-13.01,-1.14,0.49,-1.63,补跌且弱于行业,2026-04-17,先进封装,0
002077.SZ,大港股份,电子,6.27,4.7,13.59,,4,13930.56,先进封装、半导体、存储芯片、芯片,3.44,2.81,2.68,-1.28,3.44,3,2026-04-14,-4.72,-1.63,0.49,-2.12,补跌且弱于行业,2026-04-14,存储芯片,0
002222.SZ,福晶科技,电子,1.99,46.23,13.53,历史新高,3,5677.77,光学光电子、光纤、共封装光学(CPO),4.69,4.76,12.28,12.87,20.38,9,2026-04-22,-7.52,0.74,0.49,0.25,抗住且相对强,2026-04-22,光纤,0
688035.SH,德邦科技,电子,7.82,2.97,13.48,,10,27970.41,MR(混合现实)、PCB、TOPCON电池、储能、先进封装、光伏、固态电池、存储芯片、液冷服务器、芯片,8.39,5.66,10.07,20.37,20.37,10,2026-04-23,0.0,0.34,0.49,-0.15,上涨但弱于行业,2026-04-22,液冷服务器,1
688548.SH,广钢气体,电子,4.43,8.98,13.28,,3,12430.22,存储芯片、氢能源、芯片,0.62,7.35,8.46,24.02,24.02,10,2026-04-23,0.0,-1.26,0.49,-1.75,补跌且弱于行业,2026-04-22,存储芯片,1
301031.SZ,中熔电气,电子,6.81,3.78,13.24,,4,12209.2,储能、光伏、风电、高压快充,2.46,3.79,3.54,3.62,6.4,9,2026-04-22,-2.78,-1.47,0.49,-1.96,补跌且弱于行业,2026-04-22,高压快充,0
600206.SH,有研新材,电子,4.98,7.07,13.24,,5,15565.01,先进封装、光纤、半导体、存储芯片、芯片,6.65,4.54,19.94,21.49,25.47,9,2026-04-22,-3.98,0.23,0.49,-0.26,上涨但弱于行业,2026-04-22,先进封装,0
688678.SH,福立旺,电子,7.32,3.22,13.14,,3,5123.31,TOPCON电池、光伏、消费电子,0.56,9.16,17.16,-11.93,17.16,7,2026-04-20,-29.08,1.94,0.49,1.45,抗住且相对强,2026-04-20,消费电子,0
300319.SZ,麦捷科技,电子,5.92,4.91,13.12,,7,22098.0,AI眼镜、储能、元件、共封装光学(CPO)、存储芯片、芯片、英伟达,5.72,5.98,6.23,2.9,8.63,9,2026-04-22,-5.72,-0.76,0.49,-1.25,补跌且弱于行业,2026-04-22,共封装光学(CPO),0
300843.SZ,胜蓝股份,电子,6.03,4.64,12.99,,5,9661.37,储能、消费电子、液冷服务器、铜缆高速连接、高压快充,-4.48,-2.34,-1.39,-0.8,3.76,9,2026-04-22,-4.57,14.43,0.49,13.94,抗住且相对强,2026-04-22,铜缆高速连接,0
300866.SZ,安克创新,电子,5.18,6.21,12.91,,4,15182.34,AI眼镜、储能、消费电子、芯片,9.51,15.37,11.86,16.63,16.63,10,2026-04-23,0.0,0.59,0.49,0.1,抗住且相对强,2026-04-22,消费电子,1
300708.SZ,聚灿光电,电子,6.1,4.47,12.9,,2,8386.49,光学光电子、芯片,0.1,0.73,3.15,-0.1,3.67,6,2026-04-17,-3.78,-0.31,0.49,-0.8,补跌且弱于行业,2026-04-17,芯片,0
000823.SZ,超声电子,电子,7.05,3.31,12.83,,4,7531.33,AI眼镜、PCB、元件、共封装光学(CPO),7.62,9.91,11.16,10.67,14.21,9,2026-04-22,-3.53,5.64,0.49,5.15,抗住且相对强,2026-04-22,共封装光学(CPO),0
300088.SZ,长信科技,电子,5.61,5.08,12.64,,5,11918.03,AI手机、储能、光伏、光学光电子、固态电池,0.81,25.53,20.68,15.19,25.53,5,2026-04-16,-10.34,-0.32,0.49,-0.81,补跌且弱于行业,2026-04-16,AI手机,0
301086.SZ,鸿富瀚,电子,7.45,2.86,12.6,20日新高,3,8168.42,储能、消费电子、液冷服务器,5.84,14.51,22.18,32.15,32.15,10,2026-04-23,0.0,1.79,0.49,1.3,抗住且相对强,2026-04-22,消费电子,1
300456.SZ,赛微电子,电子,1.73,51.56,12.42,20日新高,5,16648.1,6G、先进封装、共封装光学(CPO)、半导体、芯片,-0.93,-2.5,2.84,-12.67,6.77,9,2026-04-22,-19.44,3.22,0.49,2.73,抗住且相对强,2026-04-22,共封装光学(CPO),0
300408.SZ,三环集团,电子,3.0,17.14,12.42,,4,7027.37,元件、光纤、共封装光学(CPO)、燃料电池,10.29,11.08,8.38,19.67,19.67,10,2026-04-23,0.0,0.33,0.49,-0.16,上涨但弱于行业,2026-04-22,共封装光学(CPO),1
600745.SH,*ST闻泰,电子,4.57,7.35,12.39,,7,16611.84,AI PC、AI手机、先进封装、半导体、液冷服务器、芯片、英伟达,0.83,-0.76,-0.1,-9.74,0.83,3,2026-04-14,-10.57,-1.23,0.49,-1.72,补跌且弱于行业,2026-04-14,先进封装,0
300939.SZ,秋田微,电子,7.3,2.87,12.37,,2,5544.1,储能、光学光电子,4.4,4.68,4.99,2.16,5.78,9,2026-04-22,-3.62,0.21,0.49,-0.28,上涨但弱于行业,2026-04-20,光学光电子,2
688135.SH,利扬芯片,电子,7.9,2.4,12.24,,4,13930.56,先进封装、半导体、存储芯片、芯片,19.19,21.84,22.91,24.01,28.59,6,2026-04-17,-4.58,5.26,0.49,4.77,抗住且相对强,2026-04-17,先进封装,0
002579.SZ,中京电子,电子,3.33,13.47,12.22,20日新高,11,27096.37,6G、AI PC、AI手机、AI眼镜、PCB、储能、元件、先进封装、共封装光学(CPO)、存储芯片、芯片,2.36,0.79,4.08,1.73,5.66,9,2026-04-22,-3.93,-2.45,0.49,-2.94,补跌且弱于行业,2026-04-22,6G,0
603991.SH,领先股份,电子,7.25,2.8,12.13,,4,13930.56,先进封装、半导体、存储芯片、芯片,-1.16,4.81,9.71,12.48,13.23,9,2026-04-22,-0.75,-0.21,0.49,-0.7,补跌且弱于行业,2026-04-22,存储芯片,0
300852.SZ,四会富仕,电子,8.35,2.1,12.1,,3,5994.43,PCB、元件、共封装光学(CPO),7.37,5.94,7.17,16.75,16.75,10,2026-04-23,0.0,-1.05,0.49,-1.54,补跌且弱于行业,2026-04-22,共封装光学(CPO),1
300285.SZ,国瓷材料,电子,3.07,15.31,12.01,,4,15782.21,共封装光学(CPO)、固态电池、氢能源、芯片,6.9,11.92,11.76,12.92,14.99,9,2026-04-22,-2.07,-1.06,0.49,-1.55,补跌且弱于行业,2026-04-22,芯片,0
002859.SZ,洁美科技,电子,7.25,2.71,11.94,,3,4670.08,PCB、可控核聚变、固态电池,-0.23,8.0,14.15,6.25,17.06,6,2026-04-17,-10.82,1.01,0.49,0.52,抗住且相对强,2026-04-17,PCB,0
600563.SH,法拉电子,电子,3.8,9.87,11.94,,5,11353.26,储能、元件、光伏、特高压、高压快充,5.0,2.86,4.77,-0.91,5.89,6,2026-04-17,-6.8,-0.68,0.49,-1.17,补跌且弱于行业,2026-04-17,元件,0
688378.SH,奥来德,电子,8.03,2.2,11.91,,2,2301.29,AI眼镜、钙钛矿电池,3.01,2.88,5.31,6.24,10.24,9,2026-04-22,-4.0,0.11,0.49,-0.38,上涨但弱于行业,2026-04-20,钙钛矿电池,2
300162.SZ,雷曼光电,电子,6.32,3.46,11.76,,2,2270.37,先进封装、光学光电子,0.87,2.84,7.74,1.31,7.74,7,2026-04-20,-6.43,0.88,0.49,0.39,抗住且相对强,2026-04-20,光学光电子,0
688371.SH,菲沃泰,电子,12.22,0.92,11.72,,3,7468.75,AI眼镜、共封装光学(CPO)、液冷服务器,-0.29,0.95,0.86,0.72,3.1,9,2026-04-22,-2.39,-0.38,0.49,-0.87,补跌且弱于行业,2026-04-22,液冷服务器,0
300493.SZ,润欣科技,电子,7.44,2.46,11.67,,4,13374.37,AI眼镜、先进封装、存储芯片、芯片,2.76,2.63,4.11,1.8,4.11,7,2026-04-20,-2.31,-1.89,0.49,-2.38,补跌且弱于行业,2026-04-20,AI眼镜,0
002782.SZ,可立克,电子,7.22,2.6,11.64,,3,9508.2,储能、光伏、高压快充,2.09,0.64,4.63,-0.77,4.68,6,2026-04-17,-5.45,3.04,0.49,2.55,抗住且相对强,2026-04-17,光伏,0
301132.SZ,满坤科技,电子,6.14,3.57,11.6,,3,5994.43,PCB、元件、共封装光学(CPO),2.0,4.06,1.65,-0.9,4.36,9,2026-04-22,-5.26,-0.94,0.49,-1.43,补跌且弱于行业,2026-04-22,共封装光学(CPO),0
300632.SZ,光莆股份,电子,4.82,5.68,11.49,,8,23991.12,AI眼镜、PCB、储能、先进封装、光学光电子、共封装光学(CPO)、固态电池、芯片,6.39,4.0,-1.31,-1.43,11.47,6,2026-04-17,-12.9,5.48,0.49,4.99,抗住且相对强,2026-04-17,PCB,0
002456.SZ,欧菲光,电子,4.39,6.83,11.47,,3,2618.81,AI眼镜、MR(混合现实)、光学光电子,5.22,4.44,5.56,1.89,5.56,7,2026-04-20,-3.67,-0.33,0.49,-0.82,补跌且弱于行业,2026-04-20,MR(混合现实),0
300655.SZ,晶瑞电材,电子,5.01,5.22,11.45,,2,10077.57,存储芯片、芯片,1.21,1.07,4.83,4.77,5.77,9,2026-04-22,-1.01,-1.19,0.49,-1.68,补跌且弱于行业,2026-04-22,存储芯片,0
002885.SZ,京泉华,电子,6.48,3.11,11.43,,3,9508.2,储能、光伏、高压快充,10.27,7.22,19.45,26.7,26.7,10,2026-04-23,0.0,0.2,0.49,-0.29,上涨但弱于行业,2026-04-22,高压快充,1
603341.SH,龙旗科技,电子,6.26,3.33,11.42,,4,4701.99,AI PC、AI眼镜、PCB、消费电子,2.42,1.75,1.69,-2.27,2.42,3,2026-04-14,-4.69,-0.93,0.49,-1.42,补跌且弱于行业,2026-04-14,PCB,0
688515.SH,裕太微-U,电子,7.05,2.59,11.35,,3,10741.67,半导体、芯片、铜缆高速连接,-1.16,0.81,1.67,1.11,3.56,9,2026-04-22,-2.45,-0.95,0.49,-1.44,补跌且弱于行业,2026-04-22,铜缆高速连接,0
301566.SZ,达利凯普,电子,7.35,2.38,11.34,,1,740.92,元件,3.64,6.15,15.2,18.05,23.36,9,2026-04-22,-5.31,-0.59,0.49,-1.08,补跌且弱于行业,2026-04-17,元件,3
605258.SH,协和电子,电子,10.01,1.27,11.28,,2,2461.58,PCB、元件,1.0,0.24,1.41,-0.08,2.32,9,2026-04-22,-2.41,-0.72,0.49,-1.21,补跌且弱于行业,2026-04-17,PCB,3
688591.SH,泰凌微,电子,7.81,2.08,11.26,,4,11942.47,MCU芯片、半导体、芯片、英伟达,1.23,-5.36,-5.87,-8.98,1.26,1,2026-04-10,-10.24,-2.07,0.49,-2.56,补跌且弱于行业,2026-04-10,MCU芯片,0
600353.SH,旭光电子,电子,5.9,3.63,11.24,,6,15231.35,先进封装、可控核聚变、特高压、芯片、虚拟电厂、风电,5.39,3.98,11.67,15.31,15.31,10,2026-04-23,0.0,0.82,0.49,0.33,抗住且相对强,2026-04-22,先进封装,1
688055.SH,龙腾光电,电子,9.28,1.45,11.17,,2,8386.49,光学光电子、芯片,-2.1,-0.93,1.86,-4.43,2.33,9,2026-04-22,-6.76,1.18,0.49,0.69,抗住且相对强,2026-04-22,芯片,0
301348.SZ,蓝箭电子,电子,6.63,2.83,11.15,,4,13930.56,先进封装、半导体、存储芯片、芯片,1.47,0.73,1.43,-3.31,1.47,3,2026-04-14,-4.78,-1.13,0.49,-1.62,补跌且弱于行业,2026-04-14,存储芯片,0
301629.SZ,矽电股份,电子,6.78,2.67,11.08,,3,12170.66,半导体、存储芯片、芯片,14.08,9.02,13.73,26.98,33.96,9,2026-04-22,-6.99,1.46,0.49,0.97,抗住且相对强,2026-04-22,存储芯片,0
300709.SZ,精研科技,电子,5.45,4.02,10.93,,3,4671.69,AI眼镜、消费电子、液冷服务器,0.45,-0.12,-1.2,-7.05,0.75,4,2026-04-15,-7.81,1.0,0.49,0.51,抗住且相对强,2026-04-14,消费电子,1
688449.SH,联芸科技,电子,5.0,4.78,10.93,,3,12170.66,半导体、存储芯片、芯片,2.02,2.92,3.46,-0.22,4.54,6,2026-04-17,-4.75,0.28,0.49,-0.21,上涨但弱于行业,2026-04-17,芯片,0
301606.SZ,绿联科技,电子,5.82,3.51,10.9,,2,5769.42,储能、消费电子,5.61,2.98,2.87,-0.56,5.61,3,2026-04-14,-6.17,0.03,0.49,-0.46,上涨但弱于行业,2026-04-14,消费电子,0
600877.SH,电科芯片,电子,5.81,3.48,10.84,,6,20940.39,6G、MCU芯片、储能、光伏、半导体、芯片,3.54,6.83,9.13,5.9,9.13,7,2026-04-20,-3.23,-1.71,0.49,-2.2,补跌且弱于行业,2026-04-20,6G,0
300735.SZ,光弘科技,电子,6.24,2.99,10.79,,5,12719.83,MCU芯片、储能、光伏、消费电子、液冷服务器,2.89,1.97,10.31,5.5,10.31,7,2026-04-20,-4.81,-1.36,0.49,-1.85,补跌且弱于行业,2026-04-20,消费电子,0
603078.SH,江化微,电子,6.04,3.19,10.79,,3,11837.47,先进封装、存储芯片、芯片,0.22,0.83,2.87,2.96,4.83,8,2026-04-21,-1.87,-0.09,0.49,-0.58,补跌且弱于行业,2026-04-22,存储芯片,-1
688508.SH,芯朋微,电子,7.41,2.11,10.76,,3,10689.5,半导体、芯片、高压快充,9.29,9.79,14.32,24.04,24.04,10,2026-04-23,0.0,-1.36,0.49,-1.85,补跌且弱于行业,2026-04-22,芯片,1
301628.SZ,强达电路,电子,6.94,2.4,10.75,,3,5994.43,PCB、元件、共封装光学(CPO),2.94,1.33,5.72,3.55,7.31,9,2026-04-22,-3.76,0.01,0.49,-0.48,上涨但弱于行业,2026-04-22,共封装光学(CPO),0
688401.SH,路维光电,电子,7.43,2.08,10.72,,4,13449.67,PCB、先进封装、半导体、芯片,0.57,3.41,6.91,19.89,32.22,9,2026-04-22,-12.33,-1.07,0.49,-1.56,补跌且弱于行业,2026-04-22,先进封装,0
603002.SH,宏昌电子,电子,3.19,11.14,10.65,,4,12532.71,PCB、先进封装、芯片、英伟达,15.86,16.13,19.64,24.95,25.05,9,2026-04-22,-0.09,0.82,0.49,0.33,抗住且相对强,2026-04-22,英伟达,0
600363.SH,联创光电,电子,5.04,4.17,10.29,,3,5418.7,光伏、可控核聚变、消费电子,2.75,2.32,5.85,3.0,5.85,7,2026-04-20,-2.85,-1.14,0.49,-1.63,补跌且弱于行业,2026-04-20,消费电子,0
301180.SZ,万祥科技,电子,7.47,1.87,10.22,,4,8026.71,AI眼镜、储能、消费电子、高压快充,-1.51,1.95,-2.24,-13.29,1.95,5,2026-04-16,-15.24,4.96,0.49,4.47,抗住且相对强,2026-04-20,消费电子,-2
688512.SH,慧智微-U,电子,7.91,1.67,10.22,,2,9969.11,半导体、芯片,4.65,4.08,3.26,1.63,5.06,6,2026-04-17,-3.43,-1.29,0.49,-1.78,补跌且弱于行业,2026-04-17,芯片,0
300671.SZ,富满微,电子,5.17,3.77,10.04,,5,14727.79,MCU芯片、先进封装、半导体、存储芯片、芯片,16.28,9.93,9.76,12.86,16.28,3,2026-04-14,-3.42,-0.27,0.49,-0.76,补跌且弱于行业,2026-04-14,先进封装,0
300389.SZ,艾比森,电子,6.08,2.68,9.95,,2,5544.1,储能、光学光电子,5.96,4.44,5.54,1.41,6.69,9,2026-04-22,-5.28,6.4,0.49,5.91,抗住且相对强,2026-04-20,光学光电子,2
603052.SH,可川科技,电子,4.02,6.05,9.89,,4,14165.35,共封装光学(CPO)、固态电池、消费电子、芯片,5.7,14.35,38.38,42.86,42.86,10,2026-04-23,0.0,2.94,0.49,2.45,抗住且相对强,2026-04-22,消费电子,1
688325.SH,赛微微电,电子,6.79,2.09,9.82,,2,9969.11,半导体、芯片,0.78,-2.7,3.31,0.06,3.31,7,2026-04-20,-3.25,-0.81,0.49,-1.3,补跌且弱于行业,2026-04-17,芯片,1
301251.SZ,威尔高,电子,4.75,4.25,9.79,,3,5994.43,PCB、元件、共封装光学(CPO),5.26,5.66,3.84,-0.76,5.66,5,2026-04-16,-6.42,2.71,0.49,2.22,抗住且相对强,2026-04-17,PCB,-1
688727.SH,恒坤新材,电子,7.08,1.9,9.76,,3,12170.66,半导体、存储芯片、芯片,4.57,3.18,2.85,3.73,5.47,9,2026-04-22,-1.74,-1.71,0.49,-2.2,补跌且弱于行业,2026-04-22,存储芯片,0
300046.SZ,台基股份,电子,6.15,2.39,9.51,,5,19861.06,储能、光伏、半导体、特高压、芯片,0.38,-0.16,1.61,0.09,2.96,9,2026-04-22,-2.87,-0.03,0.49,-0.52,补跌且弱于行业,2026-04-22,芯片,0
301189.SZ,奥尼电子,电子,6.45,2.1,9.35,,2,1911.92,消费电子、英伟达,44.21,63.94,71.96,62.02,73.06,4,2026-04-15,-11.04,1.16,0.49,0.67,抗住且相对强,2026-04-14,消费电子,1
300545.SZ,联得装备,电子,4.8,3.77,9.32,,9,19805.29,AI眼镜、MR(混合现实)、先进封装、光伏、光学光电子、固态电池、芯片、钙钛矿电池、钠离子电池,-1.55,-1.06,-1.15,-4.4,-0.18,9,2026-04-22,-4.22,-0.81,0.49,-1.3,补跌且弱于行业,2026-04-22,先进封装,0
688036.SH,传音控股,电子,4.1,5.04,9.2,,4,7905.38,AI手机、AI眼镜、储能、消费电子,-0.1,2.91,1.34,4.39,6.1,9,2026-04-22,-1.71,-2.69,0.49,-3.18,补跌且弱于行业,2026-04-22,AI手机,0
600171.SH,上海贝岭,电子,4.76,3.73,9.19,,5,16500.74,MCU芯片、共封装光学(CPO)、半导体、存储芯片、芯片,1.99,1.51,2.72,3.75,3.75,10,2026-04-23,0.0,-1.05,0.49,-1.54,补跌且弱于行业,2026-04-22,共封装光学(CPO),1
688049.SH,炬芯科技,电子,5.46,2.68,8.94,,4,12303.24,AI眼镜、MCU芯片、半导体、芯片,3.82,3.03,4.18,3.1,6.18,9,2026-04-22,-3.08,-2.32,0.49,-2.81,补跌且弱于行业,2026-04-22,芯片,0
688332.SH,中科蓝讯,电子,5.13,3.02,8.91,,4,15038.86,AI眼镜、共封装光学(CPO)、半导体、芯片,1.51,2.62,3.34,0.3,3.4,9,2026-04-22,-3.1,-3.41,0.49,-3.9,补跌且弱于行业,2026-04-22,共封装光学(CPO),0
002745.SZ,木林森,电子,5.08,2.95,8.73,,4,11018.94,PCB、储能、光伏、光学光电子,-2.79,-2.21,1.51,3.14,4.41,9,2026-04-22,-1.28,-0.81,0.49,-1.3,补跌且弱于行业,2026-04-20,光学光电子,2
301045.SZ,天禄科技,电子,8.15,1.14,8.7,,1,510.47,光学光电子,-1.3,0.43,6.65,1.03,6.65,7,2026-04-20,-5.62,-1.24,0.49,-1.73,补跌且弱于行业,2026-04-20,光学光电子,0
605058.SH,澳弘电子,电子,6.76,1.58,8.5,,4,11028.06,PCB、储能、元件、共封装光学(CPO),4.63,2.54,7.43,5.8,8.71,9,2026-04-22,-2.91,0.72,0.49,0.23,抗住且相对强,2026-04-22,共封装光学(CPO),0
002681.SZ,奋达科技,电子,5.91,2.01,8.38,,2,5769.42,储能、消费电子,-0.56,-1.13,-1.32,-4.52,0.0,1,2026-04-10,-4.52,-1.3,0.49,-1.79,补跌且弱于行业,2026-04-10,消费电子,0
603290.SH,斯达半导,电子,3.65,4.95,8.12,,6,20274.54,MCU芯片、储能、光伏、半导体、芯片、高压快充,2.54,0.13,2.82,6.5,6.5,10,2026-04-23,0.0,-1.94,0.49,-2.43,补跌且弱于行业,2026-04-22,高压快充,1
301275.SZ,汉朔科技,电子,4.13,3.83,8.08,,3,16663.83,储能、光伏、芯片,-2.4,-0.36,1.19,-2.29,1.19,7,2026-04-20,-3.48,0.45,0.49,-0.04,上涨但弱于行业,2026-04-17,光伏,1
000536.SZ,华映科技,电子,4.78,2.86,8.08,,2,8386.49,光学光电子、芯片,0.23,-0.93,-0.7,-4.66,1.4,1,2026-04-10,-6.06,-2.05,0.49,-2.54,补跌且弱于行业,2026-04-10,芯片,0
300576.SZ,容大感光,电子,4.77,2.82,8.01,,3,11356.58,PCB、先进封装、芯片,1.43,1.43,6.08,8.66,9.81,9,2026-04-22,-1.15,-0.8,0.49,-1.29,补跌且弱于行业,2026-04-22,先进封装,0
688802.SH,沐曦股份-U,电子,2.29,12.23,8.01,,3,11729.01,先进封装、半导体、芯片,0.64,20.78,15.97,9.84,20.78,5,2026-04-16,-10.94,-0.59,0.49,-1.08,补跌且弱于行业,2026-04-17,先进封装,-1
002729.SZ,好利科技,电子,4.11,3.78,7.99,,3,11488.81,储能、光伏、风电,-2.44,-4.08,-5.02,-12.38,0.98,1,2026-04-10,-13.37,1.43,0.49,0.94,抗住且相对强,2026-04-10,光伏,0
688146.SH,中船特气,电子,2.25,12.44,7.94,,2,9896.71,固态电池、芯片,6.26,10.43,17.49,23.13,23.13,10,2026-04-23,0.0,5.58,0.49,5.09,抗住且相对强,2026-04-22,芯片,1
300516.SZ,久之洋,电子,5.29,2.24,7.92,,2,9510.47,光纤、芯片,2.23,0.96,5.81,0.63,5.81,7,2026-04-20,-5.18,1.22,0.49,0.73,抗住且相对强,2026-04-20,光纤,0
688484.SH,南芯科技,电子,5.45,2.08,7.86,,7,20334.93,AI手机、AI眼镜、MCU芯片、储能、半导体、液冷服务器、芯片,3.23,4.56,2.28,3.11,4.56,5,2026-04-16,-1.45,-1.69,0.49,-2.18,补跌且弱于行业,2026-04-16,AI手机,0
688781.SH,视涯科技-UW,电子,4.96,2.51,7.86,,3,9923.39,AI眼镜、光学光电子、芯片,2.88,3.86,8.52,6.63,9.35,9,2026-04-22,-2.71,-0.33,0.49,-0.82,补跌且弱于行业,2026-04-22,芯片,0
300909.SZ,汇创达,电子,6.92,1.29,7.86,,2,5544.1,储能、光学光电子,3.95,8.92,5.98,13.26,14.37,9,2026-04-22,-1.11,-1.6,0.49,-2.09,补跌且弱于行业,2026-04-20,光学光电子,2
300241.SZ,瑞丰光电,电子,4.48,3.08,7.86,,1,510.47,光学光电子,2.68,1.34,3.73,0.15,5.51,9,2026-04-22,-5.37,-0.89,0.49,-1.38,补跌且弱于行业,2026-04-20,光学光电子,2
600237.SH,XD铜峰电,电子,5.16,2.29,7.81,,5,8845.22,元件、光伏、可控核聚变、风电、高压快充,4.18,5.99,5.31,3.95,7.23,4,2026-04-15,-3.28,-1.34,0.49,-1.83,补跌且弱于行业,2026-04-14,元件,1
688785.SH,恒运昌,电子,6.1,1.56,7.62,,2,9969.11,半导体、芯片,-0.09,2.16,-1.29,-3.49,2.27,4,2026-04-15,-5.76,-1.27,0.49,-1.76,补跌且弱于行业,2026-04-14,芯片,1
002925.SZ,盈趣科技,电子,5.76,1.74,7.6,,2,4489.97,光伏、消费电子,-1.6,0.7,-0.1,-2.15,1.25,9,2026-04-22,-3.41,-1.14,0.49,-1.63,补跌且弱于行业,2026-04-22,消费电子,0
688181.SH,八亿时空,电子,6.43,1.38,7.55,,4,6206.27,AI眼镜、先进封装、光学光电子、液冷服务器,-0.24,1.69,0.76,12.28,12.28,10,2026-04-23,0.0,0.43,0.49,-0.06,上涨但弱于行业,2026-04-22,液冷服务器,1
002635.SZ,安洁科技,电子,4.22,3.19,7.54,,6,10533.05,MR(混合现实)、储能、氢能源、消费电子、燃料电池、高压快充,-1.84,1.33,6.67,5.4,10.54,9,2026-04-22,-5.14,9.99,0.49,9.5,抗住且相对强,2026-04-22,高压快充,0
300232.SZ,洲明科技,电子,5.09,2.19,7.53,,3,2258.04,MR(混合现实)、光学光电子、英伟达,0.43,1.3,3.46,-9.09,3.46,7,2026-04-20,-12.55,-1.28,0.49,-1.77,补跌且弱于行业,2026-04-20,MR(混合现实),0
688052.SH,纳芯微,电子,3.65,4.2,7.48,,4,12526.24,MCU芯片、先进封装、半导体、芯片,0.56,5.72,10.48,15.71,15.71,10,2026-04-23,0.0,-2.17,0.49,-2.66,补跌且弱于行业,2026-04-22,先进封装,1
300831.SZ,派瑞股份,电子,4.14,3.25,7.46,,3,11073.25,半导体、特高压、芯片,-0.18,-0.64,-0.18,-4.32,0.93,6,2026-04-17,-5.25,-3.98,0.49,-4.47,补跌且弱于行业,2026-04-17,芯片,0
301369.SZ,联动科技,电子,6.33,1.37,7.41,,2,9969.11,半导体、芯片,7.57,20.72,16.72,16.18,20.72,5,2026-04-16,-4.54,5.15,0.49,4.66,抗住且相对强,2026-04-17,芯片,-1
688795.SH,摩尔线程-U,电子,1.92,14.87,7.4,,2,9969.11,半导体、芯片,1.86,9.78,9.52,2.64,11.29,6,2026-04-17,-8.64,-0.7,0.49,-1.19,补跌且弱于行业,2026-04-17,芯片,0
300868.SZ,杰美特,电子,4.94,2.23,7.38,,2,2272.69,AI眼镜、消费电子,27.5,34.28,36.91,26.91,36.91,7,2026-04-20,-10.01,5.82,0.49,5.33,抗住且相对强,2026-04-20,消费电子,0
002952.SZ,亚世光电,电子,3.61,3.95,7.17,,1,510.47,光学光电子,-4.71,-4.6,-8.72,-2.02,0.74,9,2026-04-22,-2.76,2.92,0.49,2.43,抗住且相对强,2026-04-20,光学光电子,2
688605.SH,先锋精科,电子,4.67,2.34,7.14,,3,13723.29,光伏、半导体、芯片,2.72,3.31,4.69,3.33,6.24,9,2026-04-22,-2.91,-2.45,0.49,-2.94,补跌且弱于行业,2026-04-22,芯片,0
300582.SZ,英飞特,电子,6.05,1.39,7.13,,2,5544.1,储能、光学光电子,0.38,-1.51,-2.49,-3.02,0.38,3,2026-04-14,-3.39,-1.78,0.49,-2.27,补跌且弱于行业,2026-04-10,储能,2
688595.SH,芯海科技,电子,7.12,1.0,7.12,,5,13011.88,AI PC、AI眼镜、MCU芯片、半导体、芯片,11.15,12.3,11.48,11.25,12.57,6,2026-04-17,-1.32,-2.35,0.49,-2.84,补跌且弱于行业,2026-04-17,AI PC,0
688711.SH,宏微科技,电子,6.33,1.25,7.08,,5,19685.65,储能、光伏、半导体、可控核聚变、芯片,2.94,2.98,4.89,1.03,4.89,6,2026-04-17,-3.86,-1.23,0.49,-1.72,补跌且弱于行业,2026-04-17,光伏,0
688582.SH,芯动联科,电子,4.1,2.94,7.03,,2,9969.11,半导体、芯片,-0.96,-1.4,0.61,-0.97,2.12,6,2026-04-17,-3.1,1.44,0.49,0.95,抗住且相对强,2026-04-17,芯片,0
603690.SH,至纯科技,电子,4.43,2.49,6.99,,5,15565.01,先进封装、光纤、半导体、存储芯片、芯片,2.07,1.16,3.75,3.19,4.95,9,2026-04-22,-1.76,-0.52,0.49,-1.01,补跌且弱于行业,2026-04-22,先进封装,0
000050.SZ,深天马Ａ,电子,4.43,2.48,6.98,,2,8386.49,光学光电子、芯片,1.1,1.1,2.68,1.46,3.66,9,2026-04-22,-2.2,-0.61,0.49,-1.1,补跌且弱于行业,2026-04-22,芯片,0
688432.SH,有研硅,电子,4.6,2.24,6.88,,3,12170.66,半导体、存储芯片、芯片,1.18,2.16,8.84,7.59,9.26,9,2026-04-22,-1.67,-1.17,0.49,-1.66,补跌且弱于行业,2026-04-22,存储芯片,0
688798.SH,艾为电子,电子,5.35,1.65,6.87,,4,12303.24,AI眼镜、MCU芯片、半导体、芯片,-0.18,0.67,0.92,2.12,2.9,9,2026-04-22,-0.79,-1.26,0.49,-1.75,补跌且弱于行业,2026-04-22,芯片,0
688279.SH,峰岹科技,电子,5.07,1.82,6.84,,2,9969.11,半导体、芯片,8.07,15.68,13.37,25.33,25.33,10,2026-04-23,0.0,1.27,0.49,0.78,抗住且相对强,2026-04-22,芯片,1
000670.SZ,盈方微,电子,3.25,4.4,6.82,,2,10077.57,存储芯片、芯片,12.42,9.58,8.64,1.62,12.42,3,2026-04-14,-10.8,-2.88,0.49,-3.37,补跌且弱于行业,2026-04-14,存储芯片,0
688729.SH,屹唐股份,电子,5.2,1.71,6.8,,3,12170.66,半导体、存储芯片、芯片,2.69,3.86,4.04,1.84,4.85,6,2026-04-17,-3.01,-2.45,0.49,-2.94,补跌且弱于行业,2026-04-17,芯片,0
002866.SZ,传艺科技,电子,2.39,8.03,6.77,,6,11230.71,AI PC、PCB、储能、固态电池、消费电子、钠离子电池,10.38,10.71,22.89,17.12,25.98,9,2026-04-22,-8.86,-0.91,0.49,-1.4,补跌且弱于行业,2026-04-22,消费电子,0
688699.SH,明微电子,电子,6.7,1.02,6.77,,3,11729.01,先进封装、半导体、芯片,4.56,3.67,1.16,0.67,4.56,3,2026-04-14,-3.89,-1.48,0.49,-1.97,补跌且弱于行业,2026-04-14,先进封装,0
688173.SH,希荻微,电子,6.99,0.91,6.67,,4,12105.07,AI手机、AI眼镜、半导体、芯片,4.37,4.29,5.44,5.51,7.16,9,2026-04-22,-1.65,-1.9,0.49,-2.39,补跌且弱于行业,2026-04-22,AI手机,0
688775.SH,影石创新,电子,4.38,2.3,6.64,,2,8611.81,消费电子、芯片,4.3,3.31,4.81,3.0,4.81,7,2026-04-20,-1.8,-1.23,0.49,-1.72,补跌且弱于行业,2026-04-20,消费电子,0
003015.SZ,日久光电,电子,5.78,1.31,6.62,,1,510.47,光学光电子,6.85,8.93,9.4,5.31,10.34,8,2026-04-21,-5.04,0.4,0.49,-0.09,上涨但弱于行业,2026-04-20,光学光电子,1
688260.SH,昀冢科技,电子,7.11,0.86,6.59,,2,2370.24,光纤、消费电子,2.13,8.81,10.3,16.09,16.09,10,2026-04-23,0.0,-1.72,0.49,-2.21,补跌且弱于行业,2026-04-22,消费电子,1
688601.SH,力芯微,电子,2.92,5.07,6.57,,4,12105.07,AI手机、AI眼镜、半导体、芯片,-3.92,-4.95,-6.18,-8.87,-0.51,1,2026-04-10,-8.36,-2.22,0.49,-2.71,补跌且弱于行业,2026-04-10,AI手机,0
301678.SZ,新恒汇,电子,5.26,1.49,6.42,,2,9969.11,半导体、芯片,4.24,3.13,4.69,-2.75,4.78,6,2026-04-17,-7.54,-1.05,0.49,-1.54,补跌且弱于行业,2026-04-17,芯片,0
688299.SH,长阳科技,电子,6.52,0.96,6.39,,4,9285.45,PCB、储能、光学光电子、固态电池,5.03,4.11,2.08,-1.5,5.03,3,2026-04-14,-6.54,-2.98,0.49,-3.47,补跌且弱于行业,2026-04-14,PCB,0
603703.SH,盛洋科技,电子,5.09,1.56,6.36,,3,2917.48,光学光电子、光纤、铜缆高速连接,0.15,2.9,6.94,5.03,7.7,9,2026-04-22,-2.67,0.92,0.49,0.43,抗住且相对强,2026-04-22,光纤,0
688539.SH,高华科技,电子,6.42,0.96,6.29,,1,7876.02,芯片,6.51,8.67,22.14,21.09,24.19,8,2026-04-21,-3.1,-3.06,0.49,-3.55,补跌且弱于行业,2026-04-22,芯片,-1
002387.SZ,维信诺,电子,5.26,1.42,6.27,,2,8386.49,光学光电子、芯片,1.64,3.54,5.18,1.9,5.18,7,2026-04-20,-3.29,-1.12,0.49,-1.61,补跌且弱于行业,2026-04-20,光学光电子,0
688584.SH,上海合晶,电子,6.47,0.94,6.27,,2,9969.11,半导体、芯片,2.04,2.91,5.77,5.1,5.92,9,2026-04-22,-0.82,-1.61,0.49,-2.1,补跌且弱于行业,2026-04-22,芯片,0
688045.SH,必易微,电子,6.78,0.84,6.21,,5,17336.87,AI眼镜、MCU芯片、储能、半导体、芯片,5.06,8.06,12.57,17.14,18.66,9,2026-04-22,-1.53,-0.43,0.49,-0.92,补跌且弱于行业,2026-04-22,芯片,0
605277.SH,新亚电子,电子,4.55,1.86,6.21,,5,12695.16,储能、光伏、消费电子、液冷服务器、铜缆高速连接,1.38,1.26,2.43,0.54,2.43,7,2026-04-20,-1.89,1.75,0.49,1.26,抗住且相对强,2026-04-20,铜缆高速连接,0
688550.SH,瑞联新材,电子,5.13,1.44,6.16,,1,764.39,钙钛矿电池,5.26,4.66,4.54,6.03,6.43,6,2026-04-17,-0.4,-2.15,0.49,-2.64,补跌且弱于行业,2026-04-20,钙钛矿电池,-1
002369.SZ,卓翼科技,电子,5.37,1.31,6.15,,2,5769.42,储能、消费电子,1.1,0.28,1.1,-2.07,1.1,1,2026-04-10,-3.18,-0.28,0.49,-0.77,补跌且弱于行业,2026-04-10,消费电子,0
688486.SH,龙迅股份,电子,5.58,1.19,6.09,,3,11145.24,半导体、芯片、英伟达,4.73,11.19,17.39,21.81,24.2,9,2026-04-22,-2.39,-0.31,0.49,-0.8,补跌且弱于行业,2026-04-22,英伟达,0
002841.SZ,视源股份,电子,4.6,1.72,6.03,,2,2272.69,AI眼镜、消费电子,2.28,5.33,8.57,16.24,16.24,10,2026-04-23,0.0,-0.89,0.49,-1.38,补跌且弱于行业,2026-04-22,消费电子,1
603386.SH,骏亚科技,电子,5.62,1.13,5.97,,4,7628.88,PCB、元件、光纤、共封装光学(CPO),1.58,1.86,3.8,1.43,4.44,9,2026-04-22,-3.01,0.43,0.49,-0.06,上涨但弱于行业,2026-04-22,共封装光学(CPO),0
300889.SZ,爱克股份,电子,5.04,1.4,5.96,,3,7943.1,储能、光学光电子、液冷服务器,3.68,3.24,3.84,-0.44,5.43,1,2026-04-10,-5.87,-0.79,0.49,-1.28,补跌且弱于行业,2026-04-10,液冷服务器,0
688252.SH,天德钰,电子,4.91,1.45,5.91,,3,10689.5,半导体、芯片、高压快充,-0.82,-0.73,-2.06,2.88,4.62,9,2026-04-22,-1.74,-0.82,0.49,-1.31,补跌且弱于行业,2026-04-22,芯片,0
301321.SZ,翰博高新,电子,7.36,0.64,5.89,,1,510.47,光学光电子,10.27,18.02,20.23,19.22,23.2,9,2026-04-22,-3.98,0.2,0.49,-0.29,上涨但弱于行业,2026-04-20,光学光电子,2
300976.SZ,达瑞电子,电子,5.66,1.06,5.83,,5,19798.62,储能、光伏、消费电子、液冷服务器、芯片,1.82,4.26,4.82,4.86,7.63,9,2026-04-22,-2.78,0.9,0.49,0.41,抗住且相对强,2026-04-22,消费电子,0
300219.SZ,鸿利智汇,电子,4.48,1.67,5.79,,3,8957.93,MR(混合现实)、光学光电子、芯片,1.46,2.53,3.6,1.2,4.79,9,2026-04-22,-3.6,0.67,0.49,0.18,抗住且相对强,2026-04-22,芯片,0
688079.SH,美迪凯,电子,4.62,1.56,5.77,,5,12254.73,AI眼镜、MR(混合现实)、先进封装、光学光电子、芯片,-1.55,0.65,5.11,1.1,8.21,8,2026-04-21,-7.12,8.26,0.49,7.77,抗住且相对强,2026-04-22,先进封装,-1
300256.SZ,星星科技,电子,5.12,1.27,5.77,,1,735.79,消费电子,0.59,4.11,4.69,-0.88,4.69,7,2026-04-20,-5.57,-2.29,0.49,-2.78,补跌且弱于行业,2026-04-20,消费电子,0
688352.SH,颀中科技,电子,4.8,1.43,5.74,,4,12526.24,MCU芯片、先进封装、半导体、芯片,1.89,1.97,-1.97,-0.71,3.63,6,2026-04-17,-4.34,0.08,0.49,-0.41,上涨但弱于行业,2026-04-17,先进封装,0
301176.SZ,逸豪新材,电子,3.81,2.27,5.74,,2,2461.58,PCB、元件,5.71,5.5,3.0,2.29,6.75,2,2026-04-13,-4.46,0.83,0.49,0.34,抗住且相对强,2026-04-14,PCB,-1
688103.SH,国力电子,电子,6.45,0.79,5.73,,4,10629.28,可控核聚变、特高压、芯片、高压快充,2.27,4.11,7.71,6.69,7.85,6,2026-04-17,-1.16,-1.11,0.49,-1.6,补跌且弱于行业,2026-04-17,芯片,0
688783.SH,西安奕材-U,电子,4.96,1.33,5.72,,4,12967.89,MCU芯片、半导体、存储芯片、芯片,2.29,3.02,6.86,4.76,6.86,7,2026-04-20,-2.1,-1.62,0.49,-2.11,补跌且弱于行业,2026-04-20,MCU芯片,0
001298.SZ,好上好,电子,4.07,1.97,5.71,,4,12411.7,AI眼镜、MCU芯片、存储芯片、芯片,4.17,4.14,-25.26,-26.83,4.17,3,2026-04-14,-31.0,0.27,0.49,-0.22,上涨但弱于行业,2026-04-14,存储芯片,0
688153.SH,唯捷创芯,电子,4.66,1.5,5.71,,2,9969.11,半导体、芯片,2.19,2.52,4.0,1.87,4.0,7,2026-04-20,-2.13,-1.06,0.49,-1.55,补跌且弱于行业,2026-04-17,芯片,1
003043.SZ,华亚智能,电子,4.68,1.48,5.69,,4,17023.43,储能、半导体、固态电池、芯片,2.46,-2.45,1.69,1.56,2.5,9,2026-04-22,-0.94,0.16,0.49,-0.33,上涨但弱于行业,2026-04-22,半导体,0
002876.SZ,三利谱,电子,5.05,1.27,5.69,,1,510.47,光学光电子,8.43,7.92,7.48,5.51,11.72,2,2026-04-13,-6.21,-0.25,0.49,-0.74,补跌且弱于行业,2026-04-17,光学光电子,-4
688007.SH,光峰科技,电子,5.95,0.91,5.68,,2,2272.69,AI眼镜、消费电子,0.9,-0.07,2.01,3.33,3.68,6,2026-04-17,-0.35,0.0,0.49,-0.49,上涨但弱于行业,2026-04-20,消费电子,-1
688286.SH,敏芯股份,电子,5.56,1.04,5.67,,3,11506.01,AI眼镜、半导体、芯片,3.75,5.12,5.54,4.12,6.15,9,2026-04-22,-2.02,-1.73,0.49,-2.22,补跌且弱于行业,2026-04-22,芯片,0
002137.SZ,实益达,电子,5.08,1.24,5.66,,4,13900.57,先进封装、光伏、光学光电子、芯片,2.21,2.45,3.93,-0.98,3.93,7,2026-04-20,-4.91,-1.45,0.49,-1.94,补跌且弱于行业,2026-04-20,光学光电子,0
600552.SH,凯盛科技,电子,2.09,7.25,5.63,,6,17641.92,PCB、先进封装、光伏、光学光电子、固态电池、芯片,2.8,6.14,16.87,16.8,22.08,9,2026-04-22,-5.29,1.34,0.49,0.85,抗住且相对强,2026-04-22,先进封装,0
301379.SZ,天山电子,电子,6.14,0.84,5.63,,3,4432.68,PCB、光学光电子、存储芯片,5.21,5.33,5.05,4.19,11.19,9,2026-04-22,-7.0,0.08,0.49,-0.41,上涨但弱于行业,2026-04-22,存储芯片,0
002139.SZ,拓邦股份,电子,3.99,1.99,5.63,,5,11255.29,储能、光伏、消费电子、钠离子电池、高压快充,3.31,2.65,2.32,0.17,3.31,3,2026-04-14,-3.15,-1.31,0.49,-1.8,补跌且弱于行业,2026-04-14,钠离子电池,0
688689.SH,银河微电,电子,5.17,1.18,5.62,,3,11729.01,先进封装、半导体、芯片,0.98,2.76,4.31,7.77,7.77,10,2026-04-23,0.0,-0.17,0.49,-0.66,补跌且弱于行业,2026-04-22,先进封装,1
688653.SH,康希通信,电子,5.86,0.92,5.62,,2,9969.11,半导体、芯片,2.41,3.5,4.44,3.89,6.38,9,2026-04-22,-2.49,-1.15,0.49,-1.64,补跌且弱于行业,2026-04-22,芯片,0
002134.SZ,天津普林,电子,4.41,1.62,5.61,,2,2461.58,PCB、元件,10.75,6.72,9.93,10.27,12.28,9,2026-04-22,-2.02,-1.0,0.49,-1.49,补跌且弱于行业,2026-04-17,PCB,3
002055.SZ,ST得润,电子,5.05,1.21,5.56,,4,4430.29,存储芯片、消费电子、铜缆高速连接、高压快充,6.23,6.92,5.19,3.81,6.92,5,2026-04-16,-3.11,-0.69,0.49,-1.18,补跌且弱于行业,2026-04-20,消费电子,-2
300940.SZ,南极光,电子,5.75,0.93,5.55,,1,510.47,光学光电子,2.74,7.64,6.03,2.79,9.26,8,2026-04-21,-6.47,-0.89,0.49,-1.38,补跌且弱于行业,2026-04-20,光学光电子,1
300613.SZ,富瀚微,电子,3.9,1.99,5.5,,3,11506.01,AI眼镜、半导体、芯片,3.21,2.7,3.58,8.67,8.67,10,2026-04-23,0.0,0.35,0.49,-0.14,上涨但弱于行业,2026-04-22,芯片,1
300951.SZ,博硕科技,电子,5.83,0.89,5.5,,1,735.79,消费电子,-0.48,0.66,-2.6,-9.07,3.63,9,2026-04-22,-12.71,-0.21,0.49,-0.7,补跌且弱于行业,2026-04-22,消费电子,0
688549.SH,中巨芯-U,电子,3.23,2.88,5.48,,3,11837.47,先进封装、存储芯片、芯片,1.65,1.87,3.3,7.03,7.25,9,2026-04-22,-0.22,-1.83,0.49,-2.32,补跌且弱于行业,2026-04-22,存储芯片,0
688209.SH,英集芯,电子,4.95,1.22,5.47,,2,9969.11,半导体、芯片,1.81,3.53,5.01,9.41,9.41,10,2026-04-23,0.0,0.77,0.49,0.28,抗住且相对强,2026-04-22,芯片,1
603679.SH,华体科技,电子,5.81,0.87,5.42,,3,6405.66,储能、光学光电子、虚拟电厂,2.82,4.6,5.64,1.93,5.64,7,2026-04-20,-3.71,-0.07,0.49,-0.56,补跌且弱于行业,2026-04-20,光学光电子,0
300752.SZ,隆利科技,电子,5.86,0.85,5.4,,4,3327.45,AI PC、AI眼镜、MR(混合现实)、光学光电子,5.69,14.3,13.31,10.79,15.83,4,2026-04-15,-5.04,0.41,0.49,-0.08,上涨但弱于行业,2026-04-14,MR(混合现实),1
603296.SH,华勤技术,电子,1.32,16.68,5.39,20日新高,6,14432.48,AI PC、AI眼镜、消费电子、液冷服务器、芯片、英伟达,-0.76,-1.49,3.99,4.86,6.09,9,2026-04-22,-1.23,1.6,0.49,1.11,抗住且相对强,2026-04-22,消费电子,0
002587.SZ,奥拓电子,电子,4.19,1.65,5.38,,3,2258.04,MR(混合现实)、光学光电子、英伟达,-1.96,-1.06,-0.6,-5.28,-0.3,1,2026-04-10,-4.98,-1.34,0.49,-1.83,补跌且弱于行业,2026-04-10,英伟达,0
300489.SZ,光智科技,电子,2.42,4.91,5.36,20日新高,3,4623.02,先进封装、光学光电子、氢能源,9.31,9.07,23.7,41.72,46.65,9,2026-04-22,-4.93,20.0,0.49,19.51,抗住且相对强,2026-04-22,先进封装,0
002106.SZ,莱宝高科,电子,4.61,1.31,5.28,,2,2270.37,先进封装、光学光电子,0.94,-0.28,4.79,-1.13,4.79,7,2026-04-20,-5.92,-0.19,0.49,-0.68,补跌且弱于行业,2026-04-20,光学光电子,0
300916.SZ,朗特智能,电子,5.96,0.78,5.26,,2,5769.42,储能、消费电子,4.59,1.4,2.15,16.02,16.02,10,2026-04-23,0.0,1.65,0.49,1.16,抗住且相对强,2026-04-22,消费电子,1
300650.SZ,太龙股份,电子,5.74,0.84,5.26,,2,10077.57,存储芯片、芯片,8.0,5.57,7.61,2.3,8.0,3,2026-04-14,-5.7,0.99,0.49,0.5,抗住且相对强,2026-04-14,存储芯片,0
688728.SH,格科微,电子,3.78,1.92,5.24,,3,11506.01,AI眼镜、半导体、芯片,1.23,1.76,3.45,1.53,3.45,7,2026-04-20,-1.91,-2.83,0.49,-3.32,补跌且弱于行业,2026-04-20,AI眼镜,0
600707.SH,彩虹股份,电子,4.13,1.61,5.24,,1,510.47,光学光电子,7.05,10.97,34.33,33.7,38.87,9,2026-04-22,-5.17,10.0,0.49,9.51,抗住且相对强,2026-04-20,光学光电子,2
688216.SH,气派科技,电子,6.87,0.58,5.23,,5,14727.79,MCU芯片、先进封装、半导体、存储芯片、芯片,1.9,3.55,1.93,-0.77,3.55,5,2026-04-16,-4.32,-0.97,0.49,-1.46,补跌且弱于行业,2026-04-17,先进封装,-1
301041.SZ,金百泽,电子,4.85,1.15,5.2,,5,5813.52,6G、PCB、元件、特高压、虚拟电厂,2.28,5.58,10.31,6.83,10.75,9,2026-04-22,-3.93,-0.8,0.49,-1.29,补跌且弱于行业,2026-04-22,6G,0
688620.SH,安凯微,电子,6.76,0.59,5.19,,3,11506.01,AI眼镜、半导体、芯片,5.6,7.56,10.82,13.06,13.06,10,2026-04-23,0.0,-1.65,0.49,-2.14,补跌且弱于行业,2026-04-22,芯片,1
688519.SH,南亚新材,电子,1.32,15.47,5.19,,4,8195.98,PCB、元件、共封装光学(CPO)、存储芯片,18.96,15.05,11.02,9.66,21.48,4,2026-04-15,-11.82,2.8,0.49,2.31,抗住且相对强,2026-04-14,PCB,1
002983.SZ,芯瑞达,电子,6.05,0.73,5.17,,2,2047.37,AI眼镜、光学光电子,3.39,3.0,6.27,2.15,8.03,8,2026-04-21,-5.88,0.73,0.49,0.24,抗住且相对强,2026-04-20,光学光电子,1
001314.SZ,亿道信息,电子,5.19,0.97,5.11,,6,7033.33,AI PC、AI眼镜、MR(混合现实)、PCB、先进封装、消费电子,4.17,4.58,5.56,16.33,16.33,10,2026-04-23,0.0,0.29,0.49,-0.2,上涨但弱于行业,2026-04-22,消费电子,1
688458.SH,美芯晟,电子,6.65,0.59,5.11,,5,12902.3,AI手机、AI眼镜、MCU芯片、半导体、芯片,2.86,4.28,6.85,5.13,7.11,9,2026-04-22,-1.98,-1.83,0.49,-2.32,补跌且弱于行业,2026-04-22,芯片,0
688138.SH,清溢光电,电子,5.21,0.96,5.1,,2,9969.11,半导体、芯片,1.45,1.78,3.3,6.74,11.92,9,2026-04-22,-5.18,-0.25,0.49,-0.74,补跌且弱于行业,2026-04-22,芯片,0
300537.SZ,广信材料,电子,4.61,1.22,5.09,,3,13350.86,PCB、光伏、芯片,1.26,0.27,5.37,5.55,6.41,9,2026-04-22,-0.86,-1.42,0.49,-1.91,补跌且弱于行业,2026-04-22,芯片,0
301329.SZ,信音电子,电子,6.07,0.7,5.08,,4,11158.05,储能、光伏、光纤、消费电子,-0.17,1.35,3.84,1.62,4.15,8,2026-04-21,-2.53,-1.55,0.49,-2.04,补跌且弱于行业,2026-04-22,消费电子,-1
300327.SZ,中颖电子,电子,2.54,3.67,4.87,,4,15799.97,MCU芯片、储能、半导体、芯片,3.28,2.59,8.7,10.28,10.28,10,2026-04-23,0.0,-1.36,0.49,-1.85,补跌且弱于行业,2026-04-22,芯片,1
300481.SZ,濮阳惠成,电子,3.67,1.75,4.85,,2,5053.65,氢能源、风电,-1.8,-6.08,-8.25,-8.18,-0.31,1,2026-04-10,-7.87,0.31,0.49,-0.18,上涨但弱于行业,2026-04-10,氢能源,0
002036.SZ,联创电子,电子,2.89,2.81,4.84,,6,15203.81,AI眼镜、MR(混合现实)、光学光电子、共封装光学(CPO)、芯片、英伟达,-0.76,0.65,-0.65,-2.84,0.76,1,2026-04-10,-3.6,-1.08,0.49,-1.57,补跌且弱于行业,2026-04-10,共封装光学(CPO),0
300566.SZ,激智科技,电子,4.68,1.07,4.84,,4,6434.89,AI眼镜、TOPCON电池、光伏、光学光电子,1.04,2.46,2.57,1.69,3.6,9,2026-04-22,-1.91,-0.05,0.49,-0.54,补跌且弱于行业,2026-04-20,光学光电子,2
600203.SH,福日电子,电子,3.17,2.32,4.83,,1,735.79,消费电子,2.32,2.5,5.18,5.36,8.84,9,2026-04-22,-3.48,-1.58,0.49,-2.07,补跌且弱于行业,2026-04-22,消费电子,0
301297.SZ,富乐德,电子,3.8,1.58,4.78,,2,9969.11,半导体、芯片,2.96,0.7,12.91,20.23,23.04,9,2026-04-22,-2.81,-0.63,0.49,-1.12,补跌且弱于行业,2026-04-22,芯片,0
301366.SZ,一博科技,电子,5.52,0.74,4.75,,5,15046.58,PCB、元件、共封装光学(CPO)、芯片、英伟达,6.17,7.86,13.34,17.19,18.75,9,2026-04-22,-1.57,-0.47,0.49,-0.96,补跌且弱于行业,2026-04-22,共封装光学(CPO),0
688259.SH,创耀科技,电子,5.63,0.7,4.71,,2,9969.11,半导体、芯片,3.03,3.59,3.78,2.34,4.66,9,2026-04-22,-2.32,-0.38,0.49,-0.87,补跌且弱于行业,2026-04-22,芯片,0
301458.SZ,钧崴电子,电子,3.62,1.66,4.66,,3,2637.44,元件、英伟达、高压快充,-0.09,-0.11,7.34,13.85,20.18,8,2026-04-21,-6.34,-1.75,0.49,-2.24,补跌且弱于行业,2026-04-22,英伟达,-1
300656.SZ,民德电子,电子,5.81,0.63,4.61,,4,17767.97,储能、光伏、特高压、芯片,10.45,15.11,16.63,10.45,18.72,6,2026-04-17,-8.27,-2.09,0.49,-2.58,补跌且弱于行业,2026-04-17,光伏,0
603068.SH,博通集成,电子,4.86,0.89,4.58,,4,12303.24,AI眼镜、MCU芯片、半导体、芯片,4.08,3.14,4.74,2.92,4.9,9,2026-04-22,-1.98,-0.93,0.49,-1.42,补跌且弱于行业,2026-04-22,芯片,0
688359.SH,三孚新科,电子,3.24,1.96,4.54,,3,6108.18,PCB、TOPCON电池、光伏,12.39,20.06,20.49,18.44,25.05,6,2026-04-17,-6.61,1.57,0.49,1.08,抗住且相对强,2026-04-17,PCB,0
002861.SZ,瀛通通讯,电子,4.77,0.88,4.47,,2,2272.69,AI眼镜、消费电子,3.57,3.25,2.92,-0.45,4.61,2,2026-04-13,-5.06,-1.16,0.49,-1.65,补跌且弱于行业,2026-04-14,消费电子,-1
002161.SZ,远望谷,电子,3.66,1.49,4.47,,1,7876.02,芯片,-2.28,-1.74,-3.48,-2.14,-0.13,1,2026-04-10,-2.01,-2.35,0.49,-2.84,补跌且弱于行业,2026-04-10,芯片,0
688478.SH,晶升股份,电子,5.93,0.56,4.44,,4,15924.84,光伏、半导体、存储芯片、芯片,23.18,27.46,36.05,48.63,48.63,10,2026-04-23,0.0,-2.16,0.49,-2.65,补跌且弱于行业,2026-04-22,存储芯片,1
688790.SH,昂瑞微-UW,电子,4.26,1.07,4.41,,4,12892.25,6G、AI眼镜、半导体、芯片,2.33,5.29,6.8,0.92,9.02,6,2026-04-17,-8.09,-1.25,0.49,-1.74,补跌且弱于行业,2026-04-17,芯片,0
688368.SH,晶丰明源,电子,2.39,3.41,4.41,,4,11942.47,MCU芯片、半导体、芯片、英伟达,4.82,5.44,0.69,2.88,12.78,8,2026-04-21,-9.9,3.36,0.49,2.87,抗住且相对强,2026-04-22,英伟达,-1
605588.SH,冠石科技,电子,5.22,0.68,4.3,,2,8386.49,光学光电子、芯片,1.17,0.68,1.53,5.21,13.01,9,2026-04-22,-7.8,1.99,0.49,1.5,抗住且相对强,2026-04-22,芯片,0
001373.SZ,翔腾新材,电子,6.08,0.5,4.3,,1,510.47,光学光电子,-2.7,-1.79,-0.97,-1.7,-0.37,9,2026-04-22,-1.33,-2.52,0.49,-3.01,补跌且弱于行业,2026-04-20,光学光电子,2
301328.SZ,维峰电子,电子,5.92,0.52,4.27,,3,9560.37,储能、光伏、铜缆高速连接,8.99,23.74,28.99,31.25,32.88,9,2026-04-22,-1.63,0.02,0.49,-0.47,上涨但弱于行业,2026-04-22,铜缆高速连接,0
002845.SZ,同兴达,电子,4.6,0.85,4.24,,4,12167.08,先进封装、光学光电子、固态电池、芯片,0.8,0.58,5.5,8.25,8.25,10,2026-04-23,0.0,-0.43,0.49,-0.92,补跌且弱于行业,2026-04-22,先进封装,1
002741.SZ,光华科技,电子,3.29,1.63,4.2,,6,17921.42,PCB、先进封装、共封装光学(CPO)、固态电池、芯片、钠离子电池,13.28,10.64,12.71,16.56,16.56,10,2026-04-23,0.0,-1.19,0.49,-1.68,补跌且弱于行业,2026-04-22,共封装光学(CPO),1
301051.SZ,信濠光电,电子,5.21,0.65,4.2,,2,5769.42,储能、消费电子,7.14,6.99,7.94,6.99,9.75,9,2026-04-22,-2.76,-1.82,0.49,-2.31,补跌且弱于行业,2026-04-22,消费电子,0
603380.SH,易德龙,电子,5.62,0.52,4.05,,1,735.79,消费电子,2.55,3.72,6.21,0.54,6.21,7,2026-04-20,-5.67,-0.09,0.49,-0.58,补跌且弱于行业,2026-04-20,消费电子,0
300793.SZ,佳禾智能,电子,4.69,0.74,4.03,,4,15182.34,AI眼镜、储能、消费电子、芯片,1.41,1.55,2.4,-1.2,2.4,7,2026-04-20,-3.6,-0.84,0.49,-1.33,补跌且弱于行业,2026-04-20,消费电子,0
002045.SZ,国光电器,电子,3.58,1.27,4.03,,5,11047.67,AI眼镜、PCB、储能、固态电池、消费电子,1.36,1.19,1.02,-3.92,1.36,3,2026-04-14,-5.28,-1.1,0.49,-1.59,补跌且弱于行业,2026-04-14,PCB,0
688538.SH,和辉光电-U,电子,3.08,1.71,4.03,,1,510.47,光学光电子,-0.87,-0.87,-0.43,-3.04,0.43,1,2026-04-10,-3.48,-1.71,0.49,-2.2,补跌且弱于行业,2026-04-17,光学光电子,-5
688130.SH,晶华微,电子,7.21,0.31,4.01,,3,15002.74,储能、半导体、芯片,0.95,1.43,1.71,1.62,3.42,9,2026-04-22,-1.81,-1.73,0.49,-2.22,补跌且弱于行业,2026-04-22,芯片,0
000509.SZ,华塑控股,电子,3.59,1.23,3.98,,1,510.47,光学光电子,1.64,1.91,-0.27,-4.1,1.91,5,2026-04-16,-6.01,-2.4,0.49,-2.89,补跌且弱于行业,2026-04-17,光学光电子,-1
688721.SH,龙图光罩,电子,5.99,0.44,3.97,,2,9969.11,半导体、芯片,2.38,2.28,12.12,10.66,16.76,9,2026-04-22,-6.1,-1.54,0.49,-2.03,补跌且弱于行业,2026-04-22,芯片,0
002992.SZ,宝明科技,电子,3.92,1.01,3.94,,3,4068.06,AI眼镜、光学光电子、固态电池,3.0,0.66,5.46,7.46,13.55,8,2026-04-21,-6.1,-1.77,0.49,-2.26,补跌且弱于行业,2026-04-21,固态电池,0
003019.SZ,宸展光电,电子,3.43,1.32,3.94,,2,8386.49,光学光电子、芯片,9.25,4.88,10.78,12.66,13.38,9,2026-04-22,-0.72,1.11,0.49,0.62,抗住且相对强,2026-04-22,芯片,0
688210.SH,统联精密,电子,3.11,1.6,3.93,,2,2272.69,AI眼镜、消费电子,9.85,9.55,5.87,3.42,9.85,3,2026-04-14,-6.43,-1.29,0.49,-1.78,补跌且弱于行业,2026-04-14,消费电子,0
002643.SZ,万润股份,电子,2.71,2.07,3.9,,6,17168.88,光伏、光纤、固态电池、燃料电池、芯片、钙钛矿电池,2.64,1.54,2.89,3.07,4.48,9,2026-04-22,-1.41,0.0,0.49,-0.49,上涨但弱于行业,2026-04-22,芯片,0
688061.SH,灿瑞科技,电子,6.01,0.4,3.8,,4,12526.24,MCU芯片、先进封装、半导体、芯片,4.18,5.02,9.36,7.01,10.23,9,2026-04-22,-3.22,0.75,0.49,0.26,抗住且相对强,2026-04-22,先进封装,0
603297.SH,永新光学,电子,2.86,1.72,3.75,,4,11644.05,AI眼镜、PCB、光学光电子、芯片,-1.5,-0.48,1.39,6.9,9.08,9,2026-04-22,-2.18,4.0,0.49,3.51,抗住且相对强,2026-04-22,芯片,0
688234.SH,天岳先进,电子,1.18,10.04,3.74,,3,11506.01,AI眼镜、半导体、芯片,2.39,1.58,8.35,18.97,18.97,10,2026-04-23,0.0,-1.46,0.49,-1.95,补跌且弱于行业,2026-04-22,芯片,1
300787.SZ,海能实业,电子,4.82,0.6,3.73,,2,5769.42,储能、消费电子,2.43,2.85,3.6,-0.34,3.6,7,2026-04-20,-3.94,-0.17,0.49,-0.66,补跌且弱于行业,2026-04-20,消费电子,0
688381.SH,帝奥微,电子,4.77,0.59,3.66,,5,15637.92,AI手机、AI眼镜、共封装光学(CPO)、半导体、芯片,0.87,8.39,9.22,19.13,19.13,10,2026-04-23,0.0,2.72,0.49,2.23,抗住且相对强,2026-04-22,共封装光学(CPO),1
300076.SZ,*ST宁视,电子,4.87,0.56,3.64,,1,510.47,光学光电子,0.0,-1.16,-23.09,-23.42,0.33,2,2026-04-13,-23.75,-3.68,0.49,-4.17,补跌且弱于行业,2026-04-17,光学光电子,-4
300701.SZ,森霸传感,电子,4.89,0.54,3.59,,1,510.47,光学光电子,1.54,2.23,1.88,0.86,2.48,6,2026-04-17,-1.63,-1.02,0.49,-1.51,补跌且弱于行业,2026-04-17,光学光电子,0
002962.SZ,五方光电,电子,4.33,0.68,3.57,,2,1081.91,MR(混合现实)、光学光电子,6.51,8.65,17.63,10.93,17.76,8,2026-04-21,-6.83,10.02,0.49,9.53,抗住且相对强,2026-04-20,MR(混合现实),1
002388.SZ,新亚制程,电子,4.18,0.73,3.57,,4,11819.8,储能、光伏、固态电池、钠离子电池,6.0,4.97,7.45,1.45,7.45,7,2026-04-20,-6.0,-3.01,0.49,-3.5,补跌且弱于行业,2026-04-21,钠离子电池,-1
688230.SH,芯导科技,电子,4.22,0.71,3.56,,4,12105.07,AI手机、AI眼镜、半导体、芯片,1.75,2.36,3.17,0.63,3.17,7,2026-04-20,-2.55,-0.87,0.49,-1.36,补跌且弱于行业,2026-04-20,AI眼镜,0
688589.SH,力合微,电子,4.09,0.74,3.52,,4,14520.52,MCU芯片、光伏、半导体、芯片,1.1,-0.13,-0.09,-3.09,1.63,1,2026-04-10,-4.72,-2.24,0.49,-2.73,补跌且弱于行业,2026-04-10,MCU芯片,0
300991.SZ,创益通,电子,2.4,2.14,3.51,,2,2974.11,存储芯片、铜缆高速连接,1.4,2.13,0.0,-7.48,5.02,6,2026-04-17,-12.5,3.42,0.49,2.93,抗住且相对强,2026-04-20,铜缆高速连接,-1
301567.SZ,贝隆精密,电子,4.84,0.48,3.35,,2,2272.69,AI眼镜、消费电子,1.44,2.57,2.05,-2.71,2.57,5,2026-04-16,-5.28,-1.14,0.49,-1.63,补跌且弱于行业,2026-04-20,消费电子,-2
603931.SH,格林达,电子,4.25,0.62,3.35,,1,7876.02,芯片,2.31,3.88,13.1,17.12,17.12,10,2026-04-23,0.0,-1.3,0.49,-1.79,补跌且弱于行业,2026-04-22,芯片,1
605218.SH,伟时电子,电子,5.02,0.44,3.33,,1,510.47,光学光电子,5.98,5.75,6.32,2.93,7.24,6,2026-04-17,-4.31,-1.02,0.49,-1.51,补跌且弱于行业,2026-04-17,光学光电子,0
300647.SZ,超频三,电子,4.22,0.62,3.32,,2,3134.79,消费电子、液冷服务器,3.59,4.58,11.93,9.15,12.75,9,2026-04-22,-3.59,-0.97,0.49,-1.46,补跌且弱于行业,2026-04-22,消费电子,0
301106.SZ,骏成科技,电子,4.93,0.45,3.31,,2,2231.13,PCB、光学光电子,-0.55,3.73,3.15,14.28,14.28,10,2026-04-23,0.0,-2.17,0.49,-2.66,补跌且弱于行业,2026-04-20,光学光电子,3
603595.SH,ST东尼,电子,4.99,0.44,3.31,,2,4489.97,光伏、消费电子,4.67,7.91,13.8,15.1,17.43,8,2026-04-21,-2.33,1.78,0.49,1.29,抗住且相对强,2026-04-22,消费电子,-1
300968.SZ,格林精密,电子,4.23,0.6,3.28,,4,3443.19,AI手机、AI眼镜、MR(混合现实)、消费电子,2.12,3.13,2.12,-0.93,3.13,5,2026-04-16,-4.06,-0.17,0.49,-0.66,补跌且弱于行业,2026-04-16,AI手机,0
688391.SH,钜泉科技,电子,5.52,0.33,3.17,,4,15799.97,MCU芯片、储能、半导体、芯片,1.6,2.73,1.26,-1.43,2.73,5,2026-04-16,-4.16,-1.09,0.49,-1.58,补跌且弱于行业,2026-04-17,芯片,-1
301067.SZ,显盈科技,电子,4.69,0.45,3.15,,3,3045.25,AI眼镜、消费电子、铜缆高速连接,4.79,6.25,4.61,4.24,6.25,5,2026-04-16,-2.01,-0.06,0.49,-0.55,补跌且弱于行业,2026-04-20,消费电子,-2
002888.SZ,惠威科技,电子,4.59,0.45,3.08,,1,735.79,消费电子,3.93,3.71,4.04,1.96,4.2,8,2026-04-21,-2.24,-1.82,0.49,-2.31,补跌且弱于行业,2026-04-22,消费电子,-1
300120.SZ,经纬辉开,电子,3.7,0.67,3.03,,4,12191.63,光学光电子、特高压、芯片、风电,0.81,1.62,1.35,-3.38,1.62,5,2026-04-16,-5.0,-2.12,0.49,-2.61,补跌且弱于行业,2026-04-17,芯片,-1
000020.SZ,深华发Ａ,电子,2.5,1.46,3.02,,1,510.47,光学光电子,2.89,2.05,3.08,-0.58,3.08,7,2026-04-20,-3.66,-0.19,0.49,-0.68,补跌且弱于行业,2026-04-20,光学光电子,0
300956.SZ,英力股份,电子,4.18,0.52,3.01,,6,12886.27,AI PC、TOPCON电池、储能、光伏、固态电池、消费电子,2.53,3.69,5.4,-1.23,6.83,9,2026-04-22,-8.06,-2.01,0.49,-2.5,补跌且弱于行业,2026-04-22,消费电子,0
688496.SH,*ST清越,电子,4.94,0.37,3.0,,2,2047.37,AI眼镜、光学光电子,-1.9,-0.52,-2.59,-8.28,1.38,4,2026-04-15,-9.66,-5.84,0.49,-6.33,补跌且弱于行业,2026-04-14,AI眼镜,1
301383.SZ,天键股份,电子,4.55,0.43,2.98,,3,2844.13,AI眼镜、MR(混合现实)、消费电子,2.73,5.03,6.15,1.76,6.15,7,2026-04-20,-4.39,-0.71,0.49,-1.2,补跌且弱于行业,2026-04-20,消费电子,0
603633.SH,徕木股份,电子,3.6,0.64,2.88,,1,5033.63,储能,1.85,7.79,13.74,14.53,17.44,9,2026-04-22,-2.91,-2.57,0.49,-3.06,补跌且弱于行业,2026-04-10,储能,8
002955.SZ,鸿合科技,电子,2.55,1.15,2.73,,1,510.47,光学光电子,0.74,-1.09,-1.48,0.23,3.47,9,2026-04-22,-3.23,-3.21,0.49,-3.7,补跌且弱于行业,2026-04-20,光学光电子,2
603685.SH,晨丰科技,电子,2.24,1.45,2.7,,4,5793.69,PCB、光学光电子、虚拟电厂、风电,3.2,8.89,9.07,12.34,13.39,9,2026-04-22,-1.05,-2.54,0.49,-3.03,补跌且弱于行业,2026-04-20,风电,2
000045.SZ,深纺织Ａ,电子,2.12,1.57,2.66,,1,510.47,光学光电子,0.25,0.33,-1.9,-2.48,0.41,1,2026-04-10,-2.89,-3.43,0.49,-3.92,补跌且弱于行业,2026-04-17,光学光电子,-5
300429.SZ,强力新材,电子,1.26,4.16,2.57,,3,11356.58,PCB、先进封装、芯片,-0.22,0.0,5.72,3.99,5.72,7,2026-04-20,-1.74,1.1,0.49,0.61,抗住且相对强,2026-04-17,PCB,1
600360.SH,华微电子,电子,2.46,1.09,2.57,,3,11729.01,先进封装、半导体、芯片,2.2,4.84,8.14,8.25,10.12,6,2026-04-17,-1.87,-0.98,0.49,-1.47,补跌且弱于行业,2026-04-17,先进封装,0
002855.SZ,捷荣技术,电子,3.54,0.52,2.55,,3,8470.42,储能、消费电子、风电,1.89,1.81,1.64,-1.81,2.5,2,2026-04-13,-4.31,-3.25,0.49,-3.74,补跌且弱于行业,2026-04-14,消费电子,-1
001308.SZ,康冠科技,电子,3.89,0.39,2.43,,2,2047.37,AI眼镜、光学光电子,0.0,1.62,-1.37,-1.37,1.76,6,2026-04-17,-3.13,-0.68,0.49,-1.17,补跌且弱于行业,2026-04-17,光学光电子,0
600071.SH,凤凰光学,电子,1.96,1.46,2.37,,3,13420.12,储能、光学光电子、芯片,-3.38,-2.9,-0.1,-2.24,1.52,8,2026-04-21,-3.76,3.45,0.49,2.96,抗住且相对强,2026-04-22,芯片,-1
002351.SZ,漫步者,电子,2.52,0.88,2.36,,1,735.79,消费电子,0.8,0.71,0.71,-0.44,1.59,1,2026-04-10,-2.03,-0.53,0.49,-1.02,补跌且弱于行业,2026-04-10,消费电子,0
300460.SZ,ST惠伦,电子,4.5,0.27,2.34,,4,13686.69,AI眼镜、元件、共封装光学(CPO)、芯片,1.62,-0.12,5.77,15.13,15.13,10,2026-04-23,0.0,-1.81,0.49,-2.3,补跌且弱于行业,2026-04-22,芯片,1
002981.SZ,朝阳科技,电子,3.39,0.44,2.25,,2,5769.42,储能、消费电子,0.0,-0.29,1.1,-2.16,1.1,7,2026-04-20,-3.26,1.78,0.49,1.29,抗住且相对强,2026-04-20,消费电子,0
300784.SZ,利安科技,电子,3.57,0.37,2.17,,1,735.79,消费电子,0.84,3.37,3.54,-0.84,3.64,9,2026-04-22,-4.48,-1.29,0.49,-1.78,补跌且弱于行业,2026-04-22,消费电子,0
301491.SZ,汉桑科技,电子,3.49,0.35,2.06,,1,735.79,消费电子,1.75,2.35,2.83,-2.35,2.83,7,2026-04-20,-5.18,-0.78,0.49,-1.27,补跌且弱于行业,2026-04-20,消费电子,0
603375.SH,盛景微,电子,2.5,0.64,2.0,,3,12170.66,半导体、存储芯片、芯片,3.38,3.17,8.23,9.37,11.11,6,2026-04-17,-1.74,-0.26,0.49,-0.75,补跌且弱于行业,2026-04-17,芯片,0
300822.SZ,贝仕达克,电子,3.89,0.26,1.98,,1,735.79,消费电子,1.95,1.87,1.66,-0.43,2.23,6,2026-04-17,-2.67,-1.91,0.49,-2.4,补跌且弱于行业,2026-04-20,消费电子,-1
600130.SH,波导股份,电子,1.87,1.11,1.97,,1,735.79,消费电子,4.99,6.8,5.9,4.54,6.8,5,2026-04-16,-2.27,1.15,0.49,0.66,抗住且相对强,2026-04-20,消费电子,-2
002660.SZ,茂硕电源,电子,2.49,0.62,1.96,,3,9523.6,储能、光伏、消费电子,1.53,1.41,3.06,-0.12,3.06,7,2026-04-20,-3.17,-1.39,0.49,-1.88,补跌且弱于行业,2026-04-20,消费电子,0
300808.SZ,久量股份,电子,1.68,1.23,1.86,,1,510.47,光学光电子,-4.8,-5.44,-5.55,-13.15,-0.42,1,2026-04-10,-12.73,-0.53,0.49,-1.02,补跌且弱于行业,2026-04-17,光学光电子,-5
300936.SZ,中英科技,电子,0.28,5.99,0.69,,4,15371.23,PCB、储能、元件、芯片,5.56,11.75,9.95,14.94,14.94,10,2026-04-23,0.0,-3.68,0.49,-4.17,补跌且弱于行业,2026-04-22,芯片,1
002584.SZ,西陇科学,电子,0.38,1.98,0.53,,2,5474.84,PCB、光伏,-0.9,-2.18,-2.18,1.41,1.41,10,2026-04-23,0.0,-2.38,0.49,-2.87,补跌且弱于行业,2026-04-17,PCB,4
002289.SZ,*ST宇顺,电子,0.64,0.41,0.41,,1,510.47,光学光电子,-1.7,-0.72,5.64,19.83,19.83,10,2026-04-23,0.0,-1.53,0.49,-2.02,补跌且弱于行业,2026-04-20,光学光电子,3
002808.SZ,*ST恒久,电子,0.67,0.12,0.23,,3,5383.8,光伏、光学光电子、燃料电池,6.74,1.57,-5.84,-17.98,6.97,4,2026-04-15,-24.94,-1.77,0.49,-2.26,补跌且弱于行业,2026-04-14,燃料电池,1
002199.SZ,*ST东晶,电子,-0.97,0.27,-0.5,,1,740.92,元件,12.88,14.48,14.48,15.21,16.81,6,2026-04-17,-1.6,-0.49,0.49,-0.98,补跌且弱于行业,2026-04-17,元件,0
300301.SZ,ST长方,电子,-1.76,1.21,-1,,2,5544.1,储能、光学光电子,11.93,16.21,17.43,17.74,19.88,6,2026-04-17,-2.14,-2.1,0.49,-2.59,补跌且弱于行业,2026-04-17,光学光电子,0
688106.SH,金宏气体,电子,-7.58,14.16,-1,,7,20252.97,光伏、可控核聚变、固态电池、存储芯片、氢能源、燃料电池、芯片,1.42,-0.04,5.82,25.09,25.09,10,2026-04-23,0.0,1.55,0.49,1.06,抗住且相对强,2026-04-22,芯片,1
688268.SH,华特气体,电子,-10.96,14.05,-1,,3,12430.22,存储芯片、氢能源、芯片,-1.22,-7.88,-2.84,44.3,44.3,10,2026-04-23,0.0,7.09,0.49,6.6,抗住且相对强,2026-04-22,存储芯片,1
300308.SZ,中际旭创,通信,11.07,264.8,180.14,历史新高,4,15633.97,共封装光学(CPO)、液冷服务器、芯片、通信设备,11.54,16.82,22.65,29.43,29.43,10,2026-04-23,0.0,0.71,1.01,-0.3,上涨但弱于行业,2026-04-22,液冷服务器,1
300502.SZ,新易盛,通信,9.33,229.06,141.21,历史新高,3,13234.97,共封装光学(CPO)、芯片、通信设备,6.12,9.69,18.98,24.14,27.08,9,2026-04-22,-2.94,-2.29,1.01,-3.3,补跌且弱于行业,2026-04-22,通信设备,0
300548.SZ,长芯博创,通信,13.96,66.32,113.69,历史新高,5,15641.98,光纤、共封装光学(CPO)、芯片、通信设备、铜缆高速连接,-0.21,4.05,10.58,16.86,20.44,9,2026-04-22,-3.58,12.34,1.01,11.33,抗住且相对强,2026-04-22,共封装光学(CPO),0
300394.SZ,天孚通信,通信,6.19,153.98,76.81,,5,9929.43,先进封装、光纤、共封装光学(CPO)、英伟达、通信设备,-0.31,2.5,7.96,0.92,9.33,6,2026-04-17,-8.41,2.94,1.01,1.93,抗住且相对强,2026-04-17,共封装光学(CPO),0
600105.SH,永鼎股份,通信,10.0,50.03,70.73,历史新高,6,18499.15,光纤、共封装光学(CPO)、可控核聚变、芯片、通信设备、风电,7.33,13.94,20.67,40.01,40.01,10,2026-04-23,0.0,4.24,1.01,3.23,抗住且相对强,2026-04-22,共封装光学(CPO),1
300442.SZ,润泽科技,通信,9.31,49.62,65.58,,1,2399.0,液冷服务器,4.41,9.73,9.06,9.83,9.83,10,2026-04-23,0.0,0.44,1.01,-0.57,上涨但弱于行业,2026-04-22,液冷服务器,1
300738.SZ,奥飞数据,通信,12.04,29.2,65.06,,2,11630.2,光伏、芯片,4.42,14.53,7.24,8.43,14.53,5,2026-04-16,-6.09,-1.86,1.01,-2.87,补跌且弱于行业,2026-04-17,光伏,-1
603083.SH,剑桥科技,通信,10.0,41.56,64.47,,3,7757.95,共封装光学(CPO)、液冷服务器、通信设备,4.39,14.31,31.8,42.22,49.01,9,2026-04-22,-6.79,3.59,1.01,2.58,抗住且相对强,2026-04-22,通信设备,0
300571.SZ,平治信息,通信,19.99,8.8,59.3,,4,17828.74,6G、储能、共封装光学(CPO)、芯片,0.94,3.69,5.18,5.55,5.55,10,2026-04-23,0.0,-4.51,1.01,-5.52,补跌且弱于行业,2026-04-22,共封装光学(CPO),1
603881.SH,数据港,通信,10.01,32.75,57.28,,1,2399.0,液冷服务器,5.62,7.9,1.21,-0.49,7.9,5,2026-04-16,-8.38,-0.64,1.01,-1.65,补跌且弱于行业,2026-04-20,液冷服务器,-2
300383.SZ,光环新网,通信,8.67,39.75,54.66,,1,2399.0,液冷服务器,4.86,7.44,1.89,0.74,7.44,5,2026-04-16,-6.69,-1.8,1.01,-2.81,补跌且弱于行业,2026-04-20,液冷服务器,-2
002281.SZ,光迅科技,通信,6.39,67.07,52.33,,6,18654.66,6G、光纤、共封装光学(CPO)、液冷服务器、芯片、通信设备,3.06,-1.74,11.06,21.82,21.82,10,2026-04-23,0.0,10.0,1.01,8.99,抗住且相对强,2026-04-22,共封装光学(CPO),1
688313.SH,仕佳光子,通信,8.0,42.55,52.18,,4,14869.42,光纤、共封装光学(CPO)、芯片、通信设备,12.82,7.39,17.17,30.21,36.46,9,2026-04-22,-6.24,8.27,1.01,7.26,抗住且相对强,2026-04-22,光纤,0
688668.SH,鼎通科技,通信,11.99,15.91,47.82,20日新高,5,7808.24,光纤、液冷服务器、英伟达、通信设备、铜缆高速连接,4.22,26.15,28.56,43.28,43.28,10,2026-04-23,0.0,-0.87,1.01,-1.88,补跌且弱于行业,2026-04-22,铜缆高速连接,1
300570.SZ,太辰光,通信,6.89,36.39,41.56,,5,15641.98,光纤、共封装光学(CPO)、芯片、通信设备、铜缆高速连接,6.34,4.86,7.14,5.25,13.41,9,2026-04-22,-8.16,4.34,1.01,3.33,抗住且相对强,2026-04-22,共封装光学(CPO),0
600498.SH,烽火通信,通信,5.0,61.83,39.32,,8,20556.03,6G、MCU芯片、光纤、共封装光学(CPO)、液冷服务器、特高压、芯片、通信设备,-7.59,-11.5,-3.6,0.11,2.38,9,2026-04-22,-2.27,7.22,1.01,6.21,抗住且相对强,2026-04-22,共封装光学(CPO),0
688387.SH,信科移动-U,通信,10.51,13.09,38.03,,3,11088.36,6G、芯片、通信设备,6.58,12.06,15.94,14.19,15.94,7,2026-04-20,-1.74,1.64,1.01,0.63,抗住且相对强,2026-04-20,6G,0
002902.SZ,铭普光磁,通信,10.0,12.92,35.94,,6,22795.34,储能、光伏、共封装光学(CPO)、芯片、通信设备、铜缆高速连接,5.06,6.21,4.75,-6.28,7.11,2,2026-04-13,-13.39,-1.84,1.01,-2.85,补跌且弱于行业,2026-04-14,共封装光学(CPO),-1
688205.SH,德科立,通信,5.86,37.48,35.88,历史新高,4,14869.42,光纤、共封装光学(CPO)、芯片、通信设备,3.38,-0.9,1.65,-0.3,10.29,9,2026-04-22,-10.58,-2.02,1.01,-3.03,补跌且弱于行业,2026-04-22,光纤,0
002929.SZ,润建股份,通信,10.0,12.86,35.86,,4,10220.81,MR(混合现实)、储能、光伏、虚拟电厂,11.52,21.72,10.29,6.49,21.72,5,2026-04-16,-15.23,2.84,1.01,1.83,抗住且相对强,2026-04-17,光伏,-1
301205.SZ,联特科技,通信,6.94,26.62,35.81,,3,13234.97,共封装光学(CPO)、芯片、通信设备,4.62,6.63,12.93,8.79,18.36,9,2026-04-22,-9.57,6.88,1.01,5.87,抗住且相对强,2026-04-22,通信设备,0
002491.SZ,通鼎互联,通信,9.99,11.13,33.33,3年新高,4,10514.87,储能、光纤、固态电池、通信设备,-6.51,-3.22,3.1,4.28,6.69,9,2026-04-22,-2.42,6.18,1.01,5.17,抗住且相对强,2026-04-22,光纤,0
688027.SH,国盾量子,通信,8.1,16.79,33.19,,2,9702.12,芯片、通信设备,2.32,13.32,8.74,2.66,13.32,5,2026-04-16,-10.66,-2.73,1.01,-3.74,补跌且弱于行业,2026-04-17,通信设备,-1
000063.SZ,中兴通讯,通信,5.26,32.82,30.13,,8,22291.4,6G、AI手机、AI眼镜、储能、光纤、液冷服务器、芯片、通信设备,0.76,-0.45,0.76,3.63,5.01,9,2026-04-22,-1.38,4.47,1.01,3.46,抗住且相对强,2026-04-22,6G,0
301165.SZ,锐捷网络,通信,7.63,14.38,28.93,,4,9144.19,6G、共封装光学(CPO)、液冷服务器、通信设备,0.92,3.73,8.06,0.21,8.06,7,2026-04-20,-7.85,-0.26,1.01,-1.27,补跌且弱于行业,2026-04-20,液冷服务器,0
000070.SZ,特发信息,通信,4.69,26.7,24.23,,6,13237.96,6G、光伏、光纤、共封装光学(CPO)、特高压、通信设备,-2.87,-0.53,0.72,0.53,1.77,9,2026-04-22,-1.25,10.01,1.01,9.0,抗住且相对强,2026-04-22,共封装光学(CPO),0
300603.SZ,立昂技术,通信,7.59,8.14,21.65,,1,2399.0,液冷服务器,1.53,4.58,0.08,-3.82,4.58,5,2026-04-16,-8.4,-4.46,1.01,-5.47,补跌且弱于行业,2026-04-20,液冷服务器,-2
002792.SZ,通宇通讯,通信,3.24,43.55,21.38,20日新高,6,13412.94,6G、储能、共封装光学(CPO)、虚拟电厂、通信设备、铜缆高速连接,1.37,4.24,11.63,3.65,11.63,7,2026-04-20,-7.98,-3.46,1.01,-4.47,补跌且弱于行业,2026-04-20,6G,0
603803.SH,瑞斯康达,通信,6.63,9.7,20.65,,4,14621.21,6G、共封装光学(CPO)、芯片、通信设备,4.6,6.0,9.48,3.7,10.46,9,2026-04-22,-6.76,2.43,1.01,1.42,抗住且相对强,2026-04-22,通信设备,0
603220.SH,中贝通信,通信,5.71,12.07,19.84,,5,15341.35,6G、储能、光伏、光纤、共封装光学(CPO),4.48,18.26,14.37,26.78,26.78,10,2026-04-23,0.0,-1.39,1.01,-2.4,补跌且弱于行业,2026-04-22,共封装光学(CPO),1
002796.SZ,世嘉科技,通信,5.25,11.77,18.01,,4,11778.82,6G、储能、共封装光学(CPO)、通信设备,-1.19,-3.9,10.56,20.84,21.64,9,2026-04-22,-0.79,-1.31,1.01,-2.32,补跌且弱于行业,2026-04-22,通信设备,0
300913.SZ,兆龙互连,通信,7.67,4.88,16.94,,5,11520.14,光伏、光纤、共封装光学(CPO)、通信设备、铜缆高速连接,1.15,2.49,3.22,3.18,6.97,9,2026-04-22,-3.79,1.39,1.01,0.38,抗住且相对强,2026-04-22,共封装光学(CPO),0
002897.SZ,意华股份,通信,5.13,9.17,15.53,,6,13670.93,6G、光伏、共封装光学(CPO)、液冷服务器、通信设备、铜缆高速连接,-1.53,-0.76,0.66,-0.31,2.57,9,2026-04-22,-2.89,3.47,1.01,2.46,抗住且相对强,2026-04-22,共封装光学(CPO),0
300638.SZ,广和通,通信,6.82,4.7,14.79,,3,4224.56,AI眼镜、虚拟电厂、通信设备,1.4,2.68,5.24,3.96,6.24,9,2026-04-22,-2.28,-1.42,1.01,-2.43,补跌且弱于行业,2026-04-22,通信设备,0
688418.SH,震有科技,通信,7.62,3.18,13.59,,4,9880.42,6G、储能、光纤、通信设备,14.11,13.63,18.05,11.46,21.75,8,2026-04-21,-10.29,-0.45,1.01,-1.46,补跌且弱于行业,2026-04-22,光纤,-1
002115.SZ,三维通信,通信,5.4,6.21,13.46,,1,1386.24,6G,1.22,1.96,5.38,1.79,5.38,7,2026-04-20,-3.59,-1.84,1.01,-2.85,补跌且弱于行业,2026-04-20,6G,0
301191.SZ,菲菱科思,通信,3.53,14.08,13.25,历史新高,3,11088.36,6G、芯片、通信设备,-3.68,2.13,-0.42,2.39,6.93,9,2026-04-22,-4.54,-2.6,1.01,-3.61,补跌且弱于行业,2026-04-22,通信设备,0
688143.SH,长盈通,通信,4.5,8.54,13.15,20日新高,5,15973.56,光纤、共封装光学(CPO)、特高压、芯片、通信设备,-4.12,-2.37,5.14,10.67,19.66,9,2026-04-22,-8.99,2.76,1.01,1.75,抗住且相对强,2026-04-22,共封装光学(CPO),0
603236.SH,DR移远通,通信,5.33,5.68,12.7,,7,19632.25,6G、AI眼镜、MCU芯片、储能、芯片、英伟达、通信设备,2.74,2.44,4.13,12.07,12.07,10,2026-04-23,0.0,-0.76,1.01,-1.77,补跌且弱于行业,2026-04-22,6G,1
601869.SH,长飞光纤,通信,1.4,77.34,12.31,,7,19447.12,光纤、共封装光学(CPO)、特高压、芯片、通信设备、铜缆高速连接、风电,-8.49,-7.48,-3.34,-3.34,3.44,9,2026-04-22,-6.77,10.0,1.01,8.99,抗住且相对强,2026-04-22,共封装光学(CPO),0
002396.SZ,星网锐捷,通信,5.1,5.01,11.42,,2,5358.95,共封装光学(CPO)、通信设备,1.61,4.12,4.22,-3.29,5.23,6,2026-04-17,-8.52,1.23,1.01,0.22,抗住且相对强,2026-04-17,通信设备,0
600522.SH,中天科技,通信,1.49,57.88,11.34,,16,39807.29,6G、PCB、储能、光伏、光纤、共封装光学(CPO)、可控核聚变、固态电池、氢能源、液冷服务器、特高压、芯片、通信设备、钙钛矿电池、铜缆高速连接、风电,-9.78,-10.83,-1.43,8.5,10.89,9,2026-04-22,-2.39,2.28,1.01,1.27,抗住且相对强,2026-04-22,6G,0
300310.SZ,宜通世纪,通信,6.8,2.6,10.96,,3,12320.66,储能、光伏、共封装光学(CPO),2.12,3.09,4.07,-3.91,5.05,9,2026-04-22,-8.96,-2.23,1.01,-3.24,补跌且弱于行业,2026-04-22,共封装光学(CPO),0
300098.SZ,高新兴,通信,6.0,3.28,10.87,,1,1826.1,通信设备,0.56,1.87,0.93,-2.99,2.24,6,2026-04-17,-5.23,-2.37,1.01,-3.38,补跌且弱于行业,2026-04-17,通信设备,0
600345.SH,长江通信,通信,3.38,10.32,10.86,,2,3460.55,光纤、通信设备,5.73,3.34,7.51,4.84,11.29,2,2026-04-13,-6.45,9.99,1.01,8.98,抗住且相对强,2026-04-17,光纤,-4
301419.SZ,阿莱德,通信,4.69,5.36,10.86,,4,9959.5,共封装光学(CPO)、存储芯片、液冷服务器、通信设备,14.06,7.36,10.82,0.12,14.06,3,2026-04-14,-13.95,-2.23,1.01,-3.24,补跌且弱于行业,2026-04-14,液冷服务器,0
002544.SZ,普天科技,通信,5.52,3.77,10.72,,3,8140.53,6G、PCB、储能,2.2,2.39,5.02,3.27,5.7,8,2026-04-21,-2.43,-0.23,1.01,-1.24,补跌且弱于行业,2026-04-22,6G,-1
600776.SH,东方通信,通信,5.59,3.59,10.59,,1,1826.1,通信设备,0.19,0.45,7.97,8.62,11.25,9,2026-04-22,-2.64,-0.89,1.01,-1.9,补跌且弱于行业,2026-04-22,通信设备,0
002881.SZ,美格智能,通信,6.96,2.27,10.49,,4,12036.25,AI眼镜、MCU芯片、芯片、通信设备,3.02,6.25,6.25,3.68,6.25,5,2026-04-16,-2.57,-1.59,1.01,-2.6,补跌且弱于行业,2026-04-17,通信设备,-1
600775.SH,南京熊猫,通信,5.38,3.8,10.49,,2,6859.73,储能、通信设备,1.12,0.45,1.49,-2.16,1.49,7,2026-04-20,-3.65,-2.11,1.01,-3.12,补跌且弱于行业,2026-04-17,通信设备,1
300353.SZ,东土科技,通信,5.89,2.74,9.75,,5,18298.31,储能、芯片、虚拟电厂、通信设备、风电,2.54,2.28,3.58,-0.62,4.31,6,2026-04-17,-4.93,-2.58,1.01,-3.59,补跌且弱于行业,2026-04-17,通信设备,0
301202.SZ,朗威股份,通信,9.37,1.08,9.74,,4,10893.18,储能、光纤、液冷服务器、通信设备,5.97,6.73,7.25,6.07,10.09,8,2026-04-21,-4.02,-0.99,1.01,-2.0,补跌且弱于行业,2026-04-22,光纤,-1
300627.SZ,华测导航,通信,4.97,3.71,9.57,,3,10282.59,芯片、通信设备、雅下水电,2.52,2.73,5.81,4.14,6.53,9,2026-04-22,-2.4,-1.91,1.01,-2.92,补跌且弱于行业,2026-04-22,通信设备,0
600734.SH,*ST实达,通信,5.38,3.12,9.5,,1,861.56,虚拟电厂,0.8,0.53,-18.57,-34.22,0.8,3,2026-04-14,-35.01,-3.83,1.01,-4.84,补跌且弱于行业,2026-04-14,虚拟电厂,0
300620.SZ,光库科技,通信,1.24,58.44,9.48,历史新高,4,14869.42,光纤、共封装光学(CPO)、芯片、通信设备,-0.22,-0.02,8.57,6.85,18.78,9,2026-04-22,-11.94,4.09,1.01,3.08,抗住且相对强,2026-04-22,光纤,0
000586.SZ,汇源通信,通信,10.02,0.87,9.35,3年新高,3,4564.69,光纤、特高压、通信设备,-7.68,-15.8,-15.05,-23.81,-7.68,3,2026-04-14,-16.12,9.98,1.01,8.97,抗住且相对强,2026-04-15,特高压,-1
003031.SZ,中瓷电子,通信,1.9,21.96,8.9,2年新高,4,14621.21,6G、共封装光学(CPO)、芯片、通信设备,8.22,5.99,23.36,29.35,29.99,9,2026-04-22,-0.64,3.3,1.01,2.29,抗住且相对强,2026-04-22,通信设备,0
688159.SH,有方科技,通信,7.33,1.4,8.67,,2,4027.65,存储芯片、通信设备,5.56,16.17,10.59,14.62,16.17,5,2026-04-16,-1.55,-2.37,1.01,-3.38,补跌且弱于行业,2026-04-17,通信设备,-1
300563.SZ,神宇股份,通信,6.36,1.85,8.65,,5,14993.25,光伏、芯片、通信设备、钙钛矿电池、铜缆高速连接,0.99,2.17,4.0,3.47,5.89,9,2026-04-22,-2.42,0.4,1.01,-0.61,上涨但弱于行业,2026-04-22,铜缆高速连接,0
300628.SZ,亿联网络,通信,4.78,3.0,8.28,,1,1826.1,通信设备,4.68,3.75,4.51,8.44,9.95,9,2026-04-22,-1.51,-0.72,1.01,-1.73,补跌且弱于行业,2026-04-22,通信设备,0
300560.SZ,中富通,通信,6.14,1.66,7.91,,2,2713.03,AI眼镜、英伟达,4.25,5.53,4.18,1.67,5.53,5,2026-04-16,-3.86,-2.33,1.01,-3.34,补跌且弱于行业,2026-04-20,AI眼镜,-2
300292.SZ,吴通控股,通信,4.54,2.83,7.64,,3,10200.93,储能、光纤、共封装光学(CPO),2.46,2.87,4.3,11.68,11.68,10,2026-04-23,0.0,0.83,1.01,-0.18,上涨但弱于行业,2026-04-22,光纤,1
300615.SZ,欣天科技,通信,6.62,1.21,7.28,,1,1826.1,通信设备,-0.36,-1.64,-0.36,-4.49,-0.36,3,2026-04-14,-4.13,-2.09,1.01,-3.1,补跌且弱于行业,2026-04-17,通信设备,-3
300565.SZ,科信技术,通信,3.02,5.78,7.26,,4,10893.18,储能、光纤、液冷服务器、通信设备,-4.81,-7.56,-10.64,-19.81,-4.17,2,2026-04-13,-15.64,4.07,1.01,3.06,抗住且相对强,2026-04-14,液冷服务器,-1
688080.SH,映翰通,通信,6.93,1.07,7.17,,2,6859.73,储能、通信设备,2.99,6.51,8.08,-14.09,8.08,7,2026-04-20,-22.17,-1.58,1.01,-2.59,补跌且弱于行业,2026-04-17,通信设备,1
600050.SH,中国联通,通信,2.24,8.59,6.57,,1,1386.24,6G,1.33,1.77,1.55,-0.44,3.1,8,2026-04-21,-3.54,-1.09,1.01,-2.1,补跌且弱于行业,2026-04-22,6G,-1
002104.SZ,恒宝股份,通信,3.0,4.79,6.57,,2,9702.12,芯片、通信设备,0.65,-0.58,-1.3,-6.11,5.91,1,2026-04-10,-12.02,-2.66,1.01,-3.67,补跌且弱于行业,2026-04-10,芯片,0
301577.SZ,美信科技,通信,7.25,0.81,6.53,,2,2546.49,通信设备、高压快充,-1.34,-0.05,-0.46,3.39,8.07,9,2026-04-22,-4.68,-2.24,1.01,-3.25,补跌且弱于行业,2026-04-22,通信设备,0
300050.SZ,世纪鼎利,通信,3.37,3.74,6.52,120日新高,1,5033.63,储能,7.02,3.09,0.98,-0.7,10.39,1,2026-04-10,-11.1,0.99,1.01,-0.02,上涨但弱于行业,2026-04-10,储能,0
300711.SZ,广哈通信,通信,5.99,1.16,6.45,,3,8245.97,6G、储能、通信设备,0.56,1.4,1.2,-1.56,1.4,5,2026-04-16,-2.96,-1.38,1.01,-2.39,补跌且弱于行业,2026-04-17,通信设备,-1
603118.SH,共进股份,通信,1.82,11.98,6.3,60日新高,6,18101.77,6G、PCB、先进封装、共封装光学(CPO)、芯片、通信设备,-3.4,-4.23,3.05,1.11,5.34,6,2026-04-17,-4.23,3.22,1.01,2.21,抗住且相对强,2026-04-17,PCB,0
688182.SH,灿勤科技,通信,5.44,1.18,5.91,,3,11088.36,6G、芯片、通信设备,1.55,9.68,15.54,11.27,15.54,7,2026-04-20,-4.27,-1.36,1.01,-2.37,补跌且弱于行业,2026-04-20,6G,0
603322.SH,超讯通信,通信,4.54,1.59,5.72,,1,7876.02,芯片,2.83,15.15,19.24,11.31,20.96,6,2026-04-17,-9.65,-0.19,1.01,-1.2,补跌且弱于行业,2026-04-17,芯片,0
002583.SZ,海能达,通信,2.85,3.8,5.56,,3,11088.36,6G、芯片、通信设备,3.15,3.63,4.01,1.15,4.01,7,2026-04-20,-2.87,0.1,1.01,-0.91,上涨但弱于行业,2026-04-20,6G,0
002194.SZ,武汉凡谷,通信,4.59,1.34,5.31,,4,14621.21,6G、共封装光学(CPO)、芯片、通信设备,-0.93,-0.56,1.68,15.51,15.51,10,2026-04-23,0.0,-0.19,1.01,-1.2,补跌且弱于行业,2026-04-22,通信设备,1
002017.SZ,东信和平,通信,3.22,2.71,5.3,,1,1826.1,通信设备,0.42,-0.37,1.67,-0.89,3.24,1,2026-04-10,-4.13,-2.15,1.01,-3.16,补跌且弱于行业,2026-04-17,通信设备,-5
300698.SZ,万马科技,通信,4.81,1.18,5.22,,4,7035.68,光纤、液冷服务器、英伟达、通信设备,0.94,4.66,4.35,17.0,19.39,9,2026-04-22,-2.39,-1.59,1.01,-2.6,补跌且弱于行业,2026-04-22,英伟达,0
300414.SZ,中光防雷,通信,4.72,1.19,5.15,,5,11400.67,光伏、液冷服务器、通信设备、风电、高压快充,0.57,1.65,4.44,3.8,4.44,7,2026-04-20,-0.65,-1.83,1.01,-2.84,补跌且弱于行业,2026-04-20,风电,0
688100.SH,威胜信息,通信,4.87,1.09,5.08,,3,10563.68,芯片、虚拟电厂、通信设备,-0.53,2.51,1.87,0.29,3.28,6,2026-04-17,-2.99,-0.5,1.01,-1.51,补跌且弱于行业,2026-04-17,通信设备,0
002296.SZ,辉煌科技,通信,4.41,1.28,4.99,,2,6859.73,储能、通信设备,-0.17,0.35,1.3,-1.82,1.3,7,2026-04-20,-3.13,-0.69,1.01,-1.7,补跌且弱于行业,2026-04-17,通信设备,1
301307.SZ,美利信,通信,2.27,4.49,4.81,,5,19155.44,储能、固态电池、液冷服务器、芯片、通信设备,-3.08,-1.25,3.55,-1.79,6.75,6,2026-04-17,-8.54,4.75,1.01,3.74,抗住且相对强,2026-04-17,通信设备,0
300183.SZ,东软载波,通信,4.57,1.02,4.62,,7,22849.72,MCU芯片、储能、光伏、芯片、虚拟电厂、通信设备、风电,5.29,6.84,9.94,7.05,9.94,7,2026-04-20,-2.89,-1.6,1.01,-2.61,补跌且弱于行业,2026-04-20,风电,0
300689.SZ,澄天伟业,通信,4.9,0.85,4.52,,3,12101.12,液冷服务器、芯片、通信设备,3.59,11.88,14.65,12.77,14.65,7,2026-04-20,-1.88,-1.39,1.01,-2.4,补跌且弱于行业,2026-04-20,液冷服务器,0
300504.SZ,天邑股份,通信,3.71,1.47,4.5,,3,4997.45,AI眼镜、光纤、通信设备,-1.67,-1.36,-0.62,-0.43,3.34,9,2026-04-22,-3.77,1.51,1.01,0.5,抗住且相对强,2026-04-22,光纤,0
301139.SZ,*ST元道,通信,4.93,0.7,4.12,,2,8787.81,储能、光伏,7.21,10.79,5.74,1.17,10.79,5,2026-04-16,-9.61,-3.51,1.01,-4.52,补跌且弱于行业,2026-04-17,光伏,-1
300213.SZ,佳讯飞鸿,通信,4.58,0.77,4.02,,1,1826.1,通信设备,1.54,1.93,3.21,-1.41,3.21,7,2026-04-20,-4.63,-2.63,1.01,-3.64,补跌且弱于行业,2026-04-17,通信设备,1
301314.SZ,科瑞思,通信,5.46,0.43,3.58,,1,1826.1,通信设备,1.64,5.61,7.38,8.06,10.64,9,2026-04-22,-2.58,-0.51,1.01,-1.52,补跌且弱于行业,2026-04-22,通信设备,0
300211.SZ,*ST亿通,通信,6.69,0.27,3.48,,1,7876.02,芯片,4.55,5.93,4.42,10.73,10.73,10,2026-04-23,0.0,-2.58,1.01,-3.59,补跌且弱于行业,2026-04-22,芯片,1
688283.SH,坤恒顺维,通信,4.85,0.51,3.46,,1,1826.1,通信设备,1.84,5.26,11.12,20.66,20.66,10,2026-04-23,0.0,-2.07,1.01,-3.08,补跌且弱于行业,2026-04-22,通信设备,1
002148.SZ,北纬科技,通信,4.06,0.72,3.45,,1,7876.02,芯片,1.85,2.51,3.04,-0.4,3.04,6,2026-04-17,-3.44,-1.69,1.01,-2.7,补跌且弱于行业,2026-04-17,芯片,0
688592.SH,司南导航,通信,4.78,0.48,3.31,,2,9702.12,芯片、通信设备,0.19,6.62,11.98,9.46,11.98,7,2026-04-20,-2.53,-2.37,1.01,-3.38,补跌且弱于行业,2026-04-17,通信设备,1
600198.SH,大唐电信,通信,2.67,1.35,3.1,,4,12592.44,MCU芯片、半导体、芯片、通信设备,0.48,1.07,2.74,-3.1,2.74,7,2026-04-20,-5.85,-0.83,1.01,-1.84,补跌且弱于行业,2026-04-20,MCU芯片,0
300205.SZ,*ST天喻,通信,4.57,0.43,3.0,,1,1826.1,通信设备,9.71,9.52,12.76,20.19,20.19,10,2026-04-23,0.0,-0.19,1.01,-1.2,补跌且弱于行业,2026-04-22,通信设备,1
002313.SZ,日海智能,通信,4.39,0.44,2.91,,3,9258.73,储能、液冷服务器、通信设备,-2.29,-2.06,-1.37,0.34,0.34,10,2026-04-23,0.0,-0.68,1.01,-1.69,补跌且弱于行业,2026-04-22,通信设备,1
300590.SZ,移为通信,通信,4.09,0.48,2.83,,2,9702.12,芯片、通信设备,0.6,2.06,3.01,25.09,25.09,10,2026-04-23,0.0,-0.68,1.01,-1.69,补跌且弱于行业,2026-04-22,通信设备,1
300555.SZ,ST路通,通信,3.9,0.47,2.67,,1,1826.1,通信设备,6.24,5.02,3.12,0.46,6.24,3,2026-04-14,-5.78,0.69,1.01,-0.32,上涨但弱于行业,2026-04-17,通信设备,-3
300513.SZ,恒实科技,通信,3.55,0.44,2.35,,4,17525.39,储能、光伏、芯片、虚拟电厂,6.85,5.67,4.37,0.94,6.85,3,2026-04-14,-5.9,-3.09,1.01,-4.1,补跌且弱于行业,2026-04-14,虚拟电厂,0
300134.SZ,大富科技,通信,0.93,4.44,1.96,,4,13441.01,6G、氢能源、芯片、通信设备,-2.54,1.0,2.36,1.09,5.0,9,2026-04-22,-3.91,1.66,1.01,0.65,抗住且相对强,2026-04-22,通信设备,0
003040.SZ,楚天龙,通信,1.53,1.51,1.88,,1,1826.1,通信设备,-0.62,-0.43,-0.56,-4.32,3.15,1,2026-04-10,-7.47,-2.29,1.01,-3.3,补跌且弱于行业,2026-04-17,通信设备,-5
601728.SH,中国电信,通信,0.7,6.64,1.8,,1,1386.24,6G,0.87,1.92,1.74,3.83,4.53,8,2026-04-21,-0.7,-0.86,1.01,-1.87,补跌且弱于行业,2026-04-22,6G,-1
600941.SH,中国移动,通信,0.65,7.17,1.74,,1,1386.24,6G,-0.1,0.02,-0.36,2.36,3.23,8,2026-04-21,-0.87,-0.37,1.01,-1.38,补跌且弱于行业,2026-04-22,6G,-1
603206.SH,嘉环科技,通信,1.31,1.0,1.31,,1,5033.63,储能,-1.05,8.67,6.2,3.78,8.67,5,2026-04-16,-4.89,-0.55,1.01,-1.56,补跌且弱于行业,2026-04-10,储能,4
300710.SZ,万隆光电,通信,1.22,0.82,1.1,,3,11336.57,光纤、芯片、通信设备,3.11,4.04,7.43,-1.17,7.43,7,2026-04-20,-8.6,-0.69,1.01,-1.7,补跌且弱于行业,2026-04-20,光纤,0
600487.SH,亨通光电,通信,-0.24,113.09,-1,,8,22459.8,6G、光纤、共封装光学(CPO)、液冷服务器、特高压、芯片、通信设备、风电,-11.54,-10.75,2.27,16.76,16.76,10,2026-04-23,0.0,1.67,1.01,0.66,抗住且相对强,2026-04-22,共封装光学(CPO),1
603421.SH,鼎信通讯,通信,-0.9,4.0,-1,,6,20148.72,MCU芯片、储能、光伏、芯片、虚拟电厂、通信设备,-3.57,-4.03,-4.49,-4.38,0.0,2,2026-04-13,-4.38,-1.7,1.01,-2.71,补跌且弱于行业,2026-04-14,虚拟电厂,-1
300081.SZ,ST恒信,通信,-18.22,4.38,-1,,1,571.44,MR(混合现实),0.29,0.86,0.57,17.43,17.43,9,2026-04-22,0.0,-2.51,1.01,-3.52,补跌且弱于行业,2026-04-20,MR(混合现实),2
688618.SH,三旺通信,通信,-1.48,2.62,-1,,5,19071.2,储能、光纤、芯片、通信设备、风电,-3.64,13.59,14.53,8.99,15.63,6,2026-04-17,-6.64,-2.81,1.01,-3.82,补跌且弱于行业,2026-04-17,通信设备,0
603042.SH,华脉科技,通信,-2.15,10.79,-1,2年新高,4,12109.13,光纤、芯片、通信设备、铜缆高速连接,-6.34,-7.03,-5.48,-13.54,-4.93,2,2026-04-13,-8.61,4.57,1.01,3.56,抗住且相对强,2026-04-14,芯片,-1
