sample_id,event_date,divergence_date,code,name,sw_l1,pct_event,amount_event,weighted_event,high_event,double_red_hits,double_red_amount_sum,double_red_sectors,ret_3d,ret_5d,ret_7d,ret_10d,peak_ret,peak_day_n,peak_date,drawdown_after_peak,pct_divergence,sw_pct_divergence,divergence_path,nearest_reflow_date,nearest_reflow_sector,peak_minus_reflow_days,strategy1_score,strategy1_full,reflow_same_next
E002-2026-04-10,2026-04-10,2026-04-13,002947.SZ,恒铭达,电子,3.12,21.71,14.54,历史新高,3,6921.1,AI PC、储能、消费电子,6.53,6.15,7.88,19.22,23.15,9,2026-04-24,-9.49,0.39,0.81,上涨但弱于行业,2026-04-22,消费电子,2,2,0,0
E002-2026-04-10,2026-04-10,2026-04-13,001309.SZ,德明利,电子,10.0,101.9,100.95,历史新高,5,16918.18,AI PC、共封装光学(CPO)、半导体、存储芯片、芯片,7.33,6.96,9.04,1.38,9.04,7,2026-04-22,-5.94,7.66,0.81,抗住且相对强,2026-04-22,共封装光学(CPO),0,3,1,1
E002-2026-04-10,2026-04-10,2026-04-13,301308.SZ,江波龙,电子,4.85,64.8,39.04,,6,15255.3,AI PC、AI手机、AI眼镜、半导体、存储芯片、芯片,4.95,5.84,7.97,10.99,10.99,10,2026-04-27,-3.32,3.87,0.81,抗住且相对强,2026-04-27,半导体,0,3,1,1
E002-2026-04-10,2026-04-10,2026-04-13,688525.SH,佰维存储,电子,6.15,102.12,62.15,,6,15255.3,AI PC、AI手机、AI眼镜、半导体、存储芯片、芯片,12.1,5.02,9.83,3.44,12.61,1,2026-04-14,-10.67,5.94,0.81,抗住且相对强,2026-04-14,半导体,0,3,1,1
E002-2026-04-10,2026-04-10,2026-04-13,603890.SH,春秋电子,电子,-0.89,4.54,-1,20日新高,3,3303.3,AI PC、AI眼镜、消费电子,20.63,28.42,26.69,18.2,28.42,5,2026-04-20,-5.49,0.13,0.81,上涨但弱于行业,2026-04-20,AI眼镜,0,1,0,1
E002-2026-04-10,2026-04-10,2026-04-13,002993.SZ,奥海科技,电子,1.88,3.37,3.45,20日新高,5,12258.26,AI PC、AI眼镜、储能、光伏、消费电子,0.08,4.21,-8.94,-12.54,4.21,5,2026-04-20,-16.05,1.94,0.81,抗住且相对强,2026-04-20,消费电子,0,2,0,1
E002-2026-04-10,2026-04-10,2026-04-13,300476.SZ,胜宏科技,电子,4.23,140.27,50.1,,8,24437.32,AI PC、AI手机、储能、元件、光伏、共封装光学(CPO)、芯片、英伟达,1.79,15.04,14.97,6.46,15.04,5,2026-04-20,-10.04,2.89,0.81,抗住且相对强,2026-04-17,共封装光学(CPO),1,3,1,1
E002-2026-04-10,2026-04-10,2026-04-13,301489.SZ,思泉新材,电子,0.83,7.01,2.2,20日新高,5,11067.88,AI PC、AI手机、AI眼镜、储能、液冷服务器,5.43,10.61,10.75,14.15,14.15,10,2026-04-27,-2.53,6.08,0.81,抗住且相对强,2026-04-22,AI手机,3,2,0,0
E002-2026-04-10,2026-04-10,2026-04-13,300752.SZ,隆利科技,电子,3.81,1.2,4.17,,2,2473.02,AI PC、AI眼镜,10.54,9.58,8.84,8.22,12.02,2,2026-04-15,-6.41,-0.4,0.81,补跌且弱于行业,2026-04-14,AI眼镜,1,0,0,1
E002-2026-04-10,2026-04-10,2026-04-13,300602.SZ,飞荣达,电子,0.31,7.21,0.83,,8,19515.27,AI PC、AI眼镜、储能、光伏、共封装光学(CPO)、华为手机、消费电子、液冷服务器,3.48,5.67,5.25,8.03,8.03,10,2026-04-27,-2.63,3.04,0.81,抗住且相对强,2026-04-22,共封装光学(CPO),3,2,0,0
E002-2026-04-10,2026-04-10,2026-04-13,300684.SZ,中石科技,电子,1.48,5.57,3.49,,5,16328.42,AI PC、储能、光伏、共封装光学(CPO)、液冷服务器,11.62,16.04,17.82,13.63,17.82,7,2026-04-22,-9.26,1.19,0.81,抗住且相对强,2026-04-22,共封装光学(CPO),0,2,0,1
E002-2026-04-10,2026-04-10,2026-04-13,688110.SH,东芯股份,电子,1.85,15.84,7.36,,4,12875.0,AI PC、半导体、存储芯片、芯片,3.96,2.51,3.54,14.46,14.46,10,2026-04-27,-1.02,-0.73,0.81,补跌且弱于行业,2026-04-27,半导体,0,2,0,1
E002-2026-04-10,2026-04-10,2026-04-13,002156.SZ,通富微电,电子,1.1,29.04,5.93,,5,16918.18,AI PC、共封装光学(CPO)、半导体、存储芯片、芯片,5.19,6.22,7.1,12.16,12.16,10,2026-04-27,-2.08,0.93,0.81,抗住且相对强,2026-04-27,半导体,0,2,0,1
E002-2026-04-10,2026-04-10,2026-04-13,603296.SH,华勤技术,电子,-0.25,16.53,-1,60日新高,7,15663.68,AI PC、AI眼镜、华为手机、消费电子、液冷服务器、芯片、英伟达,-2.13,3.32,5.41,8.44,8.44,10,2026-04-27,-4.21,0.9,0.81,抗住且相对强,2026-04-22,液冷服务器,3,2,0,0
E002-2026-04-10,2026-04-10,2026-04-13,002938.SZ,鹏鼎控股,电子,1.26,20.03,5.64,20日新高,5,8075.31,AI PC、AI手机、AI眼镜、元件、共封装光学(CPO),5.35,13.77,31.57,33.3,33.3,10,2026-04-27,-4.42,2.84,0.81,抗住且相对强,2026-04-22,共封装光学(CPO),3,2,0,0
E002-2026-04-10,2026-04-10,2026-04-13,603228.SH,景旺电子,电子,0.59,13.34,2.15,,5,7480.29,AI PC、元件、共封装光学(CPO)、华为手机、英伟达,4.06,6.31,13.26,23.77,23.77,10,2026-04-27,-3.33,2.44,0.81,抗住且相对强,2026-04-22,共封装光学(CPO),3,2,0,0
E002-2026-04-10,2026-04-10,2026-04-13,001389.SZ,广合科技,电子,-0.24,14.0,-0.9,,3,5695.01,AI PC、元件、共封装光学(CPO),2.77,12.35,20.09,30.45,30.45,10,2026-04-27,-5.37,4.09,0.81,抗住且相对强,2026-04-22,共封装光学(CPO),3,2,0,0
E002-2026-04-10,2026-04-10,2026-04-13,603936.SH,博敏电子,电子,-0.79,4.78,-1,,5,10487.56,AI PC、元件、共封装光学(CPO)、存储芯片、液冷服务器,0.99,5.64,16.35,12.19,16.35,7,2026-04-22,-6.84,2.45,0.81,抗住且相对强,2026-04-22,共封装光学(CPO),0,2,0,1
E002-2026-04-10,2026-04-10,2026-04-13,002600.SZ,领益智造,电子,2.41,14.09,9.05,,9,20707.21,AI PC、AI手机、AI眼镜、储能、光伏、共封装光学(CPO)、消费电子、液冷服务器、英伟达,-0.07,6.47,8.73,5.02,8.73,7,2026-04-22,-7.2,1.03,0.81,抗住且相对强,2026-04-22,共封装光学(CPO),0,3,1,1
E002-2026-04-10,2026-04-10,2026-04-13,002815.SZ,崇达技术,电子,-0.54,4.06,-1,,5,14290.42,AI PC、元件、共封装光学(CPO)、华为手机、芯片,3.82,4.56,6.51,4.76,6.51,7,2026-04-22,-5.1,1.5,0.81,抗住且相对强,2026-04-22,共封装光学(CPO),0,2,0,1
E002-2026-04-10,2026-04-10,2026-04-13,603626.SH,科森科技,电子,0.99,6.52,2.53,20日新高,4,9467.33,AI PC、储能、固态电池、消费电子,-0.21,0.42,-0.42,2.39,2.73,4,2026-04-17,-2.52,-2.66,0.81,补跌且弱于行业,2026-04-17,AI PC,0,1,0,1
E002-2026-04-10,2026-04-10,2026-04-13,002913.SZ,奥士康,电子,1.34,3.99,2.68,20日新高,3,2820.04,AI PC、元件、英伟达,-1.93,-1.27,-1.5,-4.8,1.02,1,2026-04-14,-2.58,2.65,0.81,抗住且相对强,2026-04-14,元件,0,2,0,1
E002-2026-04-10,2026-04-10,2026-04-13,001314.SZ,亿道信息,电子,1.13,0.76,0.99,,3,3303.3,AI PC、AI眼镜、消费电子,2.78,3.75,3.94,19.0,19.0,10,2026-04-27,-3.49,0.62,0.81,上涨但弱于行业,2026-04-22,消费电子,3,1,0,0
E002-2026-04-10,2026-04-10,2026-04-13,300115.SZ,长盈精密,电子,1.85,14.1,6.95,,9,23154.85,AI PC、AI手机、AI眼镜、储能、氢能源、消费电子、液冷服务器、燃料电池、芯片,1.6,4.22,2.59,-0.3,4.22,5,2026-04-20,-9.13,-1.13,0.81,补跌且弱于行业,2026-04-20,液冷服务器,0,2,0,1
E002-2026-04-10,2026-04-10,2026-04-13,688595.SH,芯海科技,电子,1.55,0.7,1.3,,5,13140.73,AI PC、AI眼镜、MCU芯片、半导体、芯片,1.31,0.56,1.42,6.82,6.82,10,2026-04-27,-3.47,9.17,0.81,抗住且相对强,2026-04-27,半导体,0,2,0,1
E002-2026-04-10,2026-04-10,2026-04-13,603031.SH,安孚科技,电力设备,-1.78,4.03,-1,,6,21966.47,AI PC、储能、共封装光学(CPO)、固态电池、电池、芯片,1.87,7.0,13.3,11.95,13.3,7,2026-04-22,-1.33,-0.14,1.22,补跌且弱于行业,2026-04-22,共封装光学(CPO),0,1,0,1
E002-2026-04-10,2026-04-10,2026-04-13,002866.SZ,传艺科技,电子,2.31,6.23,5.77,,5,10866.35,AI PC、储能、固态电池、消费电子、钠离子电池,5.45,17.05,20.0,14.07,20.0,7,2026-04-22,-1.54,2.62,0.81,抗住且相对强,2026-04-22,AI PC,0,2,0,1
E002-2026-04-10,2026-04-10,2026-04-13,300657.SZ,弘信电子,电子,-0.47,5.36,-1,,9,17814.65,AI PC、AI手机、AI眼镜、储能、元件、共封装光学(CPO)、华为手机、液冷服务器、英伟达,14.37,13.08,19.63,13.34,20.51,8,2026-04-23,-4.38,3.77,0.81,抗住且相对强,2026-04-22,共封装光学(CPO),1,2,0,1
E002-2026-04-10,2026-04-10,2026-04-13,002579.SZ,中京电子,电子,-0.63,8.12,-1,,8,23606.74,AI PC、AI手机、AI眼镜、储能、元件、共封装光学(CPO)、存储芯片、芯片,0.79,4.08,5.66,1.65,5.66,7,2026-04-22,-9.9,0.63,0.81,上涨但弱于行业,2026-04-22,共封装光学(CPO),0,1,0,1
E002-2026-04-10,2026-04-10,2026-04-13,002426.SZ,胜利精密,电子,0.85,3.87,1.67,,3,3303.3,AI PC、AI眼镜、消费电子,2.73,3.28,8.74,5.74,8.74,7,2026-04-22,-7.92,2.81,0.81,抗住且相对强,2026-04-22,消费电子,0,2,0,1
E002-2026-04-10,2026-04-10,2026-04-13,300956.SZ,英力股份,电子,0.89,0.41,0.57,,5,13064.99,AI PC、储能、光伏、固态电池、消费电子,2.57,4.26,5.68,6.35,6.35,10,2026-04-27,-1.96,0.2,0.81,上涨但弱于行业,2026-04-22,AI PC,3,1,0,0
E002-2026-04-10,2026-04-10,2026-04-13,603341.SH,龙旗科技,电子,0.5,2.43,0.78,,3,3303.3,AI PC、AI眼镜、消费电子,1.8,1.75,-0.13,-0.26,2.48,1,2026-04-14,-6.94,-0.54,0.81,补跌且弱于行业,2026-04-14,AI眼镜,0,1,0,1
E002-2026-04-10,2026-04-10,2026-04-13,300331.SZ,苏大维格,电子,-3.27,7.04,-1,,3,12309.52,AI PC、光伏、芯片,1.29,7.11,12.74,24.56,24.56,10,2026-04-27,-2.09,0.09,0.81,上涨但弱于行业,2026-04-22,芯片,3,1,0,0
E002-2026-04-10,2026-04-10,2026-04-13,001283.SZ,豪鹏科技,电力设备,7.47,7.85,20.93,,7,13751.63,AI PC、AI眼镜、储能、固态电池、电池、钠离子电池、锂电池,2.06,3.1,3.85,3.64,5.33,8,2026-04-23,-0.65,-0.14,1.22,补跌且弱于行业,2026-04-22,AI PC,1,2,0,1
E002-2026-04-10,2026-04-10,2026-04-13,600745.SH,*ST闻泰,电子,0.7,5.54,1.65,,6,15084.98,AI PC、AI手机、半导体、液冷服务器、芯片、英伟达,-0.57,0.1,-6.92,-8.58,1.02,1,2026-04-14,-12.34,-0.89,0.81,补跌且弱于行业,2026-04-14,半导体,0,1,0,1
E002-2026-04-10,2026-04-10,2026-04-13,000725.SZ,京东方Ａ,电子,0.75,18.75,3.25,,6,20245.24,AI PC、AI眼镜、储能、光伏、芯片、虚拟电厂,0.0,3.97,5.96,4.47,5.96,7,2026-04-22,-2.98,-0.25,0.81,补跌且弱于行业,2026-04-22,AI PC,0,1,0,1
E002-2026-04-10,2026-04-10,2026-04-13,002384.SZ,东山精密,电子,8.83,200.94,125.17,历史新高,5,14542.92,AI手机、元件、共封装光学(CPO)、芯片、高压快充,1.85,6.93,26.91,27.15,27.97,9,2026-04-24,-2.72,2.28,0.81,抗住且相对强,2026-04-22,共封装光学(CPO),2,3,1,0
E002-2026-04-10,2026-04-10,2026-04-13,002273.SZ,水晶光电,电子,-0.76,27.72,-1,,5,12397.85,AI手机、AI眼镜、储能、共封装光学(CPO)、华为手机,-2.71,3.01,9.25,8.52,10.6,8,2026-04-23,-6.11,1.31,0.81,抗住且相对强,2026-04-22,共封装光学(CPO),1,2,0,1
E002-2026-04-10,2026-04-10,2026-04-13,688521.SH,芯原股份,电子,4.1,50.85,29.24,20日新高,5,13048.01,AI手机、AI眼镜、MCU芯片、半导体、芯片,2.31,5.11,4.93,1.2,6.3,2,2026-04-15,-10.48,-3.56,0.81,补跌且弱于行业,2026-04-16,AI手机,-1,2,0,0
E002-2026-04-10,2026-04-10,2026-04-13,000063.SZ,中兴通讯,通信,0.65,44.51,4.34,,5,18312.7,AI手机、AI眼镜、储能、液冷服务器、芯片,-0.9,0.31,4.54,4.31,4.54,7,2026-04-22,-3.72,-0.2,-0.25,补跌但相对强,2026-04-22,AI手机,0,2,0,1
E002-2026-04-10,2026-04-10,2026-04-13,688381.SH,帝奥微,电子,-0.3,0.64,-0.24,,5,16369.17,AI手机、AI眼镜、共封装光学(CPO)、半导体、芯片,7.97,8.79,15.24,52.49,52.49,10,2026-04-27,-4.33,0.7,0.81,上涨但弱于行业,2026-04-27,半导体,0,1,0,1
E002-2026-04-10,2026-04-10,2026-04-13,300433.SZ,蓝思科技,电子,1.55,27.88,8.18,,5,9405.0,AI手机、AI眼镜、光伏、消费电子、液冷服务器,-13.7,-8.45,-8.28,-10.1,1.48,1,2026-04-14,-15.25,-1.39,0.81,补跌且弱于行业,2026-04-14,AI手机,0,2,0,1
E002-2026-04-10,2026-04-10,2026-04-13,603327.SH,福蓉科技,电子,-1.99,3.83,-1,,4,8567.88,AI手机、AI眼镜、储能、消费电子,8.31,9.85,8.0,10.15,12.31,11,2026-04-28,0.0,-1.02,0.81,补跌且弱于行业,2026-04-22,AI手机,4,1,0,0
E002-2026-04-10,2026-04-10,2026-04-13,002654.SZ,万润科技,电子,0.93,7.04,2.47,,3,10814.93,AI手机、存储芯片、芯片,5.14,12.17,8.52,-0.35,12.17,5,2026-04-20,-13.09,1.14,0.81,抗住且相对强,2026-04-17,芯片,1,2,0,1
E002-2026-04-10,2026-04-10,2026-04-13,603160.SH,汇顶科技,电子,0.25,4.72,0.54,,5,13048.01,AI手机、AI眼镜、MCU芯片、半导体、芯片,1.37,2.99,4.22,-2.11,4.27,8,2026-04-23,-9.86,-1.15,0.81,补跌且弱于行业,2026-04-22,半导体,1,1,0,1
E002-2026-04-10,2026-04-10,2026-04-13,688173.SH,希荻微,电子,2.29,0.93,2.21,,4,12325.99,AI手机、AI眼镜、半导体、芯片,1.32,2.43,4.1,8.34,8.9,11,2026-04-28,0.0,0.63,0.81,上涨但弱于行业,2026-04-27,半导体,1,1,0,1
E002-2026-04-10,2026-04-10,2026-04-13,688484.SH,南芯科技,电子,1.56,1.65,2.0,,7,21002.07,AI手机、AI眼镜、MCU芯片、储能、半导体、液冷服务器、芯片,2.65,0.41,1.2,6.77,6.77,10,2026-04-27,-2.98,0.3,0.81,上涨但弱于行业,2026-04-27,半导体,0,1,0,1
E002-2026-04-10,2026-04-10,2026-04-13,688230.SH,芯导科技,电子,-0.13,0.53,-0.09,,4,12325.99,AI手机、AI眼镜、半导体、芯片,1.69,2.5,2.36,5.94,5.94,10,2026-04-27,-1.18,0.78,0.81,上涨但弱于行业,2026-04-27,半导体,0,1,0,1
E002-2026-04-10,2026-04-10,2026-04-13,300088.SZ,长信科技,电子,0.65,3.19,1.16,,4,12141.99,AI手机、储能、光伏、固态电池,25.32,20.48,19.52,13.87,25.32,3,2026-04-16,-19.35,-0.48,0.81,补跌且弱于行业,2026-04-16,AI手机,0,1,0,1
E002-2026-04-10,2026-04-10,2026-04-13,688458.SH,美芯晟,电子,1.14,0.56,0.85,,5,13048.01,AI手机、AI眼镜、MCU芯片、半导体、芯片,2.99,5.53,5.79,8.98,8.98,10,2026-04-27,-3.63,0.12,0.81,上涨但弱于行业,2026-04-27,半导体,0,1,0,1
E002-2026-04-10,2026-04-10,2026-04-13,300968.SZ,格林精密,电子,0.68,0.43,0.45,,3,3210.58,AI手机、AI眼镜、消费电子,2.01,1.01,0.75,-1.26,2.01,3,2026-04-16,-5.86,0.42,0.81,上涨但弱于行业,2026-04-16,AI手机,0,1,0,1
E002-2026-04-10,2026-04-10,2026-04-13,688601.SH,力芯微,电子,-0.51,4.24,-1,,4,12325.99,AI手机、AI眼镜、半导体、芯片,-2.85,-4.11,-5.99,-5.13,-1.8,1,2026-04-14,-3.87,-1.66,0.81,补跌且弱于行业,2026-04-14,半导体,0,1,0,1
E002-2026-04-10,2026-04-10,2026-04-13,688036.SH,传音控股,电子,1.09,3.32,1.99,,4,8567.88,AI手机、AI眼镜、储能、消费电子,3.33,1.75,6.52,11.24,12.95,11,2026-04-28,0.0,-1.48,0.81,补跌且弱于行业,2026-04-22,AI手机,4,1,0,0
E002-2026-04-10,2026-04-10,2026-04-13,300131.SZ,英唐智控,电子,20.0,37.81,122.98,20日新高,4,15956.81,AI眼镜、共封装光学(CPO)、存储芯片、芯片,-2.0,4.45,16.33,11.1,16.33,7,2026-04-22,-10.2,0.45,0.81,上涨但弱于行业,2026-04-22,共封装光学(CPO),0,2,0,1
E002-2026-04-10,2026-04-10,2026-04-13,002980.SZ,华盛昌,电力设备,-4.8,9.86,-1,,4,14737.64,AI眼镜、储能、光伏、共封装光学(CPO),13.99,33.77,39.29,38.74,45.88,11,2026-04-28,0.0,10.0,1.22,抗住且相对强,2026-04-22,共封装光学(CPO),4,2,0,0
E002-2026-04-10,2026-04-10,2026-04-13,688079.SH,美迪凯,电子,-1.75,3.02,-1,3年新高,2,9717.84,AI眼镜、芯片,0.19,4.64,5.54,1.74,7.73,6,2026-04-21,-7.73,2.24,0.81,抗住且相对强,2026-04-22,芯片,-1,2,0,0
E002-2026-04-10,2026-04-10,2026-04-13,300868.SZ,杰美特,电子,12.12,5.68,28.89,3年新高,2,2569.78,AI眼镜、消费电子,13.25,15.48,6.35,3.4,15.48,5,2026-04-20,-13.45,5.75,0.81,抗住且相对强,2026-04-20,AI眼镜,0,3,1,1
E002-2026-04-10,2026-04-10,2026-04-13,300975.SZ,商络电子,电子,2.18,11.44,7.37,,5,15232.41,AI眼镜、MCU芯片、存储芯片、液冷服务器、芯片,-0.87,-1.59,2.26,-3.42,2.26,7,2026-04-22,-6.93,-1.28,0.81,补跌且弱于行业,2026-04-22,液冷服务器,0,2,0,1
E002-2026-04-10,2026-04-10,2026-04-13,600330.SH,天通股份,电子,-3.55,42.63,-1,3年新高,4,18672.8,AI眼镜、储能、光伏、芯片,0.66,21.81,31.86,39.76,39.76,10,2026-04-27,-5.1,3.26,0.81,抗住且相对强,2026-04-22,芯片,3,2,0,0
E002-2026-04-10,2026-04-10,2026-04-13,002475.SZ,立讯精密,电子,5.61,222.4,83.66,20日新高,6,17805.13,AI眼镜、共封装光学(CPO)、华为手机、消费电子、液冷服务器、芯片,3.16,12.17,16.09,22.82,22.82,10,2026-04-27,-3.57,0.72,0.81,上涨但弱于行业,2026-04-22,共封装光学(CPO),3,2,0,0
E002-2026-04-10,2026-04-10,2026-04-13,301099.SZ,雅创电子,电子,1.55,5.52,3.64,,6,21590.61,AI眼镜、MCU芯片、储能、光伏、存储芯片、芯片,2.74,4.97,7.32,8.42,14.9,6,2026-04-21,-4.41,-1.6,0.81,补跌且弱于行业,2026-04-22,存储芯片,-1,1,0,0
E002-2026-04-10,2026-04-10,2026-04-13,300458.SZ,全志科技,电子,10.21,26.79,52.85,20日新高,5,14603.0,AI眼镜、MCU芯片、半导体、存储芯片、芯片,0.95,4.93,9.3,15.26,15.26,10,2026-04-27,-4.45,-1.82,0.81,补跌且弱于行业,2026-04-27,半导体,0,2,0,1
E002-2026-04-10,2026-04-10,2026-04-13,300207.SZ,欣旺达,电力设备,14.7,83.13,134.03,60日新高,9,15436.39,AI眼镜、储能、华为手机、固态电池、电池、虚拟电厂、钠离子电池、锂电池、高压快充,1.35,0.35,2.9,-6.46,3.7,1,2026-04-14,-12.3,1.08,1.22,上涨但弱于行业,2026-04-14,钠离子电池,0,2,0,1
E002-2026-04-10,2026-04-10,2026-04-13,000823.SZ,超声电子,电子,1.25,4.51,2.65,,3,6700.99,AI眼镜、元件、共封装光学(CPO),4.27,5.46,8.35,3.29,8.35,7,2026-04-22,-7.89,4.11,0.81,抗住且相对强,2026-04-22,共封装光学(CPO),0,2,0,1
E002-2026-04-10,2026-04-10,2026-04-13,688195.SH,腾景科技,电子,-1.51,29.03,-1,,3,13761.02,AI眼镜、共封装光学(CPO)、芯片,4.09,7.55,20.77,3.3,20.77,7,2026-04-22,-21.93,0.83,0.81,抗住且相对强,2026-04-22,共封装光学(CPO),0,2,0,1
E002-2026-04-10,2026-04-10,2026-04-13,301479.SZ,弘景光电,电子,0.03,2.15,0.04,,1,1739.5,AI眼镜,6.28,11.72,15.69,11.0,15.69,7,2026-04-22,-4.03,-0.95,0.81,补跌且弱于行业,2026-04-20,AI眼镜,2,0,0,0
E002-2026-04-10,2026-04-10,2026-04-13,603893.SH,瑞芯微,电子,6.02,22.27,28.41,20日新高,4,12407.21,AI眼镜、MCU芯片、半导体、芯片,1.27,5.06,5.62,9.87,9.87,10,2026-04-27,-2.01,-0.7,0.81,补跌且弱于行业,2026-04-27,半导体,0,2,0,1
E002-2026-04-10,2026-04-10,2026-04-13,300322.SZ,硕贝德,电子,0.83,6.07,2.04,,5,18502.18,AI眼镜、储能、消费电子、液冷服务器、芯片,12.85,13.75,16.39,13.07,16.39,7,2026-04-22,-7.4,4.06,0.81,抗住且相对强,2026-04-22,液冷服务器,0,2,0,1
E002-2026-04-10,2026-04-10,2026-04-13,688234.SH,天岳先进,电子,7.33,18.53,31.55,20日新高,3,11685.19,AI眼镜、半导体、芯片,-1.73,4.82,10.76,15.41,15.41,10,2026-04-27,-3.3,-3.69,0.81,补跌且弱于行业,2026-04-27,半导体,0,2,0,1
E002-2026-04-10,2026-04-10,2026-04-13,603920.SH,世运电路,电子,-2.42,22.56,-1,,5,15655.95,AI眼镜、储能、元件、光伏、共封装光学(CPO),8.12,6.85,14.9,3.14,14.9,7,2026-04-22,-17.36,-2.26,0.81,补跌且弱于行业,2026-04-22,共封装光学(CPO),0,1,0,1
E002-2026-04-10,2026-04-10,2026-04-13,688371.SH,菲沃泰,电子,0.0,0.55,0.0,20日新高,3,8379.44,AI眼镜、共封装光学(CPO)、液冷服务器,2.47,2.37,4.65,5.62,7.36,11,2026-04-28,0.0,-1.48,0.81,补跌且弱于行业,2026-04-22,共封装光学(CPO),4,1,0,0
E002-2026-04-10,2026-04-10,2026-04-13,688593.SH,新相微,电子,0.53,4.16,1.08,,3,11685.19,AI眼镜、半导体、芯片,-0.31,-1.14,-2.71,5.58,5.58,10,2026-04-27,-10.54,0.78,0.81,上涨但弱于行业,2026-04-27,半导体,0,1,0,1
E002-2026-04-10,2026-04-10,2026-04-13,300853.SZ,申昊科技,电力设备,8.61,1.14,9.19,,2,7096.8,AI眼镜、储能,15.67,23.87,29.32,48.58,54.72,11,2026-04-28,0.0,0.25,1.22,上涨但弱于行业,2026-04-20,AI眼镜,6,1,0,0
E002-2026-04-10,2026-04-10,2026-04-13,688213.SH,思特威-W,电子,0.21,6.94,0.55,,3,11685.19,AI眼镜、半导体、芯片,2.95,0.44,0.5,4.79,4.79,10,2026-04-27,-5.63,-1.53,0.81,补跌且弱于行业,2026-04-27,半导体,0,1,0,1
E002-2026-04-10,2026-04-10,2026-04-13,300866.SZ,安克创新,电子,11.38,15.62,44.98,60日新高,4,15905.42,AI眼镜、储能、消费电子、芯片,3.71,0.56,1.78,4.76,4.85,8,2026-04-23,-2.84,-0.12,0.81,补跌且弱于行业,2026-04-22,芯片,1,2,0,1
E002-2026-04-10,2026-04-10,2026-04-13,300632.SZ,光莆股份,电子,-0.42,6.18,-1,,5,21664.55,AI眼镜、储能、共封装光学(CPO)、固态电池、芯片,5.39,0.0,3.15,6.54,12.95,4,2026-04-17,-10.11,-0.9,0.81,补跌且弱于行业,2026-04-17,共封装光学(CPO),0,1,0,1
E002-2026-04-10,2026-04-10,2026-04-13,300613.SZ,富瀚微,电子,1.93,2.57,3.09,,3,11685.19,AI眼镜、半导体、芯片,-1.08,-0.22,2.73,43.1,43.1,10,2026-04-27,-7.06,1.85,0.81,抗住且相对强,2026-04-27,半导体,0,2,0,1
E002-2026-04-10,2026-04-10,2026-04-13,002983.SZ,芯瑞达,电子,4.42,1.07,4.57,,1,1739.5,AI眼镜,0.97,4.16,4.04,1.51,5.89,6,2026-04-21,-8.5,-2.3,0.81,补跌且弱于行业,2026-04-20,AI眼镜,1,0,0,1
E002-2026-04-10,2026-04-10,2026-04-13,688378.SH,奥来德,电子,0.93,1.18,1.01,,1,1739.5,AI眼镜,-0.37,1.99,6.76,15.78,15.78,10,2026-04-27,-3.05,2.31,0.81,抗住且相对强,2026-04-20,AI眼镜,5,1,0,0
E002-2026-04-10,2026-04-10,2026-04-13,688123.SH,聚辰股份,电子,2.69,10.44,8.69,,5,17924.16,AI眼镜、共封装光学(CPO)、半导体、存储芯片、芯片,6.07,3.17,8.39,8.18,10.03,1,2026-04-14,-13.69,1.99,0.81,抗住且相对强,2026-04-14,共封装光学(CPO),0,3,1,1
E002-2026-04-10,2026-04-10,2026-04-13,688181.SH,八亿时空,电子,0.67,0.81,0.6,,2,4336.26,AI眼镜、液冷服务器,2.31,1.37,5.39,10.07,12.96,8,2026-04-23,-4.08,-1.26,0.81,补跌且弱于行业,2026-04-22,液冷服务器,1,0,0,1
E002-2026-04-10,2026-04-10,2026-04-13,688210.SH,统联精密,电子,2.52,1.9,3.47,,2,2569.78,AI眼镜、消费电子,3.66,0.17,1.68,-3.23,3.94,1,2026-04-14,-8.93,3.09,0.81,抗住且相对强,2026-04-14,AI眼镜,0,1,0,1
E002-2026-04-10,2026-04-10,2026-04-13,300504.SZ,天邑股份,通信,-0.37,2.45,-0.58,,1,1739.5,AI眼镜,-0.31,0.44,4.44,9.19,9.19,10,2026-04-27,-0.94,-0.68,-0.25,补跌且弱于行业,2026-04-20,AI眼镜,5,0,0,0
E002-2026-04-10,2026-04-10,2026-04-13,301536.SZ,星宸科技,电子,2.87,4.82,6.3,,3,11685.19,AI眼镜、半导体、芯片,0.24,4.13,10.08,8.85,10.08,7,2026-04-22,-3.41,2.15,0.81,抗住且相对强,2026-04-22,半导体,0,2,0,1
E002-2026-04-10,2026-04-10,2026-04-13,688220.SH,翱捷科技-U,电子,0.86,4.87,1.9,,4,13880.98,AI眼镜、半导体、存储芯片、芯片,9.87,28.1,24.89,26.83,28.1,5,2026-04-20,-4.92,1.0,0.81,抗住且相对强,2026-04-20,AI眼镜,0,2,0,1
E002-2026-04-10,2026-04-10,2026-04-13,300373.SZ,扬杰科技,电子,0.43,9.01,1.29,20日新高,8,25316.88,AI眼镜、储能、光伏、半导体、固态电池、芯片、英伟达、高压快充,0.36,5.55,7.12,2.13,7.12,7,2026-04-22,-6.72,-0.6,0.81,补跌且弱于行业,2026-04-22,半导体,0,1,0,1
E002-2026-04-10,2026-04-10,2026-04-13,300319.SZ,麦捷科技,电子,1.71,3.03,2.98,,7,23400.63,AI眼镜、储能、元件、共封装光学(CPO)、存储芯片、芯片、英伟达,1.64,1.88,4.18,3.85,4.18,7,2026-04-22,-1.72,2.52,0.81,抗住且相对强,2026-04-22,共封装光学(CPO),0,2,0,1
E002-2026-04-10,2026-04-10,2026-04-13,300545.SZ,联得装备,电子,-0.55,2.27,-0.83,,6,17877.82,AI眼镜、光伏、华为手机、固态电池、芯片、钠离子电池,0.31,0.22,1.2,3.05,3.05,10,2026-04-27,-0.49,-0.82,0.81,补跌且弱于行业,2026-04-22,芯片,3,1,0,0
E002-2026-04-10,2026-04-10,2026-04-13,301067.SZ,显盈科技,电子,2.17,0.61,1.69,,2,2569.78,AI眼镜、消费电子,5.47,3.84,5.28,1.2,5.47,3,2026-04-16,-1.14,-1.39,0.81,补跌且弱于行业,2026-04-20,AI眼镜,-2,0,0,0
E002-2026-04-10,2026-04-10,2026-04-13,603297.SH,永新光学,电子,-1.61,1.83,-1,,2,9717.84,AI眼镜、芯片,2.05,3.96,11.84,8.14,11.84,7,2026-04-22,-5.62,-0.88,0.81,补跌且弱于行业,2026-04-22,芯片,0,0,0,1
E002-2026-04-10,2026-04-10,2026-04-13,301121.SZ,紫建电子,电力设备,3.21,0.71,2.7,,6,13018.11,AI眼镜、储能、固态电池、电池、钠离子电池、锂电池,-0.58,-0.58,0.53,-0.27,1.09,4,2026-04-17,-0.56,1.81,1.22,抗住且相对强,2026-04-20,AI眼镜,-1,2,0,0
E002-2026-04-10,2026-04-10,2026-04-13,002241.SZ,歌尔股份,电子,3.04,27.96,16.07,,3,10548.12,AI眼镜、消费电子、芯片,-0.33,2.39,2.18,3.21,3.21,10,2026-04-27,-2.84,-0.45,0.81,补跌且弱于行业,2026-04-22,芯片,3,2,0,0
E002-2026-04-10,2026-04-10,2026-04-13,301421.SZ,波长光电,电子,-1.68,5.84,-1,,2,9717.84,AI眼镜、芯片,-0.42,5.5,5.5,5.48,5.5,5,2026-04-20,0.0,-1.84,0.81,补跌且弱于行业,2026-04-20,AI眼镜,0,0,0,1
E002-2026-04-10,2026-04-10,2026-04-13,688045.SH,必易微,电子,1.46,0.69,1.21,20日新高,5,17764.51,AI眼镜、MCU芯片、储能、半导体、芯片,3.8,8.14,13.99,18.73,19.31,11,2026-04-28,0.0,2.6,0.81,抗住且相对强,2026-04-27,半导体,1,2,0,1
E002-2026-04-10,2026-04-10,2026-04-13,001298.SZ,好上好,电子,0.55,1.28,0.62,,4,12635.65,AI眼镜、MCU芯片、存储芯片、芯片,2.56,-26.39,-26.09,-28.61,2.59,1,2026-04-14,-24.07,0.99,0.81,抗住且相对强,2026-04-14,存储芯片,0,2,0,1
E002-2026-04-10,2026-04-10,2026-04-13,002449.SZ,国星光电,电子,-0.25,1.37,-0.29,,3,15075.14,AI眼镜、储能、芯片,-0.61,1.23,1.84,-0.49,1.84,7,2026-04-22,-4.66,0.37,0.81,上涨但弱于行业,2026-04-22,芯片,0,1,0,1
E002-2026-04-10,2026-04-10,2026-04-13,000636.SZ,风华高科,电子,1.17,11.22,3.92,,7,19215.0,AI眼镜、储能、元件、光伏、共封装光学(CPO)、液冷服务器、高压快充,8.44,8.2,9.71,13.67,19.28,11,2026-04-28,0.0,2.66,0.81,抗住且相对强,2026-04-22,共封装光学(CPO),4,2,0,0
E002-2026-04-10,2026-04-10,2026-04-13,300709.SZ,精研科技,电子,-0.8,3.43,-1,,3,5166.54,AI眼镜、消费电子、液冷服务器,0.71,-0.38,-1.02,-5.88,1.59,2,2026-04-15,-9.75,-0.02,0.81,补跌且弱于行业,2026-04-14,AI眼镜,1,1,0,1
E002-2026-04-10,2026-04-10,2026-04-13,688007.SH,光峰科技,电子,-0.14,0.84,-0.13,,2,2569.78,AI眼镜、消费电子,1.48,3.59,4.93,6.69,6.69,10,2026-04-27,-2.54,-1.39,0.81,补跌且弱于行业,2026-04-22,消费电子,3,0,0,0
E002-2026-04-10,2026-04-10,2026-04-13,603236.SH,DR移远通,通信,1.78,4.85,3.92,,5,16965.37,AI眼镜、MCU芯片、储能、芯片、英伟达,2.12,3.8,7.12,-2.73,11.72,8,2026-04-23,-14.27,-1.44,-0.25,补跌且弱于行业,2026-04-22,英伟达,1,1,0,1
E002-2026-04-10,2026-04-10,2026-04-13,688286.SH,敏芯股份,电子,2.37,0.75,2.05,,3,11685.19,AI眼镜、半导体、芯片,2.51,2.92,3.51,5.02,5.02,10,2026-04-27,-3.75,0.17,0.81,上涨但弱于行业,2026-04-27,半导体,0,1,0,1
E002-2026-04-10,2026-04-10,2026-04-13,002036.SZ,联创电子,电子,0.76,2.26,1.14,,4,14929.23,AI眼镜、共封装光学(CPO)、芯片、英伟达,0.98,-0.33,-0.77,-0.98,0.98,3,2026-04-16,-11.82,-1.08,0.81,补跌且弱于行业,2026-04-17,共封装光学(CPO),-1,1,0,0
E002-2026-04-10,2026-04-10,2026-04-13,300493.SZ,润欣科技,电子,1.28,1.61,1.62,,3,11913.63,AI眼镜、存储芯片、芯片,1.46,2.92,2.28,2.22,2.92,5,2026-04-20,-2.85,-0.13,0.81,补跌且弱于行业,2026-04-20,AI眼镜,0,1,0,1
E002-2026-04-10,2026-04-10,2026-04-13,002456.SZ,欧菲光,电子,3.89,17.54,16.29,,1,1739.5,AI眼镜,-0.11,0.96,-0.11,-5.42,0.96,5,2026-04-20,-9.03,0.64,0.81,上涨但弱于行业,2026-04-20,AI眼镜,0,1,0,1
E002-2026-04-10,2026-04-10,2026-04-13,688049.SH,炬芯科技,电子,1.87,2.73,3.09,,4,12407.21,AI眼镜、MCU芯片、半导体、芯片,0.34,1.46,3.4,3.19,3.4,7,2026-04-22,-4.09,0.8,0.81,上涨但弱于行业,2026-04-22,半导体,0,1,0,1
E002-2026-04-10,2026-04-10,2026-04-13,688620.SH,安凯微,电子,1.49,0.42,0.97,,3,11685.19,AI眼镜、半导体、芯片,3.78,6.93,8.91,17.82,17.82,10,2026-04-27,-1.71,2.11,0.81,抗住且相对强,2026-04-27,半导体,0,2,0,1
E002-2026-04-10,2026-04-10,2026-04-13,601231.SH,环旭电子,电子,-2.84,26.71,-1,,4,14591.3,AI眼镜、共封装光学(CPO)、消费电子、芯片,1.52,13.35,18.46,6.07,18.46,7,2026-04-22,-14.63,4.88,0.81,抗住且相对强,2026-04-22,共封装光学(CPO),0,2,0,1
E002-2026-04-10,2026-04-10,2026-04-13,603068.SH,博通集成,电子,1.51,0.78,1.33,,4,12407.21,AI眼镜、MCU芯片、半导体、芯片,1.08,2.65,2.8,5.08,5.08,10,2026-04-27,-1.6,0.53,0.81,上涨但弱于行业,2026-04-27,半导体,0,1,0,1
E002-2026-04-10,2026-04-10,2026-04-13,002861.SZ,瀛通通讯,电子,3.38,1.19,3.69,,2,2569.78,AI眼镜、消费电子,-1.3,-1.61,-2.05,1.61,1.61,10,2026-04-27,-1.99,1.19,0.81,抗住且相对强,2026-04-22,消费电子,3,1,0,0
E002-2026-04-10,2026-04-10,2026-04-13,002992.SZ,宝明科技,电子,3.66,1.24,4.08,,2,4285.73,AI眼镜、固态电池,-3.01,1.62,7.63,4.12,9.42,6,2026-04-21,-6.43,0.12,0.81,上涨但弱于行业,2026-04-21,固态电池,0,0,0,1
E002-2026-04-10,2026-04-10,2026-04-13,300223.SZ,北京君正,电子,1.89,23.99,9.26,,5,14603.0,AI眼镜、MCU芯片、半导体、存储芯片、芯片,3.49,7.89,10.43,9.17,10.54,11,2026-04-28,0.0,0.56,0.81,上涨但弱于行业,2026-04-27,半导体,1,2,0,1
E002-2026-04-10,2026-04-10,2026-04-13,300638.SZ,广和通,通信,0.92,3.25,1.66,,2,2578.42,AI眼镜、虚拟电厂,2.11,4.65,5.65,-7.51,5.65,7,2026-04-22,-15.98,-0.36,-0.25,补跌且弱于行业,2026-04-20,AI眼镜,2,0,0,0
E002-2026-04-10,2026-04-10,2026-04-13,688332.SH,中科蓝讯,电子,0.24,3.18,0.43,,4,15728.37,AI眼镜、共封装光学(CPO)、半导体、芯片,1.9,2.6,2.67,2.67,2.67,7,2026-04-22,-2.13,0.47,0.81,上涨但弱于行业,2026-04-22,共封装光学(CPO),0,1,0,1
E002-2026-04-10,2026-04-10,2026-04-13,688790.SH,昂瑞微-UW,电子,-0.02,0.68,-0.02,,3,11685.19,AI眼镜、半导体、芯片,3.87,5.36,3.3,2.11,7.55,4,2026-04-17,-6.58,1.39,0.81,抗住且相对强,2026-04-17,半导体,0,2,0,1
E002-2026-04-10,2026-04-10,2026-04-13,301567.SZ,贝隆精密,电子,0.75,0.31,0.42,,2,2569.78,AI眼镜、消费电子,2.28,1.76,1.6,1.06,2.28,3,2026-04-16,-3.97,-0.47,0.81,补跌且弱于行业,2026-04-20,AI眼镜,-2,0,0,0
E002-2026-04-10,2026-04-10,2026-04-13,301383.SZ,天键股份,电子,1.22,0.43,0.8,,2,2569.78,AI眼镜、消费电子,4.21,5.31,3.25,4.96,5.31,5,2026-04-20,-3.14,-0.43,0.81,补跌且弱于行业,2026-04-20,AI眼镜,0,0,0,1
E002-2026-04-10,2026-04-10,2026-04-13,002881.SZ,美格智能,通信,1.98,1.75,2.62,,3,10439.86,AI眼镜、MCU芯片、芯片,4.29,4.29,3.22,2.31,4.29,3,2026-04-16,-5.06,-0.1,-0.25,补跌但相对强,2026-04-17,芯片,-1,2,0,0
E002-2026-04-10,2026-04-10,2026-04-13,600703.SH,三安光电,电子,0.84,34.24,4.92,,4,17358.68,AI眼镜、光伏、共封装光学(CPO)、芯片,-2.57,9.64,20.0,18.31,24.58,8,2026-04-23,-12.21,4.27,0.81,抗住且相对强,2026-04-22,共封装光学(CPO),1,2,0,1
E002-2026-04-10,2026-04-10,2026-04-13,002138.SZ,顺络电子,电子,1.03,6.16,2.56,,8,27319.34,AI眼镜、储能、元件、光伏、共封装光学(CPO)、固态电池、燃料电池、芯片,3.38,1.91,4.54,2.89,4.54,7,2026-04-22,-2.4,0.93,0.81,抗住且相对强,2026-04-22,共封装光学(CPO),0,2,0,1
E002-2026-04-10,2026-04-10,2026-04-13,000049.SZ,德赛电池,电力设备,5.58,7.34,15.12,,7,13635.18,AI眼镜、储能、华为手机、固态电池、电池、钠离子电池、锂电池,0.33,1.58,10.88,5.26,10.88,7,2026-04-22,-6.91,1.3,1.22,抗住且相对强,2026-04-21,固态电池,1,3,1,1
E002-2026-04-10,2026-04-10,2026-04-13,300296.SZ,利亚德,电子,0.13,7.71,0.36,,2,9717.84,AI眼镜、芯片,1.32,2.38,4.62,-13.34,4.62,7,2026-04-22,-20.74,-0.13,0.81,补跌且弱于行业,2026-04-22,芯片,0,0,0,1
E002-2026-04-10,2026-04-10,2026-04-13,300323.SZ,华灿光电,电子,-1.0,5.74,-1,,3,13761.02,AI眼镜、共封装光学(CPO)、芯片,-1.19,8.46,11.44,11.64,11.64,10,2026-04-27,-4.28,1.62,0.81,抗住且相对强,2026-04-22,共封装光学(CPO),3,2,0,0
E002-2026-04-10,2026-04-10,2026-04-13,002841.SZ,视源股份,电子,2.49,1.68,3.23,,2,2569.78,AI眼镜、消费电子,3.14,6.31,7.42,10.8,13.82,8,2026-04-23,-4.81,-0.35,0.81,补跌且弱于行业,2026-04-22,消费电子,1,0,0,1
E002-2026-04-10,2026-04-10,2026-04-13,603501.SH,豪威集团,电子,1.18,13.89,4.4,,6,14192.49,AI眼镜、MCU芯片、半导体、华为手机、芯片、英伟达,-1.18,-1.11,-0.66,10.33,10.33,10,2026-04-27,-0.78,-0.55,0.81,补跌且弱于行业,2026-04-27,半导体,0,1,0,1
E002-2026-04-10,2026-04-10,2026-04-13,300566.SZ,激智科技,电子,0.49,0.63,0.39,,2,5337.16,AI眼镜、光伏,2.62,2.73,3.77,3.72,3.77,7,2026-04-22,-2.46,-0.65,0.81,补跌且弱于行业,2026-04-20,AI眼镜,2,0,0,0
E002-2026-04-10,2026-04-10,2026-04-13,300560.SZ,中富通,通信,1.8,1.46,2.17,20日新高,2,2907.71,AI眼镜、英伟达,3.4,2.08,1.64,1.83,3.4,3,2026-04-16,-13.68,0.25,-0.25,抗住且相对强,2026-04-20,AI眼镜,-2,2,0,0
E002-2026-04-10,2026-04-10,2026-04-13,300136.SZ,信维通信,电子,0.06,37.78,0.37,,3,10548.12,AI眼镜、消费电子、芯片,9.85,22.44,25.15,39.22,39.22,10,2026-04-27,-1.53,-0.7,0.81,补跌且弱于行业,2026-04-22,芯片,3,1,0,0
E002-2026-04-10,2026-04-10,2026-04-13,300793.SZ,佳禾智能,电子,1.13,0.68,0.93,,4,15905.42,AI眼镜、储能、消费电子、芯片,0.91,1.75,0.56,0.42,1.75,5,2026-04-20,-4.34,-0.49,0.81,补跌且弱于行业,2026-04-20,AI眼镜,0,1,0,1
E002-2026-04-10,2026-04-10,2026-04-13,688798.SH,艾为电子,电子,0.19,1.32,0.22,,4,12407.21,AI眼镜、MCU芯片、半导体、芯片,1.45,1.7,3.7,7.05,7.05,10,2026-04-27,-8.48,-0.96,0.81,补跌且弱于行业,2026-04-27,半导体,0,1,0,1
E002-2026-04-10,2026-04-10,2026-04-13,000100.SZ,TCL科技,电子,1.17,15.18,4.56,,3,13315.5,AI眼镜、光伏、芯片,0.0,0.92,0.46,-0.69,1.15,1,2026-04-14,-2.77,-0.23,0.81,补跌且弱于行业,2026-04-14,AI眼镜,0,1,0,1
E002-2026-04-10,2026-04-10,2026-04-13,688469.SH,芯联集成-U,电子,0.0,3.82,0.0,,6,21362.17,AI眼镜、MCU芯片、储能、光伏、半导体、芯片,2.31,6.62,4.46,6.0,6.62,5,2026-04-20,-2.31,-0.76,0.81,补跌且弱于行业,2026-04-20,MCU芯片,0,1,0,1
E002-2026-04-10,2026-04-10,2026-04-13,603738.SH,泰晶科技,电子,0.75,9.52,2.31,,5,15401.35,AI眼镜、MCU芯片、元件、共封装光学(CPO)、芯片,-2.52,12.01,26.23,38.34,41.47,9,2026-04-24,-12.83,10.01,0.81,抗住且相对强,2026-04-22,共封装光学(CPO),2,2,0,0
E002-2026-04-10,2026-04-10,2026-04-13,002045.SZ,国光电器,电子,1.02,1.03,1.04,,4,10473.31,AI眼镜、储能、固态电池、消费电子,0.42,0.25,-2.37,-0.59,0.59,1,2026-04-14,-4.99,-0.25,0.81,补跌且弱于行业,2026-04-14,AI眼镜,0,1,0,1
E002-2026-04-10,2026-04-10,2026-04-13,688781.SH,视涯科技-UW,电子,-0.79,2.02,-1,,2,9717.84,AI眼镜、芯片,2.71,7.32,8.13,6.02,9.7,11,2026-04-28,0.0,1.93,0.81,抗住且相对强,2026-04-22,芯片,4,1,0,0
E002-2026-04-10,2026-04-10,2026-04-13,688728.SH,格科微,电子,0.69,1.43,0.83,,3,11685.19,AI眼镜、半导体、芯片,1.37,3.05,2.67,3.2,3.2,10,2026-04-27,-3.66,-0.3,0.81,补跌且弱于行业,2026-04-27,半导体,0,1,0,1
E002-2026-04-10,2026-04-10,2026-04-13,301180.SZ,万祥科技,电子,-2.39,2.29,-1,,4,8889.37,AI眼镜、储能、消费电子、高压快充,4.44,0.15,-2.89,-10.17,4.44,3,2026-04-16,-15.41,0.0,0.81,上涨但弱于行业,2026-04-20,AI眼镜,-2,1,0,0
E002-2026-04-10,2026-04-10,2026-04-13,300316.SZ,晶盛机电,电力设备,1.91,11.75,6.55,,5,16123.2,AI眼镜、光伏、光伏设备、存储芯片、芯片,7.67,6.82,6.23,1.89,9.04,4,2026-04-17,-13.93,0.4,1.22,上涨但弱于行业,2026-04-17,光伏,0,2,0,1
E002-2026-04-10,2026-04-10,2026-04-13,001308.SZ,康冠科技,电子,0.15,0.29,0.08,,1,1739.5,AI眼镜,2.47,-0.54,0.94,-0.05,2.62,4,2026-04-17,-4.15,-0.98,0.81,补跌且弱于行业,2026-04-20,AI眼镜,-1,0,0,0
E002-2026-04-10,2026-04-10,2026-04-13,688608.SH,恒玄科技,电子,1.19,8.97,3.56,,3,11685.19,AI眼镜、半导体、芯片,0.33,2.03,1.93,5.4,5.4,10,2026-04-27,-3.67,0.45,0.81,上涨但弱于行业,2026-04-27,半导体,0,1,0,1
E002-2026-04-10,2026-04-10,2026-04-13,300857.SZ,协创数据,电子,-9.89,39.6,-1,,6,17955.3,AI眼镜、共封装光学(CPO)、存储芯片、消费电子、芯片、英伟达,53.37,48.07,25.37,24.04,53.37,3,2026-04-16,-27.88,-0.12,0.81,补跌且弱于行业,2026-04-17,共封装光学(CPO),-1,1,0,0
E002-2026-04-10,2026-04-10,2026-04-13,300460.SZ,ST惠伦,电子,0.35,0.2,0.16,,4,14679.33,AI眼镜、元件、共封装光学(CPO)、芯片,-1.82,3.97,8.4,7.95,13.17,8,2026-04-23,-9.19,1.38,0.81,抗住且相对强,2026-04-22,共封装光学(CPO),1,2,0,1
E002-2026-04-10,2026-04-10,2026-04-13,688496.SH,*ST清越,电子,-1.55,0.49,-1,,1,1739.5,AI眼镜,2.12,0.0,-1.77,-0.35,4.07,2,2026-04-15,-5.49,-1.05,0.81,补跌且弱于行业,2026-04-14,AI眼镜,1,0,0,1
E002-2026-04-10,2026-04-10,2026-04-13,688807.SH,优迅股份,电子,2.88,6.14,7.14,20日新高,4,14710.89,MCU芯片、共封装光学(CPO)、半导体、芯片,3.29,18.76,23.49,29.0,33.1,9,2026-04-24,-4.78,13.96,0.81,抗住且相对强,2026-04-27,半导体,-1,3,1,0
E002-2026-04-10,2026-04-10,2026-04-13,603933.SH,睿能科技,电子,10.0,3.93,19.82,20日新高,4,16253.45,MCU芯片、储能、存储芯片、芯片,4.39,1.88,-0.42,-7.7,4.39,3,2026-04-16,-15.9,-2.57,0.81,补跌且弱于行业,2026-04-17,芯片,-1,2,0,0
E002-2026-04-10,2026-04-10,2026-04-13,688372.SH,伟测科技,电子,-1.74,14.36,-1,20日新高,4,12863.5,MCU芯片、半导体、存储芯片、芯片,4.47,4.14,1.23,1.69,4.47,3,2026-04-16,-2.01,-0.42,0.81,补跌且弱于行业,2026-04-17,半导体,-1,1,0,0
E002-2026-04-10,2026-04-10,2026-04-13,001287.SZ,中电港,电子,3.28,13.72,12.15,20日新高,5,17421.66,MCU芯片、储能、存储芯片、芯片、英伟达,2.37,2.89,2.3,2.52,2.89,5,2026-04-20,-7.16,2.01,0.81,抗住且相对强,2026-04-20,MCU芯片,0,3,1,1
E002-2026-04-10,2026-04-10,2026-04-13,301563.SZ,云汉芯城,电子,1.01,2.67,1.65,,3,10896.15,MCU芯片、存储芯片、芯片,4.14,4.74,5.81,4.36,6.26,4,2026-04-17,-4.05,1.46,0.81,抗住且相对强,2026-04-17,芯片,0,2,0,1
E002-2026-04-10,2026-04-10,2026-04-13,688766.SH,普冉股份,电子,4.72,17.17,19.56,,4,12863.5,MCU芯片、半导体、存储芯片、芯片,4.91,7.37,8.2,3.81,9.13,11,2026-04-28,0.0,-0.58,0.81,补跌且弱于行业,2026-04-27,半导体,1,2,0,1
E002-2026-04-10,2026-04-10,2026-04-13,688362.SH,甬矽电子,电子,-2.0,6.63,-1,,3,10667.71,MCU芯片、半导体、芯片,7.4,4.81,5.63,7.73,7.73,10,2026-04-27,-2.65,5.01,0.81,抗住且相对强,2026-04-27,半导体,0,2,0,1
E002-2026-04-10,2026-04-10,2026-04-13,688368.SH,晶丰明源,电子,1.56,3.72,3.01,20日新高,4,11835.92,MCU芯片、半导体、芯片、英伟达,0.87,-3.67,5.26,7.02,7.89,6,2026-04-21,-5.71,2.93,0.81,抗住且相对强,2026-04-22,半导体,-1,2,0,0
E002-2026-04-10,2026-04-10,2026-04-13,300077.SZ,国民技术,电子,-2.24,13.17,-1,,6,23665.85,MCU芯片、储能、光伏、共封装光学(CPO)、半导体、芯片,-3.43,-4.45,-0.75,1.58,4.36,8,2026-04-23,-6.56,4.03,0.81,抗住且相对强,2026-04-22,共封装光学(CPO),1,2,0,1
E002-2026-04-10,2026-04-10,2026-04-13,688536.SH,思瑞浦,电子,0.14,6.91,0.37,,5,20068.19,MCU芯片、储能、共封装光学(CPO)、半导体、芯片,7.69,8.32,14.3,21.72,27.6,11,2026-04-28,0.0,-1.48,0.81,补跌且弱于行业,2026-04-27,半导体,1,1,0,1
E002-2026-04-10,2026-04-10,2026-04-13,688380.SH,中微半导,电子,2.97,5.28,6.82,,4,12863.5,MCU芯片、半导体、存储芯片、芯片,3.74,3.88,6.11,5.87,6.11,7,2026-04-22,-4.39,-0.53,0.81,补跌且弱于行业,2026-04-22,半导体,0,2,0,1
E002-2026-04-10,2026-04-10,2026-04-13,688396.SH,华润微,电子,-0.77,10.39,-1,,6,22263.98,MCU芯片、储能、共封装光学(CPO)、半导体、存储芯片、芯片,0.86,6.14,6.06,13.36,13.36,10,2026-04-27,-2.38,-1.0,0.81,补跌且弱于行业,2026-04-27,半导体,0,1,0,1
E002-2026-04-10,2026-04-10,2026-04-13,300671.SZ,富满微,电子,4.71,8.82,13.99,20日新高,4,12863.5,MCU芯片、半导体、存储芯片、芯片,-4.78,-4.93,-0.68,-1.84,1.69,9,2026-04-24,-6.74,10.26,0.81,抗住且相对强,2026-04-27,半导体,-1,3,1,0
E002-2026-04-10,2026-04-10,2026-04-13,688172.SH,燕东微,电子,2.96,5.53,6.96,,3,10667.71,MCU芯片、半导体、芯片,1.52,3.99,9.77,11.34,11.34,10,2026-04-27,-9.46,-4.57,0.81,补跌且弱于行业,2026-04-27,半导体,0,2,0,1
E002-2026-04-10,2026-04-10,2026-04-13,688691.SH,灿芯股份,电子,1.64,6.4,4.15,,4,12863.5,MCU芯片、半导体、存储芯片、芯片,3.1,1.09,-0.49,9.5,9.5,10,2026-04-27,-8.45,5.06,0.81,抗住且相对强,2026-04-27,半导体,0,2,0,1
E002-2026-04-10,2026-04-10,2026-04-13,688385.SH,复旦微电,电子,-0.72,6.19,-1,,5,14031.71,MCU芯片、半导体、存储芯片、芯片、英伟达,3.9,11.74,13.13,7.44,13.9,6,2026-04-21,-9.04,-2.28,0.81,补跌且弱于行业,2026-04-22,半导体,-1,1,0,0
E002-2026-04-10,2026-04-10,2026-04-13,600498.SH,烽火通信,通信,-4.64,68.49,-1,,4,15340.3,MCU芯片、共封装光学(CPO)、液冷服务器、芯片,-3.07,5.58,12.14,2.85,12.14,7,2026-04-22,-7.89,-4.26,-0.25,补跌且弱于行业,2026-04-22,共封装光学(CPO),0,1,0,1
E002-2026-04-10,2026-04-10,2026-04-13,688416.SH,恒烁股份,电子,-0.25,3.25,-0.45,,4,12863.5,MCU芯片、半导体、存储芯片、芯片,9.45,25.79,31.6,23.05,34.2,8,2026-04-23,-10.23,0.59,0.81,上涨但弱于行业,2026-04-22,半导体,1,1,0,1
E002-2026-04-10,2026-04-10,2026-04-13,688262.SH,国芯科技,电子,0.59,2.55,0.94,,4,12863.5,MCU芯片、半导体、存储芯片、芯片,2.67,4.65,4.25,5.63,6.29,11,2026-04-28,0.0,2.14,0.81,抗住且相对强,2026-04-27,半导体,1,2,0,1
E002-2026-04-10,2026-04-10,2026-04-13,688589.SH,力合微,电子,1.63,0.66,1.32,,4,14265.37,MCU芯片、光伏、半导体、芯片,-0.83,-0.79,-1.05,-0.79,0.39,1,2026-04-14,-3.73,-0.91,0.81,补跌且弱于行业,2026-04-14,半导体,0,1,0,1
E002-2026-04-10,2026-04-10,2026-04-13,300184.SZ,力源信息,电子,-1.64,8.09,-1,,6,22447.87,MCU芯片、储能、光伏、存储芯片、液冷服务器、芯片,3.2,12.02,16.7,16.96,18.51,9,2026-04-24,-3.98,1.67,0.81,抗住且相对强,2026-04-27,存储芯片,-1,2,0,0
E002-2026-04-10,2026-04-10,2026-04-13,300327.SZ,中颖电子,电子,1.29,2.06,1.85,,4,16025.01,MCU芯片、储能、半导体、芯片,1.16,7.18,7.74,9.66,9.66,10,2026-04-27,-2.67,0.12,0.81,上涨但弱于行业,2026-04-27,半导体,0,1,0,1
E002-2026-04-10,2026-04-10,2026-04-13,688709.SH,成都华微,电子,-0.36,3.1,-0.63,,4,12863.5,MCU芯片、半导体、存储芯片、芯片,3.33,4.52,3.31,0.91,4.52,5,2026-04-20,-7.88,-3.77,0.81,补跌且弱于行业,2026-04-20,MCU芯片,0,1,0,1
E002-2026-04-10,2026-04-10,2026-04-13,688591.SH,泰凌微,电子,1.26,2.03,1.8,,4,11835.92,MCU芯片、半导体、芯片、英伟达,-5.64,-6.15,-5.83,-5.96,0.94,1,2026-04-14,-10.8,-0.95,0.81,补跌且弱于行业,2026-04-14,半导体,0,1,0,1
E002-2026-04-10,2026-04-10,2026-04-13,300053.SZ,航宇微,电子,-0.85,6.46,-1,,4,12863.5,MCU芯片、半导体、存储芯片、芯片,1.97,6.92,6.41,0.73,6.92,5,2026-04-20,-13.22,1.02,0.81,抗住且相对强,2026-04-20,MCU芯片,0,2,0,1
E002-2026-04-10,2026-04-10,2026-04-13,603986.SH,兆易创新,电子,5.83,140.8,69.18,,5,16461.16,MCU芯片、光伏、半导体、存储芯片、芯片,9.38,10.83,19.78,15.75,19.78,7,2026-04-22,-2.47,-1.11,0.81,补跌且弱于行业,2026-04-22,半导体,0,2,0,1
E002-2026-04-10,2026-04-10,2026-04-13,688352.SH,颀中科技,电子,0.55,1.21,0.61,,3,10667.71,MCU芯片、半导体、芯片,1.97,-1.97,0.47,2.76,3.63,4,2026-04-17,-1.42,-0.55,0.81,补跌且弱于行业,2026-04-17,半导体,0,1,0,1
E002-2026-04-10,2026-04-10,2026-04-13,688216.SH,气派科技,电子,-0.35,0.52,-0.25,,4,12863.5,MCU芯片、半导体、存储芯片、芯片,3.44,1.82,2.67,4.31,4.31,10,2026-04-27,-5.02,0.46,0.81,上涨但弱于行业,2026-04-27,半导体,0,1,0,1
E002-2026-04-10,2026-04-10,2026-04-13,300001.SZ,特锐德,电力设备,0.91,7.97,2.57,,4,7880.53,MCU芯片、储能、虚拟电厂、高压快充,1.69,4.89,7.64,8.31,10.24,9,2026-04-24,-2.71,-1.39,1.22,补跌且弱于行业,2026-04-22,高压快充,2,1,0,0
E002-2026-04-10,2026-04-10,2026-04-13,688061.SH,灿瑞科技,电子,0.71,0.31,0.4,,3,10667.71,MCU芯片、半导体、芯片,2.45,6.68,7.53,11.04,11.04,10,2026-04-27,-0.78,1.79,0.81,抗住且相对强,2026-04-27,半导体,0,2,0,1
E002-2026-04-10,2026-04-10,2026-04-13,600460.SH,士兰微,电子,1.37,6.47,3.48,,5,19622.67,MCU芯片、储能、光伏、半导体、芯片,0.38,2.9,3.88,8.84,8.84,10,2026-04-27,-1.84,0.0,0.81,上涨但弱于行业,2026-04-27,半导体,0,1,0,1
E002-2026-04-10,2026-04-10,2026-04-13,300735.SZ,光弘科技,电子,0.78,1.88,1.07,,6,13721.09,MCU芯片、储能、光伏、华为手机、消费电子、液冷服务器,1.23,9.51,6.51,5.51,9.51,5,2026-04-20,-14.97,-0.05,0.81,补跌且弱于行业,2026-04-20,液冷服务器,0,1,0,1
E002-2026-04-10,2026-04-10,2026-04-13,002049.SZ,紫光国微,电子,1.31,9.48,4.03,,5,16906.68,MCU芯片、共封装光学(CPO)、半导体、存储芯片、芯片,1.02,4.06,3.07,4.4,5.92,11,2026-04-28,0.0,1.28,0.81,抗住且相对强,2026-04-27,半导体,1,2,0,1
E002-2026-04-10,2026-04-10,2026-04-13,688391.SH,钜泉科技,电子,1.7,0.29,0.92,,4,16025.01,MCU芯片、储能、半导体、芯片,1.75,0.3,-0.23,2.54,2.54,10,2026-04-27,-3.2,-0.72,0.81,补跌且弱于行业,2026-04-27,半导体,0,1,0,1
E002-2026-04-10,2026-04-10,2026-04-13,688018.SH,乐鑫科技,电子,1.3,5.22,2.97,20日新高,3,10667.71,MCU芯片、半导体、芯片,2.47,15.28,14.18,18.81,18.81,10,2026-04-27,-6.23,-0.31,0.81,补跌且弱于行业,2026-04-27,半导体,0,1,0,1
E002-2026-04-10,2026-04-10,2026-04-13,688249.SH,晶合集成,电子,-0.23,6.31,-0.58,,3,10667.71,MCU芯片、半导体、芯片,0.61,2.02,5.06,7.85,7.85,10,2026-04-27,-1.99,-1.59,0.81,补跌且弱于行业,2026-04-27,半导体,0,1,0,1
E002-2026-04-10,2026-04-10,2026-04-13,300183.SZ,东软载波,通信,0.99,0.69,0.82,,5,18494.24,MCU芯片、储能、光伏、芯片、虚拟电厂,0.66,3.59,3.46,-12.16,3.59,5,2026-04-20,-17.81,5.1,-0.25,抗住且相对强,2026-04-20,MCU芯片,0,2,0,1
E002-2026-04-10,2026-04-10,2026-04-13,600171.SH,上海贝岭,电子,0.74,2.6,1.19,,5,16906.68,MCU芯片、共封装光学(CPO)、半导体、存储芯片、芯片,0.95,2.16,3.03,7.39,7.39,10,2026-04-27,-2.85,-0.18,0.81,补跌且弱于行业,2026-04-27,半导体,0,1,0,1
E002-2026-04-10,2026-04-10,2026-04-13,688047.SH,龙芯中科,电子,0.63,7.81,1.76,,3,10667.71,MCU芯片、半导体、芯片,2.59,4.32,3.56,15.44,15.44,10,2026-04-27,-2.67,3.6,0.81,抗住且相对强,2026-04-27,半导体,0,2,0,1
E002-2026-04-10,2026-04-10,2026-04-13,603290.SH,斯达半导,电子,1.18,4.11,2.39,,6,20584.96,MCU芯片、储能、光伏、半导体、芯片、高压快充,-0.5,2.18,1.59,10.52,10.9,11,2026-04-28,0.0,-0.54,0.81,补跌且弱于行业,2026-04-27,半导体,1,1,0,1
E002-2026-04-10,2026-04-10,2026-04-13,688783.SH,西安奕材-U,电子,0.18,0.79,0.16,,4,12863.5,MCU芯片、半导体、存储芯片、芯片,2.5,6.32,3.87,6.1,6.32,5,2026-04-20,-5.14,0.32,0.81,上涨但弱于行业,2026-04-20,MCU芯片,0,1,0,1
E002-2026-04-10,2026-04-10,2026-04-13,600198.SH,大唐电信,通信,-0.36,1.06,-0.37,,3,10667.71,MCU芯片、半导体、芯片,1.8,3.49,1.92,-0.96,3.49,5,2026-04-20,-8.05,-0.36,-0.25,补跌且弱于行业,2026-04-20,MCU芯片,0,1,0,1
E002-2026-04-10,2026-04-10,2026-04-13,600877.SH,电科芯片,电子,0.19,2.5,0.3,,5,19622.67,MCU芯片、储能、光伏、半导体、芯片,6.11,8.39,6.79,5.86,8.39,5,2026-04-20,-5.61,0.5,0.81,上涨但弱于行业,2026-04-20,MCU芯片,0,1,0,1
E002-2026-04-10,2026-04-10,2026-04-13,688052.SH,纳芯微,电子,-1.23,5.59,-1,,3,10667.71,MCU芯片、半导体、芯片,7.73,12.57,15.38,24.48,24.48,10,2026-04-27,-1.33,-0.64,0.81,补跌且弱于行业,2026-04-27,半导体,0,1,0,1
E002-2026-04-10,2026-04-10,2026-04-13,603421.SH,鼎信通讯,通信,-3.11,2.6,-1,,5,18494.24,MCU芯片、储能、光伏、芯片、虚拟电厂,-4.03,-4.49,-4.49,-5.07,-3.57,1,2026-04-14,-2.53,3.21,-0.25,抗住且相对强,2026-04-14,MCU芯片,0,2,0,1
E002-2026-04-10,2026-04-10,2026-04-13,002364.SZ,中恒电气,电力设备,9.99,1.19,10.9,20日新高,4,9298.04,储能、氢能源、虚拟电厂、高压快充,10.79,13.12,13.23,6.52,14.32,6,2026-04-21,-10.77,9.99,1.22,抗住且相对强,2026-04-22,高压快充,-1,3,1,0
E002-2026-04-10,2026-04-10,2026-04-13,688345.SH,博力威,电力设备,-2.24,2.9,-1,,5,11278.61,储能、固态电池、电池、钠离子电池、锂电池,-1.9,1.78,3.47,0.51,3.47,7,2026-04-22,-4.23,5.17,1.22,抗住且相对强,2026-04-21,固态电池,1,2,0,1
E002-2026-04-10,2026-04-10,2026-04-13,301123.SZ,奕东电子,电子,-0.77,12.3,-1,,4,12827.52,储能、共封装光学(CPO)、消费电子、液冷服务器,9.14,4.31,3.95,0.97,9.14,3,2026-04-16,-10.36,-1.42,0.81,补跌且弱于行业,2026-04-17,共封装光学(CPO),-1,1,0,0
E002-2026-04-10,2026-04-10,2026-04-13,600482.SH,中国动力,电力设备,10.01,18.05,42.53,3年新高,5,12580.9,储能、固态电池、氢能源、燃料电池、钠离子电池,-5.34,-7.28,-4.34,-4.1,2.57,8,2026-04-23,-6.94,1.88,1.22,抗住且相对强,2026-04-21,固态电池,2,3,1,0
E002-2026-04-10,2026-04-10,2026-04-13,688141.SH,杰华特,电子,1.85,10.77,6.07,历史新高,3,15302.99,储能、半导体、芯片,7.37,5.14,10.24,33.77,33.77,10,2026-04-27,-5.99,-2.03,0.81,补跌且弱于行业,2026-04-27,半导体,0,1,0,1
E002-2026-04-10,2026-04-10,2026-04-13,002733.SZ,雄韬股份,电力设备,10.0,12.39,35.2,3年新高,6,13888.8,储能、固态电池、氢能源、燃料电池、电池、钠离子电池,4.31,-0.06,-4.28,-5.25,4.31,3,2026-04-16,-0.1,1.98,1.22,抗住且相对强,2026-04-16,电池,0,3,1,1
E002-2026-04-10,2026-04-10,2026-04-13,300843.SZ,胜蓝股份,电子,-3.28,7.47,-1,,4,9746.63,储能、消费电子、液冷服务器、高压快充,2.38,3.37,8.78,6.84,8.84,11,2026-04-28,0.0,-1.38,0.81,补跌且弱于行业,2026-04-22,高压快充,4,1,0,0
E002-2026-04-10,2026-04-10,2026-04-13,603186.SH,华正新材,电子,-1.46,10.28,-1,,4,16800.18,储能、元件、固态电池、芯片,-1.79,2.63,0.87,2.7,4.24,11,2026-04-28,0.0,0.53,0.81,上涨但弱于行业,2026-04-22,芯片,4,1,0,0
E002-2026-04-10,2026-04-10,2026-04-13,002491.SZ,通鼎互联,通信,-9.6,46.14,-1,,2,7903.53,储能、固态电池,5.4,12.28,16.19,13.5,16.19,7,2026-04-22,-4.45,1.58,-0.25,抗住且相对强,2026-04-21,固态电池,1,1,0,1
E002-2026-04-10,2026-04-10,2026-04-13,688275.SH,万润新能,电力设备,9.49,10.41,30.62,,4,10610.45,储能、固态电池、电池、钠离子电池,3.32,7.42,10.18,14.72,14.72,10,2026-04-27,-0.66,1.68,1.22,抗住且相对强,2026-04-21,固态电池,4,3,1,0
E002-2026-04-10,2026-04-10,2026-04-13,300870.SZ,欧陆通,电力设备,4.67,21.46,21.63,历史新高,3,11551.72,储能、光伏、液冷服务器,14.31,24.48,20.27,26.17,26.17,10,2026-04-27,-4.14,-1.24,1.22,补跌且弱于行业,2026-04-22,液冷服务器,3,2,0,0
E002-2026-04-10,2026-04-10,2026-04-13,688035.SH,德邦科技,电子,6.05,5.04,13.58,,6,24272.08,储能、光伏、固态电池、存储芯片、液冷服务器、芯片,3.57,7.89,16.44,21.3,21.3,10,2026-04-27,-2.85,-3.8,0.81,补跌且弱于行业,2026-04-27,存储芯片,0,2,0,1
E002-2026-04-10,2026-04-10,2026-04-13,300050.SZ,世纪鼎利,通信,10.39,9.62,32.23,1年新高,1,5357.3,储能,-3.42,-5.39,-2.63,-7.37,0.26,1,2026-04-14,-9.47,-3.31,-0.25,补跌且弱于行业,,,,2,0,0
E002-2026-04-10,2026-04-10,2026-04-13,688226.SH,威腾电气,电力设备,-6.08,11.26,-1,,4,14397.16,储能、光伏、共封装光学(CPO)、钠离子电池,4.26,9.48,20.74,9.6,20.74,7,2026-04-22,-15.69,5.79,1.22,抗住且相对强,2026-04-22,共封装光学(CPO),0,2,0,1
E002-2026-04-10,2026-04-10,2026-04-13,002922.SZ,伊戈尔,电子,5.58,11.88,19.23,,3,9917.25,储能、光伏、高压快充,5.34,5.4,10.32,8.62,10.77,9,2026-04-24,-2.2,-4.91,0.81,补跌且弱于行业,2026-04-22,高压快充,2,2,0,0
E002-2026-04-10,2026-04-10,2026-04-13,688676.SH,金盘科技,电力设备,-0.51,13.61,-1,,2,8954.96,储能、光伏,3.99,7.51,12.54,8.13,12.54,7,2026-04-22,-6.23,-1.28,1.22,补跌且弱于行业,2026-04-17,光伏,3,0,0,0
E002-2026-04-10,2026-04-10,2026-04-13,301217.SZ,铜冠铜箔,电力设备,-1.39,20.47,-1,,4,9879.59,储能、固态电池、电池、锂电池,0.81,2.5,12.79,12.4,29.57,11,2026-04-28,0.0,7.54,1.22,抗住且相对强,2026-04-21,固态电池,5,2,0,0
E002-2026-04-10,2026-04-10,2026-04-13,300390.SZ,天华新能,电力设备,10.16,69.79,84.88,3年新高,5,19385.56,储能、固态电池、存储芯片、电池、芯片,6.83,7.99,5.81,17.49,17.49,10,2026-04-27,-1.55,17.42,1.22,抗住且相对强,2026-04-27,存储芯片,0,3,1,1
E002-2026-04-10,2026-04-10,2026-04-13,002635.SZ,安洁科技,电子,-1.78,7.3,-1,1年新高,5,10428.22,储能、氢能源、消费电子、燃料电池、高压快充,2.77,8.18,12.11,7.53,12.11,7,2026-04-22,-7.53,0.39,0.81,上涨但弱于行业,2026-04-22,高压快充,0,1,0,1
E002-2026-04-10,2026-04-10,2026-04-13,301511.SZ,德福科技,电力设备,-2.73,18.42,-1,,6,16118.56,储能、共封装光学(CPO)、固态电池、存储芯片、电池、锂电池,5.55,16.43,41.56,48.68,49.1,11,2026-04-28,0.0,3.75,1.22,抗住且相对强,2026-04-27,存储芯片,1,2,0,1
E002-2026-04-10,2026-04-10,2026-04-13,688517.SH,金冠电气,电力设备,2.69,1.5,3.29,,2,6319.59,储能、高压快充,-0.69,1.25,6.25,-2.31,6.25,7,2026-04-22,-7.69,1.12,1.22,上涨但弱于行业,2026-04-22,高压快充,0,0,0,1
E002-2026-04-10,2026-04-10,2026-04-13,605117.SH,德业股份,电力设备,10.0,17.77,42.15,,3,9566.87,储能、光伏、光伏设备,-4.73,-2.63,-1.18,-4.25,1.27,8,2026-04-23,-6.01,5.26,1.22,抗住且相对强,2026-04-20,光伏设备,3,3,1,0
E002-2026-04-10,2026-04-10,2026-04-13,600884.SH,杉杉股份,电力设备,5.79,22.68,27.57,20日新高,5,14208.11,储能、光伏、固态电池、电池、钠离子电池,-2.77,-4.68,-0.07,5.08,5.08,10,2026-04-27,-1.19,2.43,1.22,抗住且相对强,2026-04-21,固态电池,4,3,1,0
E002-2026-04-10,2026-04-10,2026-04-13,002245.SZ,蔚蓝锂芯,电力设备,2.41,24.44,11.91,20日新高,6,19256.95,储能、固态电池、电池、芯片、钠离子电池、锂电池,2.22,1.39,6.45,5.42,9.13,8,2026-04-23,-2.06,1.41,1.22,抗住且相对强,2026-04-22,芯片,1,3,1,1
E002-2026-04-10,2026-04-10,2026-04-13,300432.SZ,富临精工,电力设备,7.91,26.28,40.55,3年新高,1,5357.3,储能,2.85,1.78,5.03,4.63,8.44,9,2026-04-24,-4.91,-2.06,1.22,补跌且弱于行业,,,,2,0,0
E002-2026-04-10,2026-04-10,2026-04-13,301590.SZ,优优绿能,电力设备,1.81,1.26,2.03,,2,6319.59,储能、高压快充,1.8,2.77,3.81,1.65,3.81,7,2026-04-22,-4.89,-1.05,1.22,补跌且弱于行业,2026-04-22,高压快充,0,0,0,1
E002-2026-04-10,2026-04-10,2026-04-13,688719.SH,爱科赛博,电力设备,2.95,1.88,4.04,20日新高,3,7360.52,储能、可控核聚变、燃料电池,11.28,12.56,18.64,27.62,27.62,10,2026-04-27,-3.84,2.0,1.22,抗住且相对强,2026-04-20,可控核聚变,5,2,0,0
E002-2026-04-10,2026-04-10,2026-04-13,002534.SZ,西子洁能,电力设备,5.36,4.72,11.64,,3,10093.78,储能、光伏、燃料电池,-1.25,-0.05,0.92,-1.95,1.57,8,2026-04-23,-6.35,2.91,1.22,抗住且相对强,2026-04-17,光伏,4,3,1,0
E002-2026-04-10,2026-04-10,2026-04-13,002074.SZ,国轩高科,电力设备,10.01,40.36,63.59,,6,12240.9,储能、固态电池、电池、钠离子电池、锂电池、高压快充,0.71,1.11,2.53,-0.1,2.68,6,2026-04-21,-3.85,1.78,1.22,抗住且相对强,2026-04-21,固态电池,0,3,1,1
E002-2026-04-10,2026-04-10,2026-04-13,002796.SZ,世嘉科技,通信,1.41,10.53,4.58,,2,9400.48,储能、共封装光学(CPO),-2.57,12.09,23.32,15.03,23.32,7,2026-04-22,-15.23,-2.74,-0.25,补跌且弱于行业,2026-04-22,共封装光学(CPO),0,0,0,1
E002-2026-04-10,2026-04-10,2026-04-13,002580.SZ,圣阳股份,电力设备,10.03,34.65,59.04,,5,13207.21,储能、固态电池、液冷服务器、电池、钠离子电池,33.14,58.05,28.02,38.03,58.05,5,2026-04-20,-16.76,10.01,1.22,抗住且相对强,2026-04-20,液冷服务器,0,3,1,1
E002-2026-04-10,2026-04-10,2026-04-13,301606.SZ,绿联科技,电子,4.38,5.29,10.07,,2,6187.58,储能、消费电子,0.67,0.56,-0.78,-2.02,3.24,1,2026-04-14,-3.89,-2.0,0.81,补跌且弱于行业,2026-04-14,消费电子,0,1,0,1
E002-2026-04-10,2026-04-10,2026-04-13,300450.SZ,先导智能,电力设备,4.04,36.69,24.47,20日新高,7,17486.46,储能、光伏、固态电池、氢能源、燃料电池、电池、钠离子电池,0.85,6.56,10.51,7.93,10.51,7,2026-04-22,-6.46,1.72,1.22,抗住且相对强,2026-04-21,固态电池,1,3,1,1
E002-2026-04-10,2026-04-10,2026-04-13,002929.SZ,润建股份,通信,-3.43,8.59,-1,,3,9793.88,储能、光伏、虚拟电厂,14.58,3.83,-0.58,-2.86,14.58,3,2026-04-16,-18.09,10.0,-0.25,抗住且相对强,2026-04-17,光伏,-1,2,0,0
E002-2026-04-10,2026-04-10,2026-04-13,002335.SZ,科华数据,电力设备,1.12,16.25,4.51,,4,13691.25,储能、光伏、氢能源、液冷服务器,4.9,8.22,14.4,7.25,14.4,7,2026-04-22,-10.95,-0.45,1.22,补跌且弱于行业,2026-04-22,液冷服务器,0,1,0,1
E002-2026-04-10,2026-04-10,2026-04-13,300410.SZ,正业科技,电力设备,1.53,1.64,1.96,,4,18241.2,储能、光伏、电池、芯片,11.2,13.97,15.01,14.9,16.74,6,2026-04-21,-2.77,0.23,1.22,上涨但弱于行业,2026-04-21,电池,0,1,0,1
E002-2026-04-10,2026-04-10,2026-04-13,603988.SH,中电电机,电力设备,-1.2,3.15,-1,,1,5357.3,储能,-2.44,-2.62,-7.42,-3.28,-0.11,1,2026-04-14,-8.19,0.0,1.22,上涨但弱于行业,,,,0,0,0
E002-2026-04-10,2026-04-10,2026-04-13,603989.SH,艾华集团,电子,-0.74,0.9,-0.7,,5,12380.89,储能、元件、固态电池、液冷服务器、高压快充,3.23,2.49,5.34,6.56,6.56,10,2026-04-27,-1.9,0.85,0.81,抗住且相对强,2026-04-22,液冷服务器,3,2,0,0
E002-2026-04-10,2026-04-10,2026-04-13,300389.SZ,艾比森,电子,0.89,3.03,1.55,,1,5357.3,储能,1.63,2.7,3.81,-1.17,3.81,7,2026-04-22,-15.87,1.87,0.81,抗住且相对强,,,,1,0,0
E002-2026-04-10,2026-04-10,2026-04-13,002792.SZ,通宇通讯,通信,-3.88,26.0,-1,,3,10239.4,储能、共封装光学(CPO)、虚拟电厂,9.22,16.97,15.31,-0.35,16.97,5,2026-04-20,-23.47,-0.7,-0.25,补跌且弱于行业,2026-04-17,共封装光学(CPO),1,1,0,1
E002-2026-04-10,2026-04-10,2026-04-13,688299.SH,长阳科技,电子,2.89,1.05,2.96,,2,7903.53,储能、固态电池,0.39,-1.56,-2.68,-3.96,1.28,1,2026-04-14,-4.07,0.79,0.81,上涨但弱于行业,2026-04-21,固态电池,-5,0,0,0
E002-2026-04-10,2026-04-10,2026-04-13,688388.SH,嘉元科技,电力设备,1.82,13.53,6.69,,6,17520.43,储能、光伏、共封装光学(CPO)、固态电池、电池、锂电池,6.29,7.52,9.09,4.06,10.05,6,2026-04-21,-5.03,0.67,1.22,上涨但弱于行业,2026-04-21,固态电池,0,2,0,1
E002-2026-04-10,2026-04-10,2026-04-13,301328.SZ,维峰电子,电子,4.58,0.84,4.2,,2,8954.96,储能、光伏,16.99,21.95,25.63,18.25,25.63,7,2026-04-22,-7.08,1.14,0.81,抗住且相对强,2026-04-17,光伏,3,1,0,0
E002-2026-04-10,2026-04-10,2026-04-13,301031.SZ,中熔电气,电子,2.14,2.97,3.69,,3,9917.25,储能、光伏、高压快充,2.0,1.75,4.56,10.52,13.19,11,2026-04-28,0.0,-0.38,0.81,补跌且弱于行业,2026-04-22,高压快充,4,1,0,0
E002-2026-04-10,2026-04-10,2026-04-13,300073.SZ,当升科技,电力设备,3.91,15.04,15.16,20日新高,4,10610.45,储能、固态电池、电池、钠离子电池,-0.87,1.06,2.88,9.17,9.17,10,2026-04-27,-1.41,0.47,1.22,上涨但弱于行业,2026-04-21,固态电池,4,2,0,0
E002-2026-04-10,2026-04-10,2026-04-13,600869.SH,远东股份,电力设备,-2.38,17.54,-1,历史新高,7,24339.71,储能、光伏、可控核聚变、固态电池、液冷服务器、芯片、钠离子电池,-5.58,1.91,12.88,13.27,14.19,11,2026-04-28,0.0,-2.44,1.22,补跌且弱于行业,2026-04-22,液冷服务器,4,1,0,0
E002-2026-04-10,2026-04-10,2026-04-13,300014.SZ,亿纬锂能,电力设备,6.1,73.67,52.36,,7,14556.96,储能、固态电池、氢能源、燃料电池、电池、钠离子电池、锂电池,1.37,-1.51,2.51,2.01,3.98,9,2026-04-24,-3.4,1.36,1.22,抗住且相对强,2026-04-21,固态电池,3,3,1,0
E002-2026-04-10,2026-04-10,2026-04-13,300919.SZ,中伟新材,电力设备,2.6,13.68,9.62,,4,10610.45,储能、固态电池、电池、钠离子电池,3.61,3.89,6.75,13.46,13.46,10,2026-04-27,-1.69,3.79,1.22,抗住且相对强,2026-04-21,固态电池,4,3,1,0
E002-2026-04-10,2026-04-10,2026-04-13,300739.SZ,明阳电路,电子,0.11,10.88,0.36,,4,18297.13,储能、元件、共封装光学(CPO)、芯片,-2.44,-1.76,2.61,-1.52,5.82,1,2026-04-14,-12.59,9.04,0.81,抗住且相对强,2026-04-14,元件,0,2,0,1
E002-2026-04-10,2026-04-10,2026-04-13,301086.SZ,鸿富瀚,电子,2.24,3.01,3.89,20日新高,3,8784.34,储能、消费电子、液冷服务器,8.74,16.02,25.41,26.11,26.11,10,2026-04-27,-1.96,3.0,0.81,抗住且相对强,2026-04-22,液冷服务器,3,2,0,0
E002-2026-04-10,2026-04-10,2026-04-13,688499.SH,利元亨,电力设备,5.72,3.11,10.09,,7,17486.46,储能、光伏、固态电池、氢能源、燃料电池、电池、钠离子电池,0.75,7.17,10.05,8.91,10.05,7,2026-04-22,-4.79,2.15,1.22,抗住且相对强,2026-04-21,固态电池,1,3,1,1
E002-2026-04-10,2026-04-10,2026-04-13,300438.SZ,鹏辉能源,电力设备,7.1,29.92,38.84,,7,13256.35,储能、固态电池、燃料电池、电池、虚拟电厂、钠离子电池、锂电池,15.28,13.28,14.14,16.39,16.49,9,2026-04-24,-3.03,4.04,1.22,抗住且相对强,2026-04-21,固态电池,3,3,1,0
E002-2026-04-10,2026-04-10,2026-04-13,000021.SZ,深科技,电子,1.44,22.1,6.77,,6,21243.81,储能、共封装光学(CPO)、存储芯片、消费电子、芯片、虚拟电厂,1.84,3.01,4.28,3.68,4.28,7,2026-04-22,-3.04,0.53,0.81,上涨但弱于行业,2026-04-22,共封装光学(CPO),0,2,0,1
E002-2026-04-10,2026-04-10,2026-04-13,688005.SH,容百科技,电力设备,5.01,8.15,14.3,,4,10610.45,储能、固态电池、电池、钠离子电池,1.86,6.84,8.28,13.35,16.16,11,2026-04-28,0.0,0.56,1.22,上涨但弱于行业,2026-04-21,固态电池,5,2,0,0
E002-2026-04-10,2026-04-10,2026-04-13,605058.SH,澳弘电子,电子,3.17,2.05,4.54,,3,10318.79,储能、元件、共封装光学(CPO),-2.87,1.76,2.98,-0.08,2.98,7,2026-04-22,-8.25,2.33,0.81,抗住且相对强,2026-04-22,共封装光学(CPO),0,2,0,1
E002-2026-04-10,2026-04-10,2026-04-13,688662.SH,富信科技,电子,2.07,4.03,4.16,,3,17378.82,储能、共封装光学(CPO)、芯片,-1.1,4.29,14.29,8.18,14.29,7,2026-04-22,-9.04,2.75,0.81,抗住且相对强,2026-04-22,共封装光学(CPO),0,2,0,1
E002-2026-04-10,2026-04-10,2026-04-13,300292.SZ,吴通控股,通信,0.82,3.47,1.53,120日新高,2,9400.48,储能、共封装光学(CPO),0.2,1.6,3.19,7.19,8.78,8,2026-04-23,-3.99,1.83,-0.25,抗住且相对强,2026-04-22,共封装光学(CPO),1,2,0,1
E002-2026-04-10,2026-04-10,2026-04-13,300568.SZ,星源材质,电力设备,2.01,18.1,8.55,60日新高,6,20728.32,储能、固态电池、氢能源、电池、芯片、钠离子电池,-0.38,-0.76,-0.38,4.16,4.16,10,2026-04-27,-4.67,0.89,1.22,上涨但弱于行业,2026-04-22,芯片,3,2,0,0
E002-2026-04-10,2026-04-10,2026-04-13,301202.SZ,朗威股份,通信,1.66,0.57,1.25,,2,7954.06,储能、液冷服务器,5.44,5.94,7.56,3.59,8.75,6,2026-04-21,-8.12,-0.43,-0.25,补跌且弱于行业,2026-04-22,液冷服务器,-1,0,0,0
E002-2026-04-10,2026-04-10,2026-04-13,688261.SH,东微半导,电子,1.52,3.18,2.71,,6,22459.7,储能、光伏、半导体、液冷服务器、芯片、高压快充,1.27,1.86,3.71,1.68,3.71,7,2026-04-22,-5.65,-1.05,0.81,补跌且弱于行业,2026-04-22,半导体,0,1,0,1
E002-2026-04-10,2026-04-10,2026-04-13,600379.SH,宝光股份,电力设备,6.05,2.11,8.79,,5,17452.91,储能、氢能源、燃料电池、芯片、虚拟电厂,-6.6,-7.46,-9.48,-2.1,7.69,11,2026-04-28,0.0,0.63,1.22,上涨但弱于行业,2026-04-22,芯片,4,2,0,0
E002-2026-04-10,2026-04-10,2026-04-13,002851.SZ,麦格米特,电力设备,2.48,20.26,11.16,,5,19063.8,储能、光伏、芯片、英伟达、高压快充,0.08,7.28,3.75,3.44,7.28,5,2026-04-20,-6.65,-0.63,1.22,补跌且弱于行业,2026-04-17,光伏,1,2,0,1
E002-2026-04-10,2026-04-10,2026-04-13,300153.SZ,科泰电源,电力设备,1.55,4.66,3.35,,1,5357.3,储能,8.81,11.0,6.84,6.62,11.0,5,2026-04-20,-2.12,-1.38,1.22,补跌且弱于行业,,,,0,0,0
E002-2026-04-10,2026-04-10,2026-04-13,301349.SZ,信德新材,电力设备,-0.42,5.34,-0.97,60日新高,6,15170.4,储能、光伏、固态电池、电池、钠离子电池、高压快充,-3.02,-0.11,0.6,-4.79,0.6,7,2026-04-22,-8.61,7.79,1.22,抗住且相对强,2026-04-22,高压快充,0,2,0,1
E002-2026-04-10,2026-04-10,2026-04-13,002350.SZ,北京科锐,电力设备,1.16,4.56,2.48,,6,14034.52,储能、光伏、氢能源、燃料电池、虚拟电厂、高压快充,-3.13,-4.31,-2.57,-1.11,0.83,11,2026-04-28,0.0,-3.23,1.22,补跌且弱于行业,2026-04-22,高压快充,4,1,0,0
E002-2026-04-10,2026-04-10,2026-04-13,300141.SZ,和顺电气,电力设备,-2.47,1.36,-1,,5,13195.6,储能、光伏、氢能源、燃料电池、高压快充,-1.26,0.96,-1.26,-3.7,0.96,5,2026-04-20,-6.89,-2.46,1.22,补跌且弱于行业,2026-04-17,光伏,1,1,0,1
E002-2026-04-10,2026-04-10,2026-04-13,600071.SH,凤凰光学,电子,-1.38,1.39,-1,,2,13335.64,储能、芯片,0.49,3.4,3.99,1.48,5.08,6,2026-04-21,-5.37,-2.03,0.81,补跌且弱于行业,2026-04-22,芯片,-1,0,0,0
E002-2026-04-10,2026-04-10,2026-04-13,300491.SZ,通合科技,电力设备,-0.12,2.68,-0.2,,2,6319.59,储能、高压快充,9.68,8.1,5.65,-0.79,9.68,3,2026-04-16,-12.53,0.8,1.22,上涨但弱于行业,2026-04-22,高压快充,-4,0,0,0
E002-2026-04-10,2026-04-10,2026-04-13,600847.SH,万里股份,电力设备,6.56,0.67,5.37,,2,6665.2,储能、电池,5.25,7.05,5.11,4.03,7.05,5,2026-04-20,-3.6,1.83,1.22,抗住且相对强,2026-04-21,电池,-1,1,0,0
E002-2026-04-10,2026-04-10,2026-04-13,300571.SZ,平治信息,通信,-1.12,5.32,-1,,3,17378.82,储能、共封装光学(CPO)、芯片,4.68,6.18,5.8,-0.52,12.33,11,2026-04-28,0.0,0.17,-0.25,抗住且相对强,2026-04-22,共封装光学(CPO),4,2,0,0
E002-2026-04-10,2026-04-10,2026-04-13,300035.SZ,中科电气,电力设备,1.65,10.9,5.45,,5,11572.74,储能、固态电池、电池、钠离子电池、高压快充,0.17,-0.39,5.36,7.32,10.06,11,2026-04-28,0.0,0.88,1.22,上涨但弱于行业,2026-04-22,高压快充,4,1,0,0
E002-2026-04-10,2026-04-10,2026-04-13,300882.SZ,万胜智能,电力设备,0.95,1.26,1.07,,2,6196.22,储能、虚拟电厂,-0.43,-1.94,-3.7,-7.88,-0.43,3,2026-04-16,-18.99,-0.77,1.22,补跌且弱于行业,2026-04-14,虚拟电厂,2,0,0,0
E002-2026-04-10,2026-04-10,2026-04-13,301358.SZ,湖南裕能,电力设备,6.12,21.07,28.09,,4,10610.45,储能、固态电池、电池、钠离子电池,10.83,8.12,10.27,16.88,20.51,11,2026-04-28,0.0,0.5,1.22,上涨但弱于行业,2026-04-21,固态电池,5,2,0,0
E002-2026-04-10,2026-04-10,2026-04-13,002782.SZ,可立克,电子,1.09,3.26,1.97,,3,9917.25,储能、光伏、高压快充,0.14,4.11,-1.26,-4.25,4.16,4,2026-04-17,-17.98,-0.58,0.81,补跌且弱于行业,2026-04-17,光伏,0,1,0,1
E002-2026-04-10,2026-04-10,2026-04-13,301307.SZ,美利信,通信,-5.22,6.39,-1,,4,18478.63,储能、固态电池、液冷服务器、芯片,4.3,9.36,6.63,15.74,15.74,10,2026-04-27,-0.7,-0.1,-0.25,补跌但相对强,2026-04-22,液冷服务器,3,2,0,0
E002-2026-04-10,2026-04-10,2026-04-13,603659.SH,璞泰来,电力设备,5.45,30.29,29.99,,6,20728.32,储能、固态电池、氢能源、电池、芯片、钠离子电池,3.49,2.19,4.48,6.76,6.76,10,2026-04-27,-4.24,2.91,1.22,抗住且相对强,2026-04-22,芯片,3,3,1,0
E002-2026-04-10,2026-04-10,2026-04-13,605277.SH,新亚电子,电子,0.13,2.09,0.19,,4,12382.0,储能、光伏、消费电子、液冷服务器,0.75,1.92,1.29,-0.5,1.92,5,2026-04-20,-4.21,0.38,0.81,上涨但弱于行业,2026-04-20,液冷服务器,0,1,0,1
E002-2026-04-10,2026-04-10,2026-04-13,300769.SZ,德方纳米,电力设备,5.84,14.2,22.01,,3,9211.43,储能、固态电池、电池,4.4,4.34,8.15,14.03,15.69,11,2026-04-28,0.0,2.16,1.22,抗住且相对强,2026-04-21,固态电池,5,3,1,0
E002-2026-04-10,2026-04-10,2026-04-13,300976.SZ,达瑞电子,电子,1.4,0.97,1.38,,5,20360.34,储能、光伏、消费电子、液冷服务器、芯片,3.47,4.02,6.81,9.58,9.58,10,2026-04-27,-1.63,-0.62,0.81,补跌且弱于行业,2026-04-22,液冷服务器,3,1,0,0
E002-2026-04-10,2026-04-10,2026-04-13,688717.SH,艾罗能源,电力设备,7.07,15.53,27.86,,4,10405.79,储能、光伏、光伏设备、虚拟电厂,-12.85,-10.47,-9.94,-16.51,-3.13,1,2026-04-14,-12.36,2.97,1.22,抗住且相对强,2026-04-14,虚拟电厂,0,3,1,1
E002-2026-04-10,2026-04-10,2026-04-13,300716.SZ,*ST泉为,电力设备,1.3,1.11,1.37,,3,9566.87,储能、光伏、光伏设备,-2.08,-3.53,-6.99,-5.26,-1.8,2,2026-04-15,-1.87,-2.17,1.22,补跌且弱于行业,2026-04-17,光伏,-2,1,0,0
E002-2026-04-10,2026-04-10,2026-04-13,002518.SZ,科士达,电力设备,1.48,4.77,3.23,,3,11551.72,储能、光伏、液冷服务器,0.69,2.56,2.12,-0.44,3.19,8,2026-04-23,-7.58,-0.58,1.22,补跌且弱于行业,2026-04-22,液冷服务器,1,1,0,1
E002-2026-04-10,2026-04-10,2026-04-13,688819.SH,天能股份,电力设备,3.73,2.35,5.72,,6,13888.8,储能、固态电池、氢能源、燃料电池、电池、钠离子电池,1.8,3.94,4.14,2.26,4.46,6,2026-04-21,-3.51,0.91,1.22,上涨但弱于行业,2026-04-21,固态电池,0,1,0,1
E002-2026-04-10,2026-04-10,2026-04-13,300283.SZ,温州宏丰,电力设备,2.85,1.92,3.95,,4,19479.53,储能、光伏、固态电池、芯片,6.07,11.8,14.09,30.81,34.59,9,2026-04-24,-0.11,5.05,1.22,抗住且相对强,2026-04-22,芯片,2,2,0,0
E002-2026-04-10,2026-04-10,2026-04-13,605222.SH,起帆电缆,电力设备,5.34,5.89,12.96,3年新高,3,9819.36,储能、光伏、可控核聚变,10.6,29.84,41.56,38.99,42.48,11,2026-04-28,0.0,-2.39,1.22,补跌且弱于行业,2026-04-20,可控核聚变,6,2,0,0
E002-2026-04-10,2026-04-10,2026-04-13,688551.SH,科威尔,电力设备,0.87,1.21,0.96,,6,22757.88,储能、光伏、固态电池、氢能源、燃料电池、芯片,3.41,2.83,13.27,0.97,13.27,7,2026-04-22,-13.36,-0.07,1.22,补跌且弱于行业,2026-04-22,芯片,0,1,0,1
E002-2026-04-10,2026-04-10,2026-04-13,603063.SH,禾望电气,电力设备,0.09,11.33,0.3,,3,11094.49,储能、光伏、氢能源,14.83,27.23,29.84,31.64,31.64,10,2026-04-27,-0.87,-1.89,1.22,补跌且弱于行业,2026-04-17,光伏,6,1,0,0
E002-2026-04-10,2026-04-10,2026-04-13,688800.SH,瑞可达,电子,0.71,6.41,1.8,,4,12514.01,储能、光伏、液冷服务器、高压快充,9.25,9.28,7.91,2.77,10.73,4,2026-04-17,-8.85,0.57,0.81,上涨但弱于行业,2026-04-17,光伏,0,1,0,1
E002-2026-04-10,2026-04-10,2026-04-13,603220.SH,中贝通信,通信,-1.93,9.7,-1,,3,12998.14,储能、光伏、共封装光学(CPO),18.35,14.46,15.34,16.94,26.87,8,2026-04-23,-18.53,1.89,-0.25,抗住且相对强,2026-04-22,共封装光学(CPO),1,2,0,1
E002-2026-04-10,2026-04-10,2026-04-13,301325.SZ,曼恩斯特,电力设备,3.22,0.93,3.11,,7,24065.78,储能、光伏、固态电池、氢能源、燃料电池、电池、芯片,1.86,3.03,3.55,2.02,4.2,4,2026-04-17,-6.06,-0.89,1.22,补跌且弱于行业,2026-04-17,光伏,0,1,0,1
E002-2026-04-10,2026-04-10,2026-04-13,688772.SH,珠海冠宇,电力设备,2.74,7.87,7.69,,6,11895.68,储能、华为手机、固态电池、电池、钠离子电池、锂电池,2.05,2.3,6.4,3.79,8.58,6,2026-04-21,-5.41,-0.12,1.22,补跌且弱于行业,2026-04-21,固态电池,0,2,0,1
E002-2026-04-10,2026-04-10,2026-04-13,002606.SZ,大连电瓷,电力设备,1.54,2.61,2.49,,2,6196.22,储能、虚拟电厂,5.8,7.79,4.93,28.2,29.76,11,2026-04-28,0.0,-2.86,1.22,补跌且弱于行业,2026-04-14,虚拟电厂,10,0,0,0
E002-2026-04-10,2026-04-10,2026-04-13,300617.SZ,安靠智电,电力设备,1.76,5.3,4.05,,3,9793.88,储能、光伏、虚拟电厂,0.15,9.55,6.0,1.13,9.55,5,2026-04-20,-4.46,2.01,1.22,抗住且相对强,2026-04-17,光伏,1,2,0,1
E002-2026-04-10,2026-04-10,2026-04-13,002692.SZ,远程股份,电力设备,1.59,4.42,3.34,,3,16933.3,储能、光伏、芯片,2.22,15.06,11.25,-4.44,15.06,5,2026-04-20,-23.14,-1.1,1.22,补跌且弱于行业,2026-04-17,光伏,1,1,0,1
E002-2026-04-10,2026-04-10,2026-04-13,002857.SZ,三晖电气,电力设备,1.86,0.62,1.46,,2,6196.22,储能、虚拟电厂,0.14,0.28,-2.24,-2.99,0.28,5,2026-04-20,-4.91,-4.72,1.22,补跌且弱于行业,2026-04-14,虚拟电厂,4,0,0,0
E002-2026-04-10,2026-04-10,2026-04-13,002729.SZ,好利科技,电子,0.98,4.08,1.98,2年新高,2,8954.96,储能、光伏,-3.26,-4.21,-10.12,-12.77,-1.61,1,2026-04-14,-14.62,-1.81,0.81,补跌且弱于行业,2026-04-17,光伏,-3,1,0,0
E002-2026-04-10,2026-04-10,2026-04-13,301282.SZ,金禄电子,电子,-1.69,5.51,-1,,4,12865.02,储能、元件、共封装光学(CPO)、固态电池,18.73,17.66,24.09,17.29,24.09,7,2026-04-22,-8.65,1.16,0.81,抗住且相对强,2026-04-22,共封装光学(CPO),0,2,0,1
E002-2026-04-10,2026-04-10,2026-04-13,300593.SZ,新雷能,电力设备,1.11,3.64,2.12,,2,13335.64,储能、芯片,12.47,19.82,23.21,21.36,23.21,7,2026-04-22,-7.39,0.49,1.22,上涨但弱于行业,2026-04-22,芯片,0,0,0,1
E002-2026-04-10,2026-04-10,2026-04-13,002885.SZ,京泉华,电子,1.14,2.97,1.96,,3,9917.25,储能、光伏、高压快充,6.95,19.15,23.75,22.73,26.39,8,2026-04-23,-4.11,-0.89,0.81,补跌且弱于行业,2026-04-22,高压快充,1,1,0,1
E002-2026-04-10,2026-04-10,2026-04-13,301291.SZ,明阳电气,电力设备,-0.61,4.21,-1,,3,11094.49,储能、光伏、氢能源,7.85,6.65,9.34,6.92,12.29,11,2026-04-28,0.0,-1.83,1.22,补跌且弱于行业,2026-04-17,光伏,7,1,0,0
E002-2026-04-10,2026-04-10,2026-04-13,603861.SH,白云电器,电力设备,-0.65,2.81,-1,,2,8954.96,储能、光伏,2.81,6.88,5.13,1.69,7.69,8,2026-04-23,-6.0,-5.38,1.22,补跌且弱于行业,2026-04-17,光伏,4,0,0,0
E002-2026-04-10,2026-04-10,2026-04-13,300932.SZ,三友联众,电力设备,1.11,1.18,1.21,,2,8954.96,储能、光伏,6.04,5.01,4.79,5.08,6.04,3,2026-04-16,-1.03,-0.44,1.22,补跌且弱于行业,2026-04-17,光伏,-1,0,0,0
E002-2026-04-10,2026-04-10,2026-04-13,300693.SZ,盛弘股份,电力设备,-1.92,10.15,-1,,3,7158.51,储能、虚拟电厂、高压快充,8.45,11.81,8.41,2.21,11.81,5,2026-04-20,-13.45,-0.86,1.22,补跌且弱于行业,2026-04-22,高压快充,-2,1,0,0
E002-2026-04-10,2026-04-10,2026-04-13,002369.SZ,卓翼科技,电子,1.1,0.82,1.0,,2,6187.58,储能、消费电子,-0.68,0.14,-0.14,-0.55,0.14,1,2026-04-14,-1.23,-0.14,0.81,补跌且弱于行业,2026-04-14,消费电子,0,0,0,1
E002-2026-04-10,2026-04-10,2026-04-13,601311.SH,骆驼股份,电力设备,5.17,6.46,13.14,60日新高,6,13888.8,储能、固态电池、氢能源、燃料电池、电池、钠离子电池,1.48,2.17,7.41,-0.1,7.41,7,2026-04-22,-10.08,1.5,1.22,抗住且相对强,2026-04-21,固态电池,1,3,1,1
E002-2026-04-10,2026-04-10,2026-04-13,688567.SH,孚能科技,电力设备,4.67,2.62,7.56,,6,12240.9,储能、固态电池、电池、钠离子电池、锂电池、高压快充,1.05,2.69,4.19,1.72,4.27,4,2026-04-17,-2.84,-0.74,1.22,补跌且弱于行业,2026-04-16,电池,1,2,0,1
E002-2026-04-10,2026-04-10,2026-04-13,688711.SH,宏微科技,电子,0.77,1.09,0.8,,5,19765.05,储能、光伏、半导体、可控核聚变、芯片,1.97,3.86,3.35,2.55,3.86,4,2026-04-17,-4.4,0.22,0.81,上涨但弱于行业,2026-04-17,半导体,0,1,0,1
E002-2026-04-10,2026-04-10,2026-04-13,300656.SZ,民德电子,电子,2.33,1.3,2.66,,3,16933.3,储能、光伏、芯片,12.96,14.45,11.19,13.99,16.5,4,2026-04-17,-0.51,-0.42,0.81,补跌且弱于行业,2026-04-17,光伏,0,1,0,1
E002-2026-04-10,2026-04-10,2026-04-13,300939.SZ,秋田微,电子,-0.87,1.97,-1,,1,5357.3,储能,2.06,2.36,3.13,-0.48,3.13,7,2026-04-22,-5.84,3.48,0.81,抗住且相对强,,,,1,0,0
E002-2026-04-10,2026-04-10,2026-04-13,301120.SZ,新特电气,电力设备,0.95,3.65,1.81,,3,10353.98,储能、光伏、钠离子电池,8.67,7.49,8.85,-7.85,8.94,2,2026-04-15,-19.66,-1.21,1.22,补跌且弱于行业,2026-04-14,钠离子电池,1,1,0,1
E002-2026-04-10,2026-04-10,2026-04-13,688116.SH,天奈科技,电力设备,3.4,3.48,6.34,,5,11572.74,储能、固态电池、电池、钠离子电池、高压快充,-0.35,1.04,4.25,3.26,4.25,7,2026-04-22,-2.52,0.62,1.22,上涨但弱于行业,2026-04-22,高压快充,0,1,0,1
E002-2026-04-10,2026-04-10,2026-04-13,600875.SH,东方电气,电力设备,3.13,48.97,21.9,,5,13097.71,储能、光伏、可控核聚变、氢能源、燃料电池,5.84,7.02,6.27,1.59,10.32,8,2026-04-23,-10.78,0.53,1.22,上涨但弱于行业,2026-04-20,可控核聚变,3,2,0,0
E002-2026-04-10,2026-04-10,2026-04-13,300457.SZ,赢合科技,电力设备,2.16,5.96,5.27,20日新高,4,11350.96,储能、固态电池、氢能源、电池,0.21,2.04,2.4,0.36,2.93,4,2026-04-17,-6.01,0.22,1.22,上涨但弱于行业,2026-04-16,电池,1,1,0,1
E002-2026-04-10,2026-04-10,2026-04-13,002927.SZ,泰永长征,电力设备,2.41,1.47,2.92,,4,10756.17,储能、光伏、虚拟电厂、高压快充,3.48,9.6,7.98,5.88,9.6,5,2026-04-20,-6.9,-6.56,1.22,补跌且弱于行业,2026-04-17,光伏,1,1,0,1
E002-2026-04-10,2026-04-10,2026-04-13,300889.SZ,爱克股份,电子,5.43,2.29,8.22,,2,7954.06,储能、液冷服务器,-0.81,-0.23,-1.8,-7.98,1.0,4,2026-04-17,-8.18,-1.29,0.81,补跌且弱于行业,2026-04-20,液冷服务器,-1,1,0,0
E002-2026-04-10,2026-04-10,2026-04-13,301157.SZ,华塑科技,电力设备,-0.24,1.55,-0.3,1年新高,3,9353.08,储能、液冷服务器、钠离子电池,22.78,26.33,19.2,19.41,32.42,4,2026-04-17,-18.76,2.6,1.22,抗住且相对强,2026-04-20,液冷服务器,-1,2,0,0
E002-2026-04-10,2026-04-10,2026-04-13,600110.SH,诺德股份,电力设备,-2.76,31.67,-1,3年新高,4,9879.59,储能、固态电池、电池、锂电池,-1.37,-1.86,1.08,2.85,3.63,11,2026-04-28,0.0,3.14,1.22,抗住且相对强,2026-04-21,固态电池,5,2,0,0
E002-2026-04-10,2026-04-10,2026-04-13,301002.SZ,崧盛股份,电力设备,4.1,1.63,5.23,,2,8954.96,储能、光伏,10.05,18.85,22.0,30.5,30.5,10,2026-04-27,-0.14,-2.57,1.22,补跌且弱于行业,2026-04-17,光伏,6,0,0,0
E002-2026-04-10,2026-04-10,2026-04-13,300046.SZ,台基股份,电子,-0.35,2.08,-0.5,,4,18900.65,储能、光伏、半导体、芯片,0.13,1.89,3.25,2.62,3.25,7,2026-04-22,-3.41,0.06,0.81,上涨但弱于行业,2026-04-22,半导体,0,1,0,1
E002-2026-04-10,2026-04-10,2026-04-13,600212.SH,绿能慧充,电力设备,5.18,2.15,7.6,,2,6319.59,储能、高压快充,4.1,0.0,0.64,-2.31,4.1,3,2026-04-16,-8.85,3.86,1.22,抗住且相对强,2026-04-22,高压快充,-4,2,0,0
E002-2026-04-10,2026-04-10,2026-04-13,301150.SZ,中一科技,电力设备,0.72,9.08,2.17,60日新高,4,9879.59,储能、固态电池、电池、锂电池,4.37,8.74,11.45,6.43,16.33,6,2026-04-21,-7.25,1.09,1.22,上涨但弱于行业,2026-04-21,固态电池,0,1,0,1
E002-2026-04-10,2026-04-10,2026-04-13,601877.SH,正泰电器,电力设备,2.38,10.1,7.56,,3,9793.88,储能、光伏、虚拟电厂,0.72,-0.63,-1.81,-3.73,3.4,2,2026-04-15,-7.74,-0.95,1.22,补跌且弱于行业,2026-04-14,虚拟电厂,1,2,0,1
E002-2026-04-10,2026-04-10,2026-04-13,300916.SZ,朗特智能,电子,0.2,0.7,0.17,,2,6187.58,储能、消费电子,-1.17,-0.44,12.66,14.82,14.82,10,2026-04-27,-0.89,2.4,0.81,抗住且相对强,2026-04-22,消费电子,3,1,0,0
E002-2026-04-10,2026-04-10,2026-04-13,002402.SZ,和而泰,电子,0.99,9.03,2.97,,2,13335.64,储能、芯片,1.66,2.26,2.99,5.0,5.0,10,2026-04-27,-5.29,-0.73,0.81,补跌且弱于行业,2026-04-22,芯片,3,0,0,0
E002-2026-04-10,2026-04-10,2026-04-13,300903.SZ,科翔股份,电子,-0.84,9.03,-1,,6,21891.94,储能、元件、共封装光学(CPO)、存储芯片、芯片、钠离子电池,17.62,12.99,32.09,28.9,37.02,11,2026-04-28,0.0,-2.29,0.81,补跌且弱于行业,2026-04-27,存储芯片,1,1,0,1
E002-2026-04-10,2026-04-10,2026-04-13,300787.SZ,海能实业,电子,1.09,0.45,0.73,,2,6187.58,储能、消费电子,1.66,2.4,1.49,-11.34,2.4,5,2026-04-20,-15.31,0.08,0.81,上涨但弱于行业,2026-04-20,消费电子,0,0,0,1
E002-2026-04-10,2026-04-10,2026-04-13,688080.SH,映翰通,通信,0.52,0.6,0.4,,1,5357.3,储能,6.07,7.64,-8.85,-14.72,7.64,5,2026-04-20,-24.07,-0.11,-0.25,补跌但相对强,,,,1,0,0
E002-2026-04-10,2026-04-10,2026-04-13,301023.SZ,奕帆传动,电力设备,0.78,0.53,0.57,,2,8954.96,储能、光伏,3.14,4.25,3.82,2.99,4.25,5,2026-04-20,-3.54,-0.55,1.22,补跌且弱于行业,2026-04-17,光伏,1,0,0,1
E002-2026-04-10,2026-04-10,2026-04-13,002981.SZ,朝阳科技,电子,0.29,0.77,0.25,,2,6187.58,储能、消费电子,-0.16,1.22,0.04,0.69,6.57,11,2026-04-28,0.0,-0.41,0.81,补跌且弱于行业,2026-04-22,消费电子,4,0,0,0
E002-2026-04-10,2026-04-10,2026-04-13,603070.SH,万控智造,电力设备,1.47,0.43,0.96,,1,5357.3,储能,1.94,2.14,0.53,0.07,2.14,5,2026-04-20,-2.54,-1.45,1.22,补跌且弱于行业,,,,0,0,0
E002-2026-04-10,2026-04-10,2026-04-13,601126.SH,四方股份,电力设备,-0.3,11.38,-1,,4,11933.41,储能、光伏、氢能源、虚拟电厂,4.82,10.08,20.38,15.87,20.38,7,2026-04-22,-2.68,1.63,1.22,抗住且相对强,2026-04-17,光伏,3,2,0,0
E002-2026-04-10,2026-04-10,2026-04-13,002484.SZ,江海股份,电子,-3.69,16.13,-1,,3,7140.01,储能、元件、可控核聚变,10.41,13.41,13.8,22.81,22.81,10,2026-04-27,0.0,3.03,0.81,抗住且相对强,2026-04-20,可控核聚变,5,2,0,0
E002-2026-04-10,2026-04-10,2026-04-13,601179.SH,中国西电,电力设备,1.84,29.46,9.99,,4,17797.7,储能、光伏、可控核聚变、芯片,10.24,15.17,13.46,6.95,15.17,5,2026-04-20,-6.45,-1.62,1.22,补跌且弱于行业,2026-04-20,可控核聚变,0,2,0,1
E002-2026-04-10,2026-04-10,2026-04-13,600885.SH,宏发股份,电力设备,0.45,5.74,1.08,,2,8954.96,储能、光伏,4.62,9.97,11.03,10.42,11.03,7,2026-04-22,-2.25,-1.5,1.22,补跌且弱于行业,2026-04-17,光伏,3,0,0,0
E002-2026-04-10,2026-04-10,2026-04-13,300953.SZ,震裕科技,电力设备,3.73,20.01,16.69,历史新高,3,7333.36,储能、电池、锂电池,13.88,12.57,24.46,19.15,24.46,7,2026-04-22,-8.32,-4.13,1.22,补跌且弱于行业,2026-04-21,锂电池,1,2,0,1
E002-2026-04-10,2026-04-10,2026-04-13,300490.SZ,华自科技,电力设备,2.98,4.71,6.47,,6,14701.42,储能、光伏、固态电池、虚拟电厂、钠离子电池、高压快充,7.02,11.53,12.89,6.26,12.89,7,2026-04-22,-10.94,4.2,1.22,抗住且相对强,2026-04-22,高压快充,0,3,1,1
E002-2026-04-10,2026-04-10,2026-04-13,300936.SZ,中英科技,电子,-1.69,2.96,-1,,3,14253.95,储能、元件、芯片,15.38,13.53,18.31,15.29,18.69,8,2026-04-23,-7.97,-1.49,0.81,补跌且弱于行业,2026-04-22,芯片,1,1,0,1
E002-2026-04-10,2026-04-10,2026-04-13,002169.SZ,智光电气,电力设备,0.0,3.2,0.0,,4,17772.22,储能、光伏、芯片、虚拟电厂,-2.25,-3.18,-7.69,-14.31,1.72,1,2026-04-14,-17.3,1.62,1.22,抗住且相对强,2026-04-14,虚拟电厂,0,2,0,1
E002-2026-04-10,2026-04-10,2026-04-13,603206.SH,嘉环科技,通信,-0.81,0.62,-0.64,,1,5357.3,储能,11.08,8.55,7.85,6.52,11.08,3,2026-04-16,-4.18,-1.37,-0.25,补跌且弱于行业,,,,0,0,0
E002-2026-04-10,2026-04-10,2026-04-13,000695.SZ,滨海能源,电力设备,2.75,2.53,4.37,,4,12809.09,储能、光伏、固态电池、电池,6.09,9.38,6.16,7.09,9.38,5,2026-04-20,-1.5,3.79,1.22,抗住且相对强,2026-04-21,固态电池,-1,2,0,0
E002-2026-04-10,2026-04-10,2026-04-13,300909.SZ,汇创达,电子,0.23,0.73,0.2,,1,5357.3,储能,11.78,8.76,17.36,17.73,19.35,11,2026-04-28,0.0,-2.78,0.81,补跌且弱于行业,,,,0,0,0
E002-2026-04-10,2026-04-10,2026-04-13,301329.SZ,信音电子,电子,0.35,0.41,0.22,,3,9785.24,储能、光伏、消费电子,2.79,5.32,5.45,4.74,5.63,6,2026-04-21,-2.61,-1.74,0.81,补跌且弱于行业,2026-04-22,消费电子,-1,1,0,0
E002-2026-04-10,2026-04-10,2026-04-13,603097.SH,江苏华辰,电力设备,1.1,0.82,1.0,,2,8954.96,储能、光伏,6.23,6.2,3.08,-16.7,7.01,2,2026-04-15,-21.36,-4.19,1.22,补跌且弱于行业,2026-04-17,光伏,-2,0,0,0
E002-2026-04-10,2026-04-10,2026-04-13,600525.SH,ST长园,电力设备,-0.9,0.9,-0.85,,4,17772.22,储能、光伏、芯片、虚拟电厂,-2.99,-7.22,-6.34,-9.33,-1.06,1,2026-04-14,-7.92,3.27,1.22,抗住且相对强,2026-04-14,虚拟电厂,0,2,0,1
E002-2026-04-10,2026-04-10,2026-04-13,688779.SH,五矿新能,电力设备,0.65,3.28,1.18,,5,11572.74,储能、固态电池、电池、钠离子电池、高压快充,0.0,0.0,2.2,2.84,4.49,11,2026-04-28,0.0,1.49,1.22,抗住且相对强,2026-04-22,高压快充,4,2,0,0
E002-2026-04-10,2026-04-10,2026-04-13,002709.SZ,天赐材料,电力设备,6.45,69.97,53.95,,4,10610.45,储能、固态电池、电池、钠离子电池,5.25,6.29,11.54,18.3,18.3,10,2026-04-27,-2.21,-0.02,1.22,补跌且弱于行业,2026-04-21,固态电池,4,2,0,0
E002-2026-04-10,2026-04-10,2026-04-13,688130.SH,晶华微,电子,0.57,0.25,0.28,,3,15302.99,储能、半导体、芯片,0.76,1.04,2.74,14.12,14.12,10,2026-04-27,-1.51,0.09,0.81,上涨但弱于行业,2026-04-27,半导体,0,1,0,1
E002-2026-04-10,2026-04-10,2026-04-13,002544.SZ,普天科技,通信,-0.65,2.76,-1,,1,5357.3,储能,2.32,4.94,4.9,-2.32,5.62,6,2026-04-21,-11.32,0.73,-0.25,抗住且相对强,,,,1,0,0
E002-2026-04-10,2026-04-10,2026-04-13,301238.SZ,瑞泰新材,电力设备,3.29,2.42,5.12,,5,11572.74,储能、固态电池、电池、钠离子电池、高压快充,5.6,4.67,5.16,5.75,6.19,4,2026-04-17,-1.47,1.14,1.22,上涨但弱于行业,2026-04-16,电池,1,1,0,1
E002-2026-04-10,2026-04-10,2026-04-13,603185.SH,弘元绿能,电力设备,2.1,2.81,3.52,,3,9566.87,储能、光伏、光伏设备,-0.56,0.6,0.08,-3.69,0.6,5,2026-04-20,-8.98,6.72,1.22,抗住且相对强,2026-04-20,光伏设备,0,2,0,1
E002-2026-04-10,2026-04-10,2026-04-13,600580.SH,卧龙电驱,电力设备,2.57,14.67,9.84,,2,7496.83,储能、氢能源,0.95,1.87,1.92,-0.18,2.16,4,2026-04-17,-5.37,0.21,1.22,上涨但弱于行业,2026-04-14,氢能源,3,1,0,0
E002-2026-04-10,2026-04-10,2026-04-13,688681.SH,科汇股份,电力设备,0.21,0.39,0.13,,2,6196.22,储能、虚拟电厂,2.24,1.81,2.18,3.46,3.46,10,2026-04-27,-0.37,-0.58,1.22,补跌且弱于行业,2026-04-14,虚拟电厂,9,0,0,0
E002-2026-04-10,2026-04-10,2026-04-13,300310.SZ,宜通世纪,通信,0.16,1.52,0.2,,3,12998.14,储能、光伏、共封装光学(CPO),2.43,3.4,4.37,-4.85,4.37,7,2026-04-22,-12.14,0.49,-0.25,抗住且相对强,2026-04-22,共封装光学(CPO),0,2,0,1
E002-2026-04-10,2026-04-10,2026-04-13,002660.SZ,茂硕电源,电子,1.29,0.35,0.76,,3,9785.24,储能、光伏、消费电子,0.35,1.98,1.28,2.67,2.67,10,2026-04-27,-0.58,-0.23,0.81,补跌且弱于行业,2026-04-22,消费电子,3,1,0,0
E002-2026-04-10,2026-04-10,2026-04-13,000400.SZ,许继电气,电力设备,1.68,6.58,4.31,,6,13760.1,储能、光伏、可控核聚变、氢能源、虚拟电厂、高压快充,1.48,2.92,2.26,0.31,2.92,5,2026-04-20,-5.61,-9.9,1.22,补跌且弱于行业,2026-04-20,可控核聚变,0,1,0,1
E002-2026-04-10,2026-04-10,2026-04-13,002560.SZ,通达股份,电力设备,2.26,22.3,10.67,,2,8954.96,储能、光伏,-2.59,6.93,-3.08,9.8,9.8,10,2026-04-27,-3.99,5.23,1.22,抗住且相对强,2026-04-17,光伏,6,2,0,0
E002-2026-04-10,2026-04-10,2026-04-13,002249.SZ,大洋电机,电力设备,1.52,3.03,2.65,,3,8635.65,储能、氢能源、燃料电池,1.18,1.61,1.5,-0.64,1.61,5,2026-04-20,-6.01,-0.32,1.22,补跌且弱于行业,2026-04-14,氢能源,4,1,0,0
E002-2026-04-10,2026-04-10,2026-04-13,002340.SZ,格林美,电力设备,1.89,13.32,6.9,,6,13888.8,储能、固态电池、氢能源、燃料电池、电池、钠离子电池,1.47,3.3,4.64,8.91,9.04,11,2026-04-28,0.0,1.24,1.22,抗住且相对强,2026-04-21,固态电池,5,3,1,0
E002-2026-04-10,2026-04-10,2026-04-13,603312.SH,西典新能,电力设备,2.92,0.92,2.8,,2,8954.96,储能、光伏,4.05,4.93,5.23,-2.0,5.23,7,2026-04-22,-7.03,0.28,1.22,上涨但弱于行业,2026-04-17,光伏,3,0,0,0
E002-2026-04-10,2026-04-10,2026-04-13,688063.SH,派能科技,电力设备,3.52,10.17,11.23,,5,11278.61,储能、固态电池、电池、钠离子电池、锂电池,3.91,4.95,9.31,0.4,9.31,7,2026-04-22,-9.77,1.47,1.22,抗住且相对强,2026-04-21,固态电池,1,3,1,1
E002-2026-04-10,2026-04-10,2026-04-13,688707.SH,振华新材,电力设备,2.29,1.03,2.32,,4,10610.45,储能、固态电池、电池、钠离子电池,3.7,8.28,24.26,19.45,28.03,11,2026-04-28,0.0,0.82,1.22,上涨但弱于行业,2026-04-21,固态电池,5,1,0,0
E002-2026-04-10,2026-04-10,2026-04-13,688186.SH,广大特材,电力设备,0.6,2.04,0.86,,3,14200.04,储能、可控核聚变、芯片,3.4,5.59,-7.05,-10.75,5.59,5,2026-04-20,-19.14,-1.57,1.22,补跌且弱于行业,2026-04-20,可控核聚变,0,1,0,1
E002-2026-04-10,2026-04-10,2026-04-13,300750.SZ,宁德时代,电力设备,6.67,207.52,96.09,,5,11278.61,储能、固态电池、电池、钠离子电池、锂电池,6.29,1.26,2.16,1.81,6.29,3,2026-04-16,-6.16,2.68,1.22,抗住且相对强,2026-04-16,电池,0,3,1,1
E002-2026-04-10,2026-04-10,2026-04-13,300820.SZ,英杰电气,电力设备,1.73,1.19,1.89,,5,19937.23,储能、光伏、可控核聚变、氢能源、芯片,2.3,2.22,2.52,-0.54,2.52,7,2026-04-22,-10.58,-0.69,1.22,补跌且弱于行业,2026-04-22,芯片,0,1,0,1
E002-2026-04-10,2026-04-10,2026-04-13,300513.SZ,恒实科技,通信,3.54,0.9,3.36,,4,17772.22,储能、光伏、芯片、虚拟电厂,0.9,-0.34,-2.14,-1.35,2.03,1,2026-04-14,-3.72,1.14,-0.25,抗住且相对强,2026-04-14,虚拟电厂,0,2,0,1
E002-2026-04-10,2026-04-10,2026-04-13,002706.SZ,良信股份,电力设备,2.36,3.84,4.62,,2,8954.96,储能、光伏,7.49,16.98,13.29,20.15,20.15,10,2026-04-27,-0.53,-5.11,1.22,补跌且弱于行业,2026-04-17,光伏,6,0,0,0
E002-2026-04-10,2026-04-10,2026-04-13,603633.SH,徕木股份,电子,1.98,0.85,1.83,,1,5357.3,储能,6.95,12.84,16.51,10.22,16.51,7,2026-04-22,-9.04,-1.17,0.81,补跌且弱于行业,,,,0,0,0
E002-2026-04-10,2026-04-10,2026-04-13,000533.SZ,顺钠股份,电力设备,0.55,11.2,1.84,,3,9819.36,储能、光伏、可控核聚变,6.45,8.41,8.89,-11.8,11.26,6,2026-04-21,-22.66,0.82,1.22,上涨但弱于行业,2026-04-20,可控核聚变,1,1,0,1
E002-2026-04-10,2026-04-10,2026-04-13,600089.SH,特变电工,电力设备,1.35,41.41,8.69,,4,10756.17,储能、光伏、虚拟电厂、高压快充,3.83,3.6,2.12,-1.49,4.83,2,2026-04-15,-5.13,-0.63,1.22,补跌且弱于行业,2026-04-14,虚拟电厂,1,2,0,1
E002-2026-04-10,2026-04-10,2026-04-13,601567.SH,三星电气,电力设备,1.05,4.29,2.17,,2,8954.96,储能、光伏,1.63,0.78,-0.66,-13.3,2.1,4,2026-04-17,-20.81,-1.04,1.22,补跌且弱于行业,2026-04-17,光伏,0,0,0,1
E002-2026-04-10,2026-04-10,2026-04-13,603556.SH,海兴电力,电力设备,0.26,0.83,0.24,,2,8954.96,储能、光伏,2.38,-2.15,-12.66,-13.61,4.87,2,2026-04-15,-20.57,1.48,1.22,抗住且相对强,2026-04-17,光伏,-2,1,0,0
E002-2026-04-10,2026-04-10,2026-04-13,002296.SZ,辉煌科技,通信,0.61,1.06,0.63,,1,5357.3,储能,1.58,2.55,2.02,0.09,2.55,5,2026-04-20,-4.93,-1.81,-0.25,补跌且弱于行业,,,,0,0,0
E002-2026-04-10,2026-04-10,2026-04-13,688597.SH,煜邦电力,电力设备,1.7,0.25,0.85,,3,7158.51,储能、虚拟电厂、高压快充,2.38,3.18,16.57,-2.84,16.57,7,2026-04-22,-21.79,-1.56,1.22,补跌且弱于行业,2026-04-22,高压快充,0,1,0,1
E002-2026-04-10,2026-04-10,2026-04-13,002801.SZ,微光股份,电力设备,1.95,0.51,1.39,,1,5357.3,储能,3.22,4.37,4.44,1.47,5.01,4,2026-04-17,-7.25,0.03,1.22,上涨但弱于行业,,,,0,0,0
E002-2026-04-10,2026-04-10,2026-04-13,300711.SZ,广哈通信,通信,-0.44,0.91,-0.42,,1,5357.3,储能,2.84,2.64,2.8,-2.84,2.84,3,2026-04-16,-9.59,-0.97,-0.25,补跌且弱于行业,,,,0,0,0
E002-2026-04-10,2026-04-10,2026-04-13,603829.SH,洛凯股份,电力设备,2.04,2.28,3.08,,2,8954.96,储能、光伏,-1.96,5.48,1.03,4.34,5.95,9,2026-04-24,-8.37,-4.85,1.22,补跌且弱于行业,2026-04-17,光伏,5,0,0,0
E002-2026-04-10,2026-04-10,2026-04-13,300660.SZ,江苏雷利,电力设备,2.34,2.5,3.7,,3,15932.4,储能、液冷服务器、芯片,1.11,1.64,1.32,-0.62,1.64,4,2026-04-17,-6.63,0.19,1.22,上涨但弱于行业,2026-04-17,芯片,0,1,0,1
E002-2026-04-10,2026-04-10,2026-04-13,300713.SZ,英可瑞,电力设备,1.94,0.54,1.43,,3,9917.25,储能、光伏、高压快充,4.66,4.29,2.7,5.21,5.21,10,2026-04-27,-1.96,0.0,1.22,上涨但弱于行业,2026-04-22,高压快充,3,1,0,0
E002-2026-04-10,2026-04-10,2026-04-13,002953.SZ,日丰股份,电力设备,0.78,0.57,0.59,,2,6319.59,储能、高压快充,6.16,7.01,5.22,2.82,7.01,5,2026-04-20,-5.65,0.09,1.22,上涨但弱于行业,2026-04-22,高压快充,-2,0,0,0
E002-2026-04-10,2026-04-10,2026-04-13,300648.SZ,星云股份,电力设备,1.93,1.29,2.19,,6,12151.46,储能、固态电池、燃料电池、电池、虚拟电厂、高压快充,2.74,-0.8,-0.8,-5.57,2.74,3,2026-04-16,-10.97,-0.32,1.22,补跌且弱于行业,2026-04-16,电池,0,1,0,1
E002-2026-04-10,2026-04-10,2026-04-13,301361.SZ,众智科技,电力设备,1.08,0.72,0.92,,2,6196.22,储能、虚拟电厂,7.33,6.09,3.29,0.77,7.33,3,2026-04-16,-8.98,-0.3,1.22,补跌且弱于行业,2026-04-14,虚拟电厂,2,0,0,0
E002-2026-04-10,2026-04-10,2026-04-13,300670.SZ,大烨智能,电力设备,1.28,0.41,0.82,,1,5357.3,储能,3.52,1.92,0.8,6.4,9.44,11,2026-04-28,0.0,-1.26,1.22,补跌且弱于行业,,,,0,0,0
E002-2026-04-10,2026-04-10,2026-04-13,300444.SZ,双杰电气,电力设备,-1.16,8.61,-1,,5,13302.4,储能、光伏、固态电池、虚拟电厂、高压快充,13.16,17.06,13.16,24.49,24.49,10,2026-04-27,-1.54,-0.44,1.22,补跌且弱于行业,2026-04-22,高压快充,3,1,0,0
E002-2026-04-10,2026-04-10,2026-04-13,600067.SH,冠城新材,电力设备,2.82,1.21,3.1,,2,7496.83,储能、氢能源,2.75,4.0,4.5,-0.5,4.5,7,2026-04-22,-6.75,-0.25,1.22,补跌且弱于行业,2026-04-14,氢能源,6,0,0,0
E002-2026-04-10,2026-04-10,2026-04-13,301152.SZ,天力锂能,电力设备,3.02,2.09,4.37,,5,18588.79,储能、固态电池、电池、芯片、钠离子电池,2.86,3.24,4.61,7.44,7.64,11,2026-04-28,0.0,1.22,1.22,抗住且相对强,2026-04-22,芯片,4,2,0,0
E002-2026-04-10,2026-04-10,2026-04-13,600478.SH,科力远,电力设备,3.48,5.3,8.01,,7,13996.86,储能、固态电池、氢能源、燃料电池、电池、虚拟电厂、锂电池,2.54,2.54,3.21,3.61,5.21,11,2026-04-28,0.0,0.67,1.22,上涨但弱于行业,2026-04-21,固态电池,5,2,0,0
E002-2026-04-10,2026-04-10,2026-04-13,688418.SH,震有科技,通信,-2.41,2.27,-1,20日新高,1,5357.3,储能,11.45,15.78,19.04,4.61,19.41,6,2026-04-21,-21.52,4.48,-0.25,抗住且相对强,,,,2,0,0
E002-2026-04-10,2026-04-10,2026-04-13,002951.SZ,金时科技,电力设备,2.55,1.07,2.64,,1,5357.3,储能,-0.33,7.81,10.35,1.27,10.35,7,2026-04-22,-11.01,0.54,1.22,上涨但弱于行业,,,,0,0,0
E002-2026-04-10,2026-04-10,2026-04-13,301163.SZ,宏德股份,电力设备,1.02,0.37,0.62,,1,5357.3,储能,3.18,8.01,9.21,4.48,9.21,7,2026-04-22,-5.65,-1.68,1.22,补跌且弱于行业,,,,0,0,0
E002-2026-04-10,2026-04-10,2026-04-13,002112.SZ,三变科技,电力设备,1.05,5.43,2.45,,2,8954.96,储能、光伏,5.28,5.13,0.48,-6.32,6.37,2,2026-04-15,-10.55,-0.28,1.22,补跌且弱于行业,2026-04-17,光伏,-2,0,0,0
E002-2026-04-10,2026-04-10,2026-04-13,688611.SH,杭州柯林,电力设备,2.95,0.5,2.09,,5,19968.01,储能、光伏、存储芯片、芯片、虚拟电厂,13.64,24.71,26.5,27.82,27.82,10,2026-04-27,-5.91,-1.93,1.22,补跌且弱于行业,2026-04-27,存储芯片,0,1,0,1
E002-2026-04-10,2026-04-10,2026-04-13,605066.SH,天正电气,电力设备,1.74,0.72,1.48,,2,8954.96,储能、光伏,2.6,-2.22,-5.19,-6.55,2.6,3,2026-04-16,-8.78,-1.34,1.22,补跌且弱于行业,2026-04-17,光伏,-1,0,0,0
E002-2026-04-10,2026-04-10,2026-04-13,688472.SH,阿特斯,电力设备,1.85,5.36,4.28,,3,9566.87,储能、光伏、光伏设备,-0.74,-0.96,-3.34,-5.34,1.93,11,2026-04-28,0.0,2.2,1.22,抗住且相对强,2026-04-20,光伏设备,6,2,0,0
E002-2026-04-10,2026-04-10,2026-04-13,688616.SH,西力科技,电力设备,0.37,0.33,0.21,,1,5357.3,储能,2.17,2.25,6.15,4.27,6.15,7,2026-04-22,-1.5,-1.62,1.22,补跌且弱于行业,,,,0,0,0
E002-2026-04-10,2026-04-10,2026-04-13,301275.SZ,汉朔科技,电子,-1.62,2.79,-1,,3,16933.3,储能、光伏、芯片,3.0,4.6,2.61,1.85,7.68,11,2026-04-28,0.0,-1.67,0.81,补跌且弱于行业,2026-04-22,芯片,4,1,0,0
E002-2026-04-10,2026-04-10,2026-04-13,300274.SZ,阳光电源,电力设备,5.65,136.83,66.09,,5,12545.32,储能、光伏、光伏设备、氢能源、虚拟电厂,-0.25,0.72,1.99,-2.12,3.89,1,2026-04-14,-7.13,2.64,1.22,抗住且相对强,2026-04-14,虚拟电厂,0,3,1,1
E002-2026-04-10,2026-04-10,2026-04-13,300353.SZ,东土科技,通信,1.5,1.89,2.06,,3,14174.56,储能、芯片、虚拟电厂,1.23,2.52,0.41,0.77,3.24,4,2026-04-17,-11.66,-0.46,-0.25,补跌且弱于行业,2026-04-17,芯片,0,1,0,1
E002-2026-04-10,2026-04-10,2026-04-13,002681.SZ,奋达科技,电子,0.0,1.29,0.0,,2,6187.58,储能、消费电子,-0.38,-0.57,-0.76,-1.9,0.19,1,2026-04-14,-4.36,-0.75,0.81,补跌且弱于行业,2026-04-14,消费电子,0,0,0,1
E002-2026-04-10,2026-04-10,2026-04-13,688663.SH,新风光,电力设备,0.19,1.51,0.23,,3,9819.36,储能、光伏、可控核聚变,2.81,12.81,7.91,9.33,13.84,8,2026-04-23,-4.71,5.3,1.22,抗住且相对强,2026-04-20,可控核聚变,3,2,0,0
E002-2026-04-10,2026-04-10,2026-04-13,301226.SZ,祥明智能,电力设备,-3.58,4.53,-1,,3,16933.3,储能、光伏、芯片,-5.25,-7.06,-8.47,-9.76,-2.04,1,2026-04-14,-8.63,-0.16,1.22,补跌且弱于行业,2026-04-14,芯片,0,1,0,1
E002-2026-04-10,2026-04-10,2026-04-13,688408.SH,中信博,电力设备,1.98,1.26,2.22,,3,9566.87,储能、光伏、光伏设备,4.63,5.39,8.33,7.23,8.33,7,2026-04-22,-4.19,7.0,1.22,抗住且相对强,2026-04-20,光伏设备,2,2,0,0
E002-2026-04-10,2026-04-10,2026-04-13,000009.SZ,中国宝安,电力设备,2.54,2.53,4.04,,8,17447.85,储能、固态电池、氢能源、液冷服务器、燃料电池、电池、钠离子电池、高压快充,0.0,-0.11,0.34,-0.89,0.89,1,2026-04-14,-2.24,0.56,1.22,上涨但弱于行业,2026-04-14,液冷服务器,0,1,0,1
E002-2026-04-10,2026-04-10,2026-04-13,300222.SZ,科大智能,电力设备,1.21,1.74,1.6,,4,10756.17,储能、光伏、虚拟电厂、高压快充,2.01,2.92,1.64,2.37,2.92,5,2026-04-20,-2.64,0.64,1.22,上涨但弱于行业,2026-04-17,光伏,1,1,0,1
E002-2026-04-10,2026-04-10,2026-04-13,000682.SZ,东方电子,电力设备,0.98,1.97,1.38,,2,6196.22,储能、虚拟电厂,7.75,9.15,10.88,11.54,12.53,9,2026-04-24,-3.22,-1.78,1.22,补跌且弱于行业,2026-04-14,虚拟电厂,8,0,0,0
E002-2026-04-10,2026-04-10,2026-04-13,300128.SZ,锦富技术,电力设备,0.0,1.02,0.0,,5,14027.83,储能、光伏、液冷服务器、电池、英伟达,1.16,3.15,4.31,1.66,4.31,7,2026-04-22,-6.14,0.0,1.22,上涨但弱于行业,2026-04-22,液冷服务器,0,1,0,1
E002-2026-04-10,2026-04-10,2026-04-13,688560.SH,明冠新材,电力设备,1.76,0.65,1.42,,4,12113.1,储能、光伏、光伏设备、固态电池,1.44,16.36,14.72,13.69,21.7,4,2026-04-17,-8.21,0.83,1.22,上涨但弱于行业,2026-04-17,光伏,0,1,0,1
E002-2026-04-10,2026-04-10,2026-04-13,002313.SZ,日海智能,通信,-0.8,0.39,-0.5,,2,7954.06,储能、液冷服务器,-1.5,-0.81,-2.3,5.99,16.59,11,2026-04-28,0.0,0.23,-0.25,抗住且相对强,2026-04-22,液冷服务器,4,1,0,0
E002-2026-04-10,2026-04-10,2026-04-13,600312.SH,平高电气,电力设备,0.73,4.64,1.57,,1,5357.3,储能,3.64,8.92,12.1,12.92,12.92,10,2026-04-27,-2.51,-6.2,1.22,补跌且弱于行业,,,,0,0,0
E002-2026-04-10,2026-04-10,2026-04-13,301082.SZ,久盛电气,电力设备,0.97,0.7,0.81,,3,7183.99,储能、可控核聚变、高压快充,1.69,4.01,-2.15,-27.1,4.01,5,2026-04-20,-33.71,0.4,1.22,上涨但弱于行业,2026-04-20,可控核聚变,0,1,0,1
E002-2026-04-10,2026-04-10,2026-04-13,301051.SZ,信濠光电,电子,2.0,0.65,1.61,,2,6187.58,储能、消费电子,2.79,3.7,5.44,6.49,6.49,10,2026-04-27,-1.83,2.05,0.81,抗住且相对强,2026-04-22,消费电子,3,1,0,0
E002-2026-04-10,2026-04-10,2026-04-13,688411.SH,海博思创,电力设备,3.13,12.46,11.05,,3,9302.55,储能、固态电池、钠离子电池,0.35,-3.04,-3.7,-2.84,3.49,1,2026-04-14,-2.78,1.6,1.22,抗住且相对强,2026-04-14,钠离子电池,0,3,1,1
E002-2026-04-10,2026-04-10,2026-04-13,002855.SZ,捷荣技术,电子,2.33,0.43,1.53,,2,6187.58,储能、消费电子,-0.67,-0.84,-1.85,4.54,4.54,10,2026-04-27,-1.85,0.17,0.81,上涨但弱于行业,2026-04-22,消费电子,3,0,0,0
E002-2026-04-10,2026-04-10,2026-04-13,300763.SZ,锦浪科技,电力设备,3.22,26.63,16.62,,4,17545.21,储能、光伏、光伏设备、芯片,-1.68,0.36,-0.68,-11.98,6.86,9,2026-04-24,-15.93,1.4,1.22,抗住且相对强,2026-04-22,芯片,2,3,1,0
E002-2026-04-10,2026-04-10,2026-04-13,002452.SZ,长高电新,电力设备,0.87,1.4,1.03,,2,8954.96,储能、光伏,5.73,8.36,9.82,6.22,9.82,7,2026-04-22,-3.11,-1.44,1.22,补跌且弱于行业,2026-04-17,光伏,3,0,0,0
E002-2026-04-10,2026-04-10,2026-04-13,002056.SZ,横店东磁,电力设备,1.62,6.48,4.12,,4,11706.4,储能、光伏、光伏设备、氢能源,-0.67,0.51,1.02,-3.89,1.84,6,2026-04-21,-7.52,4.1,1.22,抗住且相对强,2026-04-20,光伏设备,1,2,0,1
E002-2026-04-10,2026-04-10,2026-04-13,603370.SH,华新精科,电力设备,1.95,0.46,1.32,,2,7954.06,储能、液冷服务器,0.11,1.82,1.41,-0.18,1.82,5,2026-04-20,-8.38,0.48,1.22,上涨但弱于行业,2026-04-20,液冷服务器,0,0,0,1
E002-2026-04-10,2026-04-10,2026-04-13,002745.SZ,木林森,电子,0.12,2.59,0.19,,2,8954.96,储能、光伏,-0.24,3.55,6.52,4.98,11.26,11,2026-04-28,0.0,-2.09,0.81,补跌且弱于行业,2026-04-17,光伏,7,0,0,0
E002-2026-04-10,2026-04-10,2026-04-13,300890.SZ,翔丰华,电力设备,3.62,2.53,5.76,,4,10610.45,储能、固态电池、电池、钠离子电池,2.53,4.96,27.29,31.09,36.6,9,2026-04-24,-7.58,1.17,1.22,上涨但弱于行业,2026-04-21,固态电池,3,1,0,0
E002-2026-04-10,2026-04-10,2026-04-13,002451.SZ,摩恩电气,电力设备,0.73,0.98,0.72,,2,8954.96,储能、光伏,1.54,1.34,0.0,-2.78,1.54,3,2026-04-16,-3.81,0.52,1.22,上涨但弱于行业,2026-04-17,光伏,-1,0,0,0
E002-2026-04-10,2026-04-10,2026-04-13,002388.SZ,新亚制程,电子,2.07,0.58,1.58,,4,12900.21,储能、光伏、固态电池、钠离子电池,0.6,2.98,1.19,2.78,2.98,5,2026-04-20,0.0,2.23,0.81,抗住且相对强,2026-04-21,固态电池,-1,2,0,0
E002-2026-04-10,2026-04-10,2026-04-13,002139.SZ,拓邦股份,电子,1.82,1.61,2.31,,5,12146.55,储能、光伏、消费电子、钠离子电池、高压快充,0.08,-0.24,-1.05,-2.99,0.73,1,2026-04-14,-13.16,0.73,0.81,上涨但弱于行业,2026-04-14,钠离子电池,0,1,0,1
E002-2026-04-10,2026-04-10,2026-04-13,301278.SZ,快可电子,电力设备,1.46,0.82,1.32,,3,9566.87,储能、光伏、光伏设备,2.11,3.38,14.52,1.07,14.52,7,2026-04-22,-16.35,0.58,1.22,上涨但弱于行业,2026-04-20,光伏设备,2,1,0,0
E002-2026-04-10,2026-04-10,2026-04-13,002805.SZ,丰元股份,电力设备,2.31,2.79,3.86,,4,10610.45,储能、固态电池、电池、钠离子电池,4.46,2.54,1.81,3.61,6.55,11,2026-04-28,0.0,2.37,1.22,抗住且相对强,2026-04-21,固态电池,5,2,0,0
E002-2026-04-10,2026-04-10,2026-04-13,002121.SZ,科陆电子,电力设备,2.24,2.16,3.29,,2,6196.22,储能、虚拟电厂,-1.04,-1.3,-0.39,-9.6,0.78,1,2026-04-14,-12.06,-0.64,1.22,补跌且弱于行业,2026-04-14,虚拟电厂,0,0,0,1
E002-2026-04-10,2026-04-10,2026-04-13,600775.SH,南京熊猫,通信,-0.07,2.56,-0.11,,1,5357.3,储能,0.9,1.94,1.35,-6.28,1.94,5,2026-04-20,-10.77,-0.37,-0.25,补跌且弱于行业,,,,0,0,0
E002-2026-04-10,2026-04-10,2026-04-13,002276.SZ,万马股份,电力设备,0.85,2.35,1.3,,3,9917.25,储能、光伏、高压快充,2.41,4.32,4.25,-3.61,4.32,5,2026-04-20,-11.05,-0.35,1.22,补跌且弱于行业,2026-04-17,光伏,1,1,0,1
E002-2026-04-10,2026-04-10,2026-04-13,300051.SZ,琏升科技,电力设备,-3.13,3.59,-1,,4,10965.89,储能、光伏、光伏设备、钠离子电池,18.56,24.8,34.56,21.06,34.56,7,2026-04-22,-19.22,10.01,1.22,抗住且相对强,2026-04-21,钠离子电池,1,2,0,1
E002-2026-04-10,2026-04-10,2026-04-13,600522.SH,中天科技,通信,-5.1,77.81,-1,,8,29123.4,储能、光伏、共封装光学(CPO)、可控核聚变、固态电池、氢能源、液冷服务器、芯片,-1.82,8.52,22.09,25.46,25.46,10,2026-04-27,-2.73,-4.3,-0.25,补跌且弱于行业,2026-04-22,共封装光学(CPO),3,1,0,0
E002-2026-04-10,2026-04-10,2026-04-13,300565.SZ,科信技术,通信,-4.29,6.68,-1,,2,7954.06,储能、液冷服务器,-3.55,-6.76,-10.5,-14.05,-0.67,1,2026-04-14,-15.38,0.13,-0.25,抗住且相对强,2026-04-14,液冷服务器,0,1,0,1
E002-2026-04-10,2026-04-10,2026-04-13,002090.SZ,金智科技,电力设备,1.59,0.62,1.25,,3,8335.75,储能、氢能源、虚拟电厂,2.75,-0.92,-2.48,-1.84,2.75,3,2026-04-16,-6.24,0.09,1.22,上涨但弱于行业,2026-04-14,虚拟电厂,2,1,0,0
E002-2026-04-10,2026-04-10,2026-04-13,002902.SZ,铭普光磁,通信,-2.64,12.98,-1,,4,20976.48,储能、光伏、共封装光学(CPO)、芯片,-0.84,-2.2,-4.47,-7.35,1.91,11,2026-04-28,0.0,10.01,-0.25,抗住且相对强,2026-04-22,共封装光学(CPO),4,2,0,0
E002-2026-04-10,2026-04-10,2026-04-13,002358.SZ,森源电气,电力设备,0.68,1.62,0.87,,3,9917.25,储能、光伏、高压快充,4.13,6.06,3.99,-0.14,6.06,5,2026-04-20,-7.02,-1.22,1.22,补跌且弱于行业,2026-04-17,光伏,1,1,0,1
E002-2026-04-10,2026-04-10,2026-04-13,002079.SZ,苏州固锝,电力设备,0.84,1.56,1.05,,4,17545.21,储能、光伏、光伏设备、芯片,4.7,5.21,9.3,7.76,9.3,7,2026-04-22,-0.72,1.66,1.22,抗住且相对强,2026-04-22,芯片,0,2,0,1
E002-2026-04-10,2026-04-10,2026-04-13,001301.SZ,尚太科技,电力设备,1.75,4.78,3.83,,2,6665.2,储能、电池,4.34,0.85,3.57,9.44,11.95,11,2026-04-28,0.0,-3.71,1.22,补跌且弱于行业,2026-04-21,电池,5,0,0,0
E002-2026-04-10,2026-04-10,2026-04-13,002812.SZ,恩捷股份,电力设备,1.47,24.41,7.26,,3,9211.43,储能、固态电池、电池,6.73,7.88,11.75,20.89,20.89,10,2026-04-27,-3.5,0.13,1.22,上涨但弱于行业,2026-04-21,固态电池,4,2,0,0
E002-2026-04-10,2026-04-10,2026-04-13,300068.SZ,ST南都,电力设备,8.16,15.52,32.15,,8,15395.88,储能、固态电池、氢能源、燃料电池、电池、虚拟电厂、钠离子电池、锂电池,3.48,2.35,0.73,-9.14,4.85,1,2026-04-14,-15.37,-0.8,1.22,补跌且弱于行业,2026-04-14,钠离子电池,0,2,0,1
E002-2026-04-10,2026-04-10,2026-04-13,688353.SH,华盛锂电,电力设备,3.28,8.85,9.76,,4,10610.45,储能、固态电池、电池、钠离子电池,-0.54,-0.25,1.56,-3.42,7.74,1,2026-04-14,-14.79,3.3,1.22,抗住且相对强,2026-04-14,钠离子电池,0,3,1,1
E002-2026-04-10,2026-04-10,2026-04-13,300286.SZ,安科瑞,电力设备,1.22,1.25,1.36,,2,6196.22,储能、虚拟电厂,4.63,4.9,4.82,-3.19,4.9,5,2026-04-20,-11.2,0.4,1.22,上涨但弱于行业,2026-04-14,虚拟电厂,4,0,0,0
E002-2026-04-10,2026-04-10,2026-04-13,600406.SH,国电南瑞,电力设备,1.54,16.03,6.17,,5,19911.75,储能、光伏、氢能源、芯片、虚拟电厂,3.79,5.21,4.33,1.31,5.21,5,2026-04-20,-4.52,-1.78,1.22,补跌且弱于行业,2026-04-17,光伏,1,1,0,1
E002-2026-04-10,2026-04-10,2026-04-13,301439.SZ,泓淋电力,电力设备,1.34,0.62,1.06,,2,6319.59,储能、高压快充,3.17,2.66,2.41,0.25,3.17,3,2026-04-16,-1.33,-0.38,1.22,补跌且弱于行业,2026-04-22,高压快充,-4,0,0,0
E002-2026-04-10,2026-04-10,2026-04-13,601727.SH,上海电气,电力设备,0.5,7.59,1.38,,7,16482.86,储能、光伏、可控核聚变、固态电池、氢能源、燃料电池、虚拟电厂,1.63,1.5,0.75,0.5,1.63,3,2026-04-16,-3.0,-0.12,1.22,补跌且弱于行业,2026-04-17,光伏,-1,1,0,0
E002-2026-04-10,2026-04-10,2026-04-13,002168.SZ,ST惠程,电力设备,0.49,0.22,0.23,,3,9917.25,储能、光伏、高压快充,4.15,2.2,7.56,3.9,7.56,7,2026-04-22,-4.88,0.99,1.22,上涨但弱于行业,2026-04-22,高压快充,0,1,0,1
E002-2026-04-10,2026-04-10,2026-04-13,300173.SZ,ST福能,电力设备,1.42,0.45,0.95,,4,10610.45,储能、固态电池、电池、钠离子电池,-0.46,1.15,-0.69,-0.69,1.15,4,2026-04-17,-2.99,1.4,1.22,抗住且相对强,2026-04-16,电池,1,2,0,1
E002-2026-04-10,2026-04-10,2026-04-13,688599.SH,天合光能,电力设备,2.15,5.31,4.95,,5,12545.32,储能、光伏、光伏设备、氢能源、虚拟电厂,1.15,0.85,-0.85,-1.46,1.28,4,2026-04-17,-5.95,2.11,1.22,抗住且相对强,2026-04-17,光伏,0,2,0,1
E002-2026-04-10,2026-04-10,2026-04-13,601615.SH,明阳智能,电力设备,1.35,12.07,4.69,,4,19072.83,储能、光伏、氢能源、芯片,0.98,5.75,5.81,-2.08,5.81,7,2026-04-22,-11.55,-1.15,1.22,补跌且弱于行业,2026-04-22,芯片,0,1,0,1
E002-2026-04-10,2026-04-10,2026-04-13,301210.SZ,金杨精密,电力设备,1.13,0.72,0.96,,3,7333.36,储能、电池、锂电池,3.32,-4.23,-5.55,-7.92,4.31,4,2026-04-17,-10.87,-0.08,1.22,补跌且弱于行业,2026-04-16,锂电池,1,1,0,1
E002-2026-04-10,2026-04-10,2026-04-13,300118.SZ,东方日升,电力设备,0.06,7.21,0.16,,3,9566.87,储能、光伏、光伏设备,1.7,5.54,1.89,-4.02,5.54,5,2026-04-20,-13.27,1.29,1.22,抗住且相对强,2026-04-20,光伏设备,0,2,0,1
E002-2026-04-10,2026-04-10,2026-04-13,300880.SZ,迦南智能,电力设备,0.81,1.0,0.81,,3,7158.51,储能、虚拟电厂、高压快充,9.71,8.05,6.06,9.43,10.75,8,2026-04-23,-3.22,0.33,1.22,上涨但弱于行业,2026-04-22,高压快充,1,1,0,1
E002-2026-04-10,2026-04-10,2026-04-13,002339.SZ,积成电子,电力设备,0.69,1.73,0.91,,4,10756.17,储能、光伏、虚拟电厂、高压快充,2.92,4.76,1.94,-1.55,4.76,5,2026-04-20,-8.07,0.1,1.22,上涨但弱于行业,2026-04-17,光伏,1,1,0,1
E002-2026-04-10,2026-04-10,2026-04-13,300827.SZ,上能电气,电力设备,0.35,15.67,1.39,,5,12570.8,储能、光伏、光伏设备、可控核聚变、氢能源,0.24,0.16,-3.08,-2.94,2.42,8,2026-04-23,-7.2,0.71,1.22,上涨但弱于行业,2026-04-20,光伏设备,3,1,0,0
E002-2026-04-10,2026-04-10,2026-04-13,600438.SH,通威股份,电力设备,1.69,5.97,4.13,,4,17545.21,储能、光伏、光伏设备、芯片,0.11,3.81,5.12,0.28,5.12,7,2026-04-22,-7.06,7.86,1.22,抗住且相对强,2026-04-22,芯片,0,2,0,1
E002-2026-04-10,2026-04-10,2026-04-13,300477.SZ,ST合纵,电力设备,1.57,0.6,1.22,,2,8954.96,储能、光伏,-2.68,-6.51,-15.71,-7.66,3.07,1,2026-04-14,-17.62,1.16,1.22,上涨但弱于行业,2026-04-17,光伏,-3,0,0,0
E002-2026-04-10,2026-04-10,2026-04-13,600405.SH,动力源,电力设备,1.72,0.65,1.39,,5,13195.6,储能、光伏、氢能源、燃料电池、高压快充,1.14,-0.38,-1.52,-1.52,1.9,1,2026-04-14,-3.43,-1.32,1.22,补跌且弱于行业,2026-04-14,氢能源,0,1,0,1
E002-2026-04-10,2026-04-10,2026-04-13,002028.SZ,思源电气,电力设备,3.77,26.45,19.39,,2,13335.64,储能、芯片,7.64,8.61,10.48,3.46,11.69,8,2026-04-23,-14.33,-4.65,1.22,补跌且弱于行业,2026-04-22,芯片,1,1,0,1
E002-2026-04-10,2026-04-10,2026-04-13,002202.SZ,金风科技,电力设备,0.96,49.07,6.72,,2,7496.83,储能、氢能源,3.52,10.15,8.66,9.9,10.15,5,2026-04-20,-4.47,0.29,1.22,上涨但弱于行业,2026-04-14,氢能源,4,1,0,0
E002-2026-04-10,2026-04-10,2026-04-13,603381.SH,永臻股份,电力设备,1.19,1.3,1.36,,4,12163.63,储能、光伏、光伏设备、液冷服务器,0.87,3.38,4.85,0.09,6.11,6,2026-04-21,-8.71,0.7,1.22,上涨但弱于行业,2026-04-22,液冷服务器,-1,1,0,0
E002-2026-04-10,2026-04-10,2026-04-13,600072.SH,中船科技,电力设备,3.57,5.11,8.07,,2,7496.83,储能、氢能源,-2.51,6.8,10.28,5.34,13.27,6,2026-04-21,-7.77,-0.88,1.22,补跌且弱于行业,2026-04-14,氢能源,5,1,0,0
E002-2026-04-10,2026-04-10,2026-04-13,688248.SH,南网科技,电力设备,0.38,2.16,0.56,,3,8335.75,储能、氢能源、虚拟电厂,6.74,5.26,3.5,-0.52,6.92,8,2026-04-23,-8.79,-0.77,1.22,补跌且弱于行业,2026-04-14,虚拟电厂,7,1,0,0
E002-2026-04-10,2026-04-10,2026-04-13,301587.SZ,中瑞股份,电力设备,4.23,2.76,7.03,,4,9879.59,储能、固态电池、电池、锂电池,4.67,5.12,7.93,12.14,14.61,11,2026-04-28,0.0,0.84,1.22,上涨但弱于行业,2026-04-21,固态电池,5,2,0,0
E002-2026-04-10,2026-04-10,2026-04-13,002879.SZ,长缆科技,电力设备,1.61,0.82,1.46,,2,7954.06,储能、液冷服务器,3.81,10.22,4.43,2.07,10.22,5,2026-04-20,-18.36,-0.29,1.22,补跌且弱于行业,2026-04-20,液冷服务器,0,0,0,1
E002-2026-04-10,2026-04-10,2026-04-13,300301.SZ,ST长方,电子,-3.36,0.85,-1,,1,5357.3,储能,17.65,18.89,17.96,12.38,21.36,4,2026-04-17,-8.05,2.22,0.81,抗住且相对强,,,,1,0,0
E002-2026-04-10,2026-04-10,2026-04-13,688390.SH,固德威,电力设备,4.55,11.83,15.65,,4,10405.79,储能、光伏、光伏设备、虚拟电厂,-3.28,-0.66,2.75,-4.86,2.75,7,2026-04-22,-4.48,4.54,1.22,抗住且相对强,2026-04-20,光伏设备,2,3,1,0
E002-2026-04-10,2026-04-10,2026-04-13,600481.SH,双良节能,电力设备,-1.24,3.58,-1,,5,14303.16,储能、光伏、光伏设备、氢能源、液冷服务器,-1.23,0.92,1.23,-3.68,1.23,7,2026-04-22,-8.59,2.35,1.22,抗住且相对强,2026-04-22,液冷服务器,0,2,0,1
E002-2026-04-10,2026-04-10,2026-04-13,603906.SH,龙蟠科技,电力设备,0.32,10.21,1.02,,7,16485.56,储能、固态电池、氢能源、液冷服务器、燃料电池、电池、钠离子电池,11.78,21.87,27.71,40.61,45.29,9,2026-04-24,-11.47,1.4,1.22,抗住且相对强,2026-04-22,液冷服务器,2,2,0,0
E002-2026-04-10,2026-04-10,2026-04-13,300423.SZ,昇辉科技,电力设备,-0.86,0.94,-0.83,,6,13936.63,储能、光伏、可控核聚变、氢能源、燃料电池、虚拟电厂,-0.24,-0.86,-2.69,-3.3,0.0,1,2026-04-14,-7.22,1.74,1.22,抗住且相对强,2026-04-14,虚拟电厂,0,2,0,1
E002-2026-04-10,2026-04-10,2026-04-13,002850.SZ,科达利,电力设备,0.49,8.67,1.44,,4,9879.59,储能、固态电池、电池、锂电池,11.19,7.96,13.34,11.02,13.34,7,2026-04-22,-9.91,0.82,1.22,上涨但弱于行业,2026-04-21,固态电池,1,1,0,1
E002-2026-04-10,2026-04-10,2026-04-13,603806.SH,福斯特,电力设备,-0.62,10.2,-1,,5,13512.12,储能、光伏、光伏设备、固态电池、钠离子电池,1.45,-0.4,3.29,9.25,9.25,10,2026-04-27,-1.79,-1.82,1.22,补跌且弱于行业,2026-04-21,固态电池,4,1,0,0
E002-2026-04-10,2026-04-10,2026-04-13,603050.SH,科林电气,电力设备,1.44,0.61,1.12,,4,10756.17,储能、光伏、虚拟电厂、高压快充,0.87,1.27,0.92,-2.24,1.27,5,2026-04-20,-3.31,-0.25,1.22,补跌且弱于行业,2026-04-17,光伏,1,1,0,1
E002-2026-04-10,2026-04-10,2026-04-13,688348.SH,昱能科技,电力设备,1.61,1.71,2.11,,4,17545.21,储能、光伏、光伏设备、芯片,-1.59,-0.15,-1.96,-5.57,0.02,1,2026-04-14,-8.69,0.95,1.22,上涨但弱于行业,2026-04-14,芯片,0,1,0,1
E002-2026-04-10,2026-04-10,2026-04-13,300376.SZ,易事特,电力设备,0.16,1.52,0.2,,6,19132.63,储能、液冷服务器、芯片、虚拟电厂、钠离子电池、高压快充,3.47,5.94,5.61,1.16,6.11,4,2026-04-17,-7.1,-2.1,1.22,补跌且弱于行业,2026-04-17,芯片,0,1,0,1
E002-2026-04-10,2026-04-10,2026-04-13,301012.SZ,扬电科技,电力设备,-0.2,2.37,-0.31,,2,8954.96,储能、光伏,10.21,20.11,25.12,13.77,25.12,7,2026-04-22,-0.24,0.24,1.22,上涨但弱于行业,2026-04-17,光伏,3,0,0,0
E002-2026-04-10,2026-04-10,2026-04-13,002533.SZ,金杯电工,电力设备,1.3,1.75,1.72,,4,10781.65,储能、光伏、可控核聚变、高压快充,5.91,6.76,9.52,3.76,9.52,7,2026-04-22,-8.06,-1.88,1.22,补跌且弱于行业,2026-04-22,高压快充,0,1,0,1
E002-2026-04-10,2026-04-10,2026-04-13,300510.SZ,金冠股份,电力设备,0.72,0.7,0.6,,4,10756.17,储能、光伏、虚拟电厂、高压快充,1.43,0.24,-2.63,-1.67,1.43,3,2026-04-16,-4.77,0.48,1.22,上涨但弱于行业,2026-04-17,光伏,-1,1,0,0
E002-2026-04-10,2026-04-10,2026-04-13,002623.SZ,亚玛顿,电力设备,0.23,0.96,0.23,,3,9566.87,储能、光伏、光伏设备,1.64,2.96,2.28,-2.01,2.96,5,2026-04-20,-6.47,0.97,1.22,上涨但弱于行业,2026-04-20,光伏设备,0,1,0,1
E002-2026-04-10,2026-04-10,2026-04-13,301609.SZ,山大电力,电力设备,1.88,1.25,2.1,,2,6196.22,储能、虚拟电厂,4.04,5.73,2.71,-0.41,5.73,5,2026-04-20,-9.2,0.15,1.22,上涨但弱于行业,2026-04-14,虚拟电厂,4,0,0,0
E002-2026-04-10,2026-04-10,2026-04-13,603191.SH,望变电气,电力设备,1.17,2.42,1.82,,2,8954.96,储能、光伏,1.49,3.13,0.72,-3.71,3.13,5,2026-04-20,-8.24,0.19,1.22,上涨但弱于行业,2026-04-17,光伏,1,0,0,1
E002-2026-04-10,2026-04-10,2026-04-13,600416.SH,湘电股份,电力设备,-1.05,3.32,-1,,1,5357.3,储能,1.39,2.29,4.1,4.67,4.67,10,2026-04-27,-3.52,-0.73,1.22,补跌且弱于行业,,,,0,0,0
E002-2026-04-10,2026-04-10,2026-04-13,301327.SZ,华宝新能,电力设备,2.56,5.07,5.76,,6,14876.27,储能、光伏、固态电池、电池、钠离子电池、锂电池,-2.33,0.89,-1.75,-6.76,0.89,5,2026-04-20,-7.35,0.84,1.22,上涨但弱于行业,2026-04-21,固态电池,-1,1,0,0
E002-2026-04-10,2026-04-10,2026-04-13,601012.SH,隆基绿能,电力设备,1.18,20.07,5.29,,4,11706.4,储能、光伏、光伏设备、氢能源,-0.96,-0.17,-0.74,-3.05,-0.17,5,2026-04-20,-3.96,3.27,1.22,抗住且相对强,2026-04-20,光伏设备,0,2,0,1
E002-2026-04-10,2026-04-10,2026-04-13,600152.SH,维科技术,电力设备,-0.2,8.46,-0.58,,5,11278.61,储能、固态电池、电池、钠离子电池、锂电池,16.93,28.86,16.0,31.91,45.14,11,2026-04-28,0.0,9.97,1.22,抗住且相对强,2026-04-21,固态电池,5,2,0,0
E002-2026-04-10,2026-04-10,2026-04-13,301139.SZ,*ST元道,通信,0.35,0.43,0.23,,2,8954.96,储能、光伏,10.66,5.62,3.51,1.52,10.66,3,2026-04-16,-10.19,-0.23,-0.25,补跌但相对强,2026-04-17,光伏,-1,1,0,0
E002-2026-04-10,2026-04-10,2026-04-13,002459.SZ,晶澳科技,电力设备,1.61,5.23,3.68,,3,9566.87,储能、光伏、光伏设备,-2.06,-0.18,-1.7,-4.39,-0.18,5,2026-04-20,-5.37,3.91,1.22,抗住且相对强,2026-04-20,光伏设备,0,2,0,1
E002-2026-04-10,2026-04-10,2026-04-13,603212.SH,赛伍技术,电力设备,0.87,1.15,0.93,,6,21053.73,储能、光伏、光伏设备、固态电池、芯片、高压快充,1.16,6.5,4.72,6.81,10.53,8,2026-04-23,-9.52,0.86,1.22,上涨但弱于行业,2026-04-22,高压快充,1,1,0,1
E002-2026-04-10,2026-04-10,2026-04-13,002506.SZ,协鑫集成,电力设备,0.91,21.72,4.24,,3,9566.87,储能、光伏、光伏设备,-2.85,1.97,3.29,-4.17,7.02,6,2026-04-21,-11.62,2.7,1.22,抗住且相对强,2026-04-20,光伏设备,1,2,0,1
E002-2026-04-10,2026-04-10,2026-04-13,600268.SH,国电南自,电力设备,0.47,5.1,1.06,,2,6196.22,储能、虚拟电厂,5.21,9.88,6.97,1.69,9.88,5,2026-04-20,-10.62,-0.87,1.22,补跌且弱于行业,2026-04-14,虚拟电厂,4,0,0,0
E002-2026-04-10,2026-04-10,2026-04-13,300185.SZ,通裕重工,电力设备,-1.24,4.64,-1,,1,5357.3,储能,-0.62,2.78,-0.62,-1.23,2.78,5,2026-04-20,-5.86,1.89,1.22,抗住且相对强,,,,1,0,0
E002-2026-04-10,2026-04-10,2026-04-13,300062.SZ,中能电气,电力设备,0.52,1.18,0.56,,3,9917.25,储能、光伏、高压快充,0.65,2.19,0.0,-0.65,2.19,5,2026-04-20,-4.9,0.78,1.22,上涨但弱于行业,2026-04-17,光伏,1,1,0,1
E002-2026-04-10,2026-04-10,2026-04-13,002227.SZ,*ST特迅,电力设备,-0.22,0.34,-0.13,,3,7158.51,储能、虚拟电厂、高压快充,-10.47,-4.57,-9.35,-7.02,-0.78,1,2026-04-14,-2.34,1.13,1.22,上涨但弱于行业,2026-04-14,虚拟电厂,0,1,0,1
E002-2026-04-10,2026-04-10,2026-04-13,688223.SH,晶科能源,电力设备,1.4,8.87,4.17,,3,9566.87,储能、光伏、光伏设备,7.05,4.2,1.35,-3.75,7.05,3,2026-04-16,-13.79,2.14,1.22,抗住且相对强,2026-04-17,光伏,-1,2,0,0
E002-2026-04-10,2026-04-10,2026-04-13,603679.SH,华体科技,电子,1.56,0.72,1.32,,2,6196.22,储能、虚拟电厂,1.73,2.74,2.67,0.43,3.25,11,2026-04-28,0.0,1.24,0.81,抗住且相对强,2026-04-14,虚拟电厂,10,1,0,0
E002-2026-04-10,2026-04-10,2026-04-13,603333.SH,尚纬股份,电力设备,1.92,1.15,2.06,,2,8954.96,储能、光伏,-1.63,-0.63,4.14,1.88,4.14,7,2026-04-22,-4.77,0.13,1.22,上涨但弱于行业,2026-04-17,光伏,3,0,0,0
E002-2026-04-10,2026-04-10,2026-04-13,003043.SZ,华亚智能,电子,-1.33,0.93,-1,,4,17849.22,储能、半导体、固态电池、芯片,1.29,5.58,6.42,6.55,6.55,10,2026-04-27,-3.45,-2.39,0.81,补跌且弱于行业,2026-04-27,半导体,0,1,0,1
E002-2026-04-10,2026-04-10,2026-04-13,300080.SZ,易成新能,电力设备,1.53,1.47,1.86,,3,9566.87,储能、光伏、光伏设备,-1.06,-0.85,-0.85,-4.47,0.21,6,2026-04-21,-6.17,1.29,1.22,抗住且相对强,2026-04-20,光伏设备,1,2,0,1
E002-2026-04-10,2026-04-10,2026-04-13,688339.SH,亿华通-U,电力设备,1.7,0.85,1.57,,4,9943.55,储能、氢能源、燃料电池、电池,4.19,2.93,2.28,1.18,4.19,3,2026-04-16,-6.75,2.72,1.22,抗住且相对强,2026-04-16,电池,0,2,0,1
E002-2026-04-10,2026-04-10,2026-04-13,688032.SH,禾迈股份,电力设备,2.42,2.13,3.53,,3,9566.87,储能、光伏、光伏设备,-3.44,-4.07,-2.77,-7.87,-1.61,1,2026-04-14,-7.8,1.66,1.22,抗住且相对强,2026-04-17,光伏,-3,2,0,0
E002-2026-04-10,2026-04-10,2026-04-13,600563.SH,法拉电子,电子,-0.22,8.81,-0.65,,4,10835.56,储能、元件、光伏、高压快充,3.61,5.54,4.28,-0.83,6.66,4,2026-04-17,-10.76,-0.51,0.81,补跌且弱于行业,2026-04-17,元件,0,1,0,1
E002-2026-04-10,2026-04-10,2026-04-13,300582.SZ,英飞特,电子,-0.23,0.81,-0.21,,1,5357.3,储能,-0.61,-1.6,0.46,19.71,21.23,11,2026-04-28,0.0,-0.68,0.81,补跌且弱于行业,,,,0,0,0
E002-2026-04-10,2026-04-10,2026-04-13,301658.SZ,首航新能,电力设备,1.69,8.53,4.94,,3,9566.87,储能、光伏、光伏设备,-3.49,-1.4,-2.09,-8.47,-0.51,6,2026-04-21,-7.67,2.14,1.22,抗住且相对强,2026-04-20,光伏设备,1,2,0,1
E002-2026-04-10,2026-04-10,2026-04-13,688618.SH,三旺通信,通信,-2.84,1.44,-1,,2,13335.64,储能、芯片,17.91,18.88,15.59,9.01,20.03,4,2026-04-17,-14.79,-0.85,-0.25,补跌且弱于行业,2026-04-17,芯片,0,0,0,1
E002-2026-04-10,2026-04-10,2026-04-13,000821.SZ,ST京机,电力设备,1.08,1.31,1.24,,3,9566.87,储能、光伏、光伏设备,-0.96,0.26,-1.04,-6.6,1.82,6,2026-04-21,-12.34,2.77,1.22,抗住且相对强,2026-04-20,光伏设备,1,2,0,1
E002-2026-04-10,2026-04-10,2026-04-13,301179.SZ,泽宇智能,电力设备,-3.19,5.39,-1,,3,9793.88,储能、光伏、虚拟电厂,5.83,7.87,5.45,-7.18,7.87,5,2026-04-20,-12.59,4.74,1.22,抗住且相对强,2026-04-17,光伏,1,2,0,1
E002-2026-04-10,2026-04-10,2026-04-13,301516.SZ,中远通,电力设备,-2.87,1.81,-1,,5,13195.6,储能、光伏、氢能源、燃料电池、高压快充,4.85,4.07,0.88,-0.41,4.85,3,2026-04-16,-4.74,2.32,1.22,抗住且相对强,2026-04-17,光伏,-1,2,0,0
E002-2026-04-10,2026-04-10,2026-04-13,002630.SZ,*ST华西,电力设备,0.0,0.71,0.0,,1,5357.3,储能,11.52,15.71,11.52,10.99,17.28,4,2026-04-17,-7.85,1.6,1.22,抗住且相对强,,,,1,0,0
E002-2026-04-10,2026-04-10,2026-04-13,600468.SH,百利电气,电力设备,0.79,2.56,1.26,,3,8361.23,储能、可控核聚变、氢能源,4.3,6.78,6.26,1.43,6.78,5,2026-04-20,-7.56,-0.13,1.22,补跌且弱于行业,2026-04-20,可控核聚变,0,1,0,1
E002-2026-04-10,2026-04-10,2026-04-13,603628.SH,清源股份,电力设备,0.99,1.24,1.1,,3,9566.87,储能、光伏、光伏设备,-0.67,-0.89,1.34,-4.55,1.94,6,2026-04-21,-9.46,1.05,1.22,上涨但弱于行业,2026-04-20,光伏设备,1,1,0,1
E002-2026-04-10,2026-04-10,2026-04-13,300345.SZ,华民股份,电力设备,1.5,1.78,2.0,,3,9566.87,储能、光伏、光伏设备,-3.44,-1.87,-4.73,-7.03,-1.87,1,2026-04-14,-9.04,2.95,1.22,抗住且相对强,2026-04-17,光伏,-3,2,0,0
E002-2026-04-10,2026-04-10,2026-04-13,001382.SZ,新亚电缆,电力设备,0.5,0.98,0.49,,2,8954.96,储能、光伏,1.24,4.47,2.68,0.94,4.47,5,2026-04-20,-5.22,0.05,1.22,上涨但弱于行业,2026-04-17,光伏,1,0,0,1
E002-2026-04-10,2026-04-10,2026-04-13,300772.SZ,运达股份,电力设备,-0.76,4.38,-1,,2,7496.83,储能、氢能源,-6.58,-3.9,-4.31,-6.64,-0.99,1,2026-04-14,-6.58,1.6,1.22,抗住且相对强,2026-04-14,氢能源,0,1,0,1
E002-2026-04-10,2026-04-10,2026-04-13,002309.SZ,中利集团,电力设备,-7.56,24.56,-1,,2,8954.96,储能、光伏,-8.09,-1.57,-1.8,-6.52,-1.57,5,2026-04-20,-1.12,1.14,1.22,上涨但弱于行业,2026-04-17,光伏,1,0,0,1
E002-2026-04-10,2026-04-10,2026-04-13,688516.SH,奥特维,电力设备,-0.82,13.91,-1,,6,24134.62,储能、光伏、光伏设备、共封装光学(CPO)、固态电池、芯片,8.23,13.69,11.75,11.51,13.69,5,2026-04-20,-5.57,1.32,1.22,抗住且相对强,2026-04-20,光伏设备,0,2,0,1
E002-2026-04-10,2026-04-10,2026-04-13,603618.SH,杭电股份,电力设备,-8.5,23.42,-1,,2,8954.96,储能、光伏,-3.47,7.61,20.77,28.43,32.87,8,2026-04-23,-9.94,-1.99,1.22,补跌且弱于行业,2026-04-17,光伏,4,0,0,0
E002-2026-04-10,2026-04-10,2026-04-13,600207.SH,安彩高科,电力设备,-4.75,3.16,-1,,4,17545.21,储能、光伏、光伏设备、芯片,-4.75,1.58,-0.18,3.87,3.87,10,2026-04-27,-3.35,1.07,1.22,上涨但弱于行业,2026-04-22,芯片,3,1,0,0
E002-2026-04-10,2026-04-10,2026-04-13,603459.SH,红板科技,电子,9.57,27.24,49.95,,5,15752.69,元件、共封装光学(CPO)、华为手机、存储芯片、芯片,9.34,0.14,1.35,1.15,9.34,3,2026-04-16,-9.07,14.05,0.81,抗住且相对强,2026-04-17,共封装光学(CPO),-1,3,1,0
E002-2026-04-10,2026-04-10,2026-04-13,002636.SZ,金安国纪,电子,-3.39,28.47,-1,历史新高,1,918.31,元件,5.85,8.11,25.87,20.49,26.45,11,2026-04-28,0.0,1.86,0.81,抗住且相对强,2026-04-17,元件,7,2,0,0
E002-2026-04-10,2026-04-10,2026-04-13,301251.SZ,威尔高,电子,2.19,5.25,5.02,,2,4961.49,元件、共封装光学(CPO),1.24,-0.5,0.55,-4.51,1.24,3,2026-04-16,-8.31,2.13,0.81,抗住且相对强,2026-04-17,元件,-1,1,0,0
E002-2026-04-10,2026-04-10,2026-04-13,002916.SZ,深南电路,电子,7.83,59.55,60.42,,3,11092.44,元件、存储芯片、芯片,0.54,7.05,12.14,19.77,19.77,10,2026-04-27,-2.56,2.54,0.81,抗住且相对强,2026-04-27,存储芯片,0,3,1,1
E002-2026-04-10,2026-04-10,2026-04-13,600183.SH,生益科技,电子,3.4,36.81,20.63,,4,15135.62,元件、共封装光学(CPO)、存储芯片、芯片,6.44,9.97,19.74,20.8,20.8,10,2026-04-27,-0.08,3.69,0.81,抗住且相对强,2026-04-27,存储芯片,0,3,1,1
E002-2026-04-10,2026-04-10,2026-04-13,688655.SH,迅捷兴,电子,-2.32,2.96,-1,,2,4961.49,元件、共封装光学(CPO),20.64,25.62,33.73,18.25,34.08,6,2026-04-21,-13.51,4.13,0.81,抗住且相对强,2026-04-22,共封装光学(CPO),-1,1,0,0
E002-2026-04-10,2026-04-10,2026-04-13,300814.SZ,中富电路,电子,3.6,11.49,12.2,,2,4961.49,元件、共封装光学(CPO),1.92,1.8,4.01,-0.73,4.01,7,2026-04-22,-3.05,-1.58,0.81,补跌且弱于行业,2026-04-22,共封装光学(CPO),0,1,0,1
E002-2026-04-10,2026-04-10,2026-04-13,688183.SH,生益电子,电子,7.09,31.57,39.84,20日新高,2,4961.49,元件、共封装光学(CPO),-0.69,2.32,9.59,13.84,13.84,10,2026-04-27,-4.53,11.26,0.81,抗住且相对强,2026-04-22,共封装光学(CPO),3,3,1,0
E002-2026-04-10,2026-04-10,2026-04-13,002436.SZ,兴森科技,电子,3.89,24.6,19.29,,4,15135.62,元件、共封装光学(CPO)、存储芯片、芯片,-1.19,5.23,13.48,15.85,15.85,10,2026-04-27,-5.35,9.98,0.81,抗住且相对强,2026-04-27,存储芯片,0,3,1,1
E002-2026-04-10,2026-04-10,2026-04-13,002463.SZ,沪电股份,电子,2.89,77.45,25.43,,2,8896.65,元件、芯片,6.46,10.52,16.47,18.36,20.24,8,2026-04-23,-5.35,0.4,0.81,上涨但弱于行业,2026-04-22,芯片,1,1,0,1
E002-2026-04-10,2026-04-10,2026-04-13,688519.SH,南亚新材,电子,2.08,11.63,7.09,,3,7157.28,元件、共封装光学(CPO)、存储芯片,8.26,4.47,12.18,20.71,21.17,11,2026-04-28,0.0,4.1,0.81,抗住且相对强,2026-04-27,存储芯片,1,3,1,1
E002-2026-04-10,2026-04-10,2026-04-13,301176.SZ,逸豪新材,电子,3.11,2.85,5.25,,1,918.31,元件,-1.17,-3.51,-0.27,12.68,19.2,11,2026-04-28,0.0,3.53,0.81,抗住且相对强,2026-04-17,元件,7,1,0,0
E002-2026-04-10,2026-04-10,2026-04-13,603175.SH,超颖电子,电子,-1.47,3.75,-1,,3,11092.44,元件、存储芯片、芯片,5.78,11.88,18.56,14.24,18.56,7,2026-04-22,-11.64,-1.31,0.81,补跌且弱于行业,2026-04-22,芯片,0,1,0,1
E002-2026-04-10,2026-04-10,2026-04-13,300408.SZ,三环集团,电子,1.78,18.81,7.72,20日新高,3,6100.31,元件、共封装光学(CPO)、燃料电池,5.8,3.24,8.94,23.11,32.81,11,2026-04-28,0.0,3.15,0.81,抗住且相对强,2026-04-22,共封装光学(CPO),4,3,1,0
E002-2026-04-10,2026-04-10,2026-04-13,603328.SH,依顿电子,电子,-0.71,4.96,-1,,3,8559.15,元件、光伏、共封装光学(CPO),0.16,1.94,10.41,4.43,10.41,7,2026-04-22,-9.63,2.06,0.81,抗住且相对强,2026-04-22,共封装光学(CPO),0,2,0,1
E002-2026-04-10,2026-04-10,2026-04-13,301041.SZ,金百泽,电子,-0.15,0.78,-0.13,,2,1757.23,元件、虚拟电厂,5.0,9.71,10.15,9.31,10.15,7,2026-04-22,-2.59,0.7,0.81,上涨但弱于行业,2026-04-17,元件,3,0,0,0
E002-2026-04-10,2026-04-10,2026-04-13,301366.SZ,一博科技,电子,2.6,0.91,2.48,,4,14108.04,元件、共封装光学(CPO)、芯片、英伟达,4.08,9.37,14.59,15.23,15.23,10,2026-04-27,-1.33,1.01,0.81,抗住且相对强,2026-04-22,共封装光学(CPO),3,2,0,0
E002-2026-04-10,2026-04-10,2026-04-13,300852.SZ,四会富仕,电子,0.74,1.54,0.92,,2,4961.49,元件、共封装光学(CPO),2.47,3.66,7.7,13.21,13.21,10,2026-04-27,-5.44,2.63,0.81,抗住且相对强,2026-04-22,共封装光学(CPO),3,1,0,0
E002-2026-04-10,2026-04-10,2026-04-13,301132.SZ,满坤科技,电子,-0.17,2.7,-0.28,20日新高,2,4961.49,元件、共封装光学(CPO),3.66,1.26,3.95,-0.85,3.95,7,2026-04-22,-7.39,0.56,0.81,上涨但弱于行业,2026-04-22,共封装光学(CPO),0,1,0,1
E002-2026-04-10,2026-04-10,2026-04-13,301566.SZ,达利凯普,电子,0.34,1.57,0.43,,1,918.31,元件,4.71,13.63,21.69,15.09,21.69,7,2026-04-22,-3.88,1.03,0.81,抗住且相对强,2026-04-17,元件,3,1,0,0
E002-2026-04-10,2026-04-10,2026-04-13,300964.SZ,本川智能,电子,0.14,4.66,0.3,,2,4961.49,元件、共封装光学(CPO),-2.04,-0.84,-1.76,-9.63,1.91,4,2026-04-17,-7.78,4.18,0.81,抗住且相对强,2026-04-17,元件,0,1,0,1
E002-2026-04-10,2026-04-10,2026-04-13,603386.SH,骏亚科技,电子,-0.07,0.74,-0.06,,2,4961.49,元件、共封装光学(CPO),1.21,3.13,3.77,2.42,3.77,7,2026-04-22,-11.46,0.72,0.81,上涨但弱于行业,2026-04-22,共封装光学(CPO),0,0,0,1
E002-2026-04-10,2026-04-10,2026-04-13,301628.SZ,强达电路,电子,-2.46,2.56,-1,,2,4961.49,元件、共封装光学(CPO),0.44,4.79,6.36,-0.05,6.36,7,2026-04-22,-6.93,3.43,0.81,抗住且相对强,2026-04-22,共封装光学(CPO),0,1,0,1
E002-2026-04-10,2026-04-10,2026-04-13,605258.SH,协和电子,电子,-1.78,1.87,-1,,1,918.31,元件,0.65,1.82,2.74,3.37,3.37,10,2026-04-27,-6.08,1.4,0.81,抗住且相对强,2026-04-17,元件,6,1,0,0
E002-2026-04-10,2026-04-10,2026-04-13,002134.SZ,天津普林,电子,1.49,1.02,1.5,,1,918.31,元件,3.93,7.06,9.35,16.73,17.52,11,2026-04-28,0.0,1.18,0.81,抗住且相对强,2026-04-17,元件,7,1,0,0
E002-2026-04-10,2026-04-10,2026-04-13,002199.SZ,*ST东晶,电子,5.03,0.16,2.01,,1,918.31,元件,3.78,3.78,4.78,13.01,13.01,10,2026-04-27,-4.67,5.02,0.81,抗住且相对强,2026-04-17,元件,6,1,0,0
E002-2026-04-10,2026-04-10,2026-04-13,600601.SH,方正科技,电子,-0.49,7.28,-1,,2,4961.49,元件、共封装光学(CPO),-0.29,12.01,12.68,13.92,13.92,10,2026-04-27,-3.34,3.76,0.81,抗住且相对强,2026-04-22,共封装光学(CPO),3,1,0,0
E002-2026-04-10,2026-04-10,2026-04-13,301458.SZ,钧崴电子,电子,-0.72,1.45,-0.87,,3,3048.81,元件、英伟达、高压快充,0.87,8.4,21.37,15.29,21.37,6,2026-04-21,-8.8,-0.26,0.81,补跌且弱于行业,2026-04-22,英伟达,-1,1,0,0
E002-2026-04-10,2026-04-10,2026-04-13,600237.SH,XD铜峰电,电子,0.34,1.5,0.42,,4,6342.66,元件、光伏、可控核聚变、高压快充,-0.53,-1.17,0.11,-1.8,0.64,2,2026-04-15,-6.26,6.19,0.81,抗住且相对强,2026-04-14,元件,1,2,0,1
E002-2026-04-10,2026-04-10,2026-04-13,688478.SH,晶升股份,电子,20.0,3.73,38.63,20日新高,4,15739.14,光伏、半导体、存储芯片、芯片,1.71,8.57,12.41,19.56,19.56,10,2026-04-27,-5.6,4.43,0.81,抗住且相对强,2026-04-27,半导体,0,3,1,1
E002-2026-04-10,2026-04-10,2026-04-13,301319.SZ,唯特偶,电子,4.67,3.63,8.9,20日新高,2,11576.0,光伏、芯片,9.81,35.36,39.48,46.4,50.69,8,2026-04-23,-22.04,1.92,0.81,抗住且相对强,2026-04-22,芯片,1,3,1,1
E002-2026-04-10,2026-04-10,2026-04-13,300706.SZ,阿石创,电子,1.78,8.16,5.08,20日新高,4,15739.14,光伏、半导体、存储芯片、芯片,-1.51,1.99,7.27,8.69,12.0,11,2026-04-28,0.0,-1.8,0.81,补跌且弱于行业,2026-04-27,半导体,1,1,0,1
E002-2026-04-10,2026-04-10,2026-04-13,603507.SH,振江股份,电力设备,2.23,8.23,6.4,3年新高,2,5737.19,光伏、氢能源,-1.78,-2.68,-1.37,-3.36,0.66,11,2026-04-28,0.0,-1.14,1.22,补跌且弱于行业,2026-04-17,光伏,7,1,0,0
E002-2026-04-10,2026-04-10,2026-04-13,688535.SH,华海诚科,电子,0.79,3.23,1.42,,4,15739.14,光伏、半导体、存储芯片、芯片,5.11,5.65,6.87,8.55,8.55,10,2026-04-27,-0.92,-0.66,0.81,补跌且弱于行业,2026-04-27,半导体,0,1,0,1
E002-2026-04-10,2026-04-10,2026-04-13,300666.SZ,江丰电子,电子,-0.3,19.93,-1,20日新高,4,15739.14,光伏、半导体、存储芯片、芯片,-1.26,0.6,2.97,7.52,14.97,11,2026-04-28,0.0,-0.31,0.81,补跌且弱于行业,2026-04-27,半导体,1,1,0,1
E002-2026-04-10,2026-04-10,2026-04-13,600552.SH,凯盛科技,电子,4.9,11.68,16.75,20日新高,3,14122.23,光伏、固态电池、芯片,4.12,14.65,19.76,22.81,22.81,10,2026-04-27,-5.8,-2.82,0.81,补跌且弱于行业,2026-04-22,芯片,3,2,0,0
E002-2026-04-10,2026-04-10,2026-04-13,688530.SH,欧莱新材,电子,0.76,3.93,1.51,,3,13543.35,光伏、半导体、芯片,0.96,6.93,27.13,47.46,73.6,11,2026-04-28,0.0,-2.19,0.81,补跌且弱于行业,2026-04-27,半导体,1,1,0,1
E002-2026-04-10,2026-04-10,2026-04-13,688638.SH,誉辰智能,电力设备,-2.25,0.57,-1,,4,15430.13,光伏、固态电池、电池、芯片,0.87,2.71,2.02,-0.96,5.88,4,2026-04-17,-7.88,-1.32,1.22,补跌且弱于行业,2026-04-17,光伏,0,1,0,1
E002-2026-04-10,2026-04-10,2026-04-13,300776.SZ,帝尔激光,电力设备,0.36,8.59,1.06,,3,12187.91,光伏、光伏设备、芯片,4.88,35.1,43.13,41.67,45.05,8,2026-04-23,-6.49,-2.59,1.22,补跌且弱于行业,2026-04-22,芯片,1,1,0,1
E002-2026-04-10,2026-04-10,2026-04-13,688359.SH,三孚新科,电子,3.89,3.0,6.74,,1,3597.66,光伏,8.48,8.87,9.72,8.6,12.98,4,2026-04-17,-5.59,6.53,0.81,抗住且相对强,2026-04-17,光伏,0,2,0,1
E002-2026-04-10,2026-04-10,2026-04-13,688503.SH,聚和材料,电力设备,6.11,13.67,22.59,20日新高,4,14784.67,光伏、光伏设备、液冷服务器、芯片,4.13,4.75,2.2,8.6,10.53,11,2026-04-28,0.0,-0.41,1.22,补跌且弱于行业,2026-04-22,芯片,4,2,0,0
E002-2026-04-10,2026-04-10,2026-04-13,003022.SZ,联泓新科,电力设备,0.69,3.23,1.24,20日新高,5,16133.16,光伏、光伏设备、固态电池、芯片、钠离子电池,-1.86,1.13,2.09,11.56,15.78,11,2026-04-28,0.0,1.15,1.22,上涨但弱于行业,2026-04-22,芯片,4,1,0,0
E002-2026-04-10,2026-04-10,2026-04-13,603398.SH,*ST沐邦,电力设备,-2.06,1.71,-1,1年新高,2,4209.57,光伏、光伏设备,-3.01,-11.27,-8.49,-13.58,-0.46,2,2026-04-15,-8.8,4.94,1.22,抗住且相对强,2026-04-17,光伏,-2,2,0,0
E002-2026-04-10,2026-04-10,2026-04-13,002897.SZ,意华股份,通信,-1.27,8.35,-1,,3,10237.6,光伏、共封装光学(CPO)、液冷服务器,2.19,3.65,5.62,2.8,5.62,7,2026-04-22,-6.42,-1.64,-0.25,补跌且弱于行业,2026-04-22,共封装光学(CPO),0,1,0,1
E002-2026-04-10,2026-04-10,2026-04-13,605358.SH,立昂微,电子,0.74,5.93,1.8,,5,19782.32,光伏、共封装光学(CPO)、半导体、存储芯片、芯片,0.48,9.33,11.18,13.34,13.34,10,2026-04-27,-4.2,0.51,0.81,上涨但弱于行业,2026-04-27,半导体,0,1,0,1
E002-2026-04-10,2026-04-10,2026-04-13,001269.SZ,欧晶科技,电力设备,10.01,1.04,10.21,,3,12187.91,光伏、光伏设备、芯片,-5.12,-5.12,-8.35,-9.65,-3.57,1,2026-04-14,-8.18,2.8,1.22,抗住且相对强,2026-04-14,芯片,0,3,1,1
E002-2026-04-10,2026-04-10,2026-04-13,688147.SH,微导纳米,电力设备,1.8,4.41,3.78,,4,15739.14,光伏、半导体、存储芯片、芯片,5.74,1.68,3.28,3.93,6.01,1,2026-04-14,-1.04,-2.47,1.22,补跌且弱于行业,2026-04-14,半导体,0,1,0,1
E002-2026-04-10,2026-04-10,2026-04-13,002371.SZ,北方华创,电子,0.86,37.24,5.25,20日新高,4,15739.14,光伏、半导体、存储芯片、芯片,0.22,-0.27,1.15,9.26,9.46,11,2026-04-28,0.0,-0.92,0.81,补跌且弱于行业,2026-04-27,半导体,1,1,0,1
E002-2026-04-10,2026-04-10,2026-04-13,600732.SH,爱旭股份,电力设备,6.26,15.19,24.4,,2,4209.57,光伏、光伏设备,-1.01,1.39,-0.38,-6.12,1.39,5,2026-04-20,-12.24,3.8,1.22,抗住且相对强,2026-04-20,光伏设备,0,2,0,1
E002-2026-04-10,2026-04-10,2026-04-13,600537.SH,*ST亿晶,电力设备,10.0,8.4,28.98,20日新高,2,4209.57,光伏、光伏设备,-1.19,-12.83,-16.63,-15.68,3.09,1,2026-04-14,-18.76,3.44,1.22,抗住且相对强,2026-04-17,光伏,-3,3,1,0
E002-2026-04-10,2026-04-10,2026-04-13,300563.SZ,神宇股份,通信,0.0,1.21,0.0,,2,11576.0,光伏、芯片,2.3,4.13,6.02,3.26,6.02,7,2026-04-22,-5.28,-0.12,-0.25,补跌但相对强,2026-04-22,芯片,0,1,0,1
E002-2026-04-10,2026-04-10,2026-04-13,300346.SZ,南大光电,电子,-0.38,14.31,-1,,3,13771.79,光伏、存储芯片、芯片,0.67,6.01,7.88,8.4,12.26,9,2026-04-24,-5.6,0.42,0.81,上涨但弱于行业,2026-04-27,存储芯片,-1,1,0,0
E002-2026-04-10,2026-04-10,2026-04-13,300738.SZ,奥飞数据,通信,-0.66,12.84,-1,,2,11576.0,光伏、芯片,12.59,5.43,7.2,0.69,12.59,3,2026-04-16,-11.24,2.4,-0.25,抗住且相对强,2026-04-17,光伏,-1,1,0,0
E002-2026-04-10,2026-04-10,2026-04-13,301285.SZ,鸿日达,电子,2.56,3.66,4.9,,3,12406.28,光伏、消费电子、芯片,4.18,11.06,14.5,13.89,14.5,7,2026-04-22,-0.55,5.56,0.81,抗住且相对强,2026-04-22,芯片,0,2,0,1
E002-2026-04-10,2026-04-10,2026-04-13,300913.SZ,兆龙互连,通信,-2.24,3.64,-1,,2,7640.84,光伏、共封装光学(CPO),3.86,4.6,8.4,3.55,8.4,7,2026-04-22,-7.46,0.94,-0.25,抗住且相对强,2026-04-22,共封装光学(CPO),0,1,0,1
E002-2026-04-10,2026-04-10,2026-04-13,688733.SH,壹石通,电力设备,1.22,0.84,1.12,,7,20163.76,光伏、固态电池、存储芯片、燃料电池、电池、芯片、钠离子电池,7.27,5.35,6.19,6.37,7.56,2,2026-04-15,-4.12,1.32,1.22,抗住且相对强,2026-04-16,电池,-1,2,0,0
E002-2026-04-10,2026-04-10,2026-04-13,300537.SZ,广信材料,电子,-0.09,0.87,-0.08,,3,12193.07,光伏、华为手机、芯片,0.32,5.42,6.46,5.69,6.46,7,2026-04-22,-2.44,0.05,0.81,上涨但弱于行业,2026-04-22,芯片,0,1,0,1
E002-2026-04-10,2026-04-10,2026-04-13,301168.SZ,通灵股份,电力设备,0.44,0.95,0.43,,3,6755.8,光伏、光伏设备、固态电池,-1.6,0.72,-1.75,-6.1,1.44,4,2026-04-17,-8.14,2.44,1.22,抗住且相对强,2026-04-17,光伏,0,2,0,1
E002-2026-04-10,2026-04-10,2026-04-13,300619.SZ,金银河,电力设备,3.62,3.12,6.39,,4,8850.81,光伏、固态电池、电池、钠离子电池,0.68,0.28,0.56,-2.42,8.3,8,2026-04-23,-14.27,1.19,1.22,上涨但弱于行业,2026-04-21,固态电池,2,1,0,0
E002-2026-04-10,2026-04-10,2026-04-13,688678.SH,福立旺,电子,-1.87,6.46,-1,,2,4427.94,光伏、消费电子,11.45,19.62,-9.77,-11.03,19.62,5,2026-04-20,-31.98,-0.19,0.81,补跌且弱于行业,2026-04-20,消费电子,0,0,0,1
E002-2026-04-10,2026-04-10,2026-04-13,002137.SZ,实益达,电子,1.6,0.84,1.47,,2,11576.0,光伏、芯片,1.33,2.79,0.61,0.24,2.79,5,2026-04-20,-4.25,-0.48,0.81,补跌且弱于行业,2026-04-17,光伏,1,0,0,1
E002-2026-04-10,2026-04-10,2026-04-13,603595.SH,ST东尼,电子,1.17,0.34,0.68,,2,4427.94,光伏、消费电子,2.34,7.93,9.4,12.91,14.2,9,2026-04-24,-0.98,4.23,0.81,抗住且相对强,2026-04-22,消费电子,2,1,0,0
E002-2026-04-10,2026-04-10,2026-04-13,600363.SH,联创光电,电子,1.56,3.36,2.86,,3,5292.34,光伏、可控核聚变、消费电子,1.8,5.32,4.68,3.51,5.32,5,2026-04-20,-4.99,-1.04,0.81,补跌且弱于行业,2026-04-20,可控核聚变,0,1,0,1
E002-2026-04-10,2026-04-10,2026-04-13,300398.SZ,飞凯材料,电子,-1.58,8.71,-1,,3,13771.79,光伏、存储芯片、芯片,5.3,7.54,14.42,11.0,14.42,7,2026-04-22,-0.65,3.32,0.81,抗住且相对强,2026-04-22,存储芯片,0,2,0,1
E002-2026-04-10,2026-04-10,2026-04-13,600151.SH,航天机电,电力设备,-1.51,13.91,-1,,2,4209.57,光伏、光伏设备,2.2,10.14,10.58,4.04,12.64,8,2026-04-23,-11.98,-0.8,1.22,补跌且弱于行业,2026-04-20,光伏设备,3,0,0,0
E002-2026-04-10,2026-04-10,2026-04-13,301266.SZ,宇邦新材,电力设备,1.55,1.22,1.71,,2,4209.57,光伏、光伏设备,3.05,4.7,5.55,6.72,6.72,10,2026-04-27,-3.55,0.35,1.22,上涨但弱于行业,2026-04-20,光伏设备,5,0,0,0
E002-2026-04-10,2026-04-10,2026-04-13,688605.SH,先锋精科,电子,-0.21,2.01,-0.3,,3,13543.35,光伏、半导体、芯片,4.63,6.03,7.6,9.25,9.25,10,2026-04-27,-3.03,-1.06,0.81,补跌且弱于行业,2026-04-27,半导体,0,1,0,1
E002-2026-04-10,2026-04-10,2026-04-13,300265.SZ,通光线缆,电力设备,-4.99,13.96,-1,,1,3597.66,光伏,3.18,13.18,11.22,-0.05,13.18,5,2026-04-20,-17.26,-1.72,1.22,补跌且弱于行业,2026-04-17,光伏,1,0,0,1
E002-2026-04-10,2026-04-10,2026-04-13,688680.SH,海优新材,电力设备,2.72,1.28,3.08,,2,4209.57,光伏、光伏设备,2.57,0.78,2.48,-2.81,2.57,3,2026-04-16,-8.52,0.81,1.22,上涨但弱于行业,2026-04-17,光伏,-1,0,0,0
E002-2026-04-10,2026-04-10,2026-04-13,300842.SZ,帝科股份,电力设备,1.5,5.02,3.36,,4,14383.7,光伏、光伏设备、存储芯片、芯片,1.96,2.09,1.73,4.47,4.47,10,2026-04-27,-2.53,0.53,1.22,上涨但弱于行业,2026-04-27,存储芯片,0,1,0,1
E002-2026-04-10,2026-04-10,2026-04-13,688598.SH,金博股份,电力设备,1.29,0.7,1.08,,5,10294.35,光伏、光伏设备、固态电池、氢能源、钠离子电池,2.03,4.11,4.5,7.57,7.57,10,2026-04-27,-1.9,1.49,1.22,抗住且相对强,2026-04-21,固态电池,4,2,0,0
E002-2026-04-10,2026-04-10,2026-04-13,002865.SZ,钧达股份,电力设备,-1.89,18.39,-1,,2,4209.57,光伏、光伏设备,2.76,6.99,8.22,2.2,11.16,6,2026-04-21,-11.47,-1.36,1.22,补跌且弱于行业,2026-04-20,光伏设备,1,0,0,1
E002-2026-04-10,2026-04-10,2026-04-13,301386.SZ,未来电器,电力设备,0.87,0.4,0.55,,1,3597.66,光伏,3.02,5.73,3.49,-2.16,5.73,5,2026-04-20,-7.22,0.16,1.22,上涨但弱于行业,2026-04-17,光伏,1,0,0,1
E002-2026-04-10,2026-04-10,2026-04-13,605111.SH,新洁能,电子,0.26,3.06,0.45,,3,13543.35,光伏、半导体、芯片,-0.03,2.16,2.3,5.8,5.8,10,2026-04-27,-0.66,-1.33,0.81,补跌且弱于行业,2026-04-27,半导体,0,1,0,1
E002-2026-04-10,2026-04-10,2026-04-13,002643.SZ,万润股份,电子,0.0,1.96,0.0,,4,15261.05,光伏、固态电池、燃料电池、芯片,-1.08,0.24,1.8,0.9,1.8,7,2026-04-22,-3.89,2.64,0.81,抗住且相对强,2026-04-22,芯片,0,2,0,1
E002-2026-04-10,2026-04-10,2026-04-13,300414.SZ,中光防雷,通信,0.07,1.29,0.08,,3,7156.71,光伏、液冷服务器、高压快充,2.83,5.66,3.63,4.64,6.6,9,2026-04-24,-3.99,-1.22,-0.25,补跌且弱于行业,2026-04-22,高压快充,2,1,0,0
E002-2026-04-10,2026-04-10,2026-04-13,000070.SZ,特发信息,通信,-5.36,36.5,-1,历史新高,2,7640.84,光伏、共封装光学(CPO),-1.56,-0.33,0.71,-4.5,0.71,7,2026-04-22,-9.48,6.78,-0.25,抗住且相对强,2026-04-22,共封装光学(CPO),0,2,0,1
E002-2026-04-10,2026-04-10,2026-04-13,002925.SZ,盈趣科技,电子,0.2,1.62,0.25,,2,4427.94,光伏、消费电子,2.92,2.1,3.48,0.05,3.48,7,2026-04-22,-5.89,-2.35,0.81,补跌且弱于行业,2026-04-22,消费电子,0,0,0,1
E002-2026-04-10,2026-04-10,2026-04-13,603577.SH,汇金通,电力设备,1.14,0.49,0.8,,1,3597.66,光伏,5.48,7.46,6.52,6.7,7.46,5,2026-04-20,-2.17,-0.28,1.22,补跌且弱于行业,2026-04-17,光伏,1,0,0,1
E002-2026-04-10,2026-04-10,2026-04-13,301636.SZ,泽润新能,电力设备,1.33,1.32,1.53,,2,4209.57,光伏、光伏设备,13.53,6.03,3.92,-5.97,13.53,3,2026-04-16,-23.27,1.72,1.22,抗住且相对强,2026-04-17,光伏,-1,1,0,0
E002-2026-04-10,2026-04-10,2026-04-13,301388.SZ,欣灵电气,电力设备,-0.06,0.51,-0.04,,1,3597.66,光伏,2.71,1.64,0.25,1.16,2.71,3,2026-04-16,-3.84,0.6,1.22,上涨但弱于行业,2026-04-17,光伏,-1,0,0,0
E002-2026-04-10,2026-04-10,2026-04-13,002255.SZ,海陆重工,电力设备,1.8,2.05,2.58,,4,14579.93,光伏、可控核聚变、氢能源、芯片,1.02,2.41,0.37,-0.19,3.15,11,2026-04-28,0.0,0.37,1.22,上涨但弱于行业,2026-04-22,芯片,4,1,0,0
E002-2026-04-10,2026-04-10,2026-04-13,300933.SZ,中辰股份,电力设备,1.42,0.69,1.18,,2,4559.95,光伏、高压快充,3.73,4.37,2.57,0.26,4.37,5,2026-04-20,-5.78,-0.77,1.22,补跌且弱于行业,2026-04-17,光伏,1,0,0,1
E002-2026-04-10,2026-04-10,2026-04-13,300102.SZ,乾照光电,电子,-0.35,13.97,-1,,3,15619.18,光伏、共封装光学(CPO)、芯片,2.92,12.69,16.76,0.79,16.76,7,2026-04-22,-13.61,1.03,0.81,抗住且相对强,2026-04-22,共封装光学(CPO),0,2,0,1
E002-2026-04-10,2026-04-10,2026-04-13,603396.SH,金辰股份,电力设备,1.78,1.34,2.06,,3,6349.1,光伏、光伏设备、氢能源,1.98,3.96,2.06,-0.63,3.96,5,2026-04-20,-4.62,1.69,1.22,抗住且相对强,2026-04-20,光伏设备,0,2,0,1
E002-2026-04-10,2026-04-10,2026-04-13,300093.SZ,*ST金刚,电力设备,-0.26,0.63,-0.21,,2,4209.57,光伏、光伏设备,4.74,11.36,22.3,15.42,22.3,7,2026-04-22,-10.53,1.75,1.22,抗住且相对强,2026-04-20,光伏设备,2,1,0,0
E002-2026-04-10,2026-04-10,2026-04-13,688303.SH,大全能源,电力设备,1.86,2.12,2.71,,3,12187.91,光伏、光伏设备、芯片,0.62,3.7,3.74,0.49,3.96,8,2026-04-23,-4.77,7.93,1.22,抗住且相对强,2026-04-22,芯片,1,2,0,1
E002-2026-04-10,2026-04-10,2026-04-13,300724.SZ,捷佳伟创,电力设备,2.16,17.23,8.97,,3,12187.91,光伏、光伏设备、芯片,0.77,0.21,-14.38,-18.32,2.33,1,2026-04-14,-22.59,1.44,1.22,抗住且相对强,2026-04-14,芯片,0,3,1,1
E002-2026-04-10,2026-04-10,2026-04-13,002129.SZ,TCL中环,电力设备,2.01,6.17,4.99,,3,12187.91,光伏、光伏设备、芯片,-1.02,-0.34,-1.58,-3.5,-0.23,1,2026-04-14,-3.95,2.55,1.22,抗住且相对强,2026-04-14,芯片,0,2,0,1
E002-2026-04-10,2026-04-10,2026-04-13,601700.SH,风范股份,电力设备,0.0,0.64,0.0,,1,3597.66,光伏,1.73,4.24,-2.31,-1.35,4.24,5,2026-04-20,-7.13,0.39,1.22,上涨但弱于行业,2026-04-17,光伏,1,0,0,1
E002-2026-04-10,2026-04-10,2026-04-13,601865.SH,福莱特,电力设备,1.98,3.2,3.54,,2,4209.57,光伏、光伏设备,0.07,3.17,3.74,0.71,3.74,7,2026-04-22,-8.67,1.79,1.22,抗住且相对强,2026-04-20,光伏设备,2,1,0,0
E002-2026-04-10,2026-04-10,2026-04-13,688106.SH,金宏气体,电子,-3.75,10.37,-1,,7,20460.77,光伏、可控核聚变、固态电池、存储芯片、氢能源、燃料电池、芯片,6.1,12.31,26.4,48.4,57.85,11,2026-04-28,0.0,-2.12,0.81,补跌且弱于行业,2026-04-27,存储芯片,1,1,0,1
E002-2026-04-10,2026-04-10,2026-04-13,002584.SZ,西陇科学,电子,-0.51,1.07,-0.53,,1,3597.66,光伏,-1.29,-1.29,1.03,0.52,2.33,8,2026-04-23,-1.68,-0.39,0.81,补跌且弱于行业,2026-04-17,光伏,4,0,0,0
E002-2026-04-10,2026-04-10,2026-04-13,300129.SZ,泰胜风能,电力设备,-0.73,3.44,-1,,1,3597.66,光伏,1.3,5.51,3.4,-10.69,5.51,5,2026-04-20,-18.54,0.24,1.22,上涨但弱于行业,2026-04-17,光伏,1,0,0,1
E002-2026-04-10,2026-04-10,2026-04-13,301295.SZ,美硕科技,电力设备,-3.3,1.34,-1,,1,3597.66,光伏,11.92,18.36,31.17,24.25,31.17,7,2026-04-22,-5.06,0.03,1.22,上涨但弱于行业,2026-04-17,光伏,3,0,0,0
E002-2026-04-10,2026-04-10,2026-04-13,000159.SZ,国际实业,电力设备,1.09,0.59,0.84,,2,4209.57,光伏、光伏设备,-0.47,-1.57,3.31,4.57,5.51,8,2026-04-23,-1.89,-1.85,1.22,补跌且弱于行业,2026-04-20,光伏设备,3,0,0,0
E002-2026-04-10,2026-04-10,2026-04-13,600192.SH,长城电工,电力设备,0.84,0.5,0.59,,2,4736.48,光伏、燃料电池,1.44,1.2,-1.68,-1.32,1.44,3,2026-04-16,-4.19,-0.36,1.22,补跌且弱于行业,2026-04-17,光伏,-1,0,0,0
E002-2026-04-10,2026-04-10,2026-04-13,002300.SZ,太阳电缆,电力设备,-0.32,1.96,-0.45,,1,3597.66,光伏,2.86,10.26,8.15,8.99,12.06,8,2026-04-23,-8.68,0.11,1.22,上涨但弱于行业,2026-04-17,光伏,4,0,0,0
E002-2026-04-10,2026-04-10,2026-04-13,688429.SH,时创能源,电力设备,2.65,0.63,2.1,,2,4209.57,光伏、光伏设备,4.21,4.91,1.89,-1.33,6.18,2,2026-04-15,-10.11,2.3,1.22,抗住且相对强,2026-04-17,光伏,-2,1,0,0
E002-2026-04-10,2026-04-10,2026-04-13,300569.SZ,天能重工,电力设备,-0.61,1.96,-0.85,,1,3597.66,光伏,-0.15,2.86,2.11,-4.67,4.07,4,2026-04-17,-10.99,2.47,1.22,抗住且相对强,2026-04-17,光伏,0,1,0,1
E002-2026-04-10,2026-04-10,2026-04-13,002808.SZ,*ST恒久,电子,4.27,0.24,2.09,,2,4736.48,光伏、燃料电池,0.0,-7.3,-15.04,-26.99,5.31,2,2026-04-15,-35.84,-2.59,0.81,补跌且弱于行业,2026-04-14,燃料电池,1,0,0,1
E002-2026-04-10,2026-04-10,2026-04-13,605196.SH,华通线缆,电力设备,-4.18,5.39,-1,,1,3597.66,光伏,7.78,7.8,1.42,-7.54,10.8,4,2026-04-17,-15.52,-1.7,1.22,补跌且弱于行业,2026-04-17,光伏,0,0,0,1
E002-2026-04-10,2026-04-10,2026-04-13,300751.SZ,迈为股份,电力设备,3.09,25.46,15.59,,4,14383.7,光伏、光伏设备、存储芯片、芯片,8.82,12.13,11.76,8.45,12.13,5,2026-04-20,-7.49,-2.95,1.22,补跌且弱于行业,2026-04-20,光伏设备,0,2,0,1
E002-2026-04-10,2026-04-10,2026-04-13,001208.SZ,华菱线缆,电力设备,-1.09,3.61,-1,,2,4462.06,光伏、可控核聚变,17.4,20.84,15.34,5.5,20.84,5,2026-04-20,-22.42,-0.37,1.22,补跌且弱于行业,2026-04-20,可控核聚变,0,0,0,1
E002-2026-04-10,2026-04-10,2026-04-13,300393.SZ,中来股份,电力设备,-2.65,6.1,-1,,3,5048.49,光伏、光伏设备、虚拟电厂,-1.34,10.75,10.65,1.86,10.75,5,2026-04-20,-11.17,-2.62,1.22,补跌且弱于行业,2026-04-20,光伏设备,0,1,0,1
E002-2026-04-10,2026-04-10,2026-04-13,002471.SZ,中超控股,电力设备,-2.65,18.83,-1,,1,3597.66,光伏,6.21,9.66,8.85,-2.76,12.3,6,2026-04-21,-17.47,-1.25,1.22,补跌且弱于行业,2026-04-17,光伏,2,0,0,0
E002-2026-04-10,2026-04-10,2026-04-13,688556.SH,高测股份,电力设备,-0.47,6.42,-1,,3,12187.91,光伏、光伏设备、芯片,10.37,12.23,9.06,1.55,12.23,5,2026-04-20,-15.48,1.33,1.22,抗住且相对强,2026-04-20,光伏设备,0,2,0,1
E002-2026-04-10,2026-04-10,2026-04-13,688726.SH,拉普拉斯,电力设备,2.06,14.41,7.82,,3,12187.91,光伏、光伏设备、芯片,13.16,13.08,5.39,0.7,13.63,4,2026-04-17,-16.5,-1.82,1.22,补跌且弱于行业,2026-04-17,光伏,0,2,0,1
E002-2026-04-10,2026-04-10,2026-04-13,300548.SZ,长芯博创,通信,-3.48,73.16,-1,历史新高,2,12021.52,共封装光学(CPO)、芯片,7.23,13.95,24.12,13.4,24.12,7,2026-04-22,-14.36,0.54,-0.25,抗住且相对强,2026-04-22,共封装光学(CPO),0,2,0,1
E002-2026-04-10,2026-04-10,2026-04-13,603773.SH,沃格光电,电子,9.99,13.03,36.06,,3,14217.31,共封装光学(CPO)、存储芯片、芯片,9.3,32.25,46.27,45.75,46.27,7,2026-04-22,-2.18,1.99,0.81,抗住且相对强,2026-04-22,共封装光学(CPO),0,3,1,1
E002-2026-04-10,2026-04-10,2026-04-13,002281.SZ,光迅科技,通信,-0.25,108.7,-1,历史新高,3,14618.28,共封装光学(CPO)、液冷服务器、芯片,-6.61,5.56,9.0,18.28,20.46,11,2026-04-28,0.0,5.48,-0.25,抗住且相对强,2026-04-22,共封装光学(CPO),4,2,0,0
E002-2026-04-10,2026-04-10,2026-04-13,301387.SZ,光大同创,电子,2.31,2.75,3.83,20日新高,2,4873.46,共封装光学(CPO)、消费电子,1.21,9.66,7.34,-0.16,9.66,5,2026-04-20,-6.24,-5.73,0.81,补跌且弱于行业,2026-04-20,消费电子,0,1,0,1
E002-2026-04-10,2026-04-10,2026-04-13,300308.SZ,中际旭创,通信,6.01,238.43,92.8,历史新高,3,14618.28,共封装光学(CPO)、液冷服务器、芯片,9.7,15.18,20.14,16.13,21.54,8,2026-04-23,-9.76,0.46,-0.25,抗住且相对强,2026-04-22,共封装光学(CPO),1,3,1,1
E002-2026-04-10,2026-04-10,2026-04-13,600105.SH,永鼎股份,通信,9.99,84.24,91.69,历史新高,3,12885.92,共封装光学(CPO)、可控核聚变、芯片,1.99,8.01,17.65,25.37,26.64,9,2026-04-24,-10.75,1.57,-0.25,抗住且相对强,2026-04-22,共封装光学(CPO),2,3,1,0
E002-2026-04-10,2026-04-10,2026-04-13,002222.SZ,福晶科技,电子,4.64,38.06,28.63,历史新高,1,4043.18,共封装光学(CPO),-0.95,6.16,13.82,1.75,13.82,7,2026-04-22,-14.75,1.08,0.81,抗住且相对强,2026-04-22,共封装光学(CPO),0,3,1,1
E002-2026-04-10,2026-04-10,2026-04-13,003031.SZ,中瓷电子,通信,-0.51,15.75,-1,,2,12021.52,共封装光学(CPO)、芯片,-1.78,14.32,20.46,21.9,22.76,9,2026-04-24,-0.28,8.46,-0.25,抗住且相对强,2026-04-22,共封装光学(CPO),2,1,0,0
E002-2026-04-10,2026-04-10,2026-04-13,688498.SH,源杰科技,电子,8.58,46.6,58.57,历史新高,3,13988.87,共封装光学(CPO)、半导体、芯片,3.71,9.61,15.64,12.01,15.64,7,2026-04-22,-1.69,3.34,0.81,抗住且相对强,2026-04-22,共封装光学(CPO),0,3,1,1
E002-2026-04-10,2026-04-10,2026-04-13,000062.SZ,深圳华强,电子,-1.38,18.43,-1,,3,14217.31,共封装光学(CPO)、存储芯片、芯片,-0.24,8.64,13.77,31.65,31.65,10,2026-04-27,-5.47,0.38,0.81,上涨但弱于行业,2026-04-27,存储芯片,0,1,0,1
E002-2026-04-10,2026-04-10,2026-04-13,300502.SZ,新易盛,通信,6.63,225.95,99.66,历史新高,2,12021.52,共封装光学(CPO)、芯片,4.83,13.71,21.45,4.93,21.45,7,2026-04-22,-17.02,-1.87,-0.25,补跌且弱于行业,2026-04-22,共封装光学(CPO),0,2,0,1
E002-2026-04-10,2026-04-10,2026-04-13,688127.SH,蓝特光学,电子,1.19,6.63,3.06,,2,12021.52,共封装光学(CPO)、芯片,3.28,5.23,10.41,3.2,10.41,7,2026-04-22,-8.13,-1.45,0.81,补跌且弱于行业,2026-04-22,共封装光学(CPO),0,0,0,1
E002-2026-04-10,2026-04-10,2026-04-13,300620.SZ,光库科技,通信,0.77,54.26,5.67,历史新高,2,12021.52,共封装光学(CPO)、芯片,1.9,10.66,21.07,5.71,21.07,7,2026-04-22,-15.8,-2.63,-0.25,补跌且弱于行业,2026-04-22,共封装光学(CPO),0,1,0,1
E002-2026-04-10,2026-04-10,2026-04-13,301183.SZ,东田微,电子,-4.89,19.12,-1,,2,4660.25,共封装光学(CPO)、华为手机,-2.54,1.02,11.94,-3.2,11.94,7,2026-04-22,-18.79,2.63,0.81,抗住且相对强,2026-04-22,共封装光学(CPO),0,1,0,1
E002-2026-04-10,2026-04-10,2026-04-13,301419.SZ,阿莱德,通信,5.83,5.3,13.42,2年新高,3,8835.73,共封装光学(CPO)、存储芯片、液冷服务器,-2.02,1.14,-2.25,-9.42,4.1,1,2026-04-14,-17.81,3.53,-0.25,抗住且相对强,2026-04-14,共封装光学(CPO),0,3,1,1
E002-2026-04-10,2026-04-10,2026-04-13,601869.SH,长飞光纤,通信,-3.5,95.0,-1,,2,12021.52,共封装光学(CPO)、芯片,-0.18,4.29,11.6,2.25,11.6,7,2026-04-22,-10.43,-3.95,-0.25,补跌且弱于行业,2026-04-22,共封装光学(CPO),0,0,0,1
E002-2026-04-10,2026-04-10,2026-04-13,300812.SZ,易天股份,电子,-2.06,6.65,-1,,3,12851.8,共封装光学(CPO)、消费电子、芯片,7.09,2.58,1.12,-6.48,7.09,3,2026-04-16,-17.56,0.67,0.81,上涨但弱于行业,2026-04-17,共封装光学(CPO),-1,1,0,0
E002-2026-04-10,2026-04-10,2026-04-13,688205.SH,德科立,通信,-2.76,37.94,-1,,2,12021.52,共封装光学(CPO)、芯片,3.13,5.79,14.78,1.31,14.78,7,2026-04-22,-6.42,-1.18,-0.25,补跌且弱于行业,2026-04-22,共封装光学(CPO),0,0,0,1
E002-2026-04-10,2026-04-10,2026-04-13,688313.SH,仕佳光子,通信,-0.92,62.65,-1,,2,12021.52,共封装光学(CPO)、芯片,-1.64,7.32,24.98,24.37,24.98,7,2026-04-22,-10.14,10.19,-0.25,抗住且相对强,2026-04-22,共封装光学(CPO),0,1,0,1
E002-2026-04-10,2026-04-10,2026-04-13,300303.SZ,聚飞光电,电子,-2.35,18.78,-1,,2,12021.52,共封装光学(CPO)、芯片,-1.23,1.74,5.73,1.43,5.73,7,2026-04-22,-12.07,-2.1,0.81,补跌且弱于行业,2026-04-22,共封装光学(CPO),0,0,0,1
E002-2026-04-10,2026-04-10,2026-04-13,603083.SH,剑桥科技,通信,0.6,33.35,3.46,,2,6639.94,共封装光学(CPO)、液冷服务器,11.38,28.44,45.2,29.52,45.2,7,2026-04-22,-14.33,2.01,-0.25,抗住且相对强,2026-04-22,共封装光学(CPO),0,1,0,1
E002-2026-04-10,2026-04-10,2026-04-13,300570.SZ,太辰光,通信,-0.89,42.81,-1,,2,12021.52,共封装光学(CPO)、芯片,-1.52,0.62,6.52,9.68,9.68,10,2026-04-27,-5.27,7.43,-0.25,抗住且相对强,2026-04-22,共封装光学(CPO),3,1,0,0
E002-2026-04-10,2026-04-10,2026-04-13,300661.SZ,圣邦股份,电子,-4.59,31.78,-1,,4,16184.66,共封装光学(CPO)、半导体、存储芯片、芯片,4.17,3.97,9.76,20.8,20.8,10,2026-04-27,-2.37,-1.95,0.81,补跌且弱于行业,2026-04-27,半导体,0,1,0,1
E002-2026-04-10,2026-04-10,2026-04-13,603052.SH,可川科技,电子,5.61,9.6,17.38,20日新高,4,15398.03,共封装光学(CPO)、固态电池、消费电子、芯片,8.03,30.72,30.25,26.78,34.96,8,2026-04-23,-13.86,0.23,0.81,上涨但弱于行业,2026-04-22,共封装光学(CPO),1,2,0,1
E002-2026-04-10,2026-04-10,2026-04-13,301165.SZ,锐捷网络,通信,-1.81,7.75,-1,,2,6639.94,共封装光学(CPO)、液冷服务器,3.57,7.88,3.77,7.28,9.04,9,2026-04-24,-8.04,2.01,-0.25,抗住且相对强,2026-04-22,共封装光学(CPO),2,1,0,0
E002-2026-04-10,2026-04-10,2026-04-13,600584.SH,长电科技,电子,2.65,28.86,14.24,,4,16184.66,共封装光学(CPO)、半导体、存储芯片、芯片,2.05,3.83,6.21,8.1,8.1,10,2026-04-27,-2.85,-0.4,0.81,补跌且弱于行业,2026-04-27,半导体,0,2,0,1
E002-2026-04-10,2026-04-10,2026-04-13,301205.SZ,联特科技,通信,-1.83,27.64,-1,,2,12021.52,共封装光学(CPO)、芯片,5.02,11.23,16.57,2.93,16.57,7,2026-04-22,-16.51,3.42,-0.25,抗住且相对强,2026-04-22,共封装光学(CPO),0,1,0,1
E002-2026-04-10,2026-04-10,2026-04-13,300394.SZ,天孚通信,通信,3.46,172.0,45.38,20日新高,2,5211.39,共封装光学(CPO)、英伟达,1.3,6.7,6.95,-8.19,8.06,4,2026-04-17,-19.79,-2.2,-0.25,补跌且弱于行业,2026-04-17,共封装光学(CPO),0,2,0,1
E002-2026-04-10,2026-04-10,2026-04-13,300456.SZ,赛微电子,电子,-2.34,40.69,-1,20日新高,3,13988.87,共封装光学(CPO)、半导体、芯片,-0.85,4.58,8.58,-14.09,8.58,7,2026-04-22,-22.58,0.68,0.81,上涨但弱于行业,2026-04-22,共封装光学(CPO),0,1,0,1
E002-2026-04-10,2026-04-10,2026-04-13,301486.SZ,致尚科技,电子,-0.57,19.33,-1,,3,12851.8,共封装光学(CPO)、消费电子、芯片,-2.96,-0.03,22.54,20.55,22.54,7,2026-04-22,-6.14,4.1,0.81,抗住且相对强,2026-04-22,共封装光学(CPO),0,2,0,1
E002-2026-04-10,2026-04-10,2026-04-13,688048.SH,长光华芯,电子,4.06,50.56,28.87,历史新高,4,14853.27,共封装光学(CPO)、半导体、可控核聚变、芯片,16.45,20.82,45.72,50.45,50.73,9,2026-04-24,-8.26,6.9,0.81,抗住且相对强,2026-04-27,半导体,-1,3,1,0
E002-2026-04-10,2026-04-10,2026-04-13,300285.SZ,国瓷材料,电子,3.07,13.17,11.14,,4,16707.28,共封装光学(CPO)、固态电池、氢能源、芯片,4.24,4.09,7.1,2.34,8.24,11,2026-04-28,0.0,4.17,0.81,抗住且相对强,2026-04-22,共封装光学(CPO),4,3,1,0
E002-2026-04-10,2026-04-10,2026-04-13,601138.SH,工业富联,电子,2.73,107.91,28.36,20日新高,5,16616.77,共封装光学(CPO)、消费电子、液冷服务器、芯片、英伟达,6.5,10.43,20.09,20.74,22.44,11,2026-04-28,0.0,-1.45,0.81,补跌且弱于行业,2026-04-22,共封装光学(CPO),4,2,0,0
E002-2026-04-10,2026-04-10,2026-04-13,002396.SZ,星网锐捷,通信,-0.32,4.95,-0.71,,1,4043.18,共封装光学(CPO),2.29,2.39,-1.16,-4.08,3.38,4,2026-04-17,-11.08,2.12,-0.25,抗住且相对强,2026-04-17,共封装光学(CPO),0,1,0,1
E002-2026-04-10,2026-04-10,2026-04-13,688099.SH,晶晨股份,电子,2.04,7.69,5.66,,3,13988.87,共封装光学(CPO)、半导体、芯片,-2.65,3.14,6.46,15.0,15.17,11,2026-04-28,0.0,1.46,0.81,抗住且相对强,2026-04-27,半导体,1,2,0,1
E002-2026-04-10,2026-04-10,2026-04-13,688270.SH,ST臻镭,电子,0.78,20.58,3.54,,3,13988.87,共封装光学(CPO)、半导体、芯片,16.08,,1.31,-4.49,16.08,3,2026-04-16,-30.28,1.44,0.81,抗住且相对强,2026-04-17,共封装光学(CPO),-1,2,0,0
E002-2026-04-10,2026-04-10,2026-04-13,002185.SZ,华天科技,电子,0.91,10.92,3.01,,4,16184.66,共封装光学(CPO)、半导体、存储芯片、芯片,1.46,3.24,3.64,4.29,4.29,10,2026-04-27,-1.94,0.98,0.81,抗住且相对强,2026-04-27,半导体,0,2,0,1
E002-2026-04-10,2026-04-10,2026-04-13,603118.SH,共进股份,通信,-4.3,11.95,-1,,2,12021.52,共封装光学(CPO)、芯片,-2.68,4.72,6.91,3.88,7.05,4,2026-04-17,-8.46,2.83,-0.25,抗住且相对强,2026-04-17,共封装光学(CPO),0,1,0,1
E002-2026-04-10,2026-04-10,2026-04-13,002741.SZ,光华科技,电子,3.8,2.32,5.79,,4,15966.77,共封装光学(CPO)、固态电池、芯片、钠离子电池,1.69,3.59,6.71,17.65,17.65,10,2026-04-27,-1.85,4.82,0.81,抗住且相对强,2026-04-22,共封装光学(CPO),3,2,0,0
E002-2026-04-10,2026-04-10,2026-04-13,600487.SH,亨通光电,通信,-5.98,119.24,-1,,3,14618.28,共封装光学(CPO)、液冷服务器、芯片,-0.65,13.83,22.98,33.45,33.45,10,2026-04-27,-5.78,-4.45,-0.25,补跌且弱于行业,2026-04-22,共封装光学(CPO),3,1,0,0
E002-2026-04-10,2026-04-10,2026-04-13,603803.SH,瑞斯康达,通信,-3.28,11.24,-1,,2,12021.52,共封装光学(CPO)、芯片,-0.39,2.88,3.8,-9.04,3.8,7,2026-04-22,-15.2,10.02,-0.25,抗住且相对强,2026-04-22,共封装光学(CPO),0,1,0,1
E002-2026-04-10,2026-04-10,2026-04-13,002194.SZ,武汉凡谷,通信,-0.28,0.91,-0.27,,2,12021.52,共封装光学(CPO)、芯片,0.38,2.64,11.89,7.26,16.6,8,2026-04-23,-14.06,-0.66,-0.25,补跌且弱于行业,2026-04-22,共封装光学(CPO),1,0,0,1
E002-2026-04-10,2026-04-10,2026-04-13,688167.SH,炬光科技,电子,-0.39,21.23,-1,,5,17049.06,共封装光学(CPO)、半导体、可控核聚变、存储芯片、芯片,-1.15,-5.42,-1.9,-9.91,-1.15,3,2026-04-16,-7.44,3.17,0.81,抗住且相对强,2026-04-17,共封装光学(CPO),-1,2,0,0
E002-2026-04-10,2026-04-10,2026-04-13,688143.SH,长盈通,通信,-3.01,10.98,-1,历史新高,2,12021.52,共封装光学(CPO)、芯片,-0.86,6.76,21.51,5.86,21.51,7,2026-04-22,-21.07,1.54,-0.25,抗住且相对强,2026-04-22,共封装光学(CPO),0,2,0,1
E002-2026-04-10,2026-04-10,2026-04-13,688693.SH,锴威特,电子,3.32,7.39,9.03,2年新高,2,9945.69,半导体、芯片,11.05,7.75,4.53,13.42,20.36,4,2026-04-17,-11.41,4.34,0.81,抗住且相对强,2026-04-17,半导体,0,3,1,1
E002-2026-04-10,2026-04-10,2026-04-13,688702.SH,盛科通信-U,电子,-3.38,14.49,-1,,2,9945.69,半导体、芯片,0.8,5.44,0.48,32.52,32.52,10,2026-04-27,-4.67,5.03,0.81,抗住且相对强,2026-04-27,半导体,0,1,0,1
E002-2026-04-10,2026-04-10,2026-04-13,301369.SZ,联动科技,电子,11.88,5.43,27.68,历史新高,2,9945.69,半导体、芯片,10.89,7.22,8.36,7.78,10.89,3,2026-04-16,-7.54,-2.69,0.81,补跌且弱于行业,2026-04-17,半导体,-1,2,0,0
E002-2026-04-10,2026-04-10,2026-04-13,688256.SH,寒武纪,电子,1.06,108.4,11.04,20日新高,2,9945.69,半导体、芯片,7.16,13.0,9.62,11.24,13.0,5,2026-04-20,-0.3,0.74,0.81,上涨但弱于行业,2026-04-17,半导体,1,2,0,1
E002-2026-04-10,2026-04-10,2026-04-13,300604.SZ,长川科技,电子,2.87,26.56,14.79,20日新高,3,12141.48,半导体、存储芯片、芯片,13.9,12.2,12.57,29.37,32.54,11,2026-04-28,0.0,-2.0,0.81,补跌且弱于行业,2026-04-27,半导体,1,2,0,1
E002-2026-04-10,2026-04-10,2026-04-13,688135.SH,利扬芯片,电子,2.27,4.49,4.81,,3,12141.48,半导体、存储芯片、芯片,-0.73,0.14,4.24,4.35,4.77,4,2026-04-17,-4.15,20.01,0.81,抗住且相对强,2026-04-17,半导体,0,2,0,1
E002-2026-04-10,2026-04-10,2026-04-13,300782.SZ,卓胜微,电子,2.42,37.08,14.74,1年新高,2,9945.69,半导体、芯片,1.39,12.18,12.29,4.44,12.29,7,2026-04-22,-9.7,2.16,0.81,抗住且相对强,2026-04-22,半导体,0,3,1,1
E002-2026-04-10,2026-04-10,2026-04-13,688403.SH,汇成股份,电子,1.94,10.5,6.29,,3,12141.48,半导体、存储芯片、芯片,5.5,5.75,9.87,5.31,9.94,4,2026-04-17,-8.44,-1.84,0.81,补跌且弱于行业,2026-04-17,半导体,0,1,0,1
E002-2026-04-10,2026-04-10,2026-04-13,688279.SH,峰岹科技,电子,8.84,4.28,18.29,20日新高,2,9945.69,半导体、芯片,6.12,4.0,14.02,19.88,19.88,10,2026-04-27,-1.49,0.16,0.81,上涨但弱于行业,2026-04-27,半导体,0,2,0,1
E002-2026-04-10,2026-04-10,2026-04-13,002213.SZ,大为股份,电子,4.18,22.85,19.98,60日新高,3,12141.48,半导体、存储芯片、芯片,10.75,7.74,3.44,5.49,10.75,3,2026-04-16,-7.63,2.21,0.81,抗住且相对强,2026-04-17,半导体,-1,3,1,0
E002-2026-04-10,2026-04-10,2026-04-13,688720.SH,艾森股份,电子,-1.71,3.04,-1,,3,12141.48,半导体、存储芯片、芯片,1.35,2.08,7.39,5.65,7.39,7,2026-04-22,-5.11,0.98,0.81,抗住且相对强,2026-04-22,半导体,0,2,0,1
E002-2026-04-10,2026-04-10,2026-04-13,688361.SH,中科飞测,电子,-0.04,8.76,-0.12,20日新高,3,12141.48,半导体、存储芯片、芯片,6.58,2.81,3.79,11.46,11.83,11,2026-04-28,0.0,-3.0,0.81,补跌且弱于行业,2026-04-27,半导体,1,1,0,1
E002-2026-04-10,2026-04-10,2026-04-13,603061.SH,金海通,电子,-2.12,8.86,-1,20日新高,2,9945.69,半导体、芯片,-19.98,-21.67,-18.71,-16.93,10.0,1,2026-04-14,-23.18,-0.35,0.81,补跌且弱于行业,2026-04-14,半导体,0,1,0,1
E002-2026-04-10,2026-04-10,2026-04-13,301629.SZ,矽电股份,电子,1.18,2.57,1.89,,3,12141.48,半导体、存储芯片、芯片,9.2,13.92,34.19,33.45,34.19,7,2026-04-22,-13.03,-1.33,0.81,补跌且弱于行业,2026-04-22,半导体,0,1,0,1
E002-2026-04-10,2026-04-10,2026-04-13,688347.SH,华虹公司,电子,1.66,17.99,7.04,,3,12141.48,半导体、存储芯片、芯片,5.13,9.86,8.67,20.23,20.23,10,2026-04-27,-4.22,-2.13,0.81,补跌且弱于行业,2026-04-27,半导体,0,2,0,1
E002-2026-04-10,2026-04-10,2026-04-13,688072.SH,拓荆科技,电子,1.58,19.54,6.98,20日新高,3,12141.48,半导体、存储芯片、芯片,1.87,0.74,-0.14,4.36,7.08,11,2026-04-28,0.0,-0.64,0.81,补跌且弱于行业,2026-04-27,半导体,1,2,0,1
E002-2026-04-10,2026-04-10,2026-04-13,688008.SH,澜起科技,电子,3.13,57.81,23.8,,3,12141.48,半导体、存储芯片、芯片,-0.85,1.55,7.26,16.93,16.93,10,2026-04-27,-2.94,6.11,0.81,抗住且相对强,2026-04-27,半导体,0,3,1,1
E002-2026-04-10,2026-04-10,2026-04-13,688486.SH,龙迅股份,电子,4.24,1.71,5.54,,3,11113.9,半导体、芯片、英伟达,5.1,10.97,17.4,20.65,21.11,11,2026-04-28,0.0,1.49,0.81,抗住且相对强,2026-04-27,半导体,1,2,0,1
E002-2026-04-10,2026-04-10,2026-04-13,688037.SH,芯源微,电子,3.26,8.67,9.6,20日新高,3,12141.48,半导体、存储芯片、芯片,0.56,-0.75,2.07,15.72,15.72,10,2026-04-27,-5.73,-0.68,0.81,补跌且弱于行业,2026-04-27,半导体,0,2,0,1
E002-2026-04-10,2026-04-10,2026-04-13,002409.SZ,雅克科技,电子,1.16,8.29,3.34,,3,12141.48,半导体、存储芯片、芯片,0.65,1.05,5.75,4.16,5.75,7,2026-04-22,-8.02,0.15,0.81,上涨但弱于行业,2026-04-22,半导体,0,1,0,1
E002-2026-04-10,2026-04-10,2026-04-13,688233.SH,神工股份,电子,-0.44,3.81,-0.86,,3,12141.48,半导体、存储芯片、芯片,2.31,5.24,15.17,-3.16,15.17,7,2026-04-22,-20.9,-1.84,0.81,补跌且弱于行业,2026-04-22,半导体,0,1,0,1
E002-2026-04-10,2026-04-10,2026-04-13,688200.SH,华峰测控,电子,2.76,7.24,7.43,20日新高,2,9945.69,半导体、芯片,6.14,4.41,6.93,12.9,14.99,11,2026-04-28,0.0,-3.84,0.81,补跌且弱于行业,2026-04-27,半导体,1,2,0,1
E002-2026-04-10,2026-04-10,2026-04-13,002119.SZ,康强电子,电子,-0.05,7.1,-0.13,,3,12141.48,半导体、存储芯片、芯片,5.32,3.31,1.49,-2.01,9.38,4,2026-04-17,-12.78,-1.06,0.81,补跌且弱于行业,2026-04-17,半导体,0,1,0,1
E002-2026-04-10,2026-04-10,2026-04-13,688689.SH,银河微电,电子,1.8,1.37,2.11,,2,9945.69,半导体、芯片,2.53,4.07,5.9,11.34,12.3,9,2026-04-24,-2.89,-1.55,0.81,补跌且弱于行业,2026-04-27,半导体,-1,0,0,0
E002-2026-04-10,2026-04-10,2026-04-13,688082.SH,盛美上海,电子,1.7,5.52,3.99,,3,12141.48,半导体、存储芯片、芯片,1.77,2.36,5.13,8.46,8.46,10,2026-04-27,-12.73,-0.49,0.81,补跌且弱于行业,2026-04-27,半导体,0,1,0,1
E002-2026-04-10,2026-04-10,2026-04-13,688515.SH,裕太微-U,电子,-0.42,1.76,-0.56,,2,9945.69,半导体、芯片,1.46,2.34,4.24,6.23,6.23,10,2026-04-27,-3.84,-0.23,0.81,补跌且弱于行业,2026-04-27,半导体,0,0,0,1
E002-2026-04-10,2026-04-10,2026-04-13,688041.SH,海光信息,电子,2.12,68.73,17.58,,2,9945.69,半导体、芯片,3.16,6.74,5.69,20.8,20.8,10,2026-04-27,-2.96,5.79,0.81,抗住且相对强,2026-04-27,半导体,0,2,0,1
E002-2026-04-10,2026-04-10,2026-04-13,688981.SH,中芯国际,电子,1.29,41.31,8.29,,3,12141.48,半导体、存储芯片、芯片,3.52,7.27,7.18,15.84,15.84,10,2026-04-27,-2.56,-0.37,0.81,补跌且弱于行业,2026-04-27,半导体,0,2,0,1
E002-2026-04-10,2026-04-10,2026-04-13,688582.SH,芯动联科,电子,-0.89,2.84,-1,,2,9945.69,半导体、芯片,0.6,2.65,3.05,-13.09,4.2,4,2026-04-17,-20.86,-1.11,0.81,补跌且弱于行业,2026-04-17,半导体,0,0,0,1
E002-2026-04-10,2026-04-10,2026-04-13,688012.SH,中微公司,电子,0.84,30.25,4.62,20日新高,3,12141.48,半导体、存储芯片、芯片,0.61,-0.96,1.08,11.19,14.43,11,2026-04-28,0.0,-2.29,0.81,补跌且弱于行业,2026-04-27,半导体,1,1,0,1
E002-2026-04-10,2026-04-10,2026-04-13,688809.SH,强一股份,电子,1.03,6.88,2.7,,3,12141.48,半导体、存储芯片、芯片,7.67,15.66,25.36,24.08,25.36,7,2026-04-22,-5.94,1.11,0.81,抗住且相对强,2026-04-22,半导体,0,2,0,1
E002-2026-04-10,2026-04-10,2026-04-13,600206.SH,有研新材,电子,1.83,8.76,5.42,,3,12141.48,半导体、存储芯片、芯片,-1.33,13.21,18.43,17.98,18.43,7,2026-04-22,-0.75,4.05,0.81,抗住且相对强,2026-04-22,半导体,0,2,0,1
E002-2026-04-10,2026-04-10,2026-04-13,688449.SH,联芸科技,电子,-2.86,5.82,-1,,3,12141.48,半导体、存储芯片、芯片,5.07,5.62,5.03,6.12,6.72,4,2026-04-17,-3.56,0.84,0.81,抗住且相对强,2026-04-17,半导体,0,2,0,1
E002-2026-04-10,2026-04-10,2026-04-13,603005.SH,晶方科技,电子,0.39,6.87,1.02,,2,9945.69,半导体、芯片,5.8,9.72,14.07,13.71,14.07,7,2026-04-22,-2.96,0.29,0.81,上涨但弱于行业,2026-04-22,半导体,0,0,0,1
E002-2026-04-10,2026-04-10,2026-04-13,688209.SH,英集芯,电子,0.29,1.39,0.34,,2,9945.69,半导体、芯片,3.44,4.91,8.25,13.31,13.31,10,2026-04-27,-2.0,-0.19,0.81,补跌且弱于行业,2026-04-27,半导体,0,0,0,1
E002-2026-04-10,2026-04-10,2026-04-13,688401.SH,路维光电,电子,0.25,2.34,0.38,20日新高,2,9945.69,半导体、芯片,2.69,6.17,31.3,20.74,31.3,7,2026-04-22,-10.55,0.45,0.81,上涨但弱于行业,2026-04-22,半导体,0,1,0,1
E002-2026-04-10,2026-04-10,2026-04-13,688652.SH,京仪装备,电子,-0.07,2.24,-0.1,,3,12141.48,半导体、存储芯片、芯片,7.25,7.84,10.11,13.83,14.11,11,2026-04-28,0.0,-2.51,0.81,补跌且弱于行业,2026-04-27,半导体,1,1,0,1
E002-2026-04-10,2026-04-10,2026-04-13,603690.SH,至纯科技,电子,1.0,2.11,1.45,,3,12141.48,半导体、存储芯片、芯片,0.6,3.17,4.36,4.32,4.36,7,2026-04-22,-6.07,-0.43,0.81,补跌且弱于行业,2026-04-22,半导体,0,1,0,1
E002-2026-04-10,2026-04-10,2026-04-13,688432.SH,有研硅,电子,-0.28,1.36,-0.33,,3,12141.48,半导体、存储芯片、芯片,2.87,9.6,10.02,11.21,11.21,10,2026-04-27,-2.38,-0.42,0.81,补跌且弱于行业,2026-04-27,半导体,0,1,0,1
E002-2026-04-10,2026-04-10,2026-04-13,688727.SH,恒坤新材,电子,0.33,1.18,0.36,,3,12141.48,半导体、存储芯片、芯片,2.69,2.37,4.98,4.8,4.98,7,2026-04-22,-4.47,0.14,0.81,上涨但弱于行业,2026-04-22,半导体,0,1,0,1
E002-2026-04-10,2026-04-10,2026-04-13,688138.SH,清溢光电,电子,-0.29,0.59,-0.22,,2,9945.69,半导体、芯片,2.59,4.13,12.82,11.4,12.82,7,2026-04-22,-1.32,-0.51,0.81,补跌且弱于行业,2026-04-22,半导体,0,0,0,1
E002-2026-04-10,2026-04-10,2026-04-13,688409.SH,富创精密,电子,-1.94,5.16,-1,20日新高,2,9945.69,半导体、芯片,8.28,10.66,12.33,31.55,31.55,10,2026-04-27,-6.47,-3.64,0.81,补跌且弱于行业,2026-04-27,半导体,0,1,0,1
E002-2026-04-10,2026-04-10,2026-04-13,688699.SH,明微电子,电子,0.85,0.78,0.75,,2,9945.69,半导体、芯片,1.02,-1.42,0.52,1.85,1.9,1,2026-04-14,-1.87,1.75,0.81,抗住且相对强,2026-04-14,半导体,0,1,0,1
E002-2026-04-10,2026-04-10,2026-04-13,688120.SH,华海清科,电子,0.75,7.53,2.06,20日新高,3,12141.48,半导体、存储芯片、芯片,5.81,5.58,7.03,8.33,8.57,11,2026-04-28,0.0,-2.4,0.81,补跌且弱于行业,2026-04-27,半导体,1,1,0,1
E002-2026-04-10,2026-04-10,2026-04-13,688508.SH,芯朋微,电子,1.68,1.8,2.25,,3,10907.98,半导体、芯片、高压快充,0.78,4.94,10.8,17.27,20.04,11,2026-04-28,0.0,7.14,0.81,抗住且相对强,2026-04-27,半导体,1,2,0,1
E002-2026-04-10,2026-04-10,2026-04-13,688795.SH,摩尔线程-U,电子,-0.68,11.67,-1,,2,9945.69,半导体、芯片,8.56,8.31,5.37,15.56,18.74,11,2026-04-28,0.0,1.82,0.81,抗住且相对强,2026-04-27,半导体,1,1,0,1
E002-2026-04-10,2026-04-10,2026-04-13,688802.SH,沐曦股份-U,电子,0.37,9.79,1.16,,2,9945.69,半导体、芯片,20.76,15.95,14.98,18.69,20.76,3,2026-04-16,-2.09,-0.35,0.81,补跌且弱于行业,2026-04-17,半导体,-1,0,0,0
E002-2026-04-10,2026-04-10,2026-04-13,300623.SZ,捷捷微电,电子,-0.04,3.63,-0.08,,3,10907.98,半导体、芯片、高压快充,1.67,4.41,0.82,4.16,4.41,5,2026-04-20,-2.27,-0.6,0.81,补跌且弱于行业,2026-04-17,半导体,1,1,0,1
E002-2026-04-10,2026-04-10,2026-04-13,003026.SZ,中晶科技,电子,0.49,2.84,0.83,120日新高,2,9945.69,半导体、芯片,2.86,1.27,4.98,13.33,24.67,11,2026-04-28,0.0,-0.71,0.81,补跌且弱于行业,2026-04-27,半导体,1,1,0,1
E002-2026-04-10,2026-04-10,2026-04-13,301297.SZ,富乐德,电子,1.28,1.31,1.47,,2,9945.69,半导体、芯片,-0.43,11.65,21.66,14.98,22.96,11,2026-04-28,0.0,-0.14,0.81,补跌且弱于行业,2026-04-27,半导体,1,0,0,1
E002-2026-04-10,2026-04-10,2026-04-13,301678.SZ,新恒汇,电子,1.97,1.32,2.26,,2,9945.69,半导体、芯片,1.43,2.96,-1.89,-4.11,3.06,4,2026-04-17,-10.73,-0.29,0.81,补跌且弱于行业,2026-04-17,半导体,0,0,0,1
E002-2026-04-10,2026-04-10,2026-04-13,300672.SZ,国科微,电子,3.41,23.06,16.38,,3,12141.48,半导体、存储芯片、芯片,-1.73,0.06,-0.25,4.71,8.15,11,2026-04-28,0.0,-0.27,0.81,补跌且弱于行业,2026-04-27,半导体,1,2,0,1
E002-2026-04-10,2026-04-10,2026-04-13,688259.SH,创耀科技,电子,0.63,0.49,0.44,,2,9945.69,半导体、芯片,1.38,1.57,2.43,1.94,2.43,7,2026-04-22,-2.65,1.54,0.81,抗住且相对强,2026-04-22,半导体,0,1,0,1
E002-2026-04-10,2026-04-10,2026-04-13,688153.SH,唯捷创芯,电子,0.56,1.01,0.56,,2,9945.69,半导体、芯片,2.18,3.66,2.89,5.46,5.46,10,2026-04-27,-13.94,-0.24,0.81,补跌且弱于行业,2026-04-27,半导体,0,0,0,1
E002-2026-04-10,2026-04-10,2026-04-13,688512.SH,慧智微-U,电子,0.24,1.06,0.25,,2,9945.69,半导体、芯片,0.87,0.08,1.26,0.4,1.82,4,2026-04-17,-4.43,2.93,0.81,抗住且相对强,2026-04-17,半导体,0,1,0,1
E002-2026-04-10,2026-04-10,2026-04-13,688653.SH,康希通信,电子,0.39,0.57,0.29,,2,9945.69,半导体、芯片,2.78,3.71,5.64,8.58,11.28,11,2026-04-28,0.0,0.31,0.81,上涨但弱于行业,2026-04-27,半导体,1,0,0,1
E002-2026-04-10,2026-04-10,2026-04-13,603375.SH,盛景微,电子,1.48,0.69,1.23,,3,12141.48,半导体、存储芯片、芯片,-0.03,4.88,5.91,6.49,7.67,4,2026-04-17,-3.5,1.69,0.81,抗住且相对强,2026-04-17,半导体,0,2,0,1
E002-2026-04-10,2026-04-10,2026-04-13,688126.SH,沪硅产业,电子,1.2,4.1,2.43,,3,12141.48,半导体、存储芯片、芯片,1.08,17.78,12.85,19.48,19.48,10,2026-04-27,-2.94,-0.34,0.81,补跌且弱于行业,2026-04-27,半导体,0,1,0,1
E002-2026-04-10,2026-04-10,2026-04-13,688721.SH,龙图光罩,电子,1.05,0.35,0.62,,2,9945.69,半导体、芯片,1.58,11.35,15.95,22.47,22.47,10,2026-04-27,-6.72,-0.35,0.81,补跌且弱于行业,2026-04-27,半导体,0,0,0,1
E002-2026-04-10,2026-04-10,2026-04-13,688584.SH,上海合晶,电子,0.77,0.6,0.6,,2,9945.69,半导体、芯片,2.44,5.28,5.43,6.81,6.81,10,2026-04-27,-2.64,-0.3,0.81,补跌且弱于行业,2026-04-27,半导体,0,0,0,1
E002-2026-04-10,2026-04-10,2026-04-13,688107.SH,安路科技,电子,-0.97,1.45,-1,,2,9945.69,半导体、芯片,4.81,7.62,4.74,7.03,7.62,5,2026-04-20,-3.95,1.48,0.81,抗住且相对强,2026-04-17,半导体,1,1,0,1
E002-2026-04-10,2026-04-10,2026-04-13,688252.SH,天德钰,电子,-2.01,1.66,-1,,3,10907.98,半导体、芯片、高压快充,-0.14,-1.47,5.25,6.86,6.86,10,2026-04-27,-3.78,1.45,0.81,抗住且相对强,2026-04-27,半导体,0,2,0,1
E002-2026-04-10,2026-04-10,2026-04-13,301348.SZ,蓝箭电子,电子,-0.2,1.85,-0.27,,3,12141.48,半导体、存储芯片、芯片,0.28,0.98,-0.45,-1.14,1.02,1,2026-04-14,-2.68,0.65,0.81,上涨但弱于行业,2026-04-14,半导体,0,1,0,1
E002-2026-04-10,2026-04-10,2026-04-13,688729.SH,屹唐股份,电子,1.21,1.09,1.26,,3,12141.48,半导体、存储芯片、芯片,2.89,3.07,3.02,7.33,7.33,10,2026-04-27,-2.53,-0.27,0.81,补跌且弱于行业,2026-04-27,半导体,0,1,0,1
E002-2026-04-10,2026-04-10,2026-04-13,603991.SH,领先股份,电子,-1.82,2.04,-1,,3,12141.48,半导体、存储芯片、芯片,7.9,12.95,16.57,6.55,16.57,7,2026-04-22,-5.92,-1.06,0.81,补跌且弱于行业,2026-04-22,半导体,0,1,0,1
E002-2026-04-10,2026-04-10,2026-04-13,301611.SZ,珂玛科技,电子,-1.98,8.36,-1,,4,13280.3,半导体、存储芯片、燃料电池、芯片,6.42,7.61,17.04,24.79,24.79,10,2026-04-27,-9.77,-1.22,0.81,补跌且弱于行业,2026-04-27,半导体,0,1,0,1
E002-2026-04-10,2026-04-10,2026-04-13,688325.SH,赛微微电,电子,-0.02,1.38,-0.02,,2,9945.69,半导体、芯片,-1.51,4.57,2.45,3.14,4.57,5,2026-04-20,-3.33,-1.19,0.81,补跌且弱于行业,2026-04-17,半导体,1,0,0,1
E002-2026-04-10,2026-04-10,2026-04-13,688785.SH,恒运昌,电子,-2.35,1.39,-1,,2,9945.69,半导体、芯片,5.12,1.57,1.49,3.27,5.87,11,2026-04-28,0.0,-0.47,0.81,补跌且弱于行业,2026-04-27,半导体,1,0,0,1
E002-2026-04-10,2026-04-10,2026-04-13,600360.SH,华微电子,电子,0.22,0.67,0.18,,2,9945.69,半导体、芯片,4.38,7.67,7.89,8.65,9.64,4,2026-04-17,-2.85,0.22,0.81,上涨但弱于行业,2026-04-17,半导体,0,0,0,1
E002-2026-04-10,2026-04-10,2026-04-13,002077.SZ,大港股份,电子,-0.13,2.89,-0.22,,3,12141.48,半导体、存储芯片、芯片,1.64,1.51,0.63,-0.57,2.27,1,2026-04-14,-5.8,1.28,0.81,抗住且相对强,2026-04-14,半导体,0,2,0,1
E002-2026-04-10,2026-04-10,2026-04-13,300831.SZ,派瑞股份,电子,-1.63,2.53,-1,,2,9945.69,半导体、芯片,1.79,2.27,2.09,16.5,16.5,10,2026-04-27,-1.97,-0.77,0.81,补跌且弱于行业,2026-04-27,半导体,0,0,0,1
E002-2026-04-10,2026-04-10,2026-04-13,002217.SZ,合力泰,电子,-1.17,9.14,-1,,1,617.07,华为手机,-2.4,18.0,17.2,18.4,19.2,6,2026-04-21,0.0,-1.57,0.81,补跌且弱于行业,2026-04-20,华为手机,1,0,0,1
E002-2026-04-10,2026-04-10,2026-04-13,688020.SH,方邦股份,电子,0.65,1.55,0.81,,1,617.07,华为手机,-0.28,2.93,36.96,52.64,56.16,11,2026-04-28,0.0,3.25,0.81,抗住且相对强,2026-04-20,华为手机,6,1,0,0
E002-2026-04-10,2026-04-10,2026-04-13,605588.SH,冠石科技,电子,-0.07,0.68,-0.06,,2,8595.41,华为手机、芯片,1.42,2.27,13.83,4.63,13.83,7,2026-04-22,-10.82,-0.65,0.81,补跌且弱于行业,2026-04-22,芯片,0,0,0,1
E002-2026-04-10,2026-04-10,2026-04-13,300134.SZ,大富科技,通信,-1.63,2.09,-1,,3,10734.94,华为手机、氢能源、芯片,4.12,5.52,8.24,3.65,8.24,7,2026-04-22,-5.99,-1.39,-0.25,补跌且弱于行业,2026-04-22,芯片,0,1,0,1
E002-2026-04-10,2026-04-10,2026-04-13,301382.SZ,蜂助手,通信,-0.44,2.85,-0.74,,1,617.07,华为手机,18.74,19.85,28.04,19.47,28.04,7,2026-04-22,-5.75,-0.2,-0.25,补跌但相对强,2026-04-20,华为手机,2,1,0,0
E002-2026-04-10,2026-04-10,2026-04-13,002387.SZ,维信诺,电子,3.03,1.42,3.61,,2,8595.41,华为手机、芯片,1.99,3.61,2.62,2.12,3.61,5,2026-04-20,-3.36,-1.47,0.81,补跌且弱于行业,2026-04-20,华为手机,0,0,0,1
E002-2026-04-10,2026-04-10,2026-04-13,600203.SH,福日电子,电子,0.8,1.4,0.95,,2,1447.35,华为手机、消费电子,0.79,3.42,7.02,10.97,10.97,10,2026-04-27,-4.04,0.89,0.81,抗住且相对强,2026-04-22,消费电子,3,1,0,0
E002-2026-04-10,2026-04-10,2026-04-13,300256.SZ,星星科技,电子,1.17,0.67,0.96,,2,1447.35,华为手机、消费电子,3.2,3.78,0.58,-0.58,3.78,5,2026-04-20,-6.69,-0.29,0.81,补跌且弱于行业,2026-04-20,华为手机,0,0,0,1
E002-2026-04-10,2026-04-10,2026-04-13,000536.SZ,华映科技,电子,1.4,2.04,2.0,,2,8595.41,华为手机、芯片,-1.39,-1.16,-3.02,-8.35,-0.23,1,2026-04-14,-7.66,-0.92,0.81,补跌且弱于行业,2026-04-14,芯片,0,0,0,1
E002-2026-04-10,2026-04-10,2026-04-13,600353.SH,旭光电子,电子,1.28,4.33,2.66,,3,9681.66,可控核聚变、芯片、虚拟电厂,-1.41,5.88,5.05,14.83,14.83,10,2026-04-27,-1.66,4.13,0.81,抗住且相对强,2026-04-22,芯片,3,2,0,0
E002-2026-04-10,2026-04-10,2026-04-13,600973.SH,宝胜股份,电力设备,1.72,4.31,3.57,,1,864.4,可控核聚变,-0.68,3.7,3.84,1.64,3.84,7,2026-04-22,-4.38,2.96,1.22,抗住且相对强,2026-04-20,可控核聚变,2,1,0,0
E002-2026-04-10,2026-04-10,2026-04-13,002859.SZ,洁美科技,电子,-0.65,4.16,-1,,2,3410.63,可控核聚变、固态电池,8.45,14.63,10.63,10.93,17.56,4,2026-04-17,-3.21,0.23,0.81,上涨但弱于行业,2026-04-20,可控核聚变,-1,0,0,0
E002-2026-04-10,2026-04-10,2026-04-13,688103.SH,国力电子,电子,1.64,0.6,1.27,,3,9805.03,可控核聚变、芯片、高压快充,1.89,5.41,4.73,8.19,8.19,10,2026-04-27,-6.55,0.54,0.81,上涨但弱于行业,2026-04-22,高压快充,3,1,0,0
E002-2026-04-10,2026-04-10,2026-04-13,600577.SH,精达股份,电力设备,0.89,5.95,2.17,,2,1826.69,可控核聚变、高压快充,1.05,7.95,7.87,2.19,7.95,5,2026-04-20,-8.84,-1.44,1.22,补跌且弱于行业,2026-04-20,可控核聚变,0,0,0,1
E002-2026-04-10,2026-04-10,2026-04-13,600550.SH,保变电气,电力设备,1.18,8.57,3.45,,2,1703.32,可控核聚变、虚拟电厂,6.49,9.5,7.42,1.61,9.5,5,2026-04-20,-8.96,-2.86,1.22,补跌且弱于行业,2026-04-20,可控核聚变,0,0,0,1
E002-2026-04-10,2026-04-10,2026-04-13,002366.SZ,融发核电,电力设备,0.7,2.28,1.06,,1,864.4,可控核聚变,0.55,1.66,-1.24,1.66,2.35,11,2026-04-28,0.0,0.28,1.22,上涨但弱于行业,2026-04-20,可控核聚变,6,0,0,0
E002-2026-04-10,2026-04-10,2026-04-13,688146.SH,中船特气,电子,5.11,13.16,18.54,历史新高,2,10524.57,固态电池、芯片,4.41,11.08,15.24,17.38,21.68,11,2026-04-28,0.0,0.63,0.81,上涨但弱于行业,2026-04-22,芯片,4,2,0,0
E002-2026-04-10,2026-04-10,2026-04-13,300686.SZ,智动力,电子,1.16,4.77,2.53,3年新高,2,3376.51,固态电池、消费电子,-1.83,-3.99,9.49,2.16,9.49,7,2026-04-22,-11.38,1.09,0.81,抗住且相对强,2026-04-22,消费电子,0,2,0,1
E002-2026-04-10,2026-04-10,2026-04-13,688392.SH,XD骄成超,电力设备,-0.5,3.47,-0.93,20日新高,4,14429.23,固态电池、液冷服务器、电池、芯片,2.29,7.27,13.45,10.85,13.45,7,2026-04-22,-1.53,-2.01,1.22,补跌且弱于行业,2026-04-22,芯片,0,1,0,1
E002-2026-04-10,2026-04-10,2026-04-13,301326.SZ,捷邦科技,电子,1.19,2.29,1.8,,4,13951.61,固态电池、消费电子、液冷服务器、芯片,5.98,5.78,6.23,3.99,8.61,4,2026-04-17,-3.93,0.35,0.81,上涨但弱于行业,2026-04-17,芯片,0,1,0,1
E002-2026-04-10,2026-04-10,2026-04-13,688683.SH,莱尔科技,电子,4.06,0.96,3.98,,2,10524.57,固态电池、芯片,6.97,11.37,12.35,23.44,23.44,10,2026-04-27,-1.83,-0.92,0.81,补跌且弱于行业,2026-04-22,芯片,3,0,0,0
E002-2026-04-10,2026-04-10,2026-04-13,300037.SZ,新宙邦,电力设备,6.18,23.56,30.0,60日新高,5,15828.25,固态电池、液冷服务器、电池、芯片、钠离子电池,0.24,-1.31,-1.03,8.59,8.59,10,2026-04-27,-3.61,-0.64,1.22,补跌且弱于行业,2026-04-22,液冷服务器,3,2,0,0
E002-2026-04-10,2026-04-10,2026-04-13,688573.SH,信宇人,电力设备,10.77,2.44,16.82,20日新高,6,10727.29,固态电池、存储芯片、氢能源、燃料电池、电池、钠离子电池,-0.7,2.14,0.84,1.81,3.99,4,2026-04-17,-3.44,0.19,1.22,上涨但弱于行业,2026-04-16,电池,1,2,0,1
E002-2026-04-10,2026-04-10,2026-04-13,688155.SH,先惠技术,电力设备,2.28,3.33,4.16,,4,5661.11,固态电池、燃料电池、电池、锂电池,6.3,16.08,17.77,10.16,17.77,7,2026-04-22,-11.9,-3.18,1.22,补跌且弱于行业,2026-04-21,固态电池,1,1,0,1
E002-2026-04-10,2026-04-10,2026-04-13,688148.SH,芳源股份,电力设备,5.41,2.11,7.86,,3,11832.47,固态电池、电池、芯片,5.72,2.91,9.64,15.13,15.13,10,2026-04-27,-1.91,3.96,1.22,抗住且相对强,2026-04-22,芯片,3,3,1,0
E002-2026-04-10,2026-04-10,2026-04-13,300409.SZ,道氏技术,电力设备,3.7,9.82,11.59,,6,16509.84,固态电池、氢能源、燃料电池、电池、芯片、钠离子电池,-0.56,-0.52,1.37,0.85,4.83,1,2026-04-14,-6.8,1.16,1.22,上涨但弱于行业,2026-04-14,钠离子电池,0,2,0,1
E002-2026-04-10,2026-04-10,2026-04-13,688778.SH,厦钨新能,电力设备,5.13,5.19,11.69,,4,7392.68,固态电池、氢能源、电池、钠离子电池,3.55,9.89,15.53,8.89,15.53,7,2026-04-22,-7.89,-2.36,1.22,补跌且弱于行业,2026-04-21,固态电池,1,2,0,1
E002-2026-04-10,2026-04-10,2026-04-13,301487.SZ,盟固利,电力设备,3.71,3.91,7.34,,3,5253.15,固态电池、电池、钠离子电池,2.9,4.66,8.39,6.69,8.39,7,2026-04-22,-3.37,2.02,1.22,抗住且相对强,2026-04-21,固态电池,1,3,1,1
E002-2026-04-10,2026-04-10,2026-04-13,002845.SZ,同兴达,电子,0.65,0.66,0.53,,2,10524.57,固态电池、芯片,-0.07,4.82,7.4,3.02,7.55,8,2026-04-23,-8.48,0.0,0.81,上涨但弱于行业,2026-04-22,芯片,1,0,0,1
E002-2026-04-10,2026-04-10,2026-04-13,301662.SZ,宏工科技,电力设备,5.83,3.68,11.18,,3,5253.15,固态电池、电池、钠离子电池,5.63,20.73,19.57,13.84,22.96,6,2026-04-21,-11.29,-1.63,1.22,补跌且弱于行业,2026-04-21,固态电池,0,2,0,1
E002-2026-04-10,2026-04-10,2026-04-13,688006.SH,杭可科技,电力设备,2.95,3.68,5.66,20日新高,3,11832.47,固态电池、电池、芯片,6.13,9.45,7.49,11.03,11.59,4,2026-04-17,-2.35,-1.35,1.22,补跌且弱于行业,2026-04-17,芯片,0,1,0,1
E002-2026-04-10,2026-04-10,2026-04-13,603032.SH,德新科技,电力设备,3.16,1.19,3.45,,2,3854.13,固态电池、电池,18.64,24.85,21.32,25.66,25.66,10,2026-04-27,-4.39,2.19,1.22,抗住且相对强,2026-04-21,固态电池,4,1,0,0
E002-2026-04-10,2026-04-10,2026-04-13,688184.SH,ST帕瓦,电力设备,2.16,0.11,0.72,,3,5253.15,固态电池、电池、钠离子电池,-0.86,0.0,-0.86,16.1,22.48,11,2026-04-28,0.0,0.96,1.22,上涨但弱于行业,2026-04-21,固态电池,5,1,0,0
E002-2026-04-10,2026-04-10,2026-04-13,300340.SZ,科恒股份,电力设备,3.08,0.91,2.94,,5,8531.5,固态电池、氢能源、燃料电池、电池、钠离子电池,1.8,1.62,0.81,-2.07,2.34,1,2026-04-14,-5.31,0.72,1.22,上涨但弱于行业,2026-04-14,钠离子电池,0,1,0,1
E002-2026-04-10,2026-04-10,2026-04-13,002125.SZ,湘潭电化,电力设备,2.07,2.31,3.15,,3,5253.15,固态电池、电池、钠离子电池,5.31,4.57,5.01,4.64,5.31,3,2026-04-16,-0.96,1.88,1.22,抗住且相对强,2026-04-16,电池,0,2,0,1
E002-2026-04-10,2026-04-10,2026-04-13,002176.SZ,江特电机,电力设备,2.38,18.57,10.26,,1,2546.23,固态电池,3.2,2.65,13.36,32.57,33.85,11,2026-04-28,0.0,1.77,1.22,抗住且相对强,2026-04-21,固态电池,5,2,0,0
E002-2026-04-10,2026-04-10,2026-04-13,002882.SZ,金龙羽,电力设备,3.1,1.41,3.68,,1,2546.23,固态电池,9.3,9.41,5.35,1.07,13.09,4,2026-04-17,-13.65,-0.59,1.22,补跌且弱于行业,2026-04-21,固态电池,-2,0,0,0
E002-2026-04-10,2026-04-10,2026-04-13,002759.SZ,天际股份,电力设备,3.0,24.55,14.86,,3,5253.15,固态电池、电池、钠离子电池,0.61,-4.14,-7.14,-4.39,8.17,1,2026-04-14,-13.67,0.81,1.22,上涨但弱于行业,2026-04-14,钠离子电池,0,2,0,1
E002-2026-04-10,2026-04-10,2026-04-13,301292.SZ,海科新源,电力设备,5.0,25.49,25.24,,3,5253.15,固态电池、电池、钠离子电池,4.38,2.75,10.2,-3.55,20.0,1,2026-04-14,-29.04,4.16,1.22,抗住且相对强,2026-04-14,钠离子电池,0,3,1,1
E002-2026-04-10,2026-04-10,2026-04-13,688419.SH,耐科装备,电子,1.07,1.63,1.37,,2,10174.13,存储芯片、芯片,1.05,-0.39,0.35,-8.06,1.86,4,2026-04-17,-14.01,-3.18,0.81,补跌且弱于行业,2026-04-17,芯片,0,0,0,1
E002-2026-04-10,2026-04-10,2026-04-13,300475.SZ,香农芯创,电子,2.51,67.3,20.59,,2,10174.13,存储芯片、芯片,3.16,7.89,6.66,12.49,12.9,11,2026-04-28,0.0,0.5,0.81,上涨但弱于行业,2026-04-27,存储芯片,1,1,0,1
E002-2026-04-10,2026-04-10,2026-04-13,300236.SZ,上海新阳,电子,1.49,10.35,4.79,,2,10174.13,存储芯片、芯片,0.07,2.18,2.85,7.47,8.71,11,2026-04-28,0.0,0.54,0.81,上涨但弱于行业,2026-04-27,存储芯片,1,0,0,1
E002-2026-04-10,2026-04-10,2026-04-13,300991.SZ,创益通,电子,1.98,2.95,3.4,,1,2195.79,存储芯片,5.25,3.06,-1.83,-4.53,8.23,4,2026-04-17,-13.25,-4.85,0.81,补跌且弱于行业,2026-04-22,存储芯片,-3,0,0,0
E002-2026-04-10,2026-04-10,2026-04-13,688545.SH,兴福电子,电子,1.11,2.44,1.73,,2,10174.13,存储芯片、芯片,5.51,6.44,6.22,9.27,9.27,10,2026-04-27,-2.42,1.08,0.81,抗住且相对强,2026-04-27,存储芯片,0,1,0,1
E002-2026-04-10,2026-04-10,2026-04-13,300054.SZ,鼎龙股份,电子,-0.65,19.77,-1,,2,10174.13,存储芯片、芯片,0.19,1.63,5.59,8.96,14.55,11,2026-04-28,0.0,-0.63,0.81,补跌且弱于行业,2026-04-27,存储芯片,1,0,0,1
E002-2026-04-10,2026-04-10,2026-04-13,301379.SZ,天山电子,电子,3.99,1.68,5.17,,1,2195.79,存储芯片,2.74,2.46,8.46,11.12,11.12,10,2026-04-27,-6.35,-1.41,0.81,补跌且弱于行业,2026-04-27,存储芯片,0,0,0,1
E002-2026-04-10,2026-04-10,2026-04-13,688549.SH,中巨芯-U,电子,1.1,2.5,1.74,,2,10174.13,存储芯片、芯片,1.09,2.51,6.43,12.65,25.85,11,2026-04-28,0.0,-0.33,0.81,补跌且弱于行业,2026-04-27,存储芯片,1,0,0,1
E002-2026-04-10,2026-04-10,2026-04-13,603078.SH,江化微,电子,-0.17,2.11,-0.25,,2,10174.13,存储芯片、芯片,1.67,3.73,5.05,7.73,8.91,11,2026-04-28,0.0,-0.65,0.81,补跌且弱于行业,2026-04-27,存储芯片,1,0,0,1
E002-2026-04-10,2026-04-10,2026-04-13,300655.SZ,晶瑞电材,电子,-0.07,3.89,-0.14,,2,10174.13,存储芯片、芯片,1.35,5.11,6.06,7.4,7.4,10,2026-04-27,-8.68,-0.2,0.81,补跌且弱于行业,2026-04-27,存储芯片,0,0,0,1
E002-2026-04-10,2026-04-10,2026-04-13,688159.SH,有方科技,通信,1.02,0.74,0.88,,1,2195.79,存储芯片,16.09,10.51,14.17,9.8,16.09,3,2026-04-16,-10.09,-0.94,-0.25,补跌且弱于行业,2026-04-14,存储芯片,2,0,0,0
E002-2026-04-10,2026-04-10,2026-04-13,688019.SH,安集科技,电子,-1.28,6.49,-1,20日新高,2,10174.13,存储芯片、芯片,-0.72,-3.52,-2.53,0.36,2.55,1,2026-04-14,-1.53,-3.77,0.81,补跌且弱于行业,2026-04-14,存储芯片,0,1,0,1
E002-2026-04-10,2026-04-10,2026-04-13,002055.SZ,ST得润,电子,2.94,1.19,3.21,,3,3988.36,存储芯片、消费电子、高压快充,1.15,-0.49,-2.45,-0.33,1.15,3,2026-04-16,-1.8,2.69,0.81,抗住且相对强,2026-04-20,消费电子,-2,2,0,0
E002-2026-04-10,2026-04-10,2026-04-13,688268.SH,华特气体,电子,-1.57,12.58,-1,,3,12313.66,存储芯片、氢能源、芯片,-4.0,1.26,40.76,85.77,112.59,11,2026-04-28,0.0,-2.52,0.81,补跌且弱于行业,2026-04-27,存储芯片,1,1,0,1
E002-2026-04-10,2026-04-10,2026-04-13,300650.SZ,太龙股份,电子,-0.46,1.02,-0.46,,2,10174.13,存储芯片、芯片,1.9,3.86,1.84,-1.9,4.24,1,2026-04-14,-5.89,4.08,0.81,抗住且相对强,2026-04-14,存储芯片,0,1,0,1
E002-2026-04-10,2026-04-10,2026-04-13,688548.SH,广钢气体,电子,-1.24,3.69,-1,,3,12313.66,存储芯片、氢能源、芯片,10.07,11.21,26.2,34.53,34.53,10,2026-04-27,-4.27,-1.25,0.81,补跌且弱于行业,2026-04-27,存储芯片,0,1,0,1
E002-2026-04-10,2026-04-10,2026-04-13,000670.SZ,盈方微,电子,9.99,6.41,25.29,,2,10174.13,存储芯片、芯片,-1.1,-1.95,-4.38,-6.94,1.46,1,2026-04-14,-12.06,0.74,0.81,上涨但弱于行业,2026-04-14,存储芯片,0,1,0,1
E002-2026-04-10,2026-04-10,2026-04-13,300489.SZ,光智科技,电子,10.37,19.92,46.28,1年新高,1,2139.53,氢能源,-1.9,11.26,31.9,44.34,49.17,9,2026-04-24,-9.3,0.74,0.81,上涨但弱于行业,2026-04-14,氢能源,8,2,0,0
E002-2026-04-10,2026-04-10,2026-04-13,300481.SZ,濮阳惠成,电子,-0.31,1.21,-0.34,,1,2139.53,氢能源,-3.87,-6.09,-4.82,-2.98,0.51,1,2026-04-14,-3.55,-1.99,0.81,补跌且弱于行业,2026-04-14,氢能源,0,0,0,1
E002-2026-04-10,2026-04-10,2026-04-13,688349.SH,三一重能,电力设备,0.68,1.37,0.8,,1,2139.53,氢能源,-1.78,1.87,4.02,0.75,4.02,7,2026-04-22,-3.28,1.52,1.22,抗住且相对强,2026-04-14,氢能源,6,1,0,0
E002-2026-04-10,2026-04-10,2026-04-13,000922.SZ,佳电股份,电力设备,1.41,0.88,1.32,,1,2139.53,氢能源,4.18,4.4,3.37,2.13,6.52,11,2026-04-28,0.0,0.0,1.22,上涨但弱于行业,2026-04-14,氢能源,10,0,0,0
E002-2026-04-10,2026-04-10,2026-04-13,002531.SZ,天顺风能,电力设备,0.71,5.98,1.74,,1,2139.53,氢能源,4.29,5.06,11.92,1.89,11.92,7,2026-04-22,-14.41,2.37,1.22,抗住且相对强,2026-04-14,氢能源,6,1,0,0
E002-2026-04-10,2026-04-10,2026-04-13,002498.SZ,汉缆股份,电力设备,0.39,7.98,1.1,,2,3278.35,氢能源、燃料电池,16.75,22.08,16.36,12.08,22.08,5,2026-04-20,-15.58,-0.77,1.22,补跌且弱于行业,2026-04-14,氢能源,4,0,0,0
E002-2026-04-10,2026-04-10,2026-04-13,301189.SZ,奥尼电子,电子,14.82,5.64,35.2,3年新高,2,1998.49,消费电子、英伟达,36.42,43.09,41.71,31.72,44.01,2,2026-04-15,-13.65,4.66,0.81,抗住且相对强,2026-04-14,英伟达,1,3,1,1
E002-2026-04-10,2026-04-10,2026-04-13,300679.SZ,电连技术,电子,-2.84,18.55,-1,,1,830.28,消费电子,2.3,2.13,4.12,4.47,8.66,11,2026-04-28,0.0,-1.31,0.81,补跌且弱于行业,2026-04-22,消费电子,4,0,0,0
E002-2026-04-10,2026-04-10,2026-04-13,603629.SH,利通电子,电子,-2.6,20.63,-1,,4,12573.59,消费电子、液冷服务器、芯片、英伟达,31.88,47.61,48.87,49.28,64.21,11,2026-04-28,0.0,0.0,0.81,上涨但弱于行业,2026-04-22,英伟达,4,1,0,0
E002-2026-04-10,2026-04-10,2026-04-13,002655.SZ,共达电声,电子,1.98,13.39,7.25,3年新高,2,8808.62,消费电子、芯片,7.36,6.98,15.32,22.11,31.59,11,2026-04-28,0.0,-1.71,0.81,补跌且弱于行业,2026-04-22,芯片,4,2,0,0
E002-2026-04-10,2026-04-10,2026-04-13,688661.SH,和林微纳,电子,4.84,5.77,11.63,,3,9976.83,消费电子、芯片、英伟达,2.25,3.3,42.91,38.53,43.52,11,2026-04-28,0.0,-3.87,0.81,补跌且弱于行业,2026-04-22,英伟达,4,2,0,0
E002-2026-04-10,2026-04-10,2026-04-13,301626.SZ,苏州天脉,电子,6.06,9.76,18.93,历史新高,2,3427.04,消费电子、液冷服务器,0.54,-5.09,-4.55,-2.96,0.54,3,2026-04-16,-4.61,-1.79,0.81,补跌且弱于行业,2026-04-20,液冷服务器,-2,2,0,0
E002-2026-04-10,2026-04-10,2026-04-13,301389.SZ,隆扬电子,电子,-0.13,4.45,-0.27,,1,830.28,消费电子,3.29,6.0,13.66,10.13,13.66,7,2026-04-22,-0.99,2.43,0.81,抗住且相对强,2026-04-22,消费电子,0,1,0,1
E002-2026-04-10,2026-04-10,2026-04-13,603380.SH,易德龙,电子,2.06,0.94,2.0,,1,830.28,消费电子,1.97,4.42,-0.82,3.86,4.42,5,2026-04-20,-2.81,-0.34,0.81,补跌且弱于行业,2026-04-20,消费电子,0,0,0,1
E002-2026-04-10,2026-04-10,2026-04-13,300647.SZ,超频三,电子,2.45,0.91,2.34,,2,3427.04,消费电子、液冷服务器,2.07,9.25,10.05,8.61,10.05,7,2026-04-22,-1.28,0.0,0.81,上涨但弱于行业,2026-04-22,液冷服务器,0,0,0,1
E002-2026-04-10,2026-04-10,2026-04-13,300951.SZ,博硕科技,电子,1.09,0.89,1.03,,1,830.28,消费电子,0.72,-2.55,3.69,-10.22,3.69,7,2026-04-22,-18.23,-1.13,0.81,补跌且弱于行业,2026-04-22,消费电子,0,0,0,1
E002-2026-04-10,2026-04-10,2026-04-13,688775.SH,影石创新,电子,2.2,2.46,3.45,,2,8808.62,消费电子、芯片,1.02,2.48,1.6,1.24,2.48,5,2026-04-20,-4.34,0.06,0.81,上涨但弱于行业,2026-04-20,消费电子,0,0,0,1
E002-2026-04-10,2026-04-10,2026-04-13,600130.SH,波导股份,电子,2.04,0.89,1.92,,1,830.28,消费电子,3.97,3.09,1.99,5.3,5.52,9,2026-04-24,-3.97,0.67,0.81,上涨但弱于行业,2026-04-22,消费电子,2,0,0,0
E002-2026-04-10,2026-04-10,2026-04-13,300784.SZ,利安科技,电子,1.12,0.29,0.6,,1,830.28,消费电子,2.7,2.86,2.96,0.59,2.96,7,2026-04-22,-3.11,-0.46,0.81,补跌且弱于行业,2026-04-22,消费电子,0,0,0,1
E002-2026-04-10,2026-04-10,2026-04-13,002888.SZ,惠威科技,电子,1.04,0.4,0.66,,1,830.28,消费电子,2.92,3.25,3.36,1.03,3.41,6,2026-04-21,-3.19,-0.27,0.81,补跌且弱于行业,2026-04-22,消费电子,-1,0,0,0
E002-2026-04-10,2026-04-10,2026-04-13,688260.SH,昀冢科技,电子,0.15,0.59,0.12,,1,830.28,消费电子,8.65,10.14,12.37,23.52,31.98,11,2026-04-28,0.0,0.0,0.81,上涨但弱于行业,2026-04-22,消费电子,4,0,0,0
E002-2026-04-10,2026-04-10,2026-04-13,002351.SZ,漫步者,电子,1.59,0.85,1.47,,1,830.28,消费电子,-0.52,-0.52,-1.13,-2.53,-0.44,1,2026-04-14,-2.97,-0.35,0.81,补跌且弱于行业,2026-04-14,消费电子,0,0,0,1
E002-2026-04-10,2026-04-10,2026-04-13,300822.SZ,贝仕达克,电子,1.66,0.28,0.88,,1,830.28,消费电子,1.0,0.79,0.36,8.93,8.93,10,2026-04-27,-3.0,-0.78,0.81,补跌且弱于行业,2026-04-22,消费电子,3,0,0,0
E002-2026-04-10,2026-04-10,2026-04-13,301491.SZ,汉桑科技,电子,1.04,0.28,0.55,,1,830.28,消费电子,1.49,1.97,-1.63,-1.59,1.97,5,2026-04-20,-6.2,-0.2,0.81,补跌且弱于行业,2026-04-20,消费电子,0,0,0,1
E002-2026-04-10,2026-04-10,2026-04-13,300032.SZ,金龙机电,电子,-0.88,2.03,-1,,1,830.28,消费电子,3.44,3.27,0.52,-2.41,3.44,3,2026-04-16,-9.64,3.01,0.81,抗住且相对强,2026-04-20,消费电子,-2,1,0,0
E002-2026-04-10,2026-04-10,2026-04-13,688668.SH,鼎通科技,通信,0.91,12.43,3.21,20日新高,2,3764.97,液冷服务器、英伟达,28.67,31.13,41.57,46.42,48.4,9,2026-04-24,-9.7,-2.84,-0.25,补跌且弱于行业,2026-04-22,英伟达,2,1,0,0
E002-2026-04-10,2026-04-10,2026-04-13,603881.SH,数据港,通信,2.15,32.18,12.2,,1,2596.76,液冷服务器,4.7,-1.79,-1.54,-7.19,4.7,3,2026-04-16,-13.61,0.88,-0.25,抗住且相对强,2026-04-20,液冷服务器,-2,2,0,0
E002-2026-04-10,2026-04-10,2026-04-13,300442.SZ,润泽科技,通信,-0.29,51.56,-1,,1,2596.76,液冷服务器,7.35,6.7,4.8,1.01,7.45,8,2026-04-23,-8.47,2.5,-0.25,抗住且相对强,2026-04-22,液冷服务器,1,1,0,1
E002-2026-04-10,2026-04-10,2026-04-13,300383.SZ,光环新网,通信,-1.6,24.75,-1,,1,2596.76,液冷服务器,6.7,1.19,1.31,-8.3,6.7,3,2026-04-16,-18.13,2.33,-0.25,抗住且相对强,2026-04-20,液冷服务器,-2,1,0,0
E002-2026-04-10,2026-04-10,2026-04-13,300689.SZ,澄天伟业,通信,2.86,1.19,3.12,,2,10575.1,液冷服务器、芯片,10.45,13.18,11.32,10.13,13.18,5,2026-04-20,-2.71,-1.52,-0.25,补跌且弱于行业,2026-04-20,液冷服务器,0,0,0,1
E002-2026-04-10,2026-04-10,2026-04-13,300698.SZ,万马科技,通信,0.71,0.67,0.58,,2,3764.97,液冷服务器、英伟达,4.93,4.62,19.7,12.37,19.7,7,2026-04-22,-12.17,-0.96,-0.25,补跌且弱于行业,2026-04-22,英伟达,0,0,0,1
E002-2026-04-10,2026-04-10,2026-04-13,300603.SZ,立昂技术,通信,-2.29,5.53,-1,,1,2596.76,液冷服务器,6.39,1.81,-0.6,-8.81,6.39,3,2026-04-16,-16.41,0.61,-0.25,抗住且相对强,2026-04-20,液冷服务器,-2,1,0,0
E002-2026-04-10,2026-04-10,2026-04-13,002823.SZ,凯中精密,电力设备,2.3,0.81,2.07,,1,1138.82,燃料电池,0.44,1.08,0.89,-0.44,1.33,9,2026-04-24,-1.14,1.09,1.22,上涨但弱于行业,2026-04-14,燃料电池,8,0,0,0
E002-2026-04-10,2026-04-10,2026-04-13,300069.SZ,金利华电,电力设备,-3.44,2.89,-1,,1,1138.82,燃料电池,3.37,0.13,2.19,13.67,16.51,11,2026-04-28,0.0,1.78,1.22,抗住且相对强,2026-04-14,燃料电池,10,1,0,0
E002-2026-04-10,2026-04-10,2026-04-13,603026.SH,石大胜华,电力设备,10.0,22.93,47.89,,2,2446.72,燃料电池、电池,8.83,7.31,17.06,22.04,22.04,10,2026-04-27,-0.99,5.17,1.22,抗住且相对强,2026-04-21,电池,4,2,0,0
E002-2026-04-10,2026-04-10,2026-04-13,301222.SZ,浙江恒威,电力设备,3.97,2.61,6.41,3年新高,1,1307.9,电池,5.78,4.27,7.14,27.19,27.19,10,2026-04-27,-1.97,-1.1,1.22,补跌且弱于行业,2026-04-21,电池,4,1,0,0
E002-2026-04-10,2026-04-10,2026-04-13,600241.SH,时代万恒,电力设备,2.23,0.94,2.16,,2,1976.06,电池、锂电池,1.32,-0.61,0.31,-0.31,3.26,1,2026-04-14,-5.19,1.97,1.22,抗住且相对强,2026-04-16,锂电池,-2,1,0,0
E002-2026-04-10,2026-04-10,2026-04-13,605378.SH,野马电池,电力设备,3.36,0.89,3.17,,1,1307.9,电池,0.89,0.49,1.13,1.13,1.58,4,2026-04-17,-1.72,-0.05,1.22,补跌且弱于行业,2026-04-16,电池,1,0,0,1
E002-2026-04-10,2026-04-10,2026-04-13,688502.SH,茂莱光学,电子,1.91,5.45,4.46,20日新高,1,7978.34,芯片,4.1,37.13,46.76,36.8,46.76,7,2026-04-22,-10.86,-3.28,0.81,补跌且弱于行业,2026-04-22,芯片,0,1,0,1
E002-2026-04-10,2026-04-10,2026-04-13,688603.SH,天承科技,电子,-0.56,6.63,-1,20日新高,1,7978.34,芯片,9.18,9.42,12.24,9.67,15.72,11,2026-04-28,0.0,-2.31,0.81,补跌且弱于行业,2026-04-22,芯片,4,1,0,0
E002-2026-04-10,2026-04-10,2026-04-13,300429.SZ,强力新材,电子,-0.51,3.42,-0.94,,1,7978.34,芯片,1.32,7.12,6.68,5.21,7.12,5,2026-04-20,-3.01,-0.8,0.81,补跌且弱于行业,2026-04-17,芯片,1,0,0,1
E002-2026-04-10,2026-04-10,2026-04-13,603002.SH,宏昌电子,电子,-1.44,6.12,-1,,2,9146.55,芯片、英伟达,10.27,13.6,18.73,29.6,29.6,10,2026-04-27,-3.42,6.86,0.81,抗住且相对强,2026-04-22,英伟达,3,1,0,0
E002-2026-04-10,2026-04-10,2026-04-13,003019.SZ,宸展光电,电子,8.66,7.6,23.87,20日新高,1,7978.34,芯片,-3.06,2.4,4.79,0.84,4.79,7,2026-04-22,-3.73,-0.43,0.81,补跌且弱于行业,2026-04-22,芯片,0,2,0,1
E002-2026-04-10,2026-04-10,2026-04-13,301191.SZ,菲菱科思,通信,1.26,7.36,3.42,,1,7978.34,芯片,4.52,1.91,9.43,7.05,10.23,9,2026-04-24,-8.13,-3.5,-0.25,补跌且弱于行业,2026-04-22,芯片,2,0,0,0
E002-2026-04-10,2026-04-10,2026-04-13,688055.SH,龙腾光电,电子,-2.1,0.88,-1,,1,7978.34,芯片,1.19,4.05,4.52,0.71,4.52,7,2026-04-22,-6.19,0.0,0.81,上涨但弱于行业,2026-04-22,芯片,0,0,0,1
E002-2026-04-10,2026-04-10,2026-04-13,300710.SZ,万隆光电,通信,3.32,0.96,3.25,,1,7978.34,芯片,0.7,3.98,-2.31,5.08,5.28,11,2026-04-28,0.0,0.0,-0.25,抗住且相对强,2026-04-22,芯片,4,1,0,0
E002-2026-04-10,2026-04-10,2026-04-13,300219.SZ,鸿利智汇,电子,2.53,1.82,3.41,,1,7978.34,芯片,1.99,3.05,4.24,0.79,4.24,7,2026-04-22,-7.55,-1.95,0.81,补跌且弱于行业,2026-04-22,芯片,0,0,0,1
E002-2026-04-10,2026-04-10,2026-04-13,688322.SH,奥比中光-W,电子,3.92,5.96,9.57,20日新高,2,9146.55,芯片、英伟达,1.37,2.12,0.29,-4.14,2.83,4,2026-04-17,-9.8,2.14,0.81,抗住且相对强,2026-04-17,芯片,0,3,1,1
E002-2026-04-10,2026-04-10,2026-04-13,002104.SZ,恒宝股份,通信,5.91,11.97,20.45,,1,7978.34,芯片,-2.67,-3.37,-5.47,-8.33,-1.46,1,2026-04-14,-9.61,-3.56,-0.25,补跌且弱于行业,2026-04-14,芯片,0,1,0,1
E002-2026-04-10,2026-04-10,2026-04-13,002583.SZ,海能达,通信,0.38,2.65,0.62,,1,7978.34,芯片,0.28,0.65,-0.18,-3.05,0.65,5,2026-04-20,-6.28,2.95,-0.25,抗住且相对强,2026-04-17,芯片,1,1,0,1
E002-2026-04-10,2026-04-10,2026-04-13,300576.SZ,容大感光,电子,0.17,1.98,0.24,,1,7978.34,芯片,1.17,5.81,9.53,10.47,10.47,10,2026-04-27,-0.94,0.09,0.81,上涨但弱于行业,2026-04-22,芯片,3,0,0,0
E002-2026-04-10,2026-04-10,2026-04-13,688182.SH,灿勤科技,通信,-0.53,1.02,-0.54,,1,7978.34,芯片,10.5,16.41,16.01,13.45,16.41,5,2026-04-20,-3.56,-0.21,-0.25,补跌但相对强,2026-04-17,芯片,1,1,0,1
E002-2026-04-10,2026-04-10,2026-04-13,688027.SH,国盾量子,通信,0.8,12.42,2.82,,1,7978.34,芯片,12.76,8.2,5.37,1.91,12.76,3,2026-04-16,-12.07,-0.3,-0.25,补跌且弱于行业,2026-04-17,芯片,-1,0,0,0
E002-2026-04-10,2026-04-10,2026-04-13,000050.SZ,深天马Ａ,电子,1.22,1.93,1.69,,1,7978.34,芯片,0.0,1.57,2.53,0.84,2.53,7,2026-04-22,-4.34,-0.12,0.81,补跌且弱于行业,2026-04-22,芯片,0,0,0,1
E002-2026-04-10,2026-04-10,2026-04-13,300708.SZ,聚灿光电,电子,-0.1,3.01,-0.17,,1,7978.34,芯片,1.05,3.47,3.68,-4.53,4.0,4,2026-04-17,-12.32,-0.21,0.81,补跌且弱于行业,2026-04-17,芯片,0,0,0,1
E002-2026-04-10,2026-04-10,2026-04-13,300590.SZ,移为通信,通信,0.86,0.43,0.56,,1,7978.34,芯片,1.54,2.48,3.68,24.53,25.9,11,2026-04-28,0.0,-0.34,-0.25,补跌且弱于行业,2026-04-22,芯片,4,0,0,0
E002-2026-04-10,2026-04-10,2026-04-13,688100.SH,威胜信息,通信,0.53,0.82,0.48,,2,8817.26,芯片、虚拟电厂,4.15,3.5,4.5,0.19,4.94,4,2026-04-17,-10.28,-2.1,-0.25,补跌且弱于行业,2026-04-17,芯片,0,0,0,1
E002-2026-04-10,2026-04-10,2026-04-13,603931.SH,格林达,电子,0.81,0.45,0.54,,1,7978.34,芯片,3.39,12.56,15.8,25.53,38.09,11,2026-04-28,0.0,-0.33,0.81,补跌且弱于行业,2026-04-22,芯片,4,0,0,0
E002-2026-04-10,2026-04-10,2026-04-13,300516.SZ,久之洋,电子,-0.5,3.35,-0.92,,1,7978.34,芯片,2.16,7.07,4.32,-13.58,7.07,5,2026-04-20,-22.91,-0.68,0.81,补跌且弱于行业,2026-04-17,芯片,1,0,0,1
E002-2026-04-10,2026-04-10,2026-04-13,603322.SH,超讯通信,通信,0.16,1.04,0.16,,1,7978.34,芯片,13.74,17.79,12.58,1.0,19.48,4,2026-04-17,-16.84,1.08,-0.25,抗住且相对强,2026-04-17,芯片,0,1,0,1
E002-2026-04-10,2026-04-10,2026-04-13,688387.SH,信科移动-U,通信,-3.35,10.11,-1,,1,7978.34,芯片,17.05,21.09,20.96,15.9,21.09,5,2026-04-20,-3.5,-0.93,-0.25,补跌且弱于行业,2026-04-17,芯片,1,0,0,1
E002-2026-04-10,2026-04-10,2026-04-13,300211.SZ,*ST亿通,通信,2.27,0.17,0.94,,1,7978.34,芯片,1.21,-0.24,2.53,2.05,5.79,8,2026-04-23,-1.21,2.35,-0.25,抗住且相对强,2026-04-22,芯片,1,1,0,1
E002-2026-04-10,2026-04-10,2026-04-13,688592.SH,司南导航,通信,0.0,0.4,0.0,,1,7978.34,芯片,8.38,13.83,13.34,13.3,13.83,5,2026-04-20,-6.03,-1.62,-0.25,补跌且弱于行业,2026-04-17,芯片,1,0,0,1
E002-2026-04-10,2026-04-10,2026-04-13,688539.SH,高华科技,电子,1.28,0.86,1.19,,1,7978.34,芯片,7.39,20.7,22.58,5.2,22.72,6,2026-04-21,-20.45,-0.08,0.81,补跌且弱于行业,2026-04-22,芯片,-1,0,0,0
E002-2026-04-10,2026-04-10,2026-04-13,300627.SZ,华测导航,通信,1.14,2.7,1.87,,1,7978.34,芯片,2.15,5.21,5.93,-2.62,5.93,7,2026-04-22,-10.52,-0.56,-0.25,补跌且弱于行业,2026-04-22,芯片,0,0,0,1
E002-2026-04-10,2026-04-10,2026-04-13,002148.SZ,北纬科技,通信,0.66,0.64,0.53,,1,7978.34,芯片,1.44,1.96,0.79,1.05,1.96,4,2026-04-17,-2.62,0.39,-0.25,抗住且相对强,2026-04-17,芯片,0,1,0,1
E002-2026-04-10,2026-04-10,2026-04-13,300514.SZ,友讯达,电力设备,0.85,0.32,0.48,,2,8817.26,芯片、虚拟电厂,1.92,3.0,3.16,-5.77,3.16,7,2026-04-22,-9.7,-0.69,1.22,补跌且弱于行业,2026-04-22,芯片,0,0,0,1
E002-2026-04-10,2026-04-10,2026-04-13,603042.SH,华脉科技,通信,-5.78,7.69,-1,,1,7978.34,芯片,-2.21,-0.59,-2.88,-10.23,-0.59,5,2026-04-20,-9.46,0.91,-0.25,抗住且相对强,2026-04-17,芯片,1,1,0,1
E002-2026-04-10,2026-04-10,2026-04-13,002161.SZ,远望谷,电子,-0.13,1.09,-0.14,,1,7978.34,芯片,0.55,-1.23,0.0,-1.37,0.55,3,2026-04-16,-3.84,-2.14,0.81,补跌且弱于行业,2026-04-17,芯片,-1,0,0,0
E002-2026-04-10,2026-04-10,2026-04-13,001388.SZ,信通电子,电力设备,0.91,0.31,0.51,,1,7978.34,芯片,2.78,2.27,0.57,-3.96,2.78,3,2026-04-16,-9.04,-0.15,1.22,补跌且弱于行业,2026-04-17,芯片,-1,0,0,0
E002-2026-04-10,2026-04-10,2026-04-13,300120.SZ,经纬辉开,电子,0.54,0.51,0.39,,1,7978.34,芯片,0.94,0.67,-1.07,-1.21,0.94,3,2026-04-16,-4.83,0.13,0.81,上涨但弱于行业,2026-04-17,芯片,-1,0,0,0
E002-2026-04-10,2026-04-10,2026-04-13,300427.SZ,红相股份,电力设备,-0.67,2.86,-1,,1,7978.34,芯片,7.34,7.0,1.35,-3.46,8.95,2,2026-04-15,-18.14,0.51,1.22,上涨但弱于行业,2026-04-14,芯片,1,0,0,1
E002-2026-04-10,2026-04-10,2026-04-13,603985.SH,恒润股份,电力设备,4.19,8.53,12.24,,1,1168.21,英伟达,13.14,11.02,17.43,21.67,26.88,11,2026-04-28,0.0,2.5,1.22,抗住且相对强,2026-04-22,英伟达,4,2,0,0
E002-2026-04-10,2026-04-10,2026-04-13,300232.SZ,洲明科技,电子,1.01,1.58,1.27,,1,1168.21,英伟达,1.3,3.46,-6.06,-8.08,3.46,5,2026-04-20,-13.13,-1.0,0.81,补跌且弱于行业,2026-04-22,英伟达,-2,0,0,0
E002-2026-04-10,2026-04-10,2026-04-13,002587.SZ,奥拓电子,电子,-0.3,1.0,-0.3,,1,1168.21,英伟达,-0.15,0.3,-1.22,1.07,1.98,11,2026-04-28,0.0,-0.61,0.81,补跌且弱于行业,2026-04-22,英伟达,4,0,0,0
E002-2026-04-10,2026-04-10,2026-04-13,002546.SZ,新联电子,电力设备,0.67,1.46,0.81,,1,838.92,虚拟电厂,2.12,-0.22,-2.34,-8.24,4.9,1,2026-04-14,-15.14,-0.33,1.22,补跌且弱于行业,2026-04-14,虚拟电厂,0,0,0,1
E002-2026-04-10,2026-04-10,2026-04-13,300360.SZ,炬华科技,电力设备,1.37,1.02,1.38,,2,1801.21,虚拟电厂、高压快充,1.91,1.05,0.18,-5.49,1.91,3,2026-04-16,-11.96,-0.37,1.22,补跌且弱于行业,2026-04-14,虚拟电厂,2,0,0,0
E002-2026-04-10,2026-04-10,2026-04-13,600734.SH,*ST实达,通信,-0.53,1.59,-0.67,,1,838.92,虚拟电厂,0.8,-18.35,-29.79,-37.77,1.06,1,2026-04-14,-38.56,0.27,-0.25,抗住且相对强,2026-04-14,虚拟电厂,0,1,0,1
E002-2026-04-10,2026-04-10,2026-04-13,603685.SH,晨丰科技,电子,3.83,1.61,4.86,,1,838.92,虚拟电厂,6.53,6.71,10.94,16.2,16.2,10,2026-04-27,-1.34,-1.56,0.81,补跌且弱于行业,2026-04-14,虚拟电厂,9,0,0,0
E002-2026-04-10,2026-04-10,2026-04-13,002130.SZ,沃尔核材,电子,1.36,11.8,4.67,,1,962.29,高压快充,1.75,4.26,4.54,-5.69,4.54,7,2026-04-22,-13.57,2.03,0.81,抗住且相对强,2026-04-22,高压快充,0,1,0,1
E002-2026-04-10,2026-04-10,2026-04-13,301577.SZ,美信科技,通信,0.21,0.49,0.15,,1,962.29,高压快充,0.78,0.37,8.96,6.09,8.96,7,2026-04-22,-6.36,-1.03,-0.25,补跌且弱于行业,2026-04-22,高压快充,0,0,0,1
