sample_id,event_date,divergence_date,code,name,sw_l1,pct_event,amount_event,weighted_event,high_event,double_red_hits,double_red_amount_sum,double_red_sectors,ret_3d,ret_5d,ret_7d,ret_10d,peak_ret,peak_day_n,peak_date,drawdown_after_peak,pct_divergence,sw_pct_divergence,divergence_path,nearest_reflow_date,nearest_reflow_sector,peak_minus_reflow_days,strategy1_score,strategy1_full,reflow_same_next
E003-2026-05-11,2026-05-11,2026-05-12,002281.SZ,光迅科技,通信,10.0,147.66,121.52,历史新高,6,31875.28,6G、光纤、共封装光学(CPO)、液冷服务器、芯片、通信设备,-2.49,14.59,7.84,2.59,17.32,6,2026-05-20,-16.72,1.36,2.68,上涨但弱于行业,2026-05-19,6G,1,2,0,1
E003-2026-05-11,2026-05-11,2026-05-12,688800.SH,瑞可达,电子,5.56,21.17,25.58,历史新高,6,22023.24,6G、储能、光伏、液冷服务器、铜缆高速连接、高压快充,-3.67,1.86,-3.03,-4.42,5.86,4,2026-05-18,-13.52,7.06,0.14,抗住且相对强,2026-05-19,6G,-1,3,1,0
E003-2026-05-11,2026-05-11,2026-05-12,300571.SZ,平治信息,通信,-0.6,15.49,-1,,5,30692.0,6G、储能、共封装光学(CPO)、芯片、通信服务,7.04,14.81,3.52,-5.89,19.53,4,2026-05-18,-32.5,-0.45,2.68,补跌且弱于行业,2026-05-19,6G,-1,1,0,0
E003-2026-05-11,2026-05-11,2026-05-12,300136.SZ,信维通信,电子,14.03,122.38,155.21,历史新高,4,20300.07,6G、AI眼镜、消费电子、芯片,-8.87,1.56,0.23,0.94,8.86,8,2026-05-22,-6.4,-5.43,0.14,补跌且弱于行业,2026-05-25,消费电子,-1,2,0,0
E003-2026-05-11,2026-05-11,2026-05-12,301183.SZ,东田微,电子,-4.25,27.96,-1,历史新高,4,9733.66,6G、光学光电子、共封装光学(CPO)、华为手机,3.13,-2.39,-4.53,-3.56,4.79,2,2026-05-14,-6.34,10.34,0.14,抗住且相对强,2026-05-19,6G,-3,2,0,0
E003-2026-05-11,2026-05-11,2026-05-12,603738.SH,泰晶科技,电子,10.0,13.44,36.66,历史新高,7,28314.98,6G、AI眼镜、MCU芯片、元件、光刻机、共封装光学(CPO)、芯片,2.39,-3.28,-13.17,-13.65,2.39,3,2026-05-15,-17.7,4.97,0.14,抗住且相对强,2026-05-14,光刻机,1,3,1,1
E003-2026-05-11,2026-05-11,2026-05-12,603936.SH,博敏电子,电子,10.01,23.04,48.05,3年新高,8,25871.61,6G、AI PC、PCB、元件、先进封装、共封装光学(CPO)、存储芯片、液冷服务器,4.4,2.27,1.58,29.77,29.77,10,2026-05-26,-10.48,0.0,0.14,上涨但弱于行业,2026-05-26,元件,0,2,0,1
E003-2026-05-11,2026-05-11,2026-05-12,600522.SH,中天科技,通信,7.24,182.94,97.92,历史新高,16,61267.86,6G、PCB、储能、光伏、光纤、共封装光学(CPO)、可控核聚变、氢能源、液冷服务器、特高压、芯片、超级电容、通信设备、钙钛矿电池、铜缆高速连接、风电,-7.01,1.07,-4.95,-8.17,3.02,6,2026-05-20,-14.43,0.5,2.68,上涨但弱于行业,2026-05-20,超级电容,0,2,0,1
E003-2026-05-11,2026-05-11,2026-05-12,688418.SH,震有科技,通信,-1.09,5.53,-1,60日新高,4,15498.37,6G、储能、光纤、通信设备,-4.8,-4.69,-7.33,-1.97,0.19,1,2026-05-13,-6.15,-1.77,2.68,补跌且弱于行业,2026-05-19,6G,-4,1,0,0
E003-2026-05-11,2026-05-11,2026-05-12,002792.SZ,通宇通讯,通信,3.58,37.35,21.88,,6,21090.72,6G、储能、共封装光学(CPO)、虚拟电厂、通信设备、铜缆高速连接,-7.09,-7.16,-10.51,-11.28,0.94,1,2026-05-13,-13.6,-1.79,2.68,补跌且弱于行业,2026-05-13,虚拟电厂,0,2,0,1
E003-2026-05-11,2026-05-11,2026-05-12,688270.SH,ST臻镭,电子,11.04,24.81,54.99,,4,26983.0,6G、共封装光学(CPO)、半导体、芯片,-6.13,-8.81,-13.7,-17.96,1.31,1,2026-05-13,-16.94,1.34,0.14,抗住且相对强,2026-05-15,半导体,-2,3,1,0
E003-2026-05-11,2026-05-11,2026-05-12,003031.SZ,中瓷电子,通信,10.0,26.01,51.0,历史新高,5,25595.11,6G、光刻机、共封装光学(CPO)、芯片、通信设备,5.92,13.71,1.2,-1.3,13.71,5,2026-05-19,-16.63,-1.59,2.68,补跌且弱于行业,2026-05-19,6G,0,2,0,1
E003-2026-05-11,2026-05-11,2026-05-12,688387.SH,信科移动-U,通信,3.12,31.4,17.48,历史新高,3,19034.52,6G、芯片、通信设备,-9.63,-11.72,-17.34,-18.34,1.09,1,2026-05-13,-21.3,-2.36,2.68,补跌且弱于行业,2026-05-19,6G,-4,1,0,0
E003-2026-05-11,2026-05-11,2026-05-12,002436.SZ,兴森科技,电子,3.62,49.66,25.51,历史新高,7,34663.89,6G、PCB、元件、先进封装、共封装光学(CPO)、存储芯片、芯片,-5.86,-1.85,-0.48,13.93,13.96,9,2026-05-25,-3.29,0.84,0.14,抗住且相对强,2026-05-25,共封装光学(CPO),0,3,1,1
E003-2026-05-11,2026-05-11,2026-05-12,688220.SH,翱捷科技-U,电子,4.71,20.79,21.48,120日新高,6,28901.47,6G、AI眼镜、半导体、存储芯片、星闪、芯片,0.47,7.15,5.71,2.87,15.71,6,2026-05-20,-10.71,-0.17,0.14,补跌且弱于行业,2026-05-20,半导体,0,2,0,1
E003-2026-05-11,2026-05-11,2026-05-12,002897.SZ,意华股份,通信,7.7,15.92,30.72,,6,21596.33,6G、光伏、共封装光学(CPO)、液冷服务器、通信设备、铜缆高速连接,-5.94,1.51,-9.45,12.29,12.29,10,2026-05-26,-1.81,6.3,2.68,抗住且相对强,2026-05-25,共封装光学(CPO),1,3,1,1
E003-2026-05-11,2026-05-11,2026-05-12,002194.SZ,武汉凡谷,通信,-0.71,6.13,-1,,4,24989.51,6G、共封装光学(CPO)、芯片、通信设备,0.71,4.45,-3.73,-6.35,4.45,5,2026-05-19,-15.33,-0.4,2.68,补跌且弱于行业,2026-05-19,6G,0,1,0,1
E003-2026-05-11,2026-05-11,2026-05-12,603773.SH,沃格光电,电子,10.01,20.35,45.16,历史新高,8,32977.09,6G、先进封装、光刻机、光学光电子、共封装光学(CPO)、存储芯片、芯片、钙钛矿电池,-8.28,-13.49,-0.91,11.96,22.3,11,2026-05-27,0.0,2.16,0.14,抗住且相对强,2026-05-25,共封装光学(CPO),2,3,1,0
E003-2026-05-11,2026-05-11,2026-05-12,688790.SH,昂瑞微-UW,电子,3.92,3.34,7.16,60日新高,4,23685.85,6G、AI眼镜、半导体、芯片,2.23,3.98,-2.84,-4.14,5.83,2,2026-05-14,-12.06,-3.19,0.14,补跌且弱于行业,2026-05-15,半导体,-1,1,0,0
E003-2026-05-11,2026-05-11,2026-05-12,002913.SZ,奥士康,电子,0.91,4.99,2.03,历史新高,5,9714.78,6G、AI PC、PCB、元件、英伟达,-10.13,-7.67,-9.02,-0.4,-0.29,1,2026-05-13,-5.14,-2.1,0.14,补跌且弱于行业,2026-05-13,英伟达,0,1,0,1
E003-2026-05-11,2026-05-11,2026-05-12,300184.SZ,力源信息,电子,0.74,21.85,3.46,3年新高,9,43315.89,6G、MCU芯片、PCB、储能、光伏、存储芯片、星闪、液冷服务器、芯片,-3.15,3.42,-3.28,7.8,12.65,9,2026-05-25,-9.64,-2.66,0.14,补跌且弱于行业,2026-05-25,MCU芯片,0,1,0,1
E003-2026-05-11,2026-05-11,2026-05-12,600498.SH,烽火通信,通信,2.82,103.55,28.7,20日新高,8,34977.43,6G、MCU芯片、光纤、共封装光学(CPO)、液冷服务器、特高压、芯片、通信设备,-8.0,-4.07,-8.42,-11.88,3.07,1,2026-05-13,-17.91,0.68,2.68,上涨但弱于行业,2026-05-19,6G,-4,2,0,0
E003-2026-05-11,2026-05-11,2026-05-12,002815.SZ,崇达技术,电子,4.39,11.29,14.75,60日新高,8,32168.35,6G、AI PC、PCB、元件、先进封装、共封装光学(CPO)、华为手机、芯片,-3.28,-2.72,-7.12,5.69,5.69,10,2026-05-26,-1.92,-0.12,0.14,补跌且弱于行业,2026-05-26,元件,0,1,0,1
E003-2026-05-11,2026-05-11,2026-05-12,300456.SZ,赛微电子,电子,-0.61,27.11,-1,,6,30956.34,6G、先进封装、光刻机、共封装光学(CPO)、半导体、芯片,6.41,3.21,-5.98,-5.82,6.51,2,2026-05-14,-15.4,-3.19,0.14,补跌且弱于行业,2026-05-14,光刻机,0,1,0,1
E003-2026-05-11,2026-05-11,2026-05-12,301165.SZ,锐捷网络,通信,2.94,13.53,10.81,120日新高,4,14741.13,6G、共封装光学(CPO)、液冷服务器、通信设备,-7.02,-3.13,-9.82,-33.24,1.27,1,2026-05-13,-36.47,0.38,2.68,上涨但弱于行业,2026-05-19,6G,-4,1,0,0
E003-2026-05-11,2026-05-11,2026-05-12,301191.SZ,菲菱科思,通信,4.69,11.97,16.23,历史新高,3,19034.52,6G、芯片、通信设备,-0.77,4.68,-3.55,7.47,18.44,9,2026-05-25,-15.17,-6.71,2.68,补跌且弱于行业,2026-05-25,芯片,0,1,0,1
E003-2026-05-11,2026-05-11,2026-05-12,603803.SH,瑞斯康达,通信,0.24,9.28,0.73,3年新高,4,24989.51,6G、共封装光学(CPO)、芯片、通信设备,-3.89,-6.48,-13.32,-16.09,1.47,1,2026-05-13,-22.75,2.17,2.68,上涨但弱于行业,2026-05-19,6G,-4,1,0,0
E003-2026-05-11,2026-05-11,2026-05-12,600487.SH,亨通光电,通信,-2.95,180.66,-1,历史新高,8,37368.62,6G、光纤、共封装光学(CPO)、液冷服务器、特高压、芯片、通信设备、风电,-7.06,0.49,-6.92,-7.58,0.91,6,2026-05-20,-9.44,0.15,2.68,上涨但弱于行业,2026-05-19,6G,1,1,0,1
E003-2026-05-11,2026-05-11,2026-05-12,688182.SH,灿勤科技,通信,6.25,5.87,15.14,60日新高,3,19034.52,6G、芯片、通信设备,2.19,24.9,7.83,5.9,28.06,6,2026-05-20,-25.21,-1.27,2.68,补跌且弱于行业,2026-05-19,6G,1,1,0,1
E003-2026-05-11,2026-05-11,2026-05-12,600877.SH,电科芯片,电子,0.23,6.65,0.59,20日新高,7,36300.97,6G、MCU芯片、储能、光伏、半导体、星闪、芯片,-6.13,-5.38,-9.48,-8.38,0.17,1,2026-05-13,-9.77,-2.81,0.14,补跌且弱于行业,2026-05-15,半导体,-2,1,0,0
E003-2026-05-11,2026-05-11,2026-05-12,603186.SH,华正新材,电子,3.37,14.59,12.87,历史新高,6,31778.62,6G、PCB、储能、元件、先进封装、芯片,3.06,5.84,14.98,35.43,35.43,10,2026-05-26,-4.14,10.0,0.14,抗住且相对强,2026-05-26,元件,0,2,0,1
E003-2026-05-11,2026-05-11,2026-05-12,300739.SZ,明阳电路,电子,2.16,9.83,6.77,,7,37733.61,6G、PCB、储能、元件、先进封装、共封装光学(CPO)、芯片,-6.77,-2.08,1.58,11.68,18.78,11,2026-05-27,0.0,0.03,0.14,上涨但弱于行业,2026-05-26,元件,1,1,0,1
E003-2026-05-11,2026-05-11,2026-05-12,002544.SZ,普天科技,通信,1.43,4.85,3.15,,4,13456.42,6G、PCB、储能、通信服务,-7.52,-6.36,-14.61,-15.52,0.15,1,2026-05-13,-17.84,-0.61,2.68,补跌且弱于行业,2026-05-13,通信服务,0,1,0,1
E003-2026-05-11,2026-05-11,2026-05-12,300322.SZ,硕贝德,电子,4.69,17.32,19.52,历史新高,7,35370.4,6G、AI眼镜、储能、先进封装、消费电子、液冷服务器、芯片,1.61,3.84,-10.03,4.49,5.57,1,2026-05-13,-2.94,-3.58,0.14,补跌且弱于行业,2026-05-13,消费电子,0,2,0,1
E003-2026-05-11,2026-05-11,2026-05-12,000062.SZ,深圳华强,电子,9.99,32.83,57.24,,4,27112.71,6G、共封装光学(CPO)、存储芯片、芯片,-14.12,-12.52,-11.13,-9.98,-1.58,1,2026-05-13,-13.05,-4.35,0.14,补跌且弱于行业,2026-05-15,存储芯片,-2,2,0,0
E003-2026-05-11,2026-05-11,2026-05-12,002579.SZ,中京电子,电子,1.51,7.03,4.0,120日新高,11,47871.03,6G、AI PC、AI手机、AI眼镜、PCB、储能、元件、先进封装、共封装光学(CPO)、存储芯片、芯片,-2.68,-1.04,-4.84,12.07,23.25,11,2026-05-27,0.0,-0.3,0.14,补跌且弱于行业,2026-05-26,元件,1,1,0,1
E003-2026-05-11,2026-05-11,2026-05-12,603118.SH,共进股份,通信,1.34,16.86,5.5,,6,31283.75,6G、PCB、先进封装、共封装光学(CPO)、芯片、通信设备,0.31,-2.27,-11.71,-15.55,11.46,2,2026-05-14,-30.23,-0.38,2.68,补跌且弱于行业,2026-05-19,6G,-3,1,0,0
E003-2026-05-11,2026-05-11,2026-05-12,301041.SZ,金百泽,电子,1.24,1.53,1.53,20日新高,5,9546.8,6G、PCB、元件、特高压、虚拟电厂,4.87,6.49,3.09,10.37,12.28,1,2026-05-13,-6.27,-1.41,0.14,补跌且弱于行业,2026-05-13,虚拟电厂,0,1,0,1
E003-2026-05-11,2026-05-11,2026-05-12,002796.SZ,世嘉科技,通信,0.99,11.54,3.36,,4,18526.3,6G、储能、共封装光学(CPO)、通信设备,-21.71,-18.54,-11.53,-10.8,-9.25,1,2026-05-13,-7.02,0.08,2.68,上涨但弱于行业,2026-05-19,6G,-4,1,0,0
E003-2026-05-11,2026-05-11,2026-05-12,000070.SZ,特发信息,通信,-0.81,26.99,-1,,6,21087.15,6G、光伏、光纤、共封装光学(CPO)、特高压、通信设备,-11.55,-12.95,-16.52,-19.12,-1.58,1,2026-05-13,-18.56,3.11,2.68,抗住且相对强,2026-05-19,6G,-4,2,0,0
E003-2026-05-11,2026-05-11,2026-05-12,603220.SH,中贝通信,通信,-3.15,19.16,-1,,6,25043.54,6G、储能、光伏、光纤、共封装光学(CPO)、通信服务,4.08,11.43,-0.03,-12.33,11.43,5,2026-05-19,-29.0,-3.76,2.68,补跌且弱于行业,2026-05-19,6G,0,1,0,1
E003-2026-05-11,2026-05-11,2026-05-12,000063.SZ,中兴通讯,通信,1.11,64.23,8.9,60日新高,9,38212.79,6G、AI手机、AI眼镜、储能、光纤、星闪、液冷服务器、芯片、通信设备,-3.62,-1.16,-8.56,-6.69,1.94,1,2026-05-13,-10.53,-2.61,2.68,补跌且弱于行业,2026-05-19,6G,-4,1,0,0
E003-2026-05-11,2026-05-11,2026-05-12,300134.SZ,大富科技,通信,1.11,1.82,1.5,20日新高,5,22987.63,6G、华为手机、氢能源、芯片、通信设备,-2.81,0.34,-6.73,-7.25,1.02,1,2026-05-13,-11.34,-0.85,2.68,补跌且弱于行业,2026-05-19,6G,-4,1,0,0
E003-2026-05-11,2026-05-11,2026-05-12,002138.SZ,顺络电子,电子,0.59,12.67,2.1,20日新高,8,42655.28,6G、AI眼镜、PCB、储能、元件、光伏、共封装光学(CPO)、芯片,-4.22,6.91,7.26,21.37,30.65,11,2026-05-27,0.0,-0.29,0.14,补跌且弱于行业,2026-05-26,元件,1,1,0,1
E003-2026-05-11,2026-05-11,2026-05-12,300964.SZ,本川智能,电子,1.03,2.72,1.7,,4,12414.9,6G、PCB、元件、共封装光学(CPO),2.67,5.95,11.06,13.84,21.48,9,2026-05-25,-15.03,8.42,0.14,抗住且相对强,2026-05-25,PCB,0,2,0,1
E003-2026-05-11,2026-05-11,2026-05-12,300782.SZ,卓胜微,电子,3.46,30.76,19.19,,4,24395.75,6G、先进封装、半导体、芯片,21.59,17.73,10.13,7.29,28.19,2,2026-05-14,-21.76,2.34,0.14,抗住且相对强,2026-05-15,半导体,-1,3,1,0
E003-2026-05-11,2026-05-11,2026-05-12,002115.SZ,三维通信,通信,4.9,23.25,23.63,,2,2786.04,6G、通信服务,-5.27,-6.8,-13.53,-12.73,0.53,1,2026-05-13,-16.2,-2.72,2.68,补跌且弱于行业,2026-05-13,通信服务,0,1,0,1
E003-2026-05-11,2026-05-11,2026-05-12,603228.SH,景旺电子,电子,1.81,35.21,10.74,,7,16392.29,6G、AI PC、PCB、元件、共封装光学(CPO)、华为手机、英伟达,-6.22,-6.42,-1.54,14.87,14.87,10,2026-05-26,-6.63,0.42,0.14,抗住且相对强,2026-05-26,元件,0,2,0,1
E003-2026-05-11,2026-05-11,2026-05-12,600050.SH,中国联通,通信,4.42,25.09,22.14,20日新高,2,2786.04,6G、通信服务,0.43,6.68,-1.94,-4.09,6.68,5,2026-05-19,-12.28,-1.69,2.68,补跌且弱于行业,2026-05-19,6G,0,2,0,1
E003-2026-05-11,2026-05-11,2026-05-12,300711.SZ,广哈通信,通信,0.28,1.18,0.3,,3,12571.31,6G、储能、通信设备,-3.8,-1.92,-6.71,-5.25,1.17,1,2026-05-13,-8.3,-1.89,2.68,补跌且弱于行业,2026-05-19,6G,-4,1,0,0
E003-2026-05-11,2026-05-11,2026-05-12,603236.SH,DR移远通,通信,-0.74,5.01,-1,,8,33132.52,6G、AI眼镜、MCU芯片、储能、星闪、芯片、英伟达、通信设备,-1.07,2.79,0.85,4.63,6.66,11,2026-05-27,0.0,-1.7,2.68,补跌且弱于行业,2026-05-25,MCU芯片,2,1,0,0
E003-2026-05-11,2026-05-11,2026-05-12,601728.SH,中国电信,通信,1.49,11.09,4.96,20日新高,2,2786.04,6G、通信服务,3.43,16.34,3.76,-0.65,16.34,5,2026-05-19,-18.95,-0.33,2.68,补跌且弱于行业,2026-05-19,6G,0,1,0,1
E003-2026-05-11,2026-05-11,2026-05-12,600941.SH,中国移动,通信,1.03,12.06,3.58,20日新高,2,2786.04,6G、通信服务,0.62,3.73,-0.64,-0.18,3.73,5,2026-05-19,-3.51,-0.32,2.68,补跌且弱于行业,2026-05-19,6G,0,1,0,1
E003-2026-05-11,2026-05-11,2026-05-12,002583.SZ,海能达,通信,-1.47,3.28,-1,,4,19575.98,6G、星闪、芯片、通信设备,-4.4,-5.89,-11.19,-10.89,0.6,1,2026-05-13,-14.89,-0.2,2.68,补跌且弱于行业,2026-05-19,6G,-4,1,0,0
E003-2026-05-11,2026-05-11,2026-05-12,301308.SZ,江波龙,电子,15.97,145.99,192.96,历史新高,7,32256.7,AI PC、AI手机、AI眼镜、先进封装、半导体、存储芯片、芯片,5.14,0.14,-4.03,-4.04,8.95,1,2026-05-13,-10.74,0.89,0.14,抗住且相对强,2026-05-15,半导体,-2,3,1,0
E003-2026-05-11,2026-05-11,2026-05-12,002156.SZ,通富微电,电子,7.1,122.54,78.6,历史新高,6,34204.53,AI PC、先进封装、共封装光学(CPO)、半导体、存储芯片、芯片,-4.14,-1.04,3.83,26.75,26.75,10,2026-05-26,-6.51,-2.84,0.14,补跌且弱于行业,2026-05-25,共封装光学(CPO),1,2,0,1
E003-2026-05-11,2026-05-11,2026-05-12,688110.SH,东芯股份,电子,6.76,52.19,48.84,历史新高,4,24881.8,AI PC、半导体、存储芯片、芯片,0.68,5.19,-10.55,0.05,7.44,9,2026-05-25,-12.0,-6.19,0.14,补跌且弱于行业,2026-05-25,半导体,0,2,0,1
E003-2026-05-11,2026-05-11,2026-05-12,001309.SZ,德明利,电子,6.94,114.49,74.26,历史新高,5,30836.79,AI PC、共封装光学(CPO)、半导体、存储芯片、芯片,15.22,13.13,6.17,6.65,18.94,4,2026-05-18,-11.33,-3.32,0.14,补跌且弱于行业,2026-05-15,半导体,1,2,0,1
E003-2026-05-11,2026-05-11,2026-05-12,603031.SH,安孚科技,电力设备,-0.12,17.53,-0.5,历史新高,4,29362.06,AI PC、储能、共封装光学(CPO)、芯片,2.76,17.34,5.37,9.41,17.34,5,2026-05-19,-8.69,-0.74,-1.05,补跌但相对强,2026-05-25,芯片,-4,2,0,0
E003-2026-05-11,2026-05-11,2026-05-12,300684.SZ,中石科技,电子,7.69,15.42,30.2,历史新高,6,25682.96,AI PC、MR(混合现实)、储能、光伏、共封装光学(CPO)、液冷服务器,-5.18,-4.74,-3.98,0.66,5.12,9,2026-05-25,-5.64,-3.24,0.14,补跌且弱于行业,2026-05-25,共封装光学(CPO),0,2,0,1
E003-2026-05-11,2026-05-11,2026-05-12,688525.SH,佰维存储,电子,8.69,165.79,111.89,历史新高,7,32256.7,AI PC、AI手机、AI眼镜、先进封装、半导体、存储芯片、芯片,-0.86,1.44,-2.58,-0.4,7.16,4,2026-05-18,-4.57,-2.13,0.14,补跌且弱于行业,2026-05-15,半导体,1,2,0,1
E003-2026-05-11,2026-05-11,2026-05-12,001314.SZ,亿道信息,电子,1.16,4.39,2.43,1年新高,6,12504.56,AI PC、AI眼镜、MR(混合现实)、PCB、先进封装、消费电子,-2.65,-2.59,-6.96,6.57,6.57,10,2026-05-26,-4.83,-3.74,0.14,补跌且弱于行业,2026-05-25,PCB,1,1,0,1
E003-2026-05-11,2026-05-11,2026-05-12,001389.SZ,广合科技,电子,10.0,25.21,50.21,历史新高,4,11594.53,AI PC、PCB、元件、共封装光学(CPO),-5.24,-7.53,-6.18,1.43,2.27,8,2026-05-22,-6.78,0.2,0.14,抗住且相对强,2026-05-22,元件,0,3,1,1
E003-2026-05-11,2026-05-11,2026-05-12,603626.SH,科森科技,电子,-0.29,11.93,-1,,3,10358.65,AI PC、储能、消费电子,-3.95,1.73,2.93,-0.19,5.49,8,2026-05-22,-9.74,-3.69,0.14,补跌且弱于行业,2026-05-25,消费电子,-1,1,0,0
E003-2026-05-11,2026-05-11,2026-05-12,300115.SZ,长盈精密,电子,0.3,26.7,1.55,,10,37923.54,AI PC、AI手机、AI眼镜、MR(混合现实)、储能、氢能源、消费电子、液冷服务器、芯片、铜缆高速连接,6.22,6.22,4.93,5.55,8.03,4,2026-05-18,-7.36,-1.65,0.14,补跌且弱于行业,2026-05-13,消费电子,3,1,0,0
E003-2026-05-11,2026-05-11,2026-05-12,300476.SZ,胜宏科技,电子,5.46,233.39,83.41,历史新高,9,42325.16,AI PC、AI手机、PCB、储能、元件、光伏、共封装光学(CPO)、芯片、英伟达,-9.38,-10.24,-11.73,4.67,4.67,10,2026-05-26,-3.64,-0.74,0.14,补跌且弱于行业,2026-05-26,元件,0,2,0,1
E003-2026-05-11,2026-05-11,2026-05-12,603296.SH,华勤技术,电子,-3.16,28.32,-1,,8,26501.16,AI PC、AI眼镜、华为手机、星闪、消费电子、液冷服务器、芯片、英伟达,3.85,-0.67,-4.19,0.29,5.97,1,2026-05-13,-8.67,-4.55,0.14,补跌且弱于行业,2026-05-13,英伟达,0,1,0,1
E003-2026-05-11,2026-05-11,2026-05-12,603341.SH,龙旗科技,电子,2.0,6.49,5.1,20日新高,5,8740.57,AI PC、AI眼镜、PCB、星闪、消费电子,-0.43,-1.52,-6.66,-5.6,1.72,1,2026-05-13,-9.35,-1.91,0.14,补跌且弱于行业,2026-05-13,消费电子,0,1,0,1
E003-2026-05-11,2026-05-11,2026-05-12,002947.SZ,恒铭达,电子,3.02,10.8,9.92,历史新高,3,10358.65,AI PC、储能、消费电子,-0.77,8.24,8.04,23.08,23.08,10,2026-05-26,-7.41,-3.77,0.14,补跌且弱于行业,2026-05-25,消费电子,1,1,0,1
E003-2026-05-11,2026-05-11,2026-05-12,002938.SZ,鹏鼎控股,电子,6.04,42.21,39.24,历史新高,6,15601.69,AI PC、AI手机、AI眼镜、PCB、元件、共封装光学(CPO),8.34,18.69,19.14,46.28,46.28,10,2026-05-26,-12.72,-1.0,0.14,补跌且弱于行业,2026-05-26,元件,0,2,0,1
E003-2026-05-11,2026-05-11,2026-05-12,002993.SZ,奥海科技,电子,1.97,3.37,3.62,,5,18648.06,AI PC、AI眼镜、储能、光伏、消费电子,10.88,8.41,16.36,25.5,29.46,9,2026-05-25,-3.75,1.14,0.14,抗住且相对强,2026-05-25,消费电子,0,2,0,1
E003-2026-05-11,2026-05-11,2026-05-12,300657.SZ,弘信电子,电子,-2.67,21.93,-1,,10,29825.57,AI PC、AI手机、AI眼镜、PCB、储能、元件、共封装光学(CPO)、华为手机、液冷服务器、英伟达,-4.11,38.07,29.85,23.41,38.07,5,2026-05-19,-22.14,-2.41,0.14,补跌且弱于行业,2026-05-19,元件,0,1,0,1
E003-2026-05-11,2026-05-11,2026-05-12,688595.SH,芯海科技,电子,6.55,2.98,11.31,20日新高,6,24762.99,AI PC、AI眼镜、MCU芯片、半导体、星闪、芯片,-3.76,-2.37,-8.14,-3.08,0.05,9,2026-05-25,-6.86,0.71,0.14,抗住且相对强,2026-05-25,MCU芯片,0,2,0,1
E003-2026-05-11,2026-05-11,2026-05-12,002600.SZ,领益智造,电子,0.99,31.35,5.54,20日新高,10,32647.56,AI PC、AI手机、AI眼镜、MR(混合现实)、储能、光伏、共封装光学(CPO)、消费电子、液冷服务器、英伟达,13.24,13.03,3.74,5.75,14.1,4,2026-05-18,-10.36,-1.84,0.14,补跌且弱于行业,2026-05-13,英伟达,3,1,0,0
E003-2026-05-11,2026-05-11,2026-05-12,300752.SZ,隆利科技,电子,1.83,1.16,1.97,120日新高,4,5831.33,AI PC、AI眼镜、MR(混合现实)、光学光电子,-2.63,0.05,-5.81,1.89,4.92,11,2026-05-27,0.0,-2.38,0.14,补跌且弱于行业,2026-05-25,MR(混合现实),2,1,0,0
E003-2026-05-11,2026-05-11,2026-05-12,301489.SZ,思泉新材,电子,-1.32,9.76,-1,120日新高,5,17165.85,AI PC、AI手机、AI眼镜、储能、液冷服务器,2.11,21.79,16.44,8.26,21.79,5,2026-05-19,-13.23,-1.72,0.14,补跌且弱于行业,,,,1,0,0
E003-2026-05-11,2026-05-11,2026-05-12,300331.SZ,苏大维格,电子,2.42,8.81,7.18,历史新高,5,22680.04,AI PC、光伏、光刻机、光学光电子、芯片,-3.75,-1.37,-4.3,-4.3,5.0,6,2026-05-20,-10.66,0.69,0.14,抗住且相对强,2026-05-20,光刻机,0,2,0,1
E003-2026-05-11,2026-05-11,2026-05-12,002426.SZ,胜利精密,电子,-1.99,5.93,-1,,3,5272.61,AI PC、AI眼镜、消费电子,-2.31,-3.08,-9.0,-7.46,0.77,1,2026-05-13,-12.08,-1.52,0.14,补跌且弱于行业,2026-05-13,消费电子,0,1,0,1
E003-2026-05-11,2026-05-11,2026-05-12,603890.SH,春秋电子,电子,1.53,9.45,4.7,历史新高,3,5272.61,AI PC、AI眼镜、消费电子,0.4,1.5,4.5,21.47,21.47,10,2026-05-26,-9.11,-2.77,0.14,补跌且弱于行业,2026-05-25,消费电子,1,1,0,1
E003-2026-05-11,2026-05-11,2026-05-12,002866.SZ,传艺科技,电子,-5.76,16.51,-1,2年新高,4,13285.15,AI PC、PCB、储能、消费电子,-8.12,-9.64,-14.5,-16.51,-1.53,1,2026-05-13,-16.83,-9.98,0.14,补跌且弱于行业,2026-05-13,消费电子,0,1,0,1
E003-2026-05-11,2026-05-11,2026-05-12,300956.SZ,英力股份,电子,-0.68,0.63,-0.54,,6,17430.51,AI PC、HJT电池、TOPCON电池、储能、光伏、消费电子,-1.02,-0.83,-7.23,-7.29,0.45,1,2026-05-13,-10.61,-3.16,0.14,补跌且弱于行业,2026-05-13,消费电子,0,1,0,1
E003-2026-05-11,2026-05-11,2026-05-12,300602.SZ,飞荣达,电子,-0.21,10.28,-0.67,,9,30221.99,AI PC、AI眼镜、MR(混合现实)、储能、光伏、共封装光学(CPO)、华为手机、消费电子、液冷服务器,3.05,7.55,4.77,27.49,27.49,10,2026-05-26,-5.34,-1.92,0.14,补跌且弱于行业,2026-05-25,华为手机,1,1,0,1
E003-2026-05-11,2026-05-11,2026-05-12,001283.SZ,豪鹏科技,电力设备,0.6,3.34,1.1,,3,11857.82,AI PC、AI眼镜、储能,-3.57,-1.08,2.08,-18.35,9.37,8,2026-05-22,-28.6,1.18,-1.05,抗住且相对强,,,,2,0,0
E003-2026-05-11,2026-05-11,2026-05-12,000725.SZ,京东方Ａ,电子,0.48,25.56,2.43,,10,41223.11,AI PC、AI眼镜、储能、先进封装、光伏、光学光电子、光纤、芯片、虚拟电厂、钙钛矿电池,-0.72,3.36,12.47,38.37,38.37,10,2026-05-26,-1.2,-0.48,0.14,补跌且弱于行业,2026-05-25,先进封装,1,1,0,1
E003-2026-05-11,2026-05-11,2026-05-12,600745.SH,*ST闻泰,电子,-4.98,0.35,-1,,7,30682.18,AI PC、AI手机、先进封装、半导体、液冷服务器、芯片、英伟达,-14.25,-22.61,-22.79,-17.92,-5.01,1,2026-05-13,-8.82,-4.98,0.14,补跌且弱于行业,2026-05-13,英伟达,0,1,0,1
E003-2026-05-11,2026-05-11,2026-05-12,688484.SH,南芯科技,电子,7.13,9.32,21.77,60日新高,7,35817.34,AI手机、AI眼镜、MCU芯片、储能、半导体、液冷服务器、芯片,0.68,1.41,-2.29,3.68,8.52,9,2026-05-25,-8.01,-1.9,0.14,补跌且弱于行业,2026-05-25,MCU芯片,0,2,0,1
E003-2026-05-11,2026-05-11,2026-05-12,688173.SH,希荻微,电子,5.35,3.51,10.02,2年新高,4,22758.7,AI手机、AI眼镜、半导体、芯片,-0.76,3.92,-1.96,0.87,5.93,6,2026-05-20,-6.96,-1.71,0.14,补跌且弱于行业,2026-05-20,半导体,0,1,0,1
E003-2026-05-11,2026-05-11,2026-05-12,300433.SZ,蓝思科技,电子,7.95,55.76,59.36,20日新高,6,15590.45,AI手机、AI眼镜、TOPCON电池、光伏、消费电子、液冷服务器,12.24,24.54,19.78,26.25,32.15,11,2026-05-27,0.0,-1.1,0.14,补跌且弱于行业,2026-05-25,消费电子,2,2,0,0
E003-2026-05-11,2026-05-11,2026-05-12,002384.SZ,东山精密,电子,3.27,193.64,45.5,历史新高,7,29810.88,AI手机、PCB、元件、光纤、共封装光学(CPO)、芯片、高压快充,-7.34,1.19,-5.69,0.79,3.09,9,2026-05-25,-1.31,0.53,0.14,抗住且相对强,2026-05-25,共封装光学(CPO),0,3,1,1
E003-2026-05-11,2026-05-11,2026-05-12,688601.SH,力芯微,电子,12.14,10.75,39.8,20日新高,4,22758.7,AI手机、AI眼镜、半导体、芯片,8.71,2.52,0.38,1.33,8.71,3,2026-05-15,-12.39,8.64,0.14,抗住且相对强,2026-05-15,半导体,0,3,1,1
E003-2026-05-11,2026-05-11,2026-05-12,688521.SH,芯原股份,电子,2.06,90.55,19.6,,6,27482.49,AI手机、AI眼镜、MCU芯片、先进封装、半导体、芯片,-7.13,10.27,0.57,-2.15,10.27,5,2026-05-19,-17.45,1.72,0.14,抗住且相对强,2026-05-20,半导体,-1,3,1,0
E003-2026-05-11,2026-05-11,2026-05-12,002273.SZ,水晶光电,电子,4.34,47.19,29.81,历史新高,6,19208.23,AI手机、AI眼镜、储能、光学光电子、共封装光学(CPO)、华为手机,0.03,1.45,-3.47,3.45,10.69,11,2026-05-27,0.0,0.66,0.14,抗住且相对强,2026-05-25,华为手机,2,3,1,0
E003-2026-05-11,2026-05-11,2026-05-12,002654.SZ,万润科技,电子,2.67,9.2,8.1,,5,24757.49,AI手机、光学光电子、存储芯片、芯片、风电,7.32,13.54,17.23,8.81,24.87,6,2026-05-20,-18.52,0.52,0.14,抗住且相对强,2026-05-20,存储芯片,0,2,0,1
E003-2026-05-11,2026-05-11,2026-05-12,688230.SH,芯导科技,电子,3.02,1.82,4.07,20日新高,4,22758.7,AI手机、AI眼镜、半导体、芯片,0.16,2.52,-3.69,0.23,5.71,9,2026-05-25,-7.16,-1.45,0.14,补跌且弱于行业,2026-05-25,半导体,0,1,0,1
E003-2026-05-11,2026-05-11,2026-05-12,300968.SZ,格林精密,电子,3.66,1.51,4.5,20日新高,4,6103.54,AI手机、AI眼镜、MR(混合现实)、消费电子,-3.96,-2.66,-9.74,-9.59,-1.37,1,2026-05-13,-10.73,2.98,0.14,抗住且相对强,2026-05-13,消费电子,0,2,0,1
E003-2026-05-11,2026-05-11,2026-05-12,688458.SH,美芯晟,电子,2.7,1.17,2.92,20日新高,5,24114.75,AI手机、AI眼镜、MCU芯片、半导体、芯片,12.69,14.64,6.67,14.13,23.28,9,2026-05-25,-15.62,-0.98,0.14,补跌且弱于行业,2026-05-25,MCU芯片,0,1,0,1
E003-2026-05-11,2026-05-11,2026-05-12,300088.SZ,长信科技,电子,0.28,11.03,0.93,,4,15504.45,AI手机、储能、光伏、光学光电子,-2.2,-1.52,-2.34,1.1,8.68,11,2026-05-27,0.0,-0.41,0.14,补跌且弱于行业,,,,1,0,0
E003-2026-05-11,2026-05-11,2026-05-12,603160.SH,汇顶科技,电子,2.33,5.35,5.39,,6,24656.21,AI手机、AI眼镜、MCU芯片、半导体、星闪、芯片,-2.09,-0.03,-4.38,0.35,2.4,9,2026-05-25,-2.2,-1.29,0.14,补跌且弱于行业,2026-05-25,MCU芯片,0,1,0,1
E003-2026-05-11,2026-05-11,2026-05-12,688036.SH,传音控股,电子,3.29,10.72,10.77,,4,12909.71,AI手机、AI眼镜、储能、消费电子,4.12,13.24,7.96,7.89,13.24,5,2026-05-19,-7.67,-1.7,0.14,补跌且弱于行业,2026-05-25,消费电子,-4,1,0,0
E003-2026-05-11,2026-05-11,2026-05-12,603327.SH,福蓉科技,电子,-2.06,4.46,-1,60日新高,5,13847.42,AI手机、AI眼镜、MR(混合现实)、储能、消费电子,-2.03,1.57,-3.97,-1.57,1.57,5,2026-05-19,-6.83,-0.91,0.14,补跌且弱于行业,2026-05-25,MR(混合现实),-4,1,0,0
E003-2026-05-11,2026-05-11,2026-05-12,688381.SH,帝奥微,电子,-2.69,6.04,-1,,5,28713.69,AI手机、AI眼镜、共封装光学(CPO)、半导体、芯片,1.43,19.01,25.73,30.99,38.45,9,2026-05-25,-7.16,5.2,0.14,抗住且相对强,2026-05-25,共封装光学(CPO),0,2,0,1
E003-2026-05-11,2026-05-11,2026-05-12,688371.SH,菲沃泰,电子,6.12,4.85,13.48,3年新高,3,12571.54,AI眼镜、共封装光学(CPO)、液冷服务器,5.91,5.69,11.43,15.46,19.71,8,2026-05-22,-12.09,3.98,0.14,抗住且相对强,2026-05-25,共封装光学(CPO),-1,2,0,0
E003-2026-05-11,2026-05-11,2026-05-12,688123.SH,聚辰股份,电子,15.98,35.69,95.47,20日新高,5,32038.53,AI眼镜、共封装光学(CPO)、半导体、存储芯片、芯片,2.71,3.86,-3.02,-7.06,8.19,2,2026-05-14,-19.09,4.73,0.14,抗住且相对强,2026-05-15,半导体,-1,3,1,0
E003-2026-05-11,2026-05-11,2026-05-12,300868.SZ,杰美特,电子,3.76,4.91,8.33,3年新高,2,3816.51,AI眼镜、消费电子,-3.48,-1.74,-6.86,24.16,24.16,10,2026-05-26,-5.5,2.58,0.14,抗住且相对强,2026-05-25,消费电子,1,2,0,1
E003-2026-05-11,2026-05-11,2026-05-12,688593.SH,新相微,电子,5.21,6.7,13.49,,3,21409.38,AI眼镜、半导体、芯片,1.08,5.51,2.99,10.14,10.14,10,2026-05-26,-6.87,-2.31,0.14,补跌且弱于行业,2026-05-25,半导体,1,1,0,1
E003-2026-05-11,2026-05-11,2026-05-12,600330.SH,天通股份,电子,10.01,40.95,64.06,历史新高,6,36534.62,AI眼镜、PCB、储能、先进封装、光伏、芯片,-9.61,-9.74,-15.8,-11.64,7.38,1,2026-05-13,-11.82,1.81,0.14,抗住且相对强,2026-05-25,PCB,-8,3,1,0
E003-2026-05-11,2026-05-11,2026-05-12,301479.SZ,弘景光电,电子,1.24,8.06,3.52,历史新高,2,3437.52,AI眼镜、光学光电子,-3.77,-9.81,-9.66,-32.66,-0.28,1,2026-05-13,-38.45,-7.11,0.14,补跌且弱于行业,,,,1,0,0
E003-2026-05-11,2026-05-11,2026-05-12,603297.SH,永新光学,电子,8.23,5.94,20.06,历史新高,5,21176.71,AI眼镜、PCB、光刻机、光学光电子、芯片,1.64,5.29,5.19,2.05,9.57,6,2026-05-20,-8.55,-2.0,0.14,补跌且弱于行业,2026-05-20,光刻机,0,2,0,1
E003-2026-05-11,2026-05-11,2026-05-12,300632.SZ,光莆股份,电子,0.08,14.64,0.31,,7,37637.72,AI眼镜、PCB、储能、先进封装、光学光电子、共封装光学(CPO)、芯片,23.89,48.42,25.3,14.76,48.42,5,2026-05-19,-38.33,13.79,0.14,抗住且相对强,2026-05-25,共封装光学(CPO),-4,2,0,0
E003-2026-05-11,2026-05-11,2026-05-12,300560.SZ,中富通,通信,1.94,3.68,3.72,60日新高,3,4966.18,AI眼镜、英伟达、通信服务,1.18,3.31,-3.66,13.7,13.7,10,2026-05-26,-4.31,-2.2,2.68,补跌且弱于行业,2026-05-25,英伟达,1,1,0,1
E003-2026-05-11,2026-05-11,2026-05-12,300323.SZ,华灿光电,电子,4.89,18.33,20.94,3年新高,4,23599.6,AI眼镜、光学光电子、共封装光学(CPO)、芯片,19.2,12.78,26.64,15.35,26.64,7,2026-05-21,-12.24,6.17,0.14,抗住且相对强,2026-05-25,芯片,-2,3,1,0
E003-2026-05-11,2026-05-11,2026-05-12,688234.SH,天岳先进,电子,15.27,26.52,78.64,3年新高,3,21409.38,AI眼镜、半导体、芯片,22.14,14.42,7.38,18.45,29.99,2,2026-05-14,-1.55,3.8,0.14,抗住且相对强,2026-05-15,半导体,-1,3,1,0
E003-2026-05-11,2026-05-11,2026-05-12,300975.SZ,商络电子,电子,2.34,14.55,8.93,历史新高,5,26853.85,AI眼镜、MCU芯片、存储芯片、液冷服务器、芯片,-1.81,4.82,-4.38,28.53,38.43,11,2026-05-27,0.0,-4.44,0.14,补跌且弱于行业,2026-05-25,MCU芯片,2,1,0,0
E003-2026-05-11,2026-05-11,2026-05-12,300223.SZ,北京君正,电子,9.11,69.79,76.11,60日新高,5,27439.59,AI眼镜、MCU芯片、半导体、存储芯片、芯片,-7.1,-6.23,-10.97,1.89,8.98,11,2026-05-27,0.0,0.51,0.14,抗住且相对强,2026-05-25,MCU芯片,2,3,1,0
E003-2026-05-11,2026-05-11,2026-05-12,688210.SH,统联精密,电子,7.17,5.1,16.19,20日新高,2,3816.51,AI眼镜、消费电子,-2.18,3.37,0.49,0.47,4.6,9,2026-05-25,-5.55,-3.36,0.14,补跌且弱于行业,2026-05-25,消费电子,0,1,0,1
E003-2026-05-11,2026-05-11,2026-05-12,688195.SH,腾景科技,电子,0.83,26.94,4.31,,6,27132.26,AI眼镜、光刻机、光学光电子、光纤、共封装光学(CPO)、芯片,-4.67,-9.54,-12.31,-11.53,2.09,1,2026-05-13,-12.84,-2.55,0.14,补跌且弱于行业,2026-05-14,光刻机,-1,1,0,0
E003-2026-05-11,2026-05-11,2026-05-12,603920.SH,世运电路,电子,5.63,39.35,35.32,20日新高,6,26171.72,AI眼镜、PCB、储能、元件、光伏、共封装光学(CPO),-3.97,-1.77,-4.84,2.16,3.37,11,2026-05-27,0.0,5.35,0.14,抗住且相对强,2026-05-26,元件,1,3,1,1
E003-2026-05-11,2026-05-11,2026-05-12,000823.SZ,超声电子,电子,-0.34,7.4,-0.92,3年新高,4,12796.27,AI眼镜、PCB、元件、共封装光学(CPO),-3.95,-5.9,-10.15,-0.47,3.19,1,2026-05-13,-7.26,-3.25,0.14,补跌且弱于行业,2026-05-19,元件,-4,1,0,0
E003-2026-05-11,2026-05-11,2026-05-12,600703.SH,三安光电,电子,4.97,59.11,38.21,20日新高,6,32598.91,AI眼镜、先进封装、光伏、光学光电子、共封装光学(CPO)、芯片,-3.35,0.78,-6.1,-5.2,4.37,2,2026-05-14,-5.02,4.24,0.14,抗住且相对强,2026-05-25,共封装光学(CPO),-7,3,1,0
E003-2026-05-11,2026-05-11,2026-05-12,300316.SZ,晶盛机电,电力设备,3.72,19.19,16.3,20日新高,8,32620.59,AI眼镜、BC电池、TOPCON电池、先进封装、光伏、光伏设备、存储芯片、芯片,10.25,8.81,9.44,12.34,18.71,6,2026-05-20,-5.95,0.42,-1.05,抗住且相对强,2026-05-20,光伏设备,0,2,0,1
E003-2026-05-11,2026-05-11,2026-05-12,300853.SZ,申昊科技,电力设备,2.83,2.76,4.7,1年新高,2,10401.72,AI眼镜、储能,-5.67,-8.03,0.98,8.67,8.67,10,2026-05-26,-2.16,-0.46,-1.05,补跌但相对强,,,,2,0,0
E003-2026-05-11,2026-05-11,2026-05-12,688781.SH,视涯科技-UW,电子,-2.36,3.09,-1,,3,17644.61,AI眼镜、光学光电子、芯片,-2.79,8.52,4.81,8.02,14.71,11,2026-05-27,0.0,3.84,0.14,抗住且相对强,2026-05-25,芯片,2,2,0,0
E003-2026-05-11,2026-05-11,2026-05-12,688045.SH,必易微,电子,7.3,2.21,10.85,2年新高,5,30509.31,AI眼镜、MCU芯片、储能、半导体、芯片,5.54,6.62,1.58,3.28,11.22,6,2026-05-20,-9.84,-1.36,0.14,补跌且弱于行业,2026-05-20,半导体,0,1,0,1
E003-2026-05-11,2026-05-11,2026-05-12,000636.SZ,风华高科,电子,10.01,20.34,45.14,3年新高,8,29029.35,AI眼镜、储能、元件、光伏、共封装光学(CPO)、液冷服务器、超级电容、高压快充,-8.32,9.92,16.13,41.6,50.15,11,2026-05-27,0.0,3.48,0.14,抗住且相对强,2026-05-26,元件,1,3,1,1
E003-2026-05-11,2026-05-11,2026-05-12,301099.SZ,雅创电子,电子,3.83,6.44,9.72,历史新高,6,36270.59,AI眼镜、MCU芯片、储能、光伏、存储芯片、芯片,-2.12,-0.75,-3.27,6.07,7.88,9,2026-05-25,-4.86,-4.39,0.14,补跌且弱于行业,2026-05-25,MCU芯片,0,1,0,1
E003-2026-05-11,2026-05-11,2026-05-12,301536.SZ,星宸科技,电子,2.94,9.18,8.91,1年新高,4,21950.84,AI眼镜、半导体、星闪、芯片,-0.52,4.36,-2.58,-0.36,4.36,5,2026-05-19,-5.98,-1.47,0.14,补跌且弱于行业,2026-05-20,半导体,-1,1,0,0
E003-2026-05-11,2026-05-11,2026-05-12,002861.SZ,瀛通通讯,电子,1.12,1.75,1.48,,3,4357.97,AI眼镜、星闪、消费电子,2.69,7.37,5.49,8.46,9.6,9,2026-05-25,-5.37,-3.31,0.14,补跌且弱于行业,2026-05-25,消费电子,0,1,0,1
E003-2026-05-11,2026-05-11,2026-05-12,002036.SZ,联创电子,电子,3.91,6.82,10.21,,6,26336.08,AI眼镜、MR(混合现实)、光学光电子、共封装光学(CPO)、芯片、英伟达,-3.34,1.85,7.96,24.34,24.34,10,2026-05-26,-8.77,-1.03,0.14,补跌且弱于行业,2026-05-25,共封装光学(CPO),1,1,0,1
E003-2026-05-11,2026-05-11,2026-05-12,002475.SZ,立讯精密,电子,6.69,205.84,95.98,历史新高,8,30821.16,AI眼镜、MR(混合现实)、共封装光学(CPO)、华为手机、消费电子、液冷服务器、芯片、铜缆高速连接,-4.13,-6.21,-12.07,-6.14,3.83,1,2026-05-13,-11.09,1.49,0.14,抗住且相对强,2026-05-13,消费电子,0,3,1,1
E003-2026-05-11,2026-05-11,2026-05-12,688728.SH,格科微,电子,1.24,4.23,2.55,20日新高,3,21409.38,AI眼镜、半导体、芯片,-0.07,2.75,0.07,4.46,5.7,6,2026-05-20,-1.17,-0.82,0.14,补跌且弱于行业,2026-05-20,半导体,0,1,0,1
E003-2026-05-11,2026-05-11,2026-05-12,300131.SZ,英唐智控,电子,1.11,29.12,5.99,,4,27494.08,AI眼镜、共封装光学(CPO)、存储芯片、芯片,13.26,20.67,4.58,-1.37,20.67,5,2026-05-19,-26.3,4.34,0.14,抗住且相对强,2026-05-20,存储芯片,-1,2,0,0
E003-2026-05-11,2026-05-11,2026-05-12,300460.SZ,ST惠伦,电子,1.98,1.15,2.12,60日新高,5,24618.32,AI眼镜、元件、共封装光学(CPO)、星闪、芯片,-1.3,-3.72,-8.01,-5.59,-1.3,3,2026-05-15,-6.05,4.17,0.14,抗住且相对强,2026-05-19,元件,-2,2,0,0
E003-2026-05-11,2026-05-11,2026-05-12,688798.SH,艾为电子,电子,2.45,3.3,4.45,20日新高,4,22765.43,AI眼镜、MCU芯片、半导体、芯片,1.49,3.63,-1.54,6.55,9.06,9,2026-05-25,-0.63,-1.1,0.14,补跌且弱于行业,2026-05-25,半导体,0,1,0,1
E003-2026-05-11,2026-05-11,2026-05-12,688378.SH,奥来德,电子,1.25,3.39,2.3,历史新高,3,4405.47,AI眼镜、光刻胶、钙钛矿电池,1.93,3.85,0.19,6.55,9.19,9,2026-05-25,-7.29,1.34,0.14,抗住且相对强,2026-05-25,光刻胶,0,2,0,1
E003-2026-05-11,2026-05-11,2026-05-12,300566.SZ,激智科技,电子,0.88,2.13,1.28,20日新高,4,9903.43,AI眼镜、TOPCON电池、光伏、光学光电子,-1.03,-0.69,7.72,12.59,14.75,9,2026-05-25,-4.77,-1.6,0.14,补跌且弱于行业,,,,1,0,0
E003-2026-05-11,2026-05-11,2026-05-12,300504.SZ,天邑股份,通信,2.63,2.64,4.27,20日新高,4,8677.32,AI眼镜、光纤、星闪、通信设备,1.4,1.34,-6.71,1.45,4.08,1,2026-05-13,-5.53,-0.59,2.68,补跌且弱于行业,2026-05-25,通信设备,-8,1,0,0
E003-2026-05-11,2026-05-11,2026-05-12,603068.SH,博通集成,电子,1.14,1.67,1.47,20日新高,5,23306.89,AI眼镜、MCU芯片、半导体、星闪、芯片,2.18,4.77,0.3,2.4,6.06,9,2026-05-25,-4.42,-1.61,0.14,补跌且弱于行业,2026-05-25,MCU芯片,0,1,0,1
E003-2026-05-11,2026-05-11,2026-05-12,300458.SZ,全志科技,电子,2.38,19.63,10.54,60日新高,5,27439.59,AI眼镜、MCU芯片、半导体、存储芯片、芯片,-1.66,1.71,-2.58,2.26,4.33,9,2026-05-25,-1.22,-1.71,0.14,补跌且弱于行业,2026-05-25,MCU芯片,0,1,0,1
E003-2026-05-11,2026-05-11,2026-05-12,688079.SH,美迪凯,电子,2.44,2.03,3.48,3年新高,6,22555.66,AI眼镜、MR(混合现实)、先进封装、光刻机、光学光电子、芯片,-0.62,5.1,16.95,39.23,39.23,10,2026-05-26,-11.11,4.88,0.14,抗住且相对强,2026-05-25,先进封装,1,2,0,1
E003-2026-05-11,2026-05-11,2026-05-12,300493.SZ,润欣科技,电子,2.99,4.31,6.21,20日新高,4,24906.83,AI眼镜、先进封装、存储芯片、芯片,-2.15,3.23,-1.43,8.54,10.75,11,2026-05-27,0.0,-2.96,0.14,补跌且弱于行业,2026-05-25,先进封装,2,1,0,0
E003-2026-05-11,2026-05-11,2026-05-12,301567.SZ,贝隆精密,电子,1.58,0.71,1.33,20日新高,2,3816.51,AI眼镜、消费电子,1.04,4.96,1.88,2.69,5.63,8,2026-05-22,-4.99,-1.95,0.14,补跌且弱于行业,2026-05-25,消费电子,-1,1,0,0
E003-2026-05-11,2026-05-11,2026-05-12,002881.SZ,美格智能,通信,1.33,2.35,2.04,20日新高,4,20771.94,AI眼镜、MCU芯片、芯片、通信设备,-1.14,11.21,11.69,10.26,21.29,11,2026-05-27,0.0,-1.94,2.68,补跌且弱于行业,2026-05-25,芯片,2,1,0,0
E003-2026-05-11,2026-05-11,2026-05-12,300866.SZ,安克创新,电子,8.03,13.58,29.59,,4,25767.48,AI眼镜、储能、消费电子、芯片,6.49,2.67,2.77,-4.43,8.0,4,2026-05-18,-9.82,-2.17,0.14,补跌且弱于行业,2026-05-13,消费电子,3,2,0,0
E003-2026-05-11,2026-05-11,2026-05-12,688049.SH,炬芯科技,电子,2.26,4.32,4.7,20日新高,5,23306.89,AI眼镜、MCU芯片、半导体、星闪、芯片,-2.2,2.79,-3.59,-2.39,2.79,5,2026-05-19,-5.93,1.55,0.14,抗住且相对强,2026-05-20,半导体,-1,2,0,0
E003-2026-05-11,2026-05-11,2026-05-12,688620.SH,安凯微,电子,1.85,1.7,2.41,,3,21409.38,AI眼镜、半导体、芯片,0.44,2.43,-2.06,-0.15,4.19,6,2026-05-20,-7.21,-1.23,0.14,补跌且弱于行业,2026-05-20,半导体,0,1,0,1
E003-2026-05-11,2026-05-11,2026-05-12,688469.SH,芯联集成-U,电子,3.74,15.14,14.55,20日新高,7,37886.98,AI眼镜、MCU芯片、储能、光伏、半导体、特高压、芯片,6.54,5.99,1.09,13.08,16.21,11,2026-05-27,0.0,1.66,0.14,抗住且相对强,2026-05-25,MCU芯片,2,2,0,0
E003-2026-05-11,2026-05-11,2026-05-12,688007.SH,光峰科技,电子,-0.76,1.17,-0.82,20日新高,3,4357.97,AI眼镜、星闪、消费电子,-2.17,0.46,1.58,1.25,1.97,8,2026-05-22,-4.34,-3.06,0.14,补跌且弱于行业,2026-05-25,消费电子,-1,1,0,0
E003-2026-05-11,2026-05-11,2026-05-12,300319.SZ,麦捷科技,电子,2.21,6.46,5.62,20日新高,7,38293.67,AI眼镜、储能、元件、共封装光学(CPO)、存储芯片、芯片、英伟达,-2.74,3.11,-1.11,8.15,11.04,9,2026-05-25,-3.04,0.82,0.14,抗住且相对强,2026-05-25,共封装光学(CPO),0,2,0,1
E003-2026-05-11,2026-05-11,2026-05-12,300296.SZ,利亚德,电子,1.49,8.47,4.34,,3,17644.61,AI眼镜、光学光电子、芯片,-2.23,2.82,-2.67,4.01,4.46,11,2026-05-27,0.0,-1.17,0.14,补跌且弱于行业,2026-05-25,芯片,2,1,0,0
E003-2026-05-11,2026-05-11,2026-05-12,300638.SZ,广和通,通信,1.74,5.42,4.05,,3,6549.59,AI眼镜、虚拟电厂、通信设备,3.71,7.51,-0.26,0.47,7.51,5,2026-05-19,-9.05,-2.09,2.68,补跌且弱于行业,2026-05-19,虚拟电厂,0,1,0,1
E003-2026-05-11,2026-05-11,2026-05-12,002841.SZ,视源股份,电子,3.96,3.66,7.58,60日新高,3,4357.97,AI眼镜、星闪、消费电子,-0.56,0.46,-2.52,-1.15,1.28,1,2026-05-13,-3.47,0.18,0.14,抗住且相对强,2026-05-13,消费电子,0,2,0,1
E003-2026-05-11,2026-05-11,2026-05-12,300709.SZ,精研科技,电子,1.75,3.15,3.11,20日新高,3,7775.22,AI眼镜、消费电子、液冷服务器,4.17,10.61,5.54,5.65,10.61,5,2026-05-19,-6.74,2.17,0.14,抗住且相对强,2026-05-25,消费电子,-4,2,0,0
E003-2026-05-11,2026-05-11,2026-05-12,688332.SH,中科蓝讯,电子,5.28,4.64,11.37,,5,27905.83,AI眼镜、共封装光学(CPO)、半导体、星闪、芯片,3.25,-25.8,-29.02,-27.54,5.5,1,2026-05-13,-28.96,6.35,0.14,抗住且相对强,2026-05-15,半导体,-2,2,0,0
E003-2026-05-11,2026-05-11,2026-05-12,301421.SZ,波长光电,电子,2.2,6.31,5.53,,5,21176.71,AI眼镜、PCB、光刻机、光学光电子、芯片,-3.36,-0.69,8.83,8.48,20.25,9,2026-05-25,-21.94,3.62,0.14,抗住且相对强,2026-05-25,PCB,0,2,0,1
E003-2026-05-11,2026-05-11,2026-05-12,001298.SZ,好上好,电子,2.55,8.18,7.29,,5,23436.6,AI眼镜、MCU芯片、存储芯片、星闪、芯片,2.62,1.88,-2.27,-0.65,2.88,6,2026-05-20,-5.06,-5.09,0.14,补跌且弱于行业,2026-05-20,存储芯片,0,1,0,1
E003-2026-05-11,2026-05-11,2026-05-12,688608.SH,恒玄科技,电子,2.09,12.79,7.47,20日新高,4,21950.84,AI眼镜、半导体、星闪、芯片,4.57,13.57,3.11,1.16,13.57,5,2026-05-19,-10.78,-2.59,0.14,补跌且弱于行业,2026-05-20,半导体,-1,1,0,0
E003-2026-05-11,2026-05-11,2026-05-12,001308.SZ,康冠科技,电子,1.35,0.56,1.01,20日新高,2,3437.52,AI眼镜、光学光电子,-0.96,0.82,1.68,7.55,7.55,10,2026-05-26,-1.68,-1.33,0.14,补跌且弱于行业,,,,1,0,0
E003-2026-05-11,2026-05-11,2026-05-12,002449.SZ,国星光电,电子,0.73,1.43,0.87,,5,28756.23,AI眼镜、储能、先进封装、光学光电子、芯片,0.12,2.84,4.07,6.17,10.12,8,2026-05-22,-3.83,-1.82,0.14,补跌且弱于行业,2026-05-25,先进封装,-1,1,0,0
E003-2026-05-11,2026-05-11,2026-05-12,002980.SZ,华盛昌,电力设备,1.18,13.55,4.34,历史新高,5,22772.26,AI眼镜、储能、光伏、共封装光学(CPO)、电网设备,16.69,25.64,28.24,40.0,55.18,9,2026-05-25,-12.48,-3.09,-1.05,补跌且弱于行业,2026-05-25,共封装光学(CPO),0,1,0,1
E003-2026-05-11,2026-05-11,2026-05-12,300857.SZ,协创数据,电子,-0.2,79.84,-1,,6,30451.52,AI眼镜、共封装光学(CPO)、存储芯片、消费电子、芯片、英伟达,1.27,-0.03,-4.65,-4.64,11.24,1,2026-05-13,-20.32,-4.71,0.14,补跌且弱于行业,2026-05-13,英伟达,0,1,0,1
E003-2026-05-11,2026-05-11,2026-05-12,300613.SZ,富瀚微,电子,-1.35,14.79,-1,,3,21409.38,AI眼镜、半导体、芯片,4.11,4.68,0.15,3.61,9.53,9,2026-05-25,-6.66,-2.37,0.14,补跌且弱于行业,2026-05-25,半导体,0,1,0,1
E003-2026-05-11,2026-05-11,2026-05-12,002241.SZ,歌尔股份,电子,0.9,31.49,5.05,20日新高,5,19502.77,AI眼镜、MR(混合现实)、星闪、消费电子、芯片,0.28,1.82,-1.27,8.08,11.92,11,2026-05-27,0.0,-1.83,0.14,补跌且弱于行业,2026-05-25,MR(混合现实),2,1,0,0
E003-2026-05-11,2026-05-11,2026-05-12,688181.SH,八亿时空,电子,2.83,2.58,4.55,,5,11400.24,AI眼镜、先进封装、光刻胶、光学光电子、液冷服务器,8.76,7.06,6.17,18.76,21.02,11,2026-05-27,0.0,-0.05,0.14,补跌且弱于行业,2026-05-25,光刻胶,2,1,0,0
E003-2026-05-11,2026-05-11,2026-05-12,688213.SH,思特威-W,电子,3.07,12.84,11.0,,3,21409.38,AI眼镜、半导体、芯片,4.97,11.47,9.37,9.26,16.28,6,2026-05-20,-7.47,7.84,0.14,抗住且相对强,2026-05-20,半导体,0,2,0,1
E003-2026-05-11,2026-05-11,2026-05-12,300793.SZ,佳禾智能,电子,0.07,0.83,0.06,,5,26308.94,AI眼镜、储能、星闪、消费电子、芯片,1.04,3.62,0.56,2.3,4.59,6,2026-05-20,-5.78,-2.18,0.14,补跌且弱于行业,2026-05-25,消费电子,-3,1,0,0
E003-2026-05-11,2026-05-11,2026-05-12,300545.SZ,联得装备,电子,0.06,2.83,0.1,20日新高,8,29415.51,AI眼镜、MR(混合现实)、先进封装、光伏、光学光电子、华为手机、芯片、钙钛矿电池,0.03,5.15,0.23,4.26,7.59,9,2026-05-25,-7.59,-0.54,0.14,补跌且弱于行业,2026-05-25,华为手机,0,1,0,1
E003-2026-05-11,2026-05-11,2026-05-12,301383.SZ,天键股份,电子,0.1,0.37,0.06,,3,4754.22,AI眼镜、MR(混合现实)、消费电子,11.54,20.98,9.72,5.23,20.98,5,2026-05-19,-19.26,-3.75,0.14,补跌且弱于行业,2026-05-25,消费电子,-4,1,0,0
E003-2026-05-11,2026-05-11,2026-05-12,002456.SZ,欧菲光,电子,0.45,5.58,1.06,,4,4916.69,AI眼镜、MR(混合现实)、光学光电子、星闪,-0.34,1.48,-1.59,5.58,6.72,11,2026-05-27,0.0,-2.44,0.14,补跌且弱于行业,2026-05-25,MR(混合现实),2,1,0,0
E003-2026-05-11,2026-05-11,2026-05-12,301180.SZ,万祥科技,电子,-1.31,0.83,-1,,4,12749.37,AI眼镜、储能、消费电子、高压快充,-4.65,-8.94,-14.55,-13.38,0.8,1,2026-05-13,-16.96,-0.8,0.14,补跌且弱于行业,2026-05-13,消费电子,0,1,0,1
E003-2026-05-11,2026-05-11,2026-05-12,601231.SH,环旭电子,电子,-0.75,22.62,-1,,4,23978.59,AI眼镜、共封装光学(CPO)、消费电子、芯片,-7.23,-9.47,-12.79,-3.11,3.95,1,2026-05-13,-2.39,3.84,0.14,抗住且相对强,2026-05-13,消费电子,0,2,0,1
E003-2026-05-11,2026-05-11,2026-05-12,002045.SZ,国光电器,电子,-0.26,1.52,-0.32,,4,14486.89,AI眼镜、PCB、储能、消费电子,-1.05,-0.79,-5.53,-14.3,1.05,1,2026-05-13,-18.95,-1.64,0.14,补跌且弱于行业,2026-05-13,消费电子,0,1,0,1
E003-2026-05-11,2026-05-11,2026-05-12,002983.SZ,芯瑞达,电子,0.6,0.72,0.51,,2,3437.52,AI眼镜、光学光电子,6.26,8.34,6.13,13.96,16.94,11,2026-05-27,0.0,-0.59,0.14,补跌且弱于行业,,,,0,0,0
E003-2026-05-11,2026-05-11,2026-05-12,301121.SZ,紫建电子,电力设备,1.15,0.6,0.89,,2,10401.72,AI眼镜、储能,4.14,4.37,2.42,2.84,7.44,6,2026-05-20,-6.53,-2.76,-1.05,补跌且弱于行业,,,,0,0,0
E003-2026-05-11,2026-05-11,2026-05-12,000100.SZ,TCL科技,电子,2.84,39.55,17.86,,4,23276.18,AI眼镜、光伏、光学光电子、芯片,-2.11,0.7,2.34,8.9,9.6,11,2026-05-27,0.0,-1.61,0.14,补跌且弱于行业,2026-05-25,芯片,2,1,0,0
E003-2026-05-11,2026-05-11,2026-05-12,300373.SZ,扬杰科技,电子,1.42,19.83,6.32,,7,37772.58,AI眼镜、储能、光伏、半导体、芯片、英伟达、高压快充,5.73,1.54,-1.01,24.87,40.33,11,2026-05-27,0.0,0.86,0.14,抗住且相对强,2026-05-25,半导体,2,2,0,0
E003-2026-05-11,2026-05-11,2026-05-12,603893.SH,瑞芯微,电子,2.48,20.9,11.34,,4,22765.43,AI眼镜、MCU芯片、半导体、芯片,-3.61,7.56,4.27,9.15,12.53,11,2026-05-27,0.0,-1.8,0.14,补跌且弱于行业,2026-05-25,半导体,2,1,0,0
E003-2026-05-11,2026-05-11,2026-05-12,603501.SH,豪威集团,电子,2.22,33.12,12.78,,6,25286.72,AI眼镜、MCU芯片、半导体、华为手机、芯片、英伟达,-1.86,-0.67,-0.63,2.67,5.45,9,2026-05-25,-3.85,1.9,0.14,抗住且相对强,2026-05-25,华为手机,0,2,0,1
E003-2026-05-11,2026-05-11,2026-05-12,688286.SH,敏芯股份,电子,1.2,1.55,1.49,,3,21409.38,AI眼镜、半导体、芯片,0.0,6.93,-0.69,1.85,6.93,5,2026-05-19,-8.67,-1.24,0.14,补跌且弱于行业,2026-05-20,半导体,-1,1,0,0
E003-2026-05-11,2026-05-11,2026-05-12,002992.SZ,宝明科技,电子,-4.33,2.33,-1,,2,3437.52,AI眼镜、光学光电子,-2.89,-2.1,-5.05,-10.1,-0.42,1,2026-05-13,-8.1,-1.26,0.14,补跌且弱于行业,,,,0,0,0
E003-2026-05-11,2026-05-11,2026-05-12,301067.SZ,显盈科技,电子,-3.1,1.02,-1,,3,5040.14,AI眼镜、消费电子、铜缆高速连接,-3.81,-1.21,-7.56,10.83,10.83,10,2026-05-26,-1.94,-4.81,0.14,补跌且弱于行业,2026-05-25,消费电子,1,1,0,1
E003-2026-05-11,2026-05-11,2026-05-12,300207.SZ,欣旺达,电力设备,1.05,19.79,4.67,,6,14195.47,AI眼镜、储能、华为手机、星闪、虚拟电厂、高压快充,-4.22,-5.17,-7.45,-9.62,0.68,1,2026-05-13,-9.12,-2.59,-1.05,补跌且弱于行业,2026-05-13,虚拟电厂,0,1,0,1
E003-2026-05-11,2026-05-11,2026-05-12,000049.SZ,德赛电池,电力设备,0.24,3.85,0.47,,4,14491.98,AI眼镜、储能、先进封装、华为手机,-3.26,-5.37,-5.44,-4.94,1.0,1,2026-05-13,-6.66,-2.51,-1.05,补跌且弱于行业,2026-05-20,华为手机,-5,1,0,0
E003-2026-05-11,2026-05-11,2026-05-12,002865.SZ,钧达股份,电力设备,10.0,27.68,52.61,20日新高,5,8825.12,BC电池、TOPCON电池、光伏、光伏设备、钙钛矿电池,-6.46,-8.47,-6.02,-15.32,-2.33,1,2026-05-13,-15.25,-2.13,-1.05,补跌且弱于行业,2026-05-19,钙钛矿电池,-4,2,0,0
E003-2026-05-11,2026-05-11,2026-05-12,300393.SZ,中来股份,电力设备,5.71,10.59,18.58,20日新高,6,10165.91,BC电池、TOPCON电池、光伏、光伏设备、虚拟电厂、钙钛矿电池,-4.56,-7.65,-16.92,-17.25,1.3,1,2026-05-13,-21.32,-0.97,-1.05,补跌但相对强,2026-05-13,虚拟电厂,0,3,1,1
E003-2026-05-11,2026-05-11,2026-05-12,688726.SH,拉普拉斯,电力设备,7.78,19.13,34.03,20日新高,6,23032.21,BC电池、TOPCON电池、光伏、光伏设备、芯片、钙钛矿电池,-4.19,-4.81,-12.29,-8.9,0.1,1,2026-05-13,-13.09,-2.28,-1.05,补跌且弱于行业,2026-05-19,钙钛矿电池,-4,2,0,0
E003-2026-05-11,2026-05-11,2026-05-12,300128.SZ,锦富技术,电力设备,4.05,5.51,9.51,20日新高,6,20621.59,BC电池、MR(混合现实)、储能、光伏、液冷服务器、英伟达,3.29,10.29,7.54,8.92,13.99,9,2026-05-25,-8.5,1.39,-1.05,抗住且相对强,2026-05-25,英伟达,0,2,0,1
E003-2026-05-11,2026-05-11,2026-05-12,688516.SH,奥特维,电力设备,-0.74,15.27,-1,20日新高,8,36731.08,BC电池、TOPCON电池、储能、光伏、光伏设备、共封装光学(CPO)、芯片、钙钛矿电池,-7.03,-10.94,-11.89,-14.5,2.4,2,2026-05-14,-19.54,-1.33,-1.05,补跌且弱于行业,2026-05-19,钙钛矿电池,-3,1,0,0
E003-2026-05-11,2026-05-11,2026-05-12,688223.SH,晶科能源,电力设备,3.22,18.61,13.89,20日新高,6,16569.0,BC电池、TOPCON电池、储能、光伏、光伏设备、钙钛矿电池,-7.95,-9.03,-14.96,-15.9,2.56,1,2026-05-13,-20.22,0.54,-1.05,抗住且相对强,2026-05-19,钙钛矿电池,-4,2,0,0
E003-2026-05-11,2026-05-11,2026-05-12,300345.SZ,华民股份,电力设备,0.27,2.9,0.46,20日新高,6,16063.59,BC电池、HJT电池、TOPCON电池、储能、光伏、光伏设备,-1.97,-3.65,-11.52,-13.76,1.83,1,2026-05-13,-14.75,-3.0,-1.05,补跌且弱于行业,2026-05-20,光伏设备,-5,1,0,0
E003-2026-05-11,2026-05-11,2026-05-12,300537.SZ,广信材料,电子,8.71,7.57,23.96,120日新高,6,24674.9,BC电池、PCB、光伏、光刻胶、华为手机、芯片,-0.49,20.52,7.88,15.53,20.52,5,2026-05-19,-12.71,1.7,0.14,抗住且相对强,2026-05-20,华为手机,-1,3,1,0
E003-2026-05-11,2026-05-11,2026-05-12,688147.SH,微导纳米,电力设备,3.95,9.95,12.46,20日新高,10,36085.31,BC电池、HJT电池、TOPCON电池、先进封装、光伏、半导体、半导体设备、存储芯片、芯片、钙钛矿电池,11.1,11.36,8.17,2.94,21.07,6,2026-05-20,-23.69,-0.71,-1.05,补跌但相对强,2026-05-20,半导体,0,2,0,1
E003-2026-05-11,2026-05-11,2026-05-12,300776.SZ,帝尔激光,电力设备,5.22,19.12,22.83,3年新高,9,29932.4,BC电池、HJT电池、PCB、TOPCON电池、先进封装、光伏、光伏设备、芯片、钙钛矿电池,24.26,22.21,24.46,31.39,44.49,11,2026-05-27,0.0,-1.6,-1.05,补跌且弱于行业,2026-05-25,PCB,2,2,0,0
E003-2026-05-11,2026-05-11,2026-05-12,688599.SH,天合光能,电力设备,1.01,9.33,3.09,20日新高,9,21746.33,BC电池、HJT电池、TOPCON电池、储能、光伏、光伏设备、氢能源、虚拟电厂、钙钛矿电池,-4.64,-4.69,-9.0,-8.56,1.16,1,2026-05-13,-11.43,0.72,-1.05,抗住且相对强,2026-05-13,虚拟电厂,0,2,0,1
E003-2026-05-11,2026-05-11,2026-05-12,688503.SH,聚和材料,电力设备,1.66,12.67,5.91,历史新高,8,27121.78,BC电池、HJT电池、TOPCON电池、光伏、光伏设备、光刻胶、液冷服务器、芯片,-2.07,-2.42,-4.22,-4.32,2.11,6,2026-05-20,-12.92,0.89,-1.05,抗住且相对强,2026-05-20,光刻胶,0,2,0,1
E003-2026-05-11,2026-05-11,2026-05-12,002079.SZ,苏州固锝,电力设备,4.52,11.25,15.16,2年新高,9,34749.78,BC电池、HJT电池、TOPCON电池、储能、先进封装、光伏、光伏设备、芯片、钙钛矿电池,0.32,0.24,-2.76,1.66,6.95,11,2026-05-27,0.0,-2.24,-1.05,补跌且弱于行业,2026-05-25,先进封装,2,1,0,0
E003-2026-05-11,2026-05-11,2026-05-12,603212.SH,赛伍技术,电力设备,2.22,3.01,3.85,,11,39686.0,BC电池、HJT电池、TOPCON电池、储能、先进封装、光伏、光伏设备、芯片、钙钛矿电池、风电、高压快充,2.16,0.81,-5.0,4.12,4.12,10,2026-05-26,-1.22,0.68,-1.05,抗住且相对强,2026-05-25,高压快充,1,2,0,1
E003-2026-05-11,2026-05-11,2026-05-12,300842.SZ,帝科股份,电力设备,3.82,11.19,12.78,20日新高,8,28312.32,BC电池、HJT电池、TOPCON电池、光伏、光伏设备、存储芯片、芯片、钙钛矿电池,-3.93,1.61,-5.26,4.31,5.77,9,2026-05-25,-5.67,-2.74,-1.05,补跌且弱于行业,2026-05-25,芯片,0,1,0,1
E003-2026-05-11,2026-05-11,2026-05-12,688429.SH,时创能源,电力设备,0.89,0.4,0.56,,5,8319.71,BC电池、HJT电池、TOPCON电池、光伏、光伏设备,-1.18,-1.94,-8.05,-11.66,2.71,2,2026-05-14,-15.34,-1.91,-1.05,补跌且弱于行业,2026-05-20,光伏设备,-4,1,0,0
E003-2026-05-11,2026-05-11,2026-05-12,002129.SZ,TCL中环,电力设备,1.79,10.28,5.74,20日新高,6,22526.8,BC电池、HJT电池、TOPCON电池、光伏、光伏设备、芯片,2.18,1.98,-5.2,-6.13,5.93,1,2026-05-13,-2.7,5.83,-1.05,抗住且相对强,2026-05-20,光伏设备,-5,2,0,0
E003-2026-05-11,2026-05-11,2026-05-12,688472.SH,阿特斯,电力设备,4.0,14.7,15.34,20日新高,7,17174.95,BC电池、HJT电池、TOPCON电池、储能、光伏、光伏设备、钙钛矿电池,-5.75,-5.37,-9.11,-11.96,-0.9,2,2026-05-14,-9.89,2.59,-1.05,抗住且相对强,2026-05-19,钙钛矿电池,-3,2,0,0
E003-2026-05-11,2026-05-11,2026-05-12,300724.SZ,捷佳伟创,电力设备,1.08,15.22,4.21,,9,29932.4,BC电池、HJT电池、PCB、TOPCON电池、先进封装、光伏、光伏设备、芯片、钙钛矿电池,-2.35,-4.05,-6.48,-2.62,-0.01,1,2026-05-13,-5.78,-2.26,-1.05,补跌且弱于行业,2026-05-19,钙钛矿电池,-4,1,0,0
E003-2026-05-11,2026-05-11,2026-05-12,002056.SZ,横店东磁,电力设备,1.32,6.88,3.46,20日新高,7,19799.59,BC电池、TOPCON电池、储能、光伏、光伏设备、氢能源、钙钛矿电池,-2.49,-1.42,0.31,19.22,24.66,11,2026-05-27,0.0,-1.16,-1.05,补跌且弱于行业,2026-05-25,BC电池,2,1,0,0
E003-2026-05-11,2026-05-11,2026-05-12,688560.SH,明冠新材,电力设备,-0.23,1.27,-0.26,,6,16063.59,BC电池、HJT电池、TOPCON电池、储能、光伏、光伏设备,-2.94,-3.76,-8.17,-7.23,0.53,1,2026-05-13,-9.52,-1.9,-1.05,补跌且弱于行业,2026-05-20,光伏设备,-5,1,0,0
E003-2026-05-11,2026-05-11,2026-05-12,688680.SH,海优新材,电力设备,0.0,2.07,0.0,,4,7990.78,BC电池、光伏、光伏设备、钙钛矿电池,-4.31,-4.99,-10.22,-7.8,0.74,2,2026-05-14,-10.89,-1.42,-1.05,补跌且弱于行业,2026-05-19,钙钛矿电池,-3,1,0,0
E003-2026-05-11,2026-05-11,2026-05-12,002506.SZ,协鑫集成,电力设备,-0.45,18.03,-1,,7,17174.95,BC电池、HJT电池、TOPCON电池、储能、光伏、光伏设备、钙钛矿电池,8.1,-0.46,-12.96,-14.81,13.43,2,2026-05-14,-31.02,-2.04,-1.05,补跌且弱于行业,2026-05-19,钙钛矿电池,-3,1,0,0
E003-2026-05-11,2026-05-11,2026-05-12,603806.SH,福斯特,电力设备,0.58,11.25,1.95,20日新高,6,18155.75,BC电池、HJT电池、PCB、储能、光伏、光伏设备,-9.64,-11.76,-15.62,0.53,0.58,1,2026-05-13,-3.39,-1.72,-1.05,补跌且弱于行业,2026-05-20,光伏设备,-5,1,0,0
E003-2026-05-11,2026-05-11,2026-05-12,002459.SZ,晶澳科技,电力设备,0.73,6.91,1.92,,8,20922.19,BC电池、HJT电池、TOPCON电池、储能、光伏、光伏设备、钙钛矿电池、风电,-6.74,-8.36,-13.04,-14.84,0.54,1,2026-05-13,-16.37,0.91,-1.05,抗住且相对强,2026-05-19,钙钛矿电池,-4,2,0,0
E003-2026-05-11,2026-05-11,2026-05-12,300410.SZ,正业科技,电力设备,1.49,1.67,1.93,,6,34427.73,BC电池、PCB、储能、先进封装、光伏、芯片,-0.59,0.69,-4.91,13.64,13.64,10,2026-05-26,-3.83,-0.2,-1.05,补跌但相对强,2026-05-25,PCB,1,2,0,1
E003-2026-05-11,2026-05-11,2026-05-12,300450.SZ,先导智能,电力设备,3.29,43.95,21.81,,8,22635.14,BC电池、HJT电池、PCB、TOPCON电池、储能、光伏、氢能源、钙钛矿电池,-3.44,-5.75,-7.33,-8.71,1.31,1,2026-05-13,-9.86,-4.4,-1.05,补跌且弱于行业,2026-05-19,钙钛矿电池,-4,2,0,0
E003-2026-05-11,2026-05-11,2026-05-12,601012.SH,隆基绿能,电力设备,1.53,30.03,8.38,,8,20405.54,BC电池、HJT电池、TOPCON电池、储能、光伏、光伏设备、氢能源、钙钛矿电池,-6.59,-8.74,-11.44,-12.57,0.48,1,2026-05-13,-14.49,0.54,-1.05,抗住且相对强,2026-05-19,钙钛矿电池,-4,2,0,0
E003-2026-05-11,2026-05-11,2026-05-12,600732.SH,爱旭股份,电力设备,-1.07,8.67,-1,,5,11461.0,BC电池、TOPCON电池、光伏、光伏设备、风电,-8.86,-10.16,-15.13,-11.45,-0.75,1,2026-05-13,-13.77,-0.41,-1.05,补跌但相对强,2026-05-20,光伏设备,-5,2,0,0
E003-2026-05-11,2026-05-11,2026-05-12,600438.SH,通威股份,电力设备,0.0,10.92,0.0,,8,31382.04,BC电池、HJT电池、TOPCON电池、储能、光伏、光伏设备、芯片、钙钛矿电池,-4.36,-5.18,-8.24,-9.95,1.29,1,2026-05-13,-11.07,-1.34,-1.05,补跌且弱于行业,2026-05-19,钙钛矿电池,-4,1,0,0
E003-2026-05-11,2026-05-11,2026-05-12,301266.SZ,宇邦新材,电力设备,0.17,1.65,0.22,,4,7485.37,BC电池、HJT电池、光伏、光伏设备,-5.47,-4.67,-10.39,-34.27,-2.24,1,2026-05-13,-32.63,-2.97,-1.05,补跌且弱于行业,2026-05-20,光伏设备,-5,1,0,0
E003-2026-05-11,2026-05-11,2026-05-12,301327.SZ,华宝新能,电力设备,-0.96,1.93,-1,,3,13926.4,BC电池、储能、光伏,-1.34,-1.57,-5.07,-9.36,0.37,2,2026-05-14,-8.18,-1.37,-1.05,补跌且弱于行业,2026-05-25,BC电池,-7,1,0,0
E003-2026-05-11,2026-05-11,2026-05-12,300751.SZ,迈为股份,电力设备,6.07,39.45,38.13,20日新高,7,30294.77,HJT电池、先进封装、光伏、光伏设备、存储芯片、芯片、钙钛矿电池,-5.68,-2.59,0.38,5.22,8.13,9,2026-05-25,-10.36,-3.53,-1.05,补跌且弱于行业,2026-05-25,芯片,0,2,0,1
E003-2026-05-11,2026-05-11,2026-05-12,300716.SZ,*ST泉为,电力设备,10.58,2.18,15.62,1年新高,6,16624.0,HJT电池、TOPCON电池、储能、光伏、光伏设备、钙钛矿电池,-1.92,-1.92,-11.15,-7.85,0.72,1,2026-05-13,-9.89,-2.06,-1.05,补跌且弱于行业,2026-05-19,钙钛矿电池,-4,1,0,0
E003-2026-05-11,2026-05-11,2026-05-12,300706.SZ,阿石创,电子,0.78,11.12,2.6,,6,30774.58,HJT电池、光伏、半导体、存储芯片、芯片、钙钛矿电池,5.44,10.44,4.1,2.67,12.54,6,2026-05-20,-12.83,-1.84,0.14,补跌且弱于行业,2026-05-20,半导体,0,1,0,1
E003-2026-05-11,2026-05-11,2026-05-12,688530.SH,欧莱新材,电子,12.97,10.55,42.13,历史新高,5,26100.42,HJT电池、光伏、半导体、芯片、钙钛矿电池,-1.1,4.94,-10.36,-11.59,4.94,5,2026-05-19,-17.1,-6.9,0.14,补跌且弱于行业,2026-05-19,钙钛矿电池,0,2,0,1
E003-2026-05-11,2026-05-11,2026-05-12,688359.SH,三孚新科,电子,4.16,6.32,10.46,历史新高,4,9998.36,HJT电池、PCB、TOPCON电池、光伏,5.9,17.71,6.87,22.8,25.39,9,2026-05-25,-5.74,0.73,0.14,抗住且相对强,2026-05-25,HJT电池,0,2,0,1
E003-2026-05-11,2026-05-11,2026-05-12,601615.SH,明阳智能,电力设备,2.82,22.84,13.48,,7,36277.68,HJT电池、储能、光伏、氢能源、芯片、钙钛矿电池、风电,-6.76,2.68,1.58,13.82,13.82,10,2026-05-26,-5.9,-4.09,-1.05,补跌且弱于行业,2026-05-25,风电,1,1,0,1
E003-2026-05-11,2026-05-11,2026-05-12,300118.SZ,东方日升,电力设备,2.62,17.71,11.03,20日新高,6,16624.0,HJT电池、TOPCON电池、储能、光伏、光伏设备、钙钛矿电池,-0.27,-4.02,-10.4,-14.47,3.91,1,2026-05-13,-21.54,-2.76,-1.05,补跌且弱于行业,2026-05-19,钙钛矿电池,-4,1,0,0
E003-2026-05-11,2026-05-11,2026-05-12,688035.SH,德邦科技,电子,4.99,8.42,14.48,3年新高,10,44887.65,HJT电池、MR(混合现实)、PCB、TOPCON电池、储能、先进封装、光伏、存储芯片、液冷服务器、芯片,0.32,7.24,-0.57,10.01,12.27,9,2026-05-25,-10.64,-2.87,0.14,补跌且弱于行业,2026-05-25,PCB,0,1,0,1
E003-2026-05-11,2026-05-11,2026-05-12,688226.SH,威腾电气,电力设备,4.19,8.04,11.88,,6,24467.61,HJT电池、储能、光伏、共封装光学(CPO)、电网设备、风电,5.9,4.73,0.36,-6.43,11.95,6,2026-05-20,-19.12,-0.39,-1.05,补跌但相对强,2026-05-19,电网设备,1,2,0,1
E003-2026-05-11,2026-05-11,2026-05-12,603396.SH,金辰股份,电力设备,0.11,2.01,0.16,,6,12110.71,HJT电池、TOPCON电池、光伏、光伏设备、氢能源、钙钛矿电池,-1.82,-0.99,-7.16,-9.28,1.13,2,2026-05-14,-10.73,-0.72,-1.05,补跌但相对强,2026-05-19,钙钛矿电池,-3,2,0,0
E003-2026-05-11,2026-05-11,2026-05-12,300093.SZ,*ST金刚,电力设备,-1.99,1.28,-1,,4,8045.78,HJT电池、光伏、光伏设备、钙钛矿电池,-2.41,-2.86,-5.04,-6.49,1.23,11,2026-05-27,0.0,-0.81,-1.05,补跌但相对强,2026-05-25,HJT电池,2,2,0,0
E003-2026-05-11,2026-05-11,2026-05-12,000821.SZ,ST京机,电力设备,-1.87,1.72,-1,,6,16624.0,HJT电池、TOPCON电池、储能、光伏、光伏设备、钙钛矿电池,-5.9,-6.09,-9.28,-11.43,1.87,1,2026-05-13,-15.65,1.52,-1.05,抗住且相对强,2026-05-19,钙钛矿电池,-4,2,0,0
E003-2026-05-11,2026-05-11,2026-05-12,688499.SH,利元亨,电力设备,-0.46,3.5,-0.86,,5,18323.35,HJT电池、储能、光伏、氢能源、钙钛矿电池,0.18,3.86,3.38,2.57,7.08,6,2026-05-20,-1.4,-2.28,-1.05,补跌且弱于行业,2026-05-19,钙钛矿电池,1,1,0,1
E003-2026-05-11,2026-05-11,2026-05-12,300051.SZ,琏升科技,电力设备,0.0,3.43,0.0,,6,16624.0,HJT电池、TOPCON电池、储能、光伏、光伏设备、钙钛矿电池,-10.9,-0.55,-19.12,-27.22,-0.55,5,2026-05-19,-28.2,0.0,-1.05,抗住且相对强,2026-05-19,钙钛矿电池,0,2,0,1
E003-2026-05-11,2026-05-11,2026-05-12,003022.SZ,联泓新科,电力设备,3.6,9.11,10.87,,6,25145.52,HJT电池、先进封装、光伏、光伏设备、光刻胶、芯片,-1.76,-6.22,-5.39,-4.53,7.47,2,2026-05-14,-13.64,2.12,-1.05,抗住且相对强,2026-05-20,光刻胶,-4,2,0,0
E003-2026-05-11,2026-05-11,2026-05-12,688783.SH,西安奕材-U,电子,11.06,17.76,46.61,120日新高,4,24781.75,MCU芯片、半导体、存储芯片、芯片,-1.08,3.67,-5.1,-8.56,3.67,5,2026-05-19,-5.79,0.85,0.14,抗住且相对强,2026-05-20,半导体,-1,3,1,0
E003-2026-05-11,2026-05-11,2026-05-12,688766.SH,普冉股份,电子,20.0,38.88,124.71,历史新高,4,24781.75,MCU芯片、半导体、存储芯片、芯片,1.42,6.25,-2.89,0.8,10.57,1,2026-05-13,-6.39,4.69,0.14,抗住且相对强,2026-05-15,半导体,-2,3,1,0
E003-2026-05-11,2026-05-11,2026-05-12,688416.SH,恒烁股份,电子,14.89,9.55,46.01,历史新高,4,24781.75,MCU芯片、半导体、存储芯片、芯片,-3.36,0.14,-7.27,-2.08,2.58,11,2026-05-27,0.0,-4.28,0.14,补跌且弱于行业,2026-05-25,半导体,2,2,0,0
E003-2026-05-11,2026-05-11,2026-05-12,688216.SH,气派科技,电子,6.07,2.04,8.67,3年新高,5,28149.49,MCU芯片、先进封装、半导体、存储芯片、芯片,2.46,4.91,-1.31,13.11,13.11,10,2026-05-26,-4.37,0.14,0.14,上涨但弱于行业,2026-05-25,MCU芯片,1,1,0,1
E003-2026-05-11,2026-05-11,2026-05-12,688172.SH,燕东微,电子,2.27,10.7,7.43,60日新高,3,20107.59,MCU芯片、半导体、芯片,4.13,8.04,5.35,29.21,31.99,11,2026-05-27,0.0,2.19,0.14,抗住且相对强,2026-05-25,半导体,2,2,0,0
E003-2026-05-11,2026-05-11,2026-05-12,001287.SZ,中电港,电子,6.14,22.82,29.33,2年新高,6,30321.41,MCU芯片、储能、存储芯片、星闪、芯片、英伟达,-1.35,-2.0,-7.43,-6.63,4.15,1,2026-05-13,-12.92,-5.98,0.14,补跌且弱于行业,2026-05-13,英伟达,0,2,0,1
E003-2026-05-11,2026-05-11,2026-05-12,300053.SZ,航宇微,电子,0.75,12.79,2.68,,5,28149.49,MCU芯片、先进封装、半导体、存储芯片、芯片,-3.31,-2.7,-11.14,-12.72,4.02,1,2026-05-13,-18.62,-2.33,0.14,补跌且弱于行业,2026-05-15,半导体,-2,1,0,0
E003-2026-05-11,2026-05-11,2026-05-12,688536.SH,思瑞浦,电子,12.17,27.71,64.06,2年新高,5,33806.46,MCU芯片、储能、共封装光学(CPO)、半导体、芯片,-0.03,2.62,-2.29,2.87,8.36,9,2026-05-25,-1.47,4.11,0.14,抗住且相对强,2026-05-25,共封装光学(CPO),0,3,1,1
E003-2026-05-11,2026-05-11,2026-05-12,688052.SH,纳芯微,电子,12.66,14.4,48.04,3年新高,4,23475.33,MCU芯片、先进封装、半导体、芯片,-0.76,2.18,7.16,13.52,18.42,11,2026-05-27,0.0,-1.92,0.14,补跌且弱于行业,2026-05-25,半导体,2,2,0,0
E003-2026-05-11,2026-05-11,2026-05-12,603986.SH,兆易创新,电子,8.39,206.74,120.64,历史新高,5,30413.32,MCU芯片、光伏、半导体、存储芯片、芯片,6.16,14.43,22.16,48.84,48.84,10,2026-05-26,-3.41,-2.37,0.14,补跌且弱于行业,2026-05-25,MCU芯片,1,2,0,1
E003-2026-05-11,2026-05-11,2026-05-12,688691.SH,灿芯股份,电子,3.57,15.8,14.19,,4,24781.75,MCU芯片、半导体、存储芯片、芯片,-7.27,0.85,-2.01,3.43,9.82,9,2026-05-25,-14.04,-2.18,0.14,补跌且弱于行业,2026-05-25,半导体,0,1,0,1
E003-2026-05-11,2026-05-11,2026-05-12,300671.SZ,富满微,电子,-1.04,14.12,-1,,5,28149.49,MCU芯片、先进封装、半导体、存储芯片、芯片,-4.07,-3.26,-5.89,-6.12,1.31,6,2026-05-20,-8.52,-0.81,0.14,补跌且弱于行业,2026-05-20,半导体,0,1,0,1
E003-2026-05-11,2026-05-11,2026-05-12,603933.SH,睿能科技,电子,1.74,4.54,3.71,60日新高,4,27981.18,MCU芯片、储能、存储芯片、芯片,0.79,-1.96,-3.65,-2.9,0.79,3,2026-05-15,-7.3,-1.23,0.14,补跌且弱于行业,2026-05-15,存储芯片,0,1,0,1
E003-2026-05-11,2026-05-11,2026-05-12,688368.SH,晶丰明源,电子,3.08,5.84,7.44,,4,21906.36,MCU芯片、半导体、芯片、英伟达,7.6,13.54,15.82,28.65,38.89,11,2026-05-27,0.0,1.62,0.14,抗住且相对强,2026-05-25,半导体,2,2,0,0
E003-2026-05-11,2026-05-11,2026-05-12,688047.SH,龙芯中科,电子,3.04,31.56,17.08,,3,20107.59,MCU芯片、半导体、芯片,-8.64,-6.18,-10.16,-8.81,0.23,1,2026-05-13,-12.5,-2.23,0.14,补跌且弱于行业,2026-05-15,半导体,-2,1,0,0
E003-2026-05-11,2026-05-11,2026-05-12,600198.SH,大唐电信,通信,9.95,6.33,25.03,20日新高,4,22658.55,MCU芯片、半导体、芯片、通信设备,-7.82,-7.23,-14.46,-15.25,0.59,1,2026-05-13,-19.21,3.91,2.68,抗住且相对强,2026-05-15,半导体,-2,3,1,0
E003-2026-05-11,2026-05-11,2026-05-12,688249.SH,晶合集成,电子,8.32,26.53,42.85,20日新高,3,20107.59,MCU芯片、半导体、芯片,9.71,14.74,9.03,16.42,20.28,11,2026-05-27,0.0,-0.83,0.14,补跌且弱于行业,2026-05-25,半导体,2,2,0,0
E003-2026-05-11,2026-05-11,2026-05-12,300077.SZ,国民技术,电子,-1.37,18.61,-1,60日新高,6,39438.03,MCU芯片、储能、光伏、共封装光学(CPO)、半导体、芯片,-0.52,13.42,4.12,3.88,13.42,5,2026-05-19,-13.66,-0.83,0.14,补跌且弱于行业,2026-05-20,半导体,-1,1,0,0
E003-2026-05-11,2026-05-11,2026-05-12,688061.SH,灿瑞科技,电子,0.64,1.26,0.72,120日新高,4,23475.33,MCU芯片、先进封装、半导体、芯片,4.6,9.15,4.42,6.02,12.6,6,2026-05-20,-10.21,-1.27,0.14,补跌且弱于行业,2026-05-20,半导体,0,1,0,1
E003-2026-05-11,2026-05-11,2026-05-12,688807.SH,优迅股份,电子,2.96,9.41,9.08,历史新高,4,26062.58,MCU芯片、共封装光学(CPO)、半导体、芯片,-5.37,18.03,11.96,24.32,26.04,9,2026-05-25,-6.64,-2.01,0.14,补跌且弱于行业,2026-05-25,半导体,0,1,0,1
E003-2026-05-11,2026-05-11,2026-05-12,688380.SH,中微半导,电子,3.78,8.85,11.25,20日新高,4,24781.75,MCU芯片、半导体、存储芯片、芯片,3.23,4.82,1.85,-2.53,11.02,6,2026-05-20,-17.03,-2.94,0.14,补跌且弱于行业,2026-05-20,半导体,0,1,0,1
E003-2026-05-11,2026-05-11,2026-05-12,688372.SH,伟测科技,电子,3.85,20.63,17.49,,5,28149.49,MCU芯片、先进封装、半导体、存储芯片、芯片,-2.47,4.58,-4.17,7.75,10.77,9,2026-05-25,-8.85,1.14,0.14,抗住且相对强,2026-05-25,MCU芯片,0,2,0,1
E003-2026-05-11,2026-05-11,2026-05-12,688362.SH,甬矽电子,电子,5.99,12.79,21.42,60日新高,4,23475.33,MCU芯片、先进封装、半导体、芯片,-0.57,1.66,4.51,49.4,49.4,10,2026-05-26,-13.18,-1.36,0.14,补跌且弱于行业,2026-05-25,半导体,1,2,0,1
E003-2026-05-11,2026-05-11,2026-05-12,688262.SH,国芯科技,电子,1.66,6.95,4.38,,6,28690.95,MCU芯片、先进封装、半导体、存储芯片、星闪、芯片,-3.11,-2.64,-3.53,1.21,7.88,9,2026-05-25,-10.28,-1.65,0.14,补跌且弱于行业,2026-05-25,MCU芯片,0,1,0,1
E003-2026-05-11,2026-05-11,2026-05-12,600460.SH,士兰微,电子,3.32,24.99,16.6,20日新高,7,40598.02,MCU芯片、储能、先进封装、光伏、半导体、芯片、风电,2.45,7.08,2.42,12.21,17.78,11,2026-05-27,0.0,-0.85,0.14,补跌且弱于行业,2026-05-25,MCU芯片,2,1,0,0
E003-2026-05-11,2026-05-11,2026-05-12,688591.SH,泰凌微,电子,2.31,2.38,3.56,,5,22447.82,MCU芯片、半导体、星闪、芯片、英伟达,0.78,7.09,8.9,4.2,11.54,6,2026-05-20,-9.92,-2.02,0.14,补跌且弱于行业,2026-05-20,半导体,0,1,0,1
E003-2026-05-11,2026-05-11,2026-05-12,688589.SH,力合微,电子,1.67,1.2,1.83,20日新高,4,25739.16,MCU芯片、光伏、半导体、芯片,0.08,2.32,-3.73,1.12,3.53,9,2026-05-25,-4.56,-1.23,0.14,补跌且弱于行业,2026-05-25,半导体,0,1,0,1
E003-2026-05-11,2026-05-11,2026-05-12,301563.SZ,云汉芯城,电子,1.3,5.64,3.09,60日新高,4,23163.8,MCU芯片、PCB、存储芯片、芯片,-0.55,0.05,-4.65,17.27,23.51,11,2026-05-27,0.0,-3.86,0.14,补跌且弱于行业,2026-05-25,PCB,2,1,0,0
E003-2026-05-11,2026-05-11,2026-05-12,688391.SH,钜泉科技,电子,0.46,0.67,0.38,20日新高,4,27851.47,MCU芯片、储能、半导体、芯片,0.64,4.32,-0.8,3.95,6.15,9,2026-05-25,-3.21,-1.0,0.14,补跌且弱于行业,2026-05-25,半导体,0,1,0,1
E003-2026-05-11,2026-05-11,2026-05-12,002049.SZ,紫光国微,电子,5.92,48.16,41.08,60日新高,5,30736.74,MCU芯片、共封装光学(CPO)、半导体、存储芯片、芯片,-2.91,1.73,-2.14,4.22,6.87,11,2026-05-27,0.0,-2.87,0.14,补跌且弱于行业,2026-05-25,共封装光学(CPO),2,2,0,0
E003-2026-05-11,2026-05-11,2026-05-12,688352.SH,颀中科技,电子,5.42,3.69,10.41,20日新高,4,23475.33,MCU芯片、先进封装、半导体、芯片,3.85,12.27,2.71,35.45,35.45,10,2026-05-26,-7.92,1.45,0.14,抗住且相对强,2026-05-25,半导体,1,2,0,1
E003-2026-05-11,2026-05-11,2026-05-12,688396.SH,华润微,电子,2.68,22.5,12.71,20日新高,7,41848.36,MCU芯片、储能、先进封装、共封装光学(CPO)、半导体、存储芯片、芯片,1.25,5.37,-1.82,5.7,8.68,9,2026-05-25,-0.36,2.03,0.14,抗住且相对强,2026-05-25,共封装光学(CPO),0,2,0,1
E003-2026-05-11,2026-05-11,2026-05-12,600171.SH,上海贝岭,电子,1.85,7.55,5.08,20日新高,5,30736.74,MCU芯片、共封装光学(CPO)、半导体、存储芯片、芯片,-1.65,0.13,-4.5,0.17,2.72,9,2026-05-25,-1.34,-1.72,0.14,补跌且弱于行业,2026-05-25,共封装光学(CPO),0,1,0,1
E003-2026-05-11,2026-05-11,2026-05-12,688385.SH,复旦微电,电子,4.26,19.33,18.73,,5,26580.52,MCU芯片、半导体、存储芯片、芯片、英伟达,-6.13,-3.56,-10.95,-7.83,0.95,1,2026-05-13,-7.77,-1.5,0.14,补跌且弱于行业,2026-05-13,英伟达,0,2,0,1
E003-2026-05-11,2026-05-11,2026-05-12,300183.SZ,东软载波,通信,0.29,1.21,0.32,,7,36577.58,MCU芯片、储能、光伏、芯片、虚拟电厂、通信设备、风电,-2.49,-1.25,-6.82,-2.2,1.83,1,2026-05-13,-7.48,-0.29,2.68,补跌且弱于行业,2026-05-13,虚拟电厂,0,1,0,1
E003-2026-05-11,2026-05-11,2026-05-12,300327.SZ,中颖电子,电子,2.76,4.51,5.86,20日新高,4,27851.47,MCU芯片、储能、半导体、芯片,-0.22,0.86,-2.74,1.04,6.59,11,2026-05-27,0.0,-2.01,0.14,补跌且弱于行业,2026-05-25,半导体,2,1,0,0
E003-2026-05-11,2026-05-11,2026-05-12,688018.SH,乐鑫科技,电子,1.09,9.81,3.41,,4,20649.05,MCU芯片、半导体、星闪、芯片,2.59,8.66,2.18,5.47,8.66,5,2026-05-19,-4.55,-1.56,0.14,补跌且弱于行业,2026-05-20,半导体,-1,1,0,0
E003-2026-05-11,2026-05-11,2026-05-12,603421.SH,鼎信通讯,通信,0.81,1.51,1.0,,6,32830.34,MCU芯片、储能、光伏、芯片、虚拟电厂、通信设备,-5.13,-3.42,-13.0,-12.88,0.57,1,2026-05-13,-15.74,1.15,2.68,上涨但弱于行业,2026-05-13,虚拟电厂,0,1,0,1
E003-2026-05-11,2026-05-11,2026-05-12,300735.SZ,光弘科技,电子,0.42,2.53,0.67,,6,20571.4,MCU芯片、储能、光伏、华为手机、消费电子、液冷服务器,-3.21,0.19,-4.34,15.84,15.84,10,2026-05-26,-5.52,-2.57,0.14,补跌且弱于行业,2026-05-25,华为手机,1,1,0,1
E003-2026-05-11,2026-05-11,2026-05-12,603290.SH,斯达半导,电子,4.6,13.67,17.01,,6,34672.02,MCU芯片、储能、光伏、半导体、芯片、高压快充,10.45,9.46,8.04,17.51,23.36,9,2026-05-25,-4.03,1.78,0.14,抗住且相对强,2026-05-25,MCU芯片,0,2,0,1
E003-2026-05-11,2026-05-11,2026-05-12,300001.SZ,特锐德,电力设备,0.5,6.73,1.3,,6,16160.92,MCU芯片、储能、电网设备、虚拟电厂、风电、高压快充,9.74,21.31,15.92,15.37,21.8,6,2026-05-20,-5.11,8.63,-1.05,抗住且相对强,2026-05-19,虚拟电厂,1,2,0,1
E003-2026-05-11,2026-05-11,2026-05-12,688709.SH,成都华微,电子,1.8,3.51,3.37,,4,24781.75,MCU芯片、半导体、存储芯片、芯片,0.74,1.73,-3.94,0.58,4.04,2,2026-05-14,-5.01,-1.72,0.14,补跌且弱于行业,2026-05-15,半导体,-1,1,0,0
E003-2026-05-11,2026-05-11,2026-05-12,002929.SZ,润建股份,通信,-0.74,40.41,-1,历史新高,5,16163.52,MR(混合现实)、储能、光伏、虚拟电厂、通信服务,16.53,22.53,1.3,6.63,22.53,5,2026-05-19,-25.03,2.77,2.68,抗住且相对强,2026-05-19,虚拟电厂,0,2,0,1
E003-2026-05-11,2026-05-11,2026-05-12,688167.SH,炬光科技,电子,10.0,42.65,65.31,历史新高,9,38614.07,MR(混合现实)、先进封装、光刻机、光纤、共封装光学(CPO)、半导体、可控核聚变、存储芯片、芯片,8.2,0.35,-3.06,-2.52,8.78,1,2026-05-13,-13.41,-0.65,0.14,补跌且弱于行业,2026-05-14,光刻机,-1,2,0,0
E003-2026-05-11,2026-05-11,2026-05-12,300812.SZ,易天股份,电子,5.74,7.46,15.68,,5,25626.2,MR(混合现实)、先进封装、共封装光学(CPO)、消费电子、芯片,4.3,-0.1,-2.47,10.01,10.01,10,2026-05-26,-3.04,-3.23,0.14,补跌且弱于行业,2026-05-25,共封装光学(CPO),1,1,0,1
E003-2026-05-11,2026-05-11,2026-05-12,301486.SZ,致尚科技,电子,9.11,26.07,46.51,历史新高,6,27736.48,MR(混合现实)、光纤、共封装光学(CPO)、消费电子、芯片、通信设备,10.62,14.37,1.08,22.33,25.66,9,2026-05-25,-6.1,-6.95,0.14,补跌且弱于行业,2026-05-25,共封装光学(CPO),0,2,0,1
E003-2026-05-11,2026-05-11,2026-05-12,002962.SZ,五方光电,电子,2.28,5.1,5.15,,2,1717.39,MR(混合现实)、光学光电子,-3.18,-1.49,4.46,4.62,5.46,11,2026-05-27,0.0,2.5,0.14,抗住且相对强,2026-05-25,MR(混合现实),2,1,0,0
E003-2026-05-11,2026-05-11,2026-05-12,003021.SZ,兆威机电,电力设备,-0.87,6.33,-1,,1,937.71,MR(混合现实),4.7,10.61,10.12,13.01,13.01,10,2026-05-26,-8.21,-1.19,-1.05,补跌且弱于行业,2026-05-25,MR(混合现实),1,0,0,1
E003-2026-05-11,2026-05-11,2026-05-12,002587.SZ,奥拓电子,电子,0.28,1.72,0.37,1年新高,3,3516.16,MR(混合现实)、光学光电子、英伟达,-2.08,-2.08,-6.23,-0.69,0.55,1,2026-05-13,-3.05,-0.96,0.14,补跌且弱于行业,2026-05-13,英伟达,0,1,0,1
E003-2026-05-11,2026-05-11,2026-05-12,300219.SZ,鸿利智汇,电子,0.12,1.59,0.15,20日新高,4,16530.08,MR(混合现实)、光刻机、光学光电子、芯片,2.26,2.89,3.39,18.32,18.32,10,2026-05-26,-7.78,-0.87,0.14,补跌且弱于行业,2026-05-25,芯片,1,1,0,1
E003-2026-05-11,2026-05-11,2026-05-12,300269.SZ,联建光电,电子,-0.31,1.56,-0.39,,2,1717.39,MR(混合现实)、光学光电子,-5.46,-1.61,-0.48,-8.19,0.64,1,2026-05-13,-12.2,-3.26,0.14,补跌且弱于行业,2026-05-25,MR(混合现实),-8,0,0,0
E003-2026-05-11,2026-05-11,2026-05-12,300232.SZ,洲明科技,电子,-0.15,2.15,-0.22,,3,3516.16,MR(混合现实)、光学光电子、英伟达,-3.13,-0.63,-3.13,-0.63,0.0,1,2026-05-13,-3.13,-1.69,0.14,补跌且弱于行业,2026-05-13,英伟达,0,1,0,1
E003-2026-05-11,2026-05-11,2026-05-12,300081.SZ,ST恒信,通信,1.71,0.68,1.41,,2,1447.28,MR(混合现实)、通信服务,3.41,8.54,0.49,-3.17,8.54,5,2026-05-19,-14.39,-1.68,2.68,补跌且弱于行业,2026-05-25,MR(混合现实),-4,0,0,0
E003-2026-05-11,2026-05-11,2026-05-12,002635.SZ,安洁科技,电子,-1.66,3.04,-1,,5,14259.83,MR(混合现实)、储能、氢能源、消费电子、高压快充,0.0,5.37,3.94,9.61,13.19,9,2026-05-25,-5.67,1.09,0.14,抗住且相对强,2026-05-25,高压快充,0,2,0,1
E003-2026-05-11,2026-05-11,2026-05-12,600525.SH,ST长园,电力设备,4.94,1.52,6.09,,8,35317.62,MR(混合现实)、PCB、储能、光伏、特高压、电网设备、芯片、虚拟电厂,4.69,6.25,6.45,3.91,8.79,6,2026-05-20,-5.86,0.39,-1.05,抗住且相对强,2026-05-19,虚拟电厂,1,2,0,1
E003-2026-05-11,2026-05-11,2026-05-12,688655.SH,迅捷兴,电子,11.06,14.9,42.69,历史新高,3,10138.43,PCB、元件、共封装光学(CPO),5.23,2.36,-3.81,-14.15,6.34,6,2026-05-20,-24.64,4.61,0.14,抗住且相对强,2026-05-19,元件,1,3,1,1
E003-2026-05-11,2026-05-11,2026-05-12,603459.SH,红板科技,电子,10.01,2.34,15.31,历史新高,6,29742.2,PCB、元件、共封装光学(CPO)、华为手机、存储芯片、芯片,-10.09,-6.87,3.02,21.2,21.2,10,2026-05-26,-9.6,4.53,0.14,抗住且相对强,2026-05-26,元件,0,2,0,1
E003-2026-05-11,2026-05-11,2026-05-12,300283.SZ,温州宏丰,电力设备,-6.48,22.83,-1,历史新高,5,31293.02,PCB、储能、光伏、电网设备、芯片,-9.11,11.53,1.27,2.02,11.53,5,2026-05-19,-13.08,9.26,-1.05,抗住且相对强,2026-05-19,电网设备,0,2,0,1
E003-2026-05-11,2026-05-11,2026-05-12,301511.SZ,德福科技,电力设备,-1.83,51.6,-1,历史新高,4,21299.53,PCB、储能、共封装光学(CPO)、存储芯片,-2.31,6.93,4.65,14.32,16.74,6,2026-05-20,-4.58,1.09,-1.05,抗住且相对强,2026-05-20,存储芯片,0,2,0,1
E003-2026-05-11,2026-05-11,2026-05-12,688603.SH,天承科技,电子,20.0,11.43,67.62,历史新高,3,20501.33,PCB、先进封装、芯片,6.18,17.71,8.04,35.19,38.89,9,2026-05-25,-12.04,8.73,0.14,抗住且相对强,2026-05-25,PCB,0,3,1,1
E003-2026-05-11,2026-05-11,2026-05-12,300936.SZ,中英科技,电子,8.77,3.52,16.45,历史新高,4,26134.41,PCB、储能、元件、芯片,2.28,3.5,1.81,7.71,10.19,8,2026-05-22,-0.9,-2.53,0.14,补跌且弱于行业,2026-05-22,元件,0,1,0,1
E003-2026-05-11,2026-05-11,2026-05-12,301217.SZ,铜冠铜箔,电力设备,-1.63,40.05,-1,,2,10670.38,PCB、储能,-11.97,-7.39,-12.25,8.4,8.4,10,2026-05-26,-0.56,8.51,-1.05,抗住且相对强,2026-05-25,PCB,1,1,0,1
E003-2026-05-11,2026-05-11,2026-05-12,002213.SZ,大为股份,电子,4.54,17.45,18.97,历史新高,4,26352.2,PCB、半导体、存储芯片、芯片,-6.6,-6.8,-11.91,-14.41,0.14,1,2026-05-13,-17.9,-3.55,0.14,补跌且弱于行业,2026-05-15,半导体,-2,2,0,0
E003-2026-05-11,2026-05-11,2026-05-12,300903.SZ,科翔股份,电子,4.55,22.93,21.79,历史新高,7,40131.3,PCB、储能、元件、先进封装、共封装光学(CPO)、存储芯片、芯片,8.42,4.16,2.86,15.53,19.71,9,2026-05-25,-12.34,14.04,0.14,抗住且相对强,2026-05-25,共封装光学(CPO),0,3,1,1
E003-2026-05-11,2026-05-11,2026-05-12,300852.SZ,四会富仕,电子,8.57,11.7,29.31,历史新高,3,10138.43,PCB、元件、共封装光学(CPO),0.49,1.44,-6.88,7.17,7.17,10,2026-05-26,-4.18,-6.42,0.14,补跌且弱于行业,2026-05-26,元件,0,2,0,1
E003-2026-05-11,2026-05-11,2026-05-12,002134.SZ,天津普林,电子,0.2,4.69,0.43,,2,4183.44,PCB、元件,0.57,2.92,-2.92,10.13,10.13,10,2026-05-26,-8.19,0.81,0.14,抗住且相对强,2026-05-26,元件,0,1,0,1
E003-2026-05-11,2026-05-11,2026-05-12,603386.SH,骏亚科技,电子,6.16,3.98,12.29,20日新高,4,13065.49,PCB、元件、光纤、共封装光学(CPO),5.42,3.61,-3.12,1.25,5.42,3,2026-05-15,-6.98,4.63,0.14,抗住且相对强,2026-05-19,元件,-2,2,0,0
E003-2026-05-11,2026-05-11,2026-05-12,002217.SZ,合力泰,电子,4.08,44.67,27.27,60日新高,3,4428.7,PCB、光学光电子、华为手机,-10.95,-14.99,-21.61,-22.48,2.02,1,2026-05-13,-27.38,-2.8,0.14,补跌且弱于行业,2026-05-20,华为手机,-5,2,0,0
E003-2026-05-11,2026-05-11,2026-05-12,688020.SH,方邦股份,电子,-4.0,9.19,-1,,3,7016.76,PCB、先进封装、华为手机,-5.93,-9.44,-12.15,6.3,11.07,9,2026-05-25,-13.24,-0.76,0.14,补跌且弱于行业,2026-05-25,PCB,0,1,0,1
E003-2026-05-11,2026-05-11,2026-05-12,300679.SZ,电连技术,电子,2.77,15.91,11.05,120日新高,2,4085.17,PCB、消费电子,0.9,4.06,-5.96,1.53,4.06,5,2026-05-19,-6.52,4.39,0.14,抗住且相对强,2026-05-25,PCB,-4,2,0,0
E003-2026-05-11,2026-05-11,2026-05-12,688733.SH,壹石通,电力设备,3.47,2.28,5.24,20日新高,5,30807.06,PCB、先进封装、光伏、存储芯片、芯片,7.58,9.49,0.82,5.67,12.46,4,2026-05-18,-8.85,1.8,-1.05,抗住且相对强,2026-05-15,存储芯片,1,2,0,1
E003-2026-05-11,2026-05-11,2026-05-12,300814.SZ,中富电路,电子,-0.97,10.15,-1,,5,14729.8,PCB、元件、先进封装、共封装光学(CPO)、铜缆高速连接,0.33,7.23,4.72,19.83,28.4,11,2026-05-27,0.0,3.1,0.14,抗住且相对强,2026-05-26,元件,1,2,0,1
E003-2026-05-11,2026-05-11,2026-05-12,600601.SH,方正科技,电子,9.98,53.76,73.17,60日新高,3,10138.43,PCB、元件、共封装光学(CPO),-12.65,-13.63,-18.73,-6.15,-0.77,1,2026-05-13,-8.11,7.35,0.14,抗住且相对强,2026-05-19,元件,-4,3,1,0
E003-2026-05-11,2026-05-11,2026-05-12,688720.SH,艾森股份,电子,5.51,5.4,12.8,60日新高,6,30356.21,PCB、先进封装、光刻胶、半导体、存储芯片、芯片,2.37,9.65,0.67,23.33,23.33,10,2026-05-26,-11.31,3.38,0.14,抗住且相对强,2026-05-25,半导体,1,2,0,1
E003-2026-05-11,2026-05-11,2026-05-12,605058.SH,澳弘电子,电子,1.22,1.76,1.62,历史新高,4,17882.31,PCB、储能、元件、共封装光学(CPO),-3.03,-1.53,-5.74,6.34,6.34,10,2026-05-26,-4.61,-0.95,0.14,补跌且弱于行业,2026-05-26,元件,0,1,0,1
E003-2026-05-11,2026-05-11,2026-05-12,301379.SZ,天山电子,电子,3.91,4.59,8.38,60日新高,3,8380.34,PCB、光学光电子、存储芯片,2.45,32.0,13.18,16.23,32.0,5,2026-05-19,-19.87,-1.52,0.14,补跌且弱于行业,2026-05-20,存储芯片,-1,1,0,0
E003-2026-05-11,2026-05-11,2026-05-12,301366.SZ,一博科技,电子,0.07,2.24,0.1,120日新高,5,26144.29,PCB、元件、共封装光学(CPO)、芯片、英伟达,-1.88,-4.16,-0.41,16.17,16.17,10,2026-05-26,-1.67,-2.36,0.14,补跌且弱于行业,2026-05-26,元件,0,1,0,1
E003-2026-05-11,2026-05-11,2026-05-12,301150.SZ,中一科技,电力设备,3.86,10.43,12.47,,2,10670.38,PCB、储能,-5.25,-7.24,-14.18,-11.57,5.6,1,2026-05-13,-23.56,6.4,-1.05,抗住且相对强,2026-05-25,PCB,-8,1,0,0
E003-2026-05-11,2026-05-11,2026-05-12,605258.SH,协和电子,电子,1.14,2.15,1.67,120日新高,2,4183.44,PCB、元件,-5.52,-2.17,-7.35,-0.03,0.58,1,2026-05-13,-2.43,-2.0,0.14,补跌且弱于行业,2026-05-19,元件,-4,1,0,0
E003-2026-05-11,2026-05-11,2026-05-12,688299.SH,长阳科技,电子,-0.2,1.81,-0.27,,3,11450.06,PCB、储能、光学光电子,2.4,4.28,-1.82,-0.52,7.09,6,2026-05-20,-11.26,-2.09,0.14,补跌且弱于行业,2026-05-25,PCB,-3,1,0,0
E003-2026-05-11,2026-05-11,2026-05-12,600552.SH,凯盛科技,电子,2.36,14.79,9.08,3年新高,5,26912.58,PCB、先进封装、光伏、光学光电子、芯片,-1.47,3.22,3.39,11.13,13.16,9,2026-05-25,-5.99,4.61,0.14,抗住且相对强,2026-05-25,PCB,0,2,0,1
E003-2026-05-11,2026-05-11,2026-05-12,603175.SH,超颖电子,电子,-1.87,7.58,-1,历史新高,4,23064.69,PCB、元件、存储芯片、芯片,-3.41,-4.45,-5.64,-2.47,5.28,1,2026-05-13,-10.85,-3.09,0.14,补跌且弱于行业,2026-05-15,存储芯片,-2,1,0,0
E003-2026-05-11,2026-05-11,2026-05-12,688401.SH,路维光电,电子,4.23,5.95,10.32,历史新高,4,25045.78,PCB、先进封装、半导体、芯片,2.23,3.94,1.53,17.41,21.83,9,2026-05-25,-1.71,-2.17,0.14,补跌且弱于行业,2026-05-25,半导体,0,1,0,1
E003-2026-05-11,2026-05-11,2026-05-12,002927.SZ,泰永长征,电力设备,2.08,1.91,2.87,20日新高,6,19615.7,PCB、储能、光伏、电网设备、虚拟电厂、高压快充,2.03,18.17,12.23,11.66,24.05,9,2026-05-25,-1.2,-1.99,-1.05,补跌且弱于行业,2026-05-25,PCB,0,1,0,1
E003-2026-05-11,2026-05-11,2026-05-12,300429.SZ,强力新材,电子,2.14,4.46,4.52,20日新高,4,21137.6,PCB、先进封装、光刻胶、芯片,2.89,4.84,1.14,5.58,9.62,6,2026-05-20,-7.8,-2.68,0.14,补跌且弱于行业,2026-05-20,光刻胶,0,1,0,1
E003-2026-05-11,2026-05-11,2026-05-12,301123.SZ,奕东电子,电子,2.47,12.31,8.67,60日新高,6,22966.38,PCB、储能、共封装光学(CPO)、消费电子、液冷服务器、铜缆高速连接,-3.44,1.68,-2.71,1.78,9.32,8,2026-05-22,-4.23,5.22,0.14,抗住且相对强,2026-05-25,共封装光学(CPO),-1,2,0,0
E003-2026-05-11,2026-05-11,2026-05-12,301628.SZ,强达电路,电子,1.15,3.44,2.13,20日新高,3,10138.43,PCB、元件、共封装光学(CPO),-1.73,0.71,-0.45,27.25,27.25,10,2026-05-26,-11.39,-1.81,0.14,补跌且弱于行业,2026-05-26,元件,0,1,0,1
E003-2026-05-11,2026-05-11,2026-05-12,300713.SZ,英可瑞,电力设备,2.93,0.92,2.81,20日新高,4,17490.93,PCB、储能、光伏、高压快充,0.72,3.37,-3.71,-6.31,3.37,5,2026-05-19,-9.9,-2.74,-1.05,补跌且弱于行业,2026-05-19,高压快充,0,1,0,1
E003-2026-05-11,2026-05-11,2026-05-12,301176.SZ,逸豪新材,电子,-1.2,3.09,-1,,2,4183.44,PCB、元件,-8.56,10.09,1.11,14.29,14.91,8,2026-05-22,-6.06,-1.39,0.14,补跌且弱于行业,2026-05-22,元件,0,0,0,1
E003-2026-05-11,2026-05-11,2026-05-12,688150.SH,莱特光电,电子,0.6,10.22,1.92,,2,4037.86,PCB、钙钛矿电池,-3.11,7.0,6.74,2.63,18.35,9,2026-05-25,-26.91,9.26,0.14,抗住且相对强,2026-05-25,PCB,0,1,0,1
E003-2026-05-11,2026-05-11,2026-05-12,600183.SH,生益科技,电子,2.02,39.77,12.74,历史新高,6,32387.42,PCB、元件、先进封装、共封装光学(CPO)、存储芯片、芯片,5.06,17.71,14.68,49.7,53.89,11,2026-05-27,0.0,2.34,0.14,抗住且相对强,2026-05-26,元件,1,2,0,1
E003-2026-05-11,2026-05-11,2026-05-12,000727.SZ,冠捷科技,电子,-2.73,4.36,-1,,2,3706.18,PCB、光学光电子,-4.88,0.0,-1.05,4.53,4.53,10,2026-05-26,-1.74,0.7,0.14,抗住且相对强,2026-05-25,PCB,1,1,0,1
E003-2026-05-11,2026-05-11,2026-05-12,688519.SH,南亚新材,电子,2.58,10.46,8.34,,4,14812.59,PCB、元件、共封装光学(CPO)、存储芯片,-8.22,-6.19,-7.46,2.28,9.38,11,2026-05-27,0.0,5.52,0.14,抗住且相对强,2026-05-26,元件,1,2,0,1
E003-2026-05-11,2026-05-11,2026-05-12,002636.SZ,金安国纪,电子,1.19,20.04,5.33,,2,4183.44,PCB、元件,-7.8,-5.27,-8.27,2.19,4.79,11,2026-05-27,0.0,-4.06,0.14,补跌且弱于行业,2026-05-26,元件,1,0,0,1
E003-2026-05-11,2026-05-11,2026-05-12,603002.SH,宏昌电子,电子,-0.07,9.9,-0.22,,4,22300.1,PCB、先进封装、芯片、英伟达,0.26,4.83,0.13,12.45,12.45,10,2026-05-26,-2.78,-1.37,0.14,补跌且弱于行业,2026-05-25,PCB,1,1,0,1
E003-2026-05-11,2026-05-11,2026-05-12,603328.SH,依顿电子,电子,-0.7,4.11,-1,,4,15770.0,PCB、元件、光伏、共封装光学(CPO),-7.13,-5.35,-9.53,0.0,0.78,1,2026-05-13,-3.41,0.62,0.14,抗住且相对强,2026-05-19,元件,-4,2,0,0
E003-2026-05-11,2026-05-11,2026-05-12,002463.SZ,沪电股份,电子,-0.03,76.08,-0.26,,3,18390.53,PCB、元件、芯片,-5.24,-5.59,-4.58,22.71,22.71,10,2026-05-26,-4.67,0.0,0.14,上涨但弱于行业,2026-05-26,元件,0,1,0,1
E003-2026-05-11,2026-05-11,2026-05-12,301251.SZ,威尔高,电子,-0.65,3.5,-1,,3,10138.43,PCB、元件、共封装光学(CPO),-0.6,3.92,-0.32,8.0,10.43,9,2026-05-25,-4.46,1.27,0.14,抗住且相对强,2026-05-25,PCB,0,2,0,1
E003-2026-05-11,2026-05-11,2026-05-12,002916.SZ,深南电路,电子,4.1,40.42,26.07,,5,26432.43,PCB、元件、先进封装、存储芯片、芯片,-1.98,0.76,4.27,27.2,27.2,10,2026-05-26,-7.11,-1.12,0.14,补跌且弱于行业,2026-05-26,元件,0,2,0,1
E003-2026-05-11,2026-05-11,2026-05-12,002741.SZ,光华科技,电子,3.3,7.76,9.19,20日新高,4,26456.32,PCB、先进封装、共封装光学(CPO)、芯片,1.33,2.8,2.49,25.08,33.17,11,2026-05-27,0.0,-1.62,0.14,补跌且弱于行业,2026-05-25,PCB,2,1,0,0
E003-2026-05-11,2026-05-11,2026-05-12,301132.SZ,满坤科技,电子,-1.12,1.54,-1,,3,10138.43,PCB、元件、共封装光学(CPO),-7.38,-5.6,-10.69,3.51,5.45,9,2026-05-25,-4.21,-2.34,0.14,补跌且弱于行业,2026-05-25,PCB,0,1,0,1
E003-2026-05-11,2026-05-11,2026-05-12,002859.SZ,洁美科技,电子,4.94,6.89,12.97,历史新高,2,4321.77,PCB、可控核聚变,-0.71,9.44,5.22,21.76,23.92,9,2026-05-25,-1.35,0.93,0.14,抗住且相对强,2026-05-25,PCB,0,2,0,1
E003-2026-05-11,2026-05-11,2026-05-12,301106.SZ,骏成科技,电子,1.23,1.15,1.32,,3,4247.64,PCB、光学光电子、星闪,2.53,-0.73,-5.06,-1.27,2.59,1,2026-05-13,-7.9,-1.96,0.14,补跌且弱于行业,2026-05-25,PCB,-8,1,0,0
E003-2026-05-11,2026-05-11,2026-05-12,001388.SZ,信通电子,电力设备,0.65,0.43,0.43,,5,23410.91,PCB、特高压、电网设备、芯片、风电,-2.1,0.56,-4.17,-7.12,1.61,1,2026-05-13,-11.77,1.3,-1.05,抗住且相对强,2026-05-13,电网设备,0,2,0,1
E003-2026-05-11,2026-05-11,2026-05-12,300576.SZ,容大感光,电子,2.48,5.78,5.96,,4,21137.6,PCB、先进封装、光刻胶、芯片,7.1,15.76,6.87,21.42,31.39,9,2026-05-25,-17.24,2.48,0.14,抗住且相对强,2026-05-25,PCB,0,2,0,1
E003-2026-05-11,2026-05-11,2026-05-12,603685.SH,晨丰科技,电子,6.66,1.93,9.25,历史新高,4,8794.21,PCB、光学光电子、虚拟电厂、风电,-7.24,-5.92,-10.18,2.46,2.46,10,2026-05-26,-0.17,-0.31,0.14,补跌且弱于行业,2026-05-25,PCB,1,1,0,1
E003-2026-05-11,2026-05-11,2026-05-12,002584.SZ,西陇科学,电子,1.11,1.74,1.46,,3,9194.34,PCB、光伏、光刻胶,1.49,1.73,0.12,2.35,4.7,6,2026-05-20,-6.19,-1.22,0.14,补跌且弱于行业,2026-05-20,光刻胶,0,1,0,1
E003-2026-05-11,2026-05-11,2026-05-12,301282.SZ,金禄电子,电子,-1.98,4.7,-1,,4,17882.31,PCB、储能、元件、共封装光学(CPO),-6.99,-7.47,-11.42,-2.2,1.66,1,2026-05-13,-8.72,-3.74,0.14,补跌且弱于行业,2026-05-19,元件,-4,1,0,0
E003-2026-05-11,2026-05-11,2026-05-12,002745.SZ,木林森,电子,-2.04,8.42,-1,60日新高,4,17081.63,PCB、储能、光伏、光学光电子,1.57,1.99,1.57,9.76,15.42,11,2026-05-27,0.0,-0.73,0.14,补跌且弱于行业,2026-05-25,PCB,2,1,0,0
E003-2026-05-11,2026-05-11,2026-05-12,301630.SZ,同宇新材,电子,-0.58,3.1,-1,,1,2926.5,PCB,-2.7,-0.07,-5.44,0.18,4.03,11,2026-05-27,0.0,1.16,0.14,抗住且相对强,2026-05-25,PCB,2,1,0,0
E003-2026-05-11,2026-05-11,2026-05-12,600110.SH,诺德股份,电力设备,-1.08,17.08,-1,,2,10670.38,PCB、储能,-6.73,-10.33,-14.3,-0.28,2.12,1,2026-05-13,-5.63,-1.0,-1.05,补跌但相对强,2026-05-25,PCB,-8,1,0,0
E003-2026-05-11,2026-05-11,2026-05-12,688388.SH,嘉元科技,电力设备,-4.36,21.77,-1,,4,22256.94,PCB、储能、光伏、共封装光学(CPO),-8.06,-6.85,-12.32,-4.61,0.86,1,2026-05-13,-9.75,1.69,-1.05,抗住且相对强,2026-05-25,PCB,-8,2,0,0
E003-2026-05-11,2026-05-11,2026-05-12,688183.SH,生益电子,电子,-1.23,29.62,-1,,3,10138.43,PCB、元件、共封装光学(CPO),-4.86,1.85,-3.27,28.75,29.92,11,2026-05-27,0.0,-2.79,0.14,补跌且弱于行业,2026-05-26,元件,1,1,0,1
E003-2026-05-11,2026-05-11,2026-05-12,300035.SZ,中科电气,电力设备,-0.15,7.39,-0.41,,3,11859.36,PCB、储能、高压快充,-3.13,-5.07,-3.88,-11.68,0.35,1,2026-05-13,-14.46,-2.14,-1.05,补跌且弱于行业,2026-05-19,高压快充,-4,1,0,0
E003-2026-05-11,2026-05-11,2026-05-12,300820.SZ,英杰电气,电力设备,8.05,7.11,21.46,20日新高,6,33042.74,TOPCON电池、储能、光伏、可控核聚变、氢能源、芯片,16.68,28.49,23.41,18.64,32.24,6,2026-05-20,-15.83,0.4,-1.05,抗住且相对强,2026-05-25,芯片,-3,3,1,0
E003-2026-05-11,2026-05-11,2026-05-12,603398.SH,*ST沐邦,电力设备,5.04,1.56,6.29,,3,7162.81,TOPCON电池、光伏、光伏设备,-5.84,2.69,0.0,-7.79,2.69,5,2026-05-19,-9.0,5.01,-1.05,抗住且相对强,2026-05-20,光伏设备,-1,2,0,0
E003-2026-05-11,2026-05-11,2026-05-12,688678.SH,福立旺,电子,-1.34,7.72,-1,历史新高,3,7624.58,TOPCON电池、光伏、消费电子,1.69,3.09,0.04,-1.61,3.54,4,2026-05-18,-8.4,-3.42,0.14,补跌且弱于行业,2026-05-13,消费电子,3,1,0,0
E003-2026-05-11,2026-05-11,2026-05-12,600151.SH,航天机电,电力设备,-1.23,9.73,-1,,3,7162.81,TOPCON电池、光伏、光伏设备,-5.25,5.79,0.4,-4.44,6.19,6,2026-05-20,-14.13,-2.24,-1.05,补跌且弱于行业,2026-05-20,光伏设备,0,1,0,1
E003-2026-05-11,2026-05-11,2026-05-12,002309.SZ,中利集团,电力设备,-1.08,12.1,-1,,7,22779.43,TOPCON电池、储能、光伏、光纤、电网设备、钙钛矿电池、风电,-0.64,-9.83,-19.44,-23.29,10.47,2,2026-05-14,-34.83,2.63,-1.05,抗住且相对强,2026-05-13,电网设备,1,2,0,1
E003-2026-05-11,2026-05-11,2026-05-12,603185.SH,弘元绿能,电力设备,0.74,5.07,1.67,,4,14906.69,TOPCON电池、储能、光伏、光伏设备,-0.51,1.06,-5.74,-10.52,4.59,2,2026-05-14,-16.77,-0.41,-1.05,补跌但相对强,2026-05-20,光伏设备,-4,2,0,0
E003-2026-05-11,2026-05-11,2026-05-12,300080.SZ,易成新能,电力设备,-0.88,1.35,-1,,4,14906.69,TOPCON电池、储能、光伏、光伏设备,7.43,6.76,-6.31,-8.33,12.84,2,2026-05-14,-21.85,-1.11,-1.05,补跌且弱于行业,2026-05-20,光伏设备,-4,1,0,0
E003-2026-05-11,2026-05-11,2026-05-12,600537.SH,*ST亿晶,电力设备,5.1,2.3,7.73,,4,8274.17,TOPCON电池、光伏、光伏设备、钙钛矿电池,-4.32,-2.88,-9.22,-8.93,0.29,2,2026-05-14,-12.68,5.15,-1.05,抗住且相对强,2026-05-19,钙钛矿电池,-3,2,0,0
E003-2026-05-11,2026-05-11,2026-05-12,002491.SZ,通鼎互联,通信,10.02,19.82,44.61,3年新高,3,13221.9,储能、光纤、通信设备,-9.64,-5.24,-13.04,-13.0,7.8,1,2026-05-13,-22.84,9.99,2.68,抗住且相对强,2026-05-25,通信设备,-8,3,1,0
E003-2026-05-11,2026-05-11,2026-05-12,603063.SH,禾望电气,电力设备,10.0,27.2,52.15,历史新高,4,20353.28,储能、光伏、氢能源、风电,4.48,4.53,1.08,8.3,11.75,11,2026-05-27,0.0,-0.72,-1.05,补跌但相对强,2026-05-25,风电,2,3,1,0
E003-2026-05-11,2026-05-11,2026-05-12,688551.SH,科威尔,电力设备,20.01,5.11,45.23,2年新高,4,30813.13,储能、光伏、氢能源、芯片,10.08,12.31,1.84,6.25,15.26,9,2026-05-25,-0.18,3.21,-1.05,抗住且相对强,2026-05-25,芯片,0,3,1,1
E003-2026-05-11,2026-05-11,2026-05-12,688141.SH,杰华特,电子,11.54,27.1,60.07,历史新高,3,26495.42,储能、半导体、芯片,-12.5,-7.57,-13.69,-9.79,-0.93,1,2026-05-13,-10.32,5.29,0.14,抗住且相对强,2026-05-15,半导体,-2,3,1,0
E003-2026-05-11,2026-05-11,2026-05-12,688618.SH,三旺通信,通信,20.0,3.45,37.15,2年新高,6,31717.69,储能、光纤、星闪、芯片、通信设备、风电,-6.04,-4.61,-13.46,-13.75,-0.09,1,2026-05-13,-16.38,-4.12,2.68,补跌且弱于行业,2026-05-25,通信设备,-8,2,0,0
E003-2026-05-11,2026-05-11,2026-05-12,002885.SZ,京泉华,电子,5.6,16.02,22.41,历史新高,3,14564.43,储能、光伏、高压快充,11.79,19.47,26.27,23.04,38.89,8,2026-05-22,-14.48,-1.43,0.14,补跌且弱于行业,2026-05-25,高压快充,-1,2,0,0
E003-2026-05-11,2026-05-11,2026-05-12,300477.SZ,ST合纵,电力设备,11.79,2.86,19.94,20日新高,3,14159.43,储能、光伏、电网设备,-0.96,-4.78,-10.83,-13.06,5.1,2,2026-05-14,-21.66,0.32,-1.05,抗住且相对强,2026-05-13,电网设备,1,3,1,1
E003-2026-05-11,2026-05-11,2026-05-12,601126.SH,四方股份,电力设备,7.2,22.12,33.86,历史新高,8,24994.15,储能、光伏、氢能源、特高压、电网设备、虚拟电厂、雅下水电、风电,3.25,10.09,10.22,2.56,16.71,6,2026-05-20,-4.95,7.67,-1.05,抗住且相对强,2026-05-19,虚拟电厂,1,3,1,1
E003-2026-05-11,2026-05-11,2026-05-12,300843.SZ,胜蓝股份,电子,10.25,9.42,31.46,历史新高,5,15273.87,储能、消费电子、液冷服务器、铜缆高速连接、高压快充,5.24,14.58,3.59,3.67,18.56,6,2026-05-20,-15.06,-2.42,0.14,补跌且弱于行业,2026-05-19,高压快充,1,2,0,1
E003-2026-05-11,2026-05-11,2026-05-12,603618.SH,杭电股份,电力设备,-0.85,48.17,-1,历史新高,6,22579.83,储能、光伏、光纤、特高压、电网设备、风电,-10.01,-4.3,-0.44,-13.08,5.27,6,2026-05-20,-16.76,8.45,-1.05,抗住且相对强,2026-05-19,电网设备,1,2,0,1
E003-2026-05-11,2026-05-11,2026-05-12,300693.SZ,盛弘股份,电力设备,11.71,23.4,56.65,历史新高,3,10273.65,储能、虚拟电厂、高压快充,-3.72,-1.69,-8.28,-11.46,11.24,1,2026-05-13,-24.18,5.46,-1.05,抗住且相对强,2026-05-13,虚拟电厂,0,3,1,1
E003-2026-05-11,2026-05-11,2026-05-12,300769.SZ,德方纳米,电力设备,1.68,33.06,9.66,,1,7743.88,储能,-3.93,-8.26,-4.07,-11.91,1.89,1,2026-05-13,-13.35,-3.92,-1.05,补跌且弱于行业,,,,0,0,0
E003-2026-05-11,2026-05-11,2026-05-12,301328.SZ,维峰电子,电子,10.91,5.2,24.88,历史新高,3,14599.08,储能、光伏、铜缆高速连接,1.55,-0.58,4.26,-24.14,11.59,9,2026-05-25,-35.61,2.32,0.14,抗住且相对强,2026-05-25,铜缆高速连接,0,3,1,1
E003-2026-05-11,2026-05-11,2026-05-12,688719.SH,爱科赛博,电力设备,7.42,3.75,14.37,历史新高,2,9139.15,储能、可控核聚变,-5.41,1.22,-2.1,-3.76,4.99,9,2026-05-25,-12.05,3.42,-1.05,抗住且相对强,2026-05-25,可控核聚变,0,2,0,1
E003-2026-05-11,2026-05-11,2026-05-12,603050.SH,科林电气,电力设备,3.95,3.98,7.88,历史新高,5,16689.2,储能、光伏、电网设备、虚拟电厂、高压快充,-7.29,-1.19,-5.81,-4.22,3.36,1,2026-05-13,-10.69,-3.44,-1.05,补跌且弱于行业,2026-05-13,虚拟电厂,0,1,0,1
E003-2026-05-11,2026-05-11,2026-05-12,688662.SH,富信科技,电子,11.13,6.74,28.9,历史新高,3,27905.96,储能、共封装光学(CPO)、芯片,6.23,7.73,3.82,17.35,18.86,9,2026-05-25,-0.3,-2.41,0.14,补跌且弱于行业,2026-05-25,芯片,0,2,0,1
E003-2026-05-11,2026-05-11,2026-05-12,002350.SZ,北京科锐,电力设备,4.07,7.83,11.39,历史新高,9,26049.57,储能、光伏、氢能源、特高压、电网设备、虚拟电厂、超级电容、风电、高压快充,-1.56,4.63,-5.11,-6.55,6.13,1,2026-05-13,-12.26,-4.26,-1.05,补跌且弱于行业,2026-05-13,虚拟电厂,0,1,0,1
E003-2026-05-11,2026-05-11,2026-05-12,605222.SH,起帆电缆,电力设备,8.03,10.37,25.86,历史新高,6,21048.04,储能、光伏、可控核聚变、特高压、电网设备、风电,-7.46,-10.51,-11.02,-21.1,2.02,1,2026-05-13,-24.83,0.2,-1.05,抗住且相对强,2026-05-13,电网设备,0,3,1,1
E003-2026-05-11,2026-05-11,2026-05-12,300656.SZ,民德电子,电子,-0.17,2.04,-0.24,20日新高,4,29328.64,储能、光伏、特高压、芯片,4.16,4.56,5.89,9.76,17.08,9,2026-05-25,-5.26,1.45,0.14,抗住且相对强,2026-05-25,特高压,0,2,0,1
E003-2026-05-11,2026-05-11,2026-05-12,002902.SZ,铭普光磁,通信,5.03,27.82,26.53,3年新高,6,37312.12,储能、光伏、共封装光学(CPO)、芯片、通信设备、铜缆高速连接,6.51,3.04,-3.79,-6.59,7.45,1,2026-05-13,-16.78,-2.16,2.68,补跌且弱于行业,2026-05-25,共封装光学(CPO),-8,2,0,0
E003-2026-05-11,2026-05-11,2026-05-12,002805.SZ,丰元股份,电力设备,3.29,12.9,11.82,,1,7743.88,储能,-4.39,-4.27,-7.82,-11.76,9.99,1,2026-05-13,-23.93,-2.51,-1.05,补跌且弱于行业,,,,0,0,0
E003-2026-05-11,2026-05-11,2026-05-12,301307.SZ,美利信,通信,9.37,7.87,26.29,历史新高,4,28460.64,储能、液冷服务器、芯片、通信设备,1.71,4.71,5.17,-0.19,12.62,6,2026-05-20,-16.79,1.43,2.68,上涨但弱于行业,2026-05-25,芯片,-3,2,0,0
E003-2026-05-11,2026-05-11,2026-05-12,600379.SH,宝光股份,电力设备,10.03,17.05,41.42,,7,32799.67,储能、氢能源、特高压、电网设备、芯片、虚拟电厂、风电,8.55,-12.1,-22.57,-20.54,10.18,2,2026-05-14,-27.23,-6.73,-1.05,补跌且弱于行业,2026-05-13,虚拟电厂,1,2,0,1
E003-2026-05-11,2026-05-11,2026-05-12,002484.SZ,江海股份,电子,6.93,21.03,31.78,历史新高,4,11032.53,储能、元件、可控核聚变、超级电容,9.72,32.33,25.16,38.56,52.42,11,2026-05-27,0.0,-3.86,0.14,补跌且弱于行业,2026-05-26,元件,1,2,0,1
E003-2026-05-11,2026-05-11,2026-05-12,002580.SZ,圣阳股份,电力设备,4.16,58.0,31.68,历史新高,2,11702.59,储能、液冷服务器,-17.5,-19.52,-21.25,-31.75,1.84,1,2026-05-13,-34.45,-0.29,-1.05,补跌但相对强,,,,3,1,0
E003-2026-05-11,2026-05-11,2026-05-12,600869.SH,远东股份,电力设备,9.98,25.23,50.13,历史新高,11,44134.53,储能、光伏、光纤、可控核聚变、液冷服务器、特高压、电网设备、芯片、铜缆高速连接、雅下水电、风电,-5.55,-6.11,-8.3,-9.61,0.74,1,2026-05-13,-8.3,9.99,-1.05,抗住且相对强,2026-05-13,电网设备,0,3,1,1
E003-2026-05-11,2026-05-11,2026-05-12,300939.SZ,秋田微,电子,7.31,6.01,17.92,20日新高,2,8523.56,储能、光学光电子,3.25,6.06,16.87,55.98,61.58,11,2026-05-27,0.0,-0.63,0.14,补跌且弱于行业,,,,1,0,0
E003-2026-05-11,2026-05-11,2026-05-12,300292.SZ,吴通控股,通信,11.07,16.39,44.82,1年新高,4,17135.5,储能、光纤、共封装光学(CPO)、通信服务,-6.96,-10.09,-18.32,-20.74,-2.41,1,2026-05-13,-22.16,15.03,2.68,抗住且相对强,2026-05-13,通信服务,0,3,1,1
E003-2026-05-11,2026-05-11,2026-05-12,002623.SZ,亚玛顿,电力设备,9.99,2.88,16.95,20日新高,4,15183.71,储能、光伏、光伏设备、钙钛矿电池,-4.58,-7.79,-14.65,-16.74,-0.54,2,2026-05-14,-15.78,-1.27,-1.05,补跌且弱于行业,2026-05-19,钙钛矿电池,-3,1,0,0
E003-2026-05-11,2026-05-11,2026-05-12,300222.SZ,科大智能,电力设备,4.92,6.02,12.07,20日新高,5,16689.2,储能、光伏、电网设备、虚拟电厂、高压快充,2.3,11.52,11.83,31.61,31.69,11,2026-05-27,0.0,-3.15,-1.05,补跌且弱于行业,2026-05-25,高压快充,2,1,0,0
E003-2026-05-11,2026-05-11,2026-05-12,301002.SZ,崧盛股份,电力设备,3.75,6.68,9.69,3年新高,3,14155.13,储能、光伏、光学光电子,6.14,7.04,7.54,8.85,14.9,2,2026-05-14,-10.43,-0.62,-1.05,补跌但相对强,,,,2,0,0
E003-2026-05-11,2026-05-11,2026-05-12,300953.SZ,震裕科技,电力设备,1.91,16.12,7.67,历史新高,1,7743.88,储能,-1.94,3.5,6.96,4.92,9.64,8,2026-05-22,-9.06,-3.42,-1.05,补跌且弱于行业,,,,1,0,0
E003-2026-05-11,2026-05-11,2026-05-12,002782.SZ,可立克,电子,8.36,5.8,20.13,,3,14564.43,储能、光伏、高压快充,14.96,24.73,27.49,29.02,37.21,6,2026-05-20,-0.95,-1.34,0.14,补跌且弱于行业,2026-05-19,高压快充,1,2,0,1
E003-2026-05-11,2026-05-11,2026-05-12,301086.SZ,鸿富瀚,电子,3.52,3.5,6.59,历史新高,3,12861.26,储能、消费电子、液冷服务器,8.33,7.87,9.53,7.87,15.51,9,2026-05-25,-9.28,-0.92,0.14,补跌且弱于行业,2026-05-25,消费电子,0,1,0,1
E003-2026-05-11,2026-05-11,2026-05-12,002729.SZ,好利科技,电子,-1.1,2.75,-1,,3,17122.69,储能、光伏、风电,3.93,7.26,0.45,0.05,7.26,5,2026-05-19,-10.64,-2.42,0.14,补跌且弱于行业,2026-05-25,风电,-4,1,0,0
E003-2026-05-11,2026-05-11,2026-05-12,000021.SZ,深科技,电子,6.29,49.35,44.19,20日新高,8,39083.76,储能、先进封装、共封装光学(CPO)、存储芯片、消费电子、芯片、虚拟电厂、超级电容,4.18,16.59,12.57,32.31,36.12,11,2026-05-27,0.0,-2.0,0.14,补跌且弱于行业,2026-05-25,共封装光学(CPO),2,2,0,0
E003-2026-05-11,2026-05-11,2026-05-12,688390.SH,固德威,电力设备,6.76,15.48,26.6,2年新高,4,15413.14,储能、光伏、光伏设备、虚拟电厂,-1.7,9.78,16.16,17.7,26.25,11,2026-05-27,0.0,2.9,-1.05,抗住且相对强,2026-05-20,光伏设备,5,3,1,0
E003-2026-05-11,2026-05-11,2026-05-12,002364.SZ,中恒电气,电力设备,-0.93,19.7,-1,,6,18997.58,储能、氢能源、特高压、虚拟电厂、风电、高压快充,8.75,20.16,11.75,22.05,29.02,11,2026-05-27,0.0,-1.63,-1.05,补跌且弱于行业,2026-05-25,高压快充,2,1,0,0
E003-2026-05-11,2026-05-11,2026-05-12,688248.SH,南网科技,电力设备,2.03,5.3,4.67,20日新高,4,16062.5,储能、氢能源、虚拟电厂、风电,-9.94,-0.17,-7.11,-9.2,-0.17,5,2026-05-19,-10.4,2.07,-1.05,抗住且相对强,2026-05-19,虚拟电厂,0,2,0,1
E003-2026-05-11,2026-05-11,2026-05-12,601727.SH,上海电气,电力设备,9.47,67.64,77.88,20日新高,7,24835.44,储能、光伏、可控核聚变、氢能源、特高压、虚拟电厂、风电,3.89,5.77,2.24,2.24,7.66,1,2026-05-13,-8.6,-4.61,-1.05,补跌且弱于行业,2026-05-13,虚拟电厂,0,2,0,1
E003-2026-05-11,2026-05-11,2026-05-12,600885.SH,宏发股份,电力设备,0.22,7.58,0.61,,4,17906.67,储能、光伏、电网设备、风电,-4.28,0.0,4.28,5.79,10.32,11,2026-05-27,0.0,-0.68,-1.05,补跌但相对强,2026-05-25,风电,2,2,0,0
E003-2026-05-11,2026-05-11,2026-05-12,002335.SZ,科华数据,电力设备,1.48,29.68,8.06,20日新高,4,20564.75,储能、光伏、氢能源、液冷服务器,-0.1,-0.25,-8.35,-9.77,4.93,1,2026-05-13,-16.22,-1.95,-1.05,补跌且弱于行业,,,,1,0,0
E003-2026-05-11,2026-05-11,2026-05-12,301202.SZ,朗威股份,通信,1.03,1.44,1.24,20日新高,4,17180.61,储能、光纤、液冷服务器、通信设备,-1.08,-0.09,-4.6,-1.45,1.82,1,2026-05-13,-1.84,-3.2,2.68,补跌且弱于行业,2026-05-25,通信设备,-8,1,0,0
E003-2026-05-11,2026-05-11,2026-05-12,600563.SH,法拉电子,电子,4.63,15.11,18.0,20日新高,6,18203.91,储能、元件、光伏、特高压、超级电容、高压快充,6.3,17.11,25.65,28.95,38.22,8,2026-05-22,-3.04,-2.07,0.14,补跌且弱于行业,2026-05-22,元件,0,2,0,1
E003-2026-05-11,2026-05-11,2026-05-12,600207.SH,安彩高科,电力设备,-2.75,3.6,-1,,4,28279.44,储能、光伏、光伏设备、芯片,4.67,-0.16,4.36,10.59,19.94,11,2026-05-27,0.0,0.78,-1.05,抗住且相对强,2026-05-25,芯片,2,2,0,0
E003-2026-05-11,2026-05-11,2026-05-12,301210.SZ,金杨精密,电力设备,-0.56,2.14,-0.82,,1,7743.88,储能,0.81,3.11,0.95,0.09,5.55,8,2026-05-22,-6.71,-0.85,-1.05,补跌但相对强,,,,1,0,0
E003-2026-05-11,2026-05-11,2026-05-12,300491.SZ,通合科技,电力设备,4.94,2.69,8.1,20日新高,2,8932.86,储能、高压快充,-0.18,2.01,-5.72,-1.06,14.42,11,2026-05-27,0.0,-1.39,-1.05,补跌且弱于行业,2026-05-25,高压快充,2,1,0,0
E003-2026-05-11,2026-05-11,2026-05-12,603679.SH,华体科技,电子,4.51,1.65,5.79,20日新高,3,9864.35,储能、光学光电子、虚拟电厂,11.14,10.27,3.73,11.39,13.44,9,2026-05-25,-3.3,-0.92,0.14,补跌且弱于行业,2026-05-19,虚拟电厂,4,1,0,0
E003-2026-05-11,2026-05-11,2026-05-12,300976.SZ,达瑞电子,电子,2.55,2.78,4.25,120日新高,5,32699.92,储能、光伏、消费电子、液冷服务器、芯片,10.21,23.02,14.14,32.55,33.07,11,2026-05-27,0.0,-1.37,0.14,补跌且弱于行业,2026-05-25,消费电子,2,1,0,0
E003-2026-05-11,2026-05-11,2026-05-12,002951.SZ,金时科技,电力设备,-1.08,2.0,-1,20日新高,3,12127.56,储能、超级电容、风电,-1.76,-0.12,-8.47,-2.12,3.64,9,2026-05-25,-10.17,2.9,-1.05,抗住且相对强,2026-05-25,风电,0,2,0,1
E003-2026-05-11,2026-05-11,2026-05-12,300353.SZ,东土科技,通信,0.15,3.55,0.28,20日新高,5,29589.96,储能、芯片、虚拟电厂、通信设备、风电,-2.25,3.32,0.31,11.66,11.66,10,2026-05-26,-2.25,-2.15,2.68,补跌且弱于行业,2026-05-25,通信设备,1,1,0,1
E003-2026-05-11,2026-05-11,2026-05-12,688130.SH,晶华微,电子,1.45,0.9,1.38,1年新高,3,26495.42,储能、半导体、芯片,10.34,10.79,4.0,3.26,13.57,6,2026-05-20,-10.6,-3.33,0.14,补跌且弱于行业,2026-05-20,半导体,0,1,0,1
E003-2026-05-11,2026-05-11,2026-05-12,688711.SH,宏微科技,电子,8.0,4.4,16.78,20日新高,5,33522.26,储能、光伏、半导体、可控核聚变、芯片,6.61,14.67,7.1,18.94,22.16,11,2026-05-27,0.0,-0.82,0.14,补跌且弱于行业,2026-05-25,半导体,2,1,0,0
E003-2026-05-11,2026-05-11,2026-05-12,301163.SZ,宏德股份,电力设备,2.47,1.36,2.88,20日新高,2,11491.12,储能、风电,-4.45,-4.95,-10.84,-12.52,-3.71,1,2026-05-13,-11.4,-4.58,-1.05,补跌且弱于行业,2026-05-25,风电,-8,1,0,0
E003-2026-05-11,2026-05-11,2026-05-12,600775.SH,南京熊猫,通信,0.82,4.0,1.64,,2,10294.84,储能、通信设备,-4.66,-0.15,-9.69,-13.97,0.53,1,2026-05-13,-16.9,-1.77,2.68,补跌且弱于行业,2026-05-25,通信设备,-8,0,0,0
E003-2026-05-11,2026-05-11,2026-05-12,688611.SH,杭州柯林,电力设备,0.06,2.25,0.09,历史新高,8,37238.93,储能、光伏、存储芯片、特高压、电网设备、芯片、虚拟电厂、钙钛矿电池,-2.82,-1.72,0.47,10.72,14.26,11,2026-05-27,0.0,8.97,-1.05,抗住且相对强,2026-05-25,特高压,2,2,0,0
E003-2026-05-11,2026-05-11,2026-05-12,688261.SH,东微半导,电子,2.88,5.52,6.77,20日新高,6,37274.68,储能、光伏、半导体、液冷服务器、芯片、高压快充,0.56,4.93,-6.16,6.88,12.9,11,2026-05-27,0.0,4.82,0.14,抗住且相对强,2026-05-25,半导体,2,2,0,0
E003-2026-05-11,2026-05-11,2026-05-12,688339.SH,亿华通-U,电力设备,-0.42,1.24,-0.47,,2,10974.47,储能、氢能源,2.47,-0.23,-7.28,-10.05,5.82,1,2026-05-13,-18.18,-0.84,-1.05,补跌但相对强,,,,1,0,0
E003-2026-05-11,2026-05-11,2026-05-12,002202.SZ,金风科技,电力设备,-1.16,63.67,-1,20日新高,4,16467.81,储能、氢能源、特高压、风电,-7.99,-6.78,-9.31,-10.12,1.94,1,2026-05-13,-15.4,-3.16,-1.05,补跌且弱于行业,2026-05-25,风电,-8,1,0,0
E003-2026-05-11,2026-05-11,2026-05-12,605117.SH,德业股份,电力设备,6.81,27.01,35.39,历史新高,3,14072.35,储能、光伏、光伏设备,-5.35,-0.75,6.19,-26.92,6.85,6,2026-05-20,-29.78,-1.7,-1.05,补跌且弱于行业,2026-05-20,光伏设备,0,2,0,1
E003-2026-05-11,2026-05-11,2026-05-12,301023.SZ,奕帆传动,电力设备,0.47,1.42,0.56,20日新高,3,15121.55,储能、光伏、特高压,2.04,6.26,11.79,15.94,17.13,8,2026-05-22,-17.63,-2.09,-1.05,补跌且弱于行业,2026-05-25,特高压,-1,1,0,0
E003-2026-05-11,2026-05-11,2026-05-12,300916.SZ,朗特智能,电子,3.34,1.8,4.48,120日新高,2,8902.55,储能、消费电子,-3.65,0.67,0.21,-6.83,1.39,6,2026-05-20,-11.13,-1.87,0.14,补跌且弱于行业,2026-05-25,消费电子,-3,1,0,0
E003-2026-05-11,2026-05-11,2026-05-12,300050.SZ,世纪鼎利,通信,3.21,3.37,5.89,,2,8253.45,储能、通信服务,-0.9,4.12,-8.76,-9.79,4.12,5,2026-05-19,-17.27,0.52,2.68,上涨但弱于行业,2026-05-13,通信服务,4,0,0,0
E003-2026-05-11,2026-05-11,2026-05-12,300438.SZ,鹏辉能源,电力设备,3.94,36.86,23.92,,2,9084.67,储能、虚拟电厂,-6.77,-2.99,-5.08,-12.13,3.11,6,2026-05-20,-12.37,1.14,-1.05,抗住且相对强,2026-05-19,虚拟电厂,1,2,0,1
E003-2026-05-11,2026-05-11,2026-05-12,301051.SZ,信濠光电,电子,0.78,1.58,0.98,120日新高,2,8902.55,储能、消费电子,-2.88,-4.28,1.29,1.05,3.5,9,2026-05-25,-5.45,-0.19,0.14,补跌且弱于行业,2026-05-25,消费电子,0,1,0,1
E003-2026-05-11,2026-05-11,2026-05-12,301590.SZ,优优绿能,电力设备,6.13,2.3,9.3,20日新高,2,8932.86,储能、高压快充,14.49,5.24,1.17,-5.09,14.49,3,2026-05-15,-20.47,-0.61,-1.05,补跌但相对强,2026-05-19,高压快充,-2,2,0,0
E003-2026-05-11,2026-05-11,2026-05-12,688517.SH,金冠电气,电力设备,1.76,1.46,2.13,3年新高,4,11462.94,储能、特高压、电网设备、高压快充,-1.35,1.18,-4.44,-3.59,1.56,6,2026-05-20,-8.16,-2.67,-1.05,补跌且弱于行业,2026-05-19,高压快充,1,1,0,1
E003-2026-05-11,2026-05-11,2026-05-12,301349.SZ,信德新材,电力设备,2.99,3.73,5.77,,4,17491.49,储能、光伏、光纤、高压快充,-26.16,-24.59,-23.39,-8.89,-8.0,11,2026-05-27,0.0,0.0,-1.05,抗住且相对强,2026-05-25,高压快充,2,2,0,0
E003-2026-05-11,2026-05-11,2026-05-12,600580.SH,卧龙电驱,电力设备,-1.02,26.98,-1,,3,14721.71,储能、氢能源、风电,0.0,1.51,0.44,8.87,9.73,11,2026-05-27,0.0,-0.39,-1.05,补跌但相对强,2026-05-25,风电,2,2,0,0
E003-2026-05-11,2026-05-11,2026-05-12,603989.SH,艾华集团,电子,1.28,2.18,1.89,,4,14148.51,储能、元件、液冷服务器、高压快充,-4.99,14.96,22.76,50.83,65.94,11,2026-05-27,0.0,-1.27,0.14,补跌且弱于行业,2026-05-26,元件,1,1,0,1
E003-2026-05-11,2026-05-11,2026-05-12,301516.SZ,中远通,电力设备,0.19,1.65,0.24,,4,17795.02,储能、光伏、氢能源、高压快充,4.53,7.77,-1.29,-6.15,7.77,5,2026-05-19,-17.22,-2.47,-1.05,补跌且弱于行业,2026-05-19,高压快充,0,1,0,1
E003-2026-05-11,2026-05-11,2026-05-12,002851.SZ,麦格米特,电力设备,1.87,29.21,10.11,20日新高,7,34953.97,储能、光伏、芯片、英伟达、超级电容、风电、高压快充,2.23,0.93,-6.89,10.1,10.1,10,2026-05-26,-1.7,0.26,-1.05,抗住且相对强,2026-05-25,高压快充,1,2,0,1
E003-2026-05-11,2026-05-11,2026-05-12,002402.SZ,和而泰,电子,0.12,17.13,0.5,20日新高,2,21950.97,储能、芯片,-4.25,-1.99,-7.45,-6.72,0.86,1,2026-05-13,-10.97,-2.21,0.14,补跌且弱于行业,2026-05-25,芯片,-8,1,0,0
E003-2026-05-11,2026-05-11,2026-05-12,301226.SZ,祥明智能,电力设备,0.02,3.52,0.04,,4,31329.78,储能、光伏、芯片、风电,-0.45,-2.61,-8.85,-5.93,0.91,1,2026-05-13,-5.98,-0.14,-1.05,补跌但相对强,2026-05-25,风电,-8,2,0,0
E003-2026-05-11,2026-05-11,2026-05-12,300763.SZ,锦浪科技,电力设备,4.75,19.15,20.79,20日新高,4,28279.44,储能、光伏、光伏设备、芯片,-3.81,7.49,7.76,7.1,19.39,11,2026-05-27,0.0,-2.4,-1.05,补跌且弱于行业,2026-05-25,芯片,2,2,0,0
E003-2026-05-11,2026-05-11,2026-05-12,300046.SZ,台基股份,电子,1.41,3.49,2.63,20日新高,5,33873.09,储能、光伏、半导体、特高压、芯片,4.54,4.24,-1.77,-0.39,5.89,4,2026-05-18,-1.26,-1.36,0.14,补跌且弱于行业,2026-05-15,半导体,1,1,0,1
E003-2026-05-11,2026-05-11,2026-05-12,301439.SZ,泓淋电力,电力设备,2.01,1.14,2.15,20日新高,4,10940.47,储能、电网设备、铜缆高速连接、高压快充,0.06,2.47,-3.12,-3.23,2.53,1,2026-05-13,-8.35,-1.33,-1.05,补跌且弱于行业,2026-05-13,电网设备,0,1,0,1
E003-2026-05-11,2026-05-11,2026-05-12,301278.SZ,快可电子,电力设备,-0.74,1.57,-0.93,,4,15183.71,储能、光伏、光伏设备、钙钛矿电池,-2.28,-0.64,-7.61,-8.39,1.03,1,2026-05-13,-12.68,-1.47,-1.05,补跌且弱于行业,2026-05-19,钙钛矿电池,-4,1,0,0
E003-2026-05-11,2026-05-11,2026-05-12,002857.SZ,三晖电气,电力设备,0.17,0.99,0.17,20日新高,3,9868.65,储能、电网设备、虚拟电厂,-2.61,-0.93,-5.98,-11.08,-0.75,1,2026-05-13,-10.72,-2.04,-1.05,补跌且弱于行业,2026-05-13,电网设备,0,1,0,1
E003-2026-05-11,2026-05-11,2026-05-12,002245.SZ,蔚蓝锂芯,电力设备,3.4,20.13,15.25,3年新高,2,21950.97,储能、芯片,13.59,19.99,-18.68,-2.02,22.45,4,2026-05-18,-22.58,0.13,-1.05,抗住且相对强,2026-05-25,芯片,-5,2,0,0
E003-2026-05-11,2026-05-11,2026-05-12,002706.SZ,良信股份,电力设备,3.95,10.34,12.7,20日新高,4,17906.67,储能、光伏、电网设备、风电,-3.27,10.04,3.1,9.96,20.98,11,2026-05-27,0.0,1.16,-1.05,抗住且相对强,2026-05-25,风电,2,2,0,0
E003-2026-05-11,2026-05-11,2026-05-12,000400.SZ,许继电气,电力设备,2.73,11.08,9.09,,8,23061.16,储能、光伏、可控核聚变、氢能源、特高压、电网设备、虚拟电厂、高压快充,-3.27,0.66,-4.84,-4.4,1.65,1,2026-05-13,-4.84,0.44,-1.05,抗住且相对强,2026-05-13,虚拟电厂,0,2,0,1
E003-2026-05-11,2026-05-11,2026-05-12,301329.SZ,信音电子,电子,0.53,1.23,0.59,60日新高,4,17461.18,储能、光伏、光纤、消费电子,-0.76,1.9,-0.04,1.48,2.85,8,2026-05-22,-5.78,-0.53,0.14,补跌且弱于行业,2026-05-25,消费电子,-1,1,0,0
E003-2026-05-11,2026-05-11,2026-05-12,002681.SZ,奋达科技,电子,-0.72,1.91,-1.0,20日新高,3,9444.01,储能、星闪、消费电子,2.42,4.1,1.12,9.68,9.68,10,2026-05-26,-5.03,-2.01,0.14,补跌且弱于行业,2026-05-25,消费电子,1,1,0,1
E003-2026-05-11,2026-05-11,2026-05-12,003043.SZ,华亚智能,电子,2.77,3.7,5.33,3年新高,5,27658.72,储能、光刻机、半导体、半导体设备、芯片,-0.08,5.6,3.61,3.39,9.96,6,2026-05-20,-11.16,1.37,0.14,抗住且相对强,2026-05-20,半导体,0,2,0,1
E003-2026-05-11,2026-05-11,2026-05-12,603333.SH,尚纬股份,电力设备,0.12,1.25,0.13,,5,19652.77,储能、光伏、特高压、电网设备、风电,13.4,18.68,13.51,1.76,19.51,6,2026-05-20,-19.62,-0.47,-1.05,补跌但相对强,2026-05-19,电网设备,1,2,0,1
E003-2026-05-11,2026-05-11,2026-05-12,300660.SZ,江苏雷利,电力设备,-1.21,4.52,-1,,3,25909.68,储能、液冷服务器、芯片,4.19,7.18,7.14,9.3,9.3,10,2026-05-26,-3.47,-1.25,-1.05,补跌且弱于行业,2026-05-25,芯片,1,1,0,1
E003-2026-05-11,2026-05-11,2026-05-12,002249.SZ,大洋电机,电力设备,-1.12,5.84,-1,,3,14721.71,储能、氢能源、风电,3.55,6.27,2.93,-1.88,6.27,5,2026-05-19,-12.02,-1.24,-1.05,补跌且弱于行业,2026-05-25,风电,-4,1,0,0
E003-2026-05-11,2026-05-11,2026-05-12,002296.SZ,辉煌科技,通信,1.34,2.05,1.92,20日新高,2,10294.84,储能、通信设备,-3.86,-2.6,-8.98,-12.68,0.42,1,2026-05-13,-15.7,-1.24,2.68,补跌且弱于行业,2026-05-25,通信设备,-8,1,0,0
E003-2026-05-11,2026-05-11,2026-05-12,603370.SH,华新精科,电力设备,-0.36,0.3,-0.2,,2,11702.59,储能、液冷服务器,7.58,8.9,5.55,5.87,8.9,5,2026-05-19,-9.33,-0.05,-1.05,补跌但相对强,,,,1,0,0
E003-2026-05-11,2026-05-11,2026-05-12,688681.SH,科汇股份,电力设备,0.14,0.47,0.1,20日新高,4,11614.75,储能、特高压、电网设备、虚拟电厂,-4.09,-1.54,-5.72,-9.18,-0.29,1,2026-05-13,-12.07,-2.03,-1.05,补跌且弱于行业,2026-05-13,电网设备,0,1,0,1
E003-2026-05-11,2026-05-11,2026-05-12,300286.SZ,安科瑞,电力设备,1.51,1.5,1.85,,3,9868.65,储能、电网设备、虚拟电厂,-2.47,0.78,2.0,39.58,39.58,10,2026-05-26,-5.95,0.08,-1.05,抗住且相对强,2026-05-19,电网设备,5,2,0,0
E003-2026-05-11,2026-05-11,2026-05-12,605277.SH,新亚电子,电子,0.25,1.81,0.34,,5,19716.46,储能、光伏、消费电子、液冷服务器、铜缆高速连接,-3.59,-2.15,-9.57,-6.03,1.11,1,2026-05-13,-10.52,0.12,0.14,上涨但弱于行业,2026-05-13,消费电子,0,1,0,1
E003-2026-05-11,2026-05-11,2026-05-12,002606.SZ,大连电瓷,电力设备,-0.39,5.24,-0.89,,4,11614.75,储能、特高压、电网设备、虚拟电厂,-5.9,-7.32,-11.75,-4.25,1.65,1,2026-05-13,-2.48,10.0,-1.05,抗住且相对强,2026-05-13,电网设备,0,2,0,1
E003-2026-05-11,2026-05-11,2026-05-12,300827.SZ,上能电气,电力设备,3.96,17.48,16.56,20日新高,5,18698.21,储能、光伏、光伏设备、可控核聚变、氢能源,-1.72,-1.06,-5.14,-7.75,2.89,1,2026-05-13,-10.01,-0.53,-1.05,补跌但相对强,2026-05-20,光伏设备,-5,2,0,0
E003-2026-05-11,2026-05-11,2026-05-12,601179.SH,中国西电,电力设备,5.29,57.39,40.08,,8,35891.57,储能、光伏、可控核聚变、特高压、电网设备、芯片、超级电容、风电,-10.73,-8.33,-16.04,-15.73,-0.94,1,2026-05-13,-12.71,6.08,-1.05,抗住且相对强,2026-05-13,电网设备,0,3,1,1
E003-2026-05-11,2026-05-11,2026-05-12,600072.SH,中船科技,电力设备,-0.8,3.95,-1,,3,14721.71,储能、氢能源、风电,-2.67,-1.71,-6.39,-10.62,3.27,1,2026-05-13,-17.38,-1.1,-1.05,补跌且弱于行业,2026-05-25,风电,-8,1,0,0
E003-2026-05-11,2026-05-11,2026-05-12,300909.SZ,汇创达,电子,0.89,2.24,1.33,20日新高,2,8523.56,储能、光学光电子,4.87,1.82,-2.16,1.69,5.3,11,2026-05-27,0.0,-0.72,0.14,补跌且弱于行业,,,,1,0,0
E003-2026-05-11,2026-05-11,2026-05-12,600481.SH,双良节能,电力设备,0.94,4.97,2.1,,5,21261.65,储能、光伏、光伏设备、氢能源、液冷服务器,6.12,13.19,22.45,7.22,22.45,7,2026-05-21,-25.9,-1.39,-1.05,补跌且弱于行业,2026-05-20,光伏设备,1,1,0,1
E003-2026-05-11,2026-05-11,2026-05-12,603829.SH,洛凯股份,电力设备,-0.51,2.22,-0.76,,3,14159.43,储能、光伏、电网设备,-7.62,-9.28,-14.95,-11.21,-4.57,1,2026-05-13,-10.04,-1.33,-1.05,补跌且弱于行业,2026-05-13,电网设备,0,1,0,1
E003-2026-05-11,2026-05-11,2026-05-12,688411.SH,海博思创,电力设备,4.12,23.14,19.82,20日新高,1,7743.88,储能,-0.37,-0.26,-2.31,11.21,11.21,10,2026-05-26,-2.87,-4.92,-1.05,补跌且弱于行业,,,,2,0,0
E003-2026-05-11,2026-05-11,2026-05-12,603206.SH,嘉环科技,通信,0.69,1.12,0.73,,2,8253.45,储能、通信服务,-0.57,20.31,16.02,12.59,20.31,5,2026-05-19,-14.24,-0.46,2.68,补跌且弱于行业,2026-05-13,通信服务,4,0,0,0
E003-2026-05-11,2026-05-11,2026-05-12,301012.SZ,扬电科技,电力设备,4.54,6.44,11.52,3年新高,3,14159.43,储能、光伏、电网设备,-1.8,5.42,9.17,-0.44,12.85,6,2026-05-20,-16.79,-3.26,-1.05,补跌且弱于行业,2026-05-19,电网设备,1,1,0,1
E003-2026-05-11,2026-05-11,2026-05-12,300513.SZ,恒实科技,通信,0.11,0.64,0.09,20日新高,5,29432.9,储能、光伏、芯片、虚拟电厂、通信服务,-1.3,3.58,-4.02,-5.21,3.58,5,2026-05-19,-12.92,-1.71,2.68,补跌且弱于行业,2026-05-19,虚拟电厂,0,1,0,1
E003-2026-05-11,2026-05-11,2026-05-12,301361.SZ,众智科技,电力设备,0.13,1.28,0.15,,3,9868.65,储能、电网设备、虚拟电厂,-2.97,6.81,8.39,-2.85,11.26,8,2026-05-22,-17.71,8.92,-1.05,抗住且相对强,2026-05-19,电网设备,3,2,0,0
E003-2026-05-11,2026-05-11,2026-05-12,600416.SH,湘电股份,电力设备,0.77,3.72,1.49,20日新高,2,11491.12,储能、风电,-4.51,-6.07,-8.24,-0.54,1.48,9,2026-05-25,-4.59,-1.76,-1.05,补跌且弱于行业,2026-05-25,风电,0,1,0,1
E003-2026-05-11,2026-05-11,2026-05-12,600268.SH,国电南自,电力设备,2.79,6.28,6.99,,6,16131.99,储能、特高压、电网设备、虚拟电厂、雅下水电、风电,-6.5,-4.39,-14.6,-15.78,2.97,1,2026-05-13,-20.11,1.89,-1.05,抗住且相对强,2026-05-13,虚拟电厂,0,2,0,1
E003-2026-05-11,2026-05-11,2026-05-12,300617.SZ,安靠智电,电力设备,-1.96,6.03,-1,,6,20993.56,储能、光伏、特高压、电网设备、虚拟电厂、风电,-1.82,0.5,-10.33,-6.19,4.4,1,2026-05-13,-3.52,2.33,-1.05,抗住且相对强,2026-05-13,虚拟电厂,0,2,0,1
E003-2026-05-11,2026-05-11,2026-05-12,300880.SZ,迦南智能,电力设备,0.81,2.89,1.38,20日新高,4,11057.63,储能、电网设备、虚拟电厂、高压快充,-9.25,-6.22,-16.93,-18.31,1.26,1,2026-05-13,-16.14,6.95,-1.05,抗住且相对强,2026-05-13,电网设备,0,2,0,1
E003-2026-05-11,2026-05-11,2026-05-12,300568.SZ,星源材质,电力设备,0.17,19.72,0.75,,3,25181.56,储能、氢能源、芯片,-9.8,-8.61,-3.32,-4.58,-0.54,6,2026-05-20,-6.59,5.46,-1.05,抗住且相对强,2026-05-25,芯片,-3,2,0,0
E003-2026-05-11,2026-05-11,2026-05-12,300787.SZ,海能实业,电子,0.09,0.54,0.07,,2,8902.55,储能、消费电子,-2.36,-0.91,-4.63,-5.99,0.91,1,2026-05-13,-8.9,-1.43,0.14,补跌且弱于行业,2026-05-13,消费电子,0,0,0,1
E003-2026-05-11,2026-05-11,2026-05-12,002451.SZ,摩恩电气,电力设备,1.0,1.56,1.25,20日新高,4,17906.67,储能、光伏、电网设备、风电,-4.44,-3.75,-13.02,-14.5,1.38,1,2026-05-13,-18.05,0.4,-1.05,抗住且相对强,2026-05-13,电网设备,0,2,0,1
E003-2026-05-11,2026-05-11,2026-05-12,002518.SZ,科士达,电力设备,2.67,8.93,7.98,20日新高,4,21081.4,储能、光伏、液冷服务器、风电,18.32,31.71,24.09,17.41,31.71,5,2026-05-19,-17.3,-0.43,-1.05,补跌但相对强,2026-05-25,风电,-4,2,0,0
E003-2026-05-11,2026-05-11,2026-05-12,603381.SH,永臻股份,电力设备,2.31,3.11,4.07,20日新高,4,18031.06,储能、光伏、光伏设备、液冷服务器,-3.72,-5.02,-10.89,-11.34,1.09,1,2026-05-13,-15.18,-0.6,-1.05,补跌但相对强,2026-05-20,光伏设备,-5,2,0,0
E003-2026-05-11,2026-05-11,2026-05-12,300274.SZ,阳光电源,电力设备,3.0,107.7,31.13,20日新高,6,22390.97,储能、光伏、光伏设备、氢能源、虚拟电厂、风电,9.37,12.53,18.26,27.99,31.63,11,2026-05-27,0.0,-2.91,-1.05,补跌且弱于行业,2026-05-25,风电,2,2,0,0
E003-2026-05-11,2026-05-11,2026-05-12,300772.SZ,运达股份,电力设备,-1.71,5.78,-1,,3,14721.71,储能、氢能源、风电,-3.56,1.99,-4.04,-2.71,2.17,1,2026-05-13,-6.33,-0.72,-1.05,补跌但相对强,2026-05-25,风电,-8,2,0,0
E003-2026-05-11,2026-05-11,2026-05-12,002801.SZ,微光股份,电力设备,-0.54,1.01,-0.54,,1,7743.88,储能,0.61,4.47,2.77,6.63,8.4,9,2026-05-25,-8.28,-1.73,-1.05,补跌且弱于行业,,,,0,0,0
E003-2026-05-11,2026-05-11,2026-05-12,688186.SH,广大特材,电力设备,-1.11,1.72,-1,,5,27863.48,储能、可控核聚变、芯片、雅下水电、风电,-3.68,-7.06,-9.43,-0.53,2.13,9,2026-05-25,-3.48,-2.91,-1.05,补跌且弱于行业,2026-05-25,雅下水电,0,1,0,1
E003-2026-05-11,2026-05-11,2026-05-12,002169.SZ,智光电气,电力设备,1.13,3.71,2.18,,6,31453.41,储能、光伏、特高压、电网设备、芯片、虚拟电厂,4.06,19.91,31.27,35.03,39.16,8,2026-05-22,-5.38,0.74,-1.05,抗住且相对强,2026-05-25,特高压,-1,2,0,0
E003-2026-05-11,2026-05-11,2026-05-12,301157.SZ,华塑科技,电力设备,-1.96,2.97,-1,,2,11702.59,储能、液冷服务器,2.87,1.84,-6.78,-9.64,10.84,2,2026-05-14,-21.64,4.18,-1.05,抗住且相对强,,,,1,0,0
E003-2026-05-11,2026-05-11,2026-05-12,300582.SZ,英飞特,电子,3.59,3.97,7.15,,2,8523.56,储能、光学光电子,9.07,17.05,5.36,2.55,17.05,5,2026-05-19,-16.99,-3.09,0.14,补跌且弱于行业,,,,0,0,0
E003-2026-05-11,2026-05-11,2026-05-12,300185.SZ,通裕重工,电力设备,-0.61,4.67,-1,,2,11491.12,储能、风电,-3.64,-3.64,-10.91,-12.12,3.33,1,2026-05-13,-18.18,0.61,-1.05,抗住且相对强,2026-05-25,风电,-8,1,0,0
E003-2026-05-11,2026-05-11,2026-05-12,300141.SZ,和顺电气,电力设备,-0.07,0.76,-0.06,,5,18579.0,储能、光伏、氢能源、电网设备、高压快充,-6.12,-1.94,-9.7,-11.79,1.34,1,2026-05-13,-13.73,0.15,-1.05,抗住且相对强,2026-05-13,电网设备,0,2,0,1
E003-2026-05-11,2026-05-11,2026-05-12,002388.SZ,新亚制程,电子,-0.18,1.28,-0.2,20日新高,2,13375.45,储能、光伏,-2.38,-1.1,-6.58,17.73,17.73,10,2026-05-26,-5.12,-1.97,0.14,补跌且弱于行业,,,,1,0,0
E003-2026-05-11,2026-05-11,2026-05-12,300153.SZ,科泰电源,电力设备,1.82,5.83,4.39,,1,7743.88,储能,4.02,3.01,-6.31,-4.78,9.26,1,2026-05-13,-17.21,-0.91,-1.05,补跌但相对强,,,,1,0,0
E003-2026-05-11,2026-05-11,2026-05-12,301609.SZ,山大电力,电力设备,0.53,1.22,0.59,,4,11614.75,储能、特高压、电网设备、虚拟电厂,0.44,6.8,-3.27,-7.28,6.8,5,2026-05-19,-12.87,4.82,-1.05,抗住且相对强,2026-05-19,电网设备,0,2,0,1
E003-2026-05-11,2026-05-11,2026-05-12,688597.SH,煜邦电力,电力设备,1.04,0.68,0.86,,5,12803.73,储能、特高压、电网设备、虚拟电厂、高压快充,1.76,7.5,-2.93,-5.74,7.5,5,2026-05-19,-15.71,-2.4,-1.05,补跌且弱于行业,2026-05-19,虚拟电厂,0,1,0,1
E003-2026-05-11,2026-05-11,2026-05-12,301179.SZ,泽宇智能,电力设备,-0.56,2.73,-0.93,,6,20993.56,储能、光伏、特高压、电网设备、虚拟电厂、风电,-4.32,5.54,-6.94,-5.57,5.54,5,2026-05-19,-18.32,5.56,-1.05,抗住且相对强,2026-05-19,虚拟电厂,0,2,0,1
E003-2026-05-11,2026-05-11,2026-05-12,688717.SH,艾罗能源,电力设备,3.08,7.58,8.48,,4,15413.14,储能、光伏、光伏设备、虚拟电厂,-1.94,5.07,3.57,-5.62,10.22,6,2026-05-20,-17.79,-1.5,-1.05,补跌且弱于行业,2026-05-20,光伏设备,0,1,0,1
E003-2026-05-11,2026-05-11,2026-05-12,301275.SZ,汉朔科技,电子,1.14,5.6,2.7,,3,27582.54,储能、光伏、芯片,-6.85,3.27,0.11,-3.67,3.27,5,2026-05-19,-12.62,2.77,0.14,抗住且相对强,2026-05-25,芯片,-4,2,0,0
E003-2026-05-11,2026-05-11,2026-05-12,002452.SZ,长高电新,电力设备,-1.14,4.27,-1,,5,19652.77,储能、光伏、特高压、电网设备、风电,-4.26,5.5,0.0,6.47,9.31,11,2026-05-27,0.0,-0.18,-1.05,补跌但相对强,2026-05-25,特高压,2,2,0,0
E003-2026-05-11,2026-05-11,2026-05-12,300062.SZ,中能电气,电力设备,0.77,1.57,0.96,,4,15348.41,储能、光伏、电网设备、高压快充,-0.12,-0.6,-4.29,-14.18,4.89,1,2026-05-13,-20.14,6.34,-1.05,抗住且相对强,2026-05-13,电网设备,0,2,0,1
E003-2026-05-11,2026-05-11,2026-05-12,300932.SZ,三友联众,电力设备,-2.96,2.66,-1,,3,14159.43,储能、光伏、电网设备,-4.03,-1.03,-6.93,-3.65,1.12,1,2026-05-13,-2.06,1.81,-1.05,抗住且相对强,2026-05-13,电网设备,0,2,0,1
E003-2026-05-11,2026-05-11,2026-05-12,300870.SZ,欧陆通,电力设备,0.96,16.26,3.87,,3,17334.16,储能、光伏、液冷服务器,3.06,4.08,-0.86,7.74,11.56,1,2026-05-13,-5.83,1.52,-1.05,抗住且相对强,,,,2,0,0
E003-2026-05-11,2026-05-11,2026-05-12,301658.SZ,首航新能,电力设备,-2.02,5.65,-1,20日新高,3,14072.35,储能、光伏、光伏设备,0.99,0.69,-3.08,-4.9,5.62,6,2026-05-20,-9.24,-3.63,-1.05,补跌且弱于行业,2026-05-20,光伏设备,0,1,0,1
E003-2026-05-11,2026-05-11,2026-05-12,603988.SH,中电电机,电力设备,-0.56,2.07,-0.81,,2,11491.12,储能、风电,-3.42,-6.88,-14.42,-13.18,-1.94,1,2026-05-13,-15.63,-2.58,-1.05,补跌且弱于行业,2026-05-25,风电,-8,0,0,0
E003-2026-05-11,2026-05-11,2026-05-12,300376.SZ,易事特,电力设备,0.99,1.73,1.3,,6,32186.69,储能、液冷服务器、芯片、虚拟电厂、风电、高压快充,-1.0,1.5,-10.0,-13.17,2.17,1,2026-05-13,-14.0,-1.96,-1.05,补跌且弱于行业,2026-05-13,虚拟电厂,0,1,0,1
E003-2026-05-11,2026-05-11,2026-05-12,600468.SH,百利电气,电力设备,0.65,2.67,1.06,,5,16900.96,储能、可控核聚变、氢能源、电网设备、风电,-4.85,-4.34,-14.3,-13.92,1.15,1,2026-05-13,-15.58,0.38,-1.05,抗住且相对强,2026-05-13,电网设备,0,2,0,1
E003-2026-05-11,2026-05-11,2026-05-12,301120.SZ,新特电气,电力设备,0.98,2.44,1.53,,4,17906.67,储能、光伏、电网设备、风电,-0.92,20.93,11.9,10.73,20.93,5,2026-05-19,-4.27,-0.19,-1.05,补跌但相对强,2026-05-19,电网设备,0,2,0,1
E003-2026-05-11,2026-05-11,2026-05-12,002855.SZ,捷荣技术,电子,-1.01,0.54,-0.74,20日新高,3,12649.79,储能、消费电子、风电,-1.52,-0.64,-5.34,0.72,0.72,10,2026-05-26,-3.11,-1.49,0.14,补跌且弱于行业,2026-05-25,风电,1,1,0,1
E003-2026-05-11,2026-05-11,2026-05-12,001382.SZ,新亚电缆,电力设备,-0.19,0.95,-0.19,,5,19652.77,储能、光伏、特高压、电网设备、风电,0.0,1.66,-5.63,-6.74,6.0,1,2026-05-13,-12.33,3.93,-1.05,抗住且相对强,2026-05-13,电网设备,0,2,0,1
E003-2026-05-11,2026-05-11,2026-05-12,002139.SZ,拓邦股份,电子,-1.24,2.46,-1,,4,15723.1,储能、光伏、消费电子、高压快充,0.46,2.46,0.64,4.01,4.01,10,2026-05-26,-2.92,-1.97,0.14,补跌且弱于行业,2026-05-25,高压快充,1,1,0,1
E003-2026-05-11,2026-05-11,2026-05-12,002850.SZ,科达利,电力设备,-4.72,15.28,-1,,1,7743.88,储能,-1.2,4.11,5.14,-0.2,5.57,6,2026-05-20,-8.96,0.31,-1.05,抗住且相对强,,,,1,0,0
E003-2026-05-11,2026-05-11,2026-05-12,002276.SZ,万马股份,电力设备,0.0,3.58,0.0,,6,22022.71,储能、光伏、光纤、电网设备、风电、高压快充,-2.26,-1.02,-5.99,-6.57,0.88,1,2026-05-13,-10.88,-0.8,-1.05,补跌但相对强,2026-05-13,电网设备,0,2,0,1
E003-2026-05-11,2026-05-11,2026-05-12,002922.SZ,伊戈尔,电子,-1.21,8.95,-1,,3,14564.43,储能、光伏、高压快充,2.22,6.67,-0.97,6.76,10.17,11,2026-05-27,0.0,-0.86,0.14,补跌且弱于行业,2026-05-25,高压快充,2,1,0,0
E003-2026-05-11,2026-05-11,2026-05-12,300423.SZ,昇辉科技,电力设备,-0.49,0.88,-0.46,,7,23873.32,储能、光伏、可控核聚变、氢能源、电网设备、虚拟电厂、风电,-4.63,-2.38,-13.52,-15.64,1.63,1,2026-05-13,-17.27,-1.6,-1.05,补跌且弱于行业,2026-05-13,虚拟电厂,0,1,0,1
E003-2026-05-11,2026-05-11,2026-05-12,002533.SZ,金杯电工,电力设备,0.22,2.31,0.33,,8,23007.02,储能、光伏、可控核聚变、特高压、电网设备、雅下水电、风电、高压快充,0.5,3.46,-4.9,-5.98,3.46,5,2026-05-19,-13.54,0.29,-1.05,抗住且相对强,2026-05-19,高压快充,0,2,0,1
E003-2026-05-11,2026-05-11,2026-05-12,605066.SH,天正电气,电力设备,-0.63,0.87,-0.59,,4,17906.67,储能、光伏、电网设备、风电,-3.33,2.3,-6.02,-6.79,2.56,11,2026-05-27,0.0,-1.39,-1.05,补跌且弱于行业,2026-05-25,风电,2,1,0,0
E003-2026-05-11,2026-05-11,2026-05-12,002112.SZ,三变科技,电力设备,-0.29,4.97,-0.65,,4,17906.67,储能、光伏、电网设备、风电,-6.1,-6.05,-14.47,-16.06,5.05,1,2026-05-13,-20.84,5.02,-1.05,抗住且相对强,2026-05-13,电网设备,0,2,0,1
E003-2026-05-11,2026-05-11,2026-05-12,688080.SH,映翰通,通信,0.83,1.04,0.85,,2,10294.84,储能、通信设备,-0.99,5.49,-0.81,1.65,5.49,5,2026-05-19,-9.23,-1.86,2.68,补跌且弱于行业,2026-05-25,通信设备,-4,0,0,0
E003-2026-05-11,2026-05-11,2026-05-12,600089.SH,特变电工,电力设备,2.87,70.86,24.16,,7,22168.56,储能、光伏、特高压、虚拟电厂、雅下水电、风电、高压快充,-6.98,-5.94,-10.47,-10.06,0.66,1,2026-05-13,-10.61,3.43,-1.05,抗住且相对强,2026-05-13,虚拟电厂,0,3,1,1
E003-2026-05-11,2026-05-11,2026-05-12,002369.SZ,卓翼科技,电子,-0.4,1.01,-0.4,20日新高,2,8902.55,储能、消费电子,-1.5,-0.41,-7.38,-5.46,0.82,1,2026-05-13,-9.15,-2.27,0.14,补跌且弱于行业,2026-05-13,消费电子,0,1,0,1
E003-2026-05-11,2026-05-11,2026-05-12,300310.SZ,宜通世纪,通信,-0.34,1.58,-0.43,,4,19840.01,储能、光伏、共封装光学(CPO)、通信服务,-7.39,-3.14,0.63,-1.57,0.63,7,2026-05-21,-6.76,7.25,2.68,抗住且相对强,2026-05-25,共封装光学(CPO),-2,2,0,0
E003-2026-05-11,2026-05-11,2026-05-12,002339.SZ,积成电子,电力设备,0.39,2.5,0.62,,7,22182.54,储能、光伏、特高压、电网设备、虚拟电厂、风电、高压快充,-4.45,-2.37,-11.36,-11.36,3.36,1,2026-05-13,-16.7,-0.59,-1.05,补跌但相对强,2026-05-13,虚拟电厂,0,2,0,1
E003-2026-05-11,2026-05-11,2026-05-12,603097.SH,江苏华辰,电力设备,0.53,0.73,0.45,,5,19652.77,储能、光伏、特高压、电网设备、风电,-1.11,1.36,4.91,6.84,8.56,9,2026-05-25,-3.51,-0.99,-1.05,补跌但相对强,2026-05-25,特高压,0,2,0,1
E003-2026-05-11,2026-05-11,2026-05-12,300648.SZ,星云股份,电力设备,0.3,1.33,0.35,,3,10273.65,储能、虚拟电厂、高压快充,4.64,6.88,5.8,10.66,14.67,9,2026-05-25,-3.89,-2.54,-1.05,补跌且弱于行业,2026-05-25,高压快充,0,1,0,1
E003-2026-05-11,2026-05-11,2026-05-12,603191.SH,望变电气,电力设备,0.29,2.35,0.44,,5,18676.67,储能、光伏、电网设备、雅下水电、风电,-3.54,10.43,4.35,-0.77,11.39,6,2026-05-20,-12.92,1.26,-1.05,抗住且相对强,2026-05-19,电网设备,1,2,0,1
E003-2026-05-11,2026-05-11,2026-05-12,603556.SH,海兴电力,电力设备,3.57,3.22,6.41,,3,14159.43,储能、光伏、电网设备,-6.83,-2.31,-6.96,-8.0,0.74,1,2026-05-13,-10.1,-0.93,-1.05,补跌但相对强,2026-05-13,电网设备,0,2,0,1
E003-2026-05-11,2026-05-11,2026-05-12,002313.SZ,日海智能,通信,0.29,2.18,0.43,,3,14253.55,储能、液冷服务器、通信设备,-0.8,2.39,-3.89,-5.48,2.39,5,2026-05-19,-8.57,-1.76,2.68,补跌且弱于行业,2026-05-25,通信设备,-4,1,0,0
E003-2026-05-11,2026-05-11,2026-05-12,301325.SZ,曼恩斯特,电力设备,0.5,1.25,0.56,,6,35292.23,储能、先进封装、光伏、氢能源、芯片、钙钛矿电池,-0.09,0.41,-0.55,9.21,9.21,10,2026-05-26,-3.38,-1.76,-1.05,补跌且弱于行业,2026-05-25,先进封装,1,1,0,1
E003-2026-05-11,2026-05-11,2026-05-12,300510.SZ,金冠股份,电力设备,0.47,0.94,0.46,,6,18435.3,储能、光伏、特高压、电网设备、虚拟电厂、高压快充,-2.82,0.47,-8.24,-8.71,3.06,1,2026-05-13,-14.35,-0.47,-1.05,补跌但相对强,2026-05-13,虚拟电厂,0,2,0,1
E003-2026-05-11,2026-05-11,2026-05-12,301606.SZ,绿联科技,电子,5.99,5.83,14.46,,2,8902.55,储能、消费电子,3.91,2.28,-1.66,-5.68,5.45,1,2026-05-13,-14.73,2.5,0.14,抗住且相对强,2026-05-13,消费电子,0,1,0,1
E003-2026-05-11,2026-05-11,2026-05-12,300565.SZ,科信技术,通信,-1.0,1.51,-1,,4,17180.61,储能、光纤、液冷服务器、通信设备,18.09,16.81,7.27,6.81,18.77,4,2026-05-18,-15.59,2.32,2.68,上涨但弱于行业,2026-05-25,通信设备,-5,1,0,0
E003-2026-05-11,2026-05-11,2026-05-12,301152.SZ,天力锂能,电力设备,-0.35,2.39,-0.54,,2,21950.97,储能、芯片,-2.63,-4.98,-8.78,-13.07,1.0,1,2026-05-13,-16.21,-2.82,-1.05,补跌且弱于行业,2026-05-25,芯片,-8,0,0,0
E003-2026-05-11,2026-05-11,2026-05-12,603861.SH,白云电器,电力设备,0.3,4.06,0.6,,4,15905.53,储能、光伏、特高压、电网设备,-6.44,-2.11,-5.54,-7.94,3.55,1,2026-05-13,-12.09,-0.66,-1.05,补跌但相对强,2026-05-13,电网设备,0,2,0,1
E003-2026-05-11,2026-05-11,2026-05-12,002168.SZ,ST惠程,电力设备,4.89,0.21,2.24,,4,15348.41,储能、光伏、电网设备、高压快充,-1.71,-2.69,-4.16,-5.38,0.24,1,2026-05-13,-7.33,-4.66,-1.05,补跌且弱于行业,2026-05-13,电网设备,0,1,0,1
E003-2026-05-11,2026-05-11,2026-05-12,603633.SH,徕木股份,电子,-2.46,1.2,-1,,1,7743.88,储能,-0.61,-1.6,-5.9,-1.84,7.99,11,2026-05-27,0.0,-2.16,0.14,补跌且弱于行业,,,,0,0,0
E003-2026-05-11,2026-05-11,2026-05-12,688616.SH,西力科技,电力设备,0.27,0.46,0.18,20日新高,2,8527.86,储能、电网设备,-2.38,-0.56,-6.01,-7.97,0.63,1,2026-05-13,-11.33,-2.05,-1.05,补跌且弱于行业,2026-05-13,电网设备,0,1,0,1
E003-2026-05-11,2026-05-11,2026-05-12,600071.SH,凤凰光学,电子,0.1,0.86,0.09,,3,22730.65,储能、光学光电子、芯片,-5.27,-3.53,-8.1,-7.01,-0.7,1,2026-05-13,-8.7,-1.42,0.14,补跌且弱于行业,2026-05-25,芯片,-8,1,0,0
E003-2026-05-11,2026-05-11,2026-05-12,601877.SH,正泰电器,电力设备,0.67,11.1,2.23,,5,19247.46,储能、光伏、电网设备、虚拟电厂、风电,-2.75,1.15,-6.83,-10.49,4.56,1,2026-05-13,-14.45,-0.06,-1.05,补跌但相对强,2026-05-13,虚拟电厂,0,2,0,1
E003-2026-05-11,2026-05-11,2026-05-12,300882.SZ,万胜智能,电力设备,-0.53,0.87,-0.49,,3,9868.65,储能、电网设备、虚拟电厂,-2.65,0.85,-4.88,-6.68,2.6,1,2026-05-13,-10.86,0.43,-1.05,抗住且相对强,2026-05-13,电网设备,0,2,0,1
E003-2026-05-11,2026-05-11,2026-05-12,688063.SH,派能科技,电力设备,1.75,9.8,5.48,,1,7743.88,储能,-4.09,2.57,-4.58,-6.44,6.42,6,2026-05-20,-13.34,-1.84,-1.05,补跌且弱于行业,,,,0,0,0
E003-2026-05-11,2026-05-11,2026-05-12,002090.SZ,金智科技,电力设备,0.36,1.0,0.36,20日新高,5,16846.48,储能、氢能源、电网设备、虚拟电厂、风电,-1.93,0.0,-5.43,-4.47,1.93,1,2026-05-13,-7.71,1.15,-1.05,抗住且相对强,2026-05-13,虚拟电厂,0,2,0,1
E003-2026-05-11,2026-05-11,2026-05-12,002121.SZ,科陆电子,电力设备,-0.97,2.54,-1,,3,9868.65,储能、电网设备、虚拟电厂,-2.56,6.7,-1.28,17.52,17.52,10,2026-05-26,-2.14,-1.82,-1.05,补跌且弱于行业,2026-05-19,电网设备,5,1,0,0
E003-2026-05-11,2026-05-11,2026-05-12,300490.SZ,华自科技,电力设备,1.86,4.75,4.05,,5,19652.46,储能、光伏、虚拟电厂、风电、高压快充,-3.52,-2.67,-14.64,-16.45,2.87,1,2026-05-13,-21.78,-1.78,-1.05,补跌且弱于行业,2026-05-13,虚拟电厂,0,1,0,1
E003-2026-05-11,2026-05-11,2026-05-12,000682.SZ,东方电子,电力设备,0.74,4.79,1.62,,4,13615.89,储能、电网设备、虚拟电厂、风电,-3.41,4.67,-1.7,6.23,10.3,11,2026-05-27,0.0,-0.37,-1.05,补跌但相对强,2026-05-25,风电,2,2,0,0
E003-2026-05-11,2026-05-11,2026-05-12,600312.SH,平高电气,电力设备,3.38,7.93,9.52,20日新高,4,14021.2,储能、特高压、电网设备、风电,-4.21,-0.18,-6.43,-6.83,4.04,1,2026-05-13,-10.16,0.85,-1.05,抗住且相对强,2026-05-13,电网设备,0,2,0,1
E003-2026-05-11,2026-05-11,2026-05-12,002660.SZ,茂硕电源,电子,0.78,0.45,0.52,,3,14534.12,储能、光伏、消费电子,-0.79,1.23,-5.5,-7.74,1.23,5,2026-05-19,-11.9,-1.44,0.14,补跌且弱于行业,2026-05-25,消费电子,-4,1,0,0
E003-2026-05-11,2026-05-11,2026-05-12,002358.SZ,森源电气,电力设备,0.26,2.55,0.42,20日新高,6,20841.75,储能、光伏、特高压、电网设备、风电、高压快充,-6.45,-4.65,-14.71,-15.23,2.19,1,2026-05-13,-18.32,2.11,-1.05,抗住且相对强,2026-05-13,电网设备,0,2,0,1
E003-2026-05-11,2026-05-11,2026-05-12,600152.SH,维科技术,电力设备,-4.93,16.4,-1,,1,7743.88,储能,-3.45,-11.46,-12.17,-12.8,3.23,1,2026-05-13,-18.21,-2.94,-1.05,补跌且弱于行业,,,,0,0,0
E003-2026-05-11,2026-05-11,2026-05-12,000533.SZ,顺钠股份,电力设备,-1.26,7.69,-1,,5,19301.94,储能、光伏、可控核聚变、电网设备、风电,1.49,2.01,-9.83,-11.84,9.98,1,2026-05-13,-23.23,1.21,-1.05,抗住且相对强,2026-05-13,电网设备,0,2,0,1
E003-2026-05-11,2026-05-11,2026-05-12,301082.SZ,久盛电气,电力设备,-0.08,0.8,-0.07,,4,11112.11,储能、可控核聚变、电网设备、高压快充,-5.02,-3.82,-10.59,-12.98,1.59,1,2026-05-13,-15.68,-0.71,-1.05,补跌但相对强,2026-05-13,电网设备,0,2,0,1
E003-2026-05-11,2026-05-11,2026-05-12,600406.SH,国电南瑞,电力设备,2.95,66.48,24.05,20日新高,8,35454.0,储能、光伏、氢能源、特高压、电网设备、芯片、虚拟电厂、雅下水电,-1.56,0.26,-4.61,-5.28,4.16,1,2026-05-13,-9.11,0.19,-1.05,抗住且相对强,2026-05-13,虚拟电厂,0,3,1,1
E003-2026-05-11,2026-05-11,2026-05-12,600405.SH,动力源,电力设备,-0.19,0.57,-0.14,,4,17795.02,储能、光伏、氢能源、高压快充,-3.56,-1.78,-7.91,-8.7,1.78,1,2026-05-13,-11.86,-3.44,-1.05,补跌且弱于行业,2026-05-19,高压快充,-4,1,0,0
E003-2026-05-11,2026-05-11,2026-05-12,600847.SH,万里股份,电力设备,0.07,0.53,0.05,,1,7743.88,储能,4.49,18.78,14.49,8.3,20.54,6,2026-05-20,-18.3,-1.08,-1.05,补跌且弱于行业,,,,0,0,0
E003-2026-05-11,2026-05-11,2026-05-12,688676.SH,金盘科技,电力设备,-2.77,17.43,-1,,5,18676.67,储能、光伏、电网设备、雅下水电、风电,5.63,15.27,6.94,9.63,18.38,11,2026-05-27,0.0,-1.17,-1.05,补跌且弱于行业,2026-05-25,雅下水电,2,1,0,0
E003-2026-05-11,2026-05-11,2026-05-12,300670.SZ,大烨智能,电力设备,-2.04,0.99,-1,,3,12275.1,储能、电网设备、风电,-0.56,0.28,-7.68,-8.38,2.51,1,2026-05-13,-8.24,-0.83,-1.05,补跌但相对强,2026-05-13,电网设备,0,2,0,1
E003-2026-05-11,2026-05-11,2026-05-12,688707.SH,振华新材,电力设备,-1.54,5.26,-1,,1,7743.88,储能,-4.71,-7.18,-3.71,-10.18,-0.29,1,2026-05-13,-11.01,-1.56,-1.05,补跌且弱于行业,,,,0,0,0
E003-2026-05-11,2026-05-11,2026-05-12,002709.SZ,天赐材料,电力设备,1.97,75.69,17.14,,1,7743.88,储能,-1.79,-7.08,-1.5,-11.26,-0.87,8,2026-05-22,-7.89,-1.63,-1.05,补跌且弱于行业,,,,0,0,0
E003-2026-05-11,2026-05-11,2026-05-12,002534.SZ,西子洁能,电力设备,-0.22,2.43,-0.34,,3,14486.81,储能、光伏、钙钛矿电池,-2.84,4.77,4.03,15.91,22.33,11,2026-05-27,0.0,-1.4,-1.05,补跌且弱于行业,2026-05-19,钙钛矿电池,6,1,0,0
E003-2026-05-11,2026-05-11,2026-05-12,301238.SZ,瑞泰新材,电力设备,0.4,3.32,0.73,,3,9569.3,储能、超级电容、高压快充,-3.52,-5.53,-1.23,5.66,5.66,10,2026-05-26,-0.64,-1.97,-1.05,补跌且弱于行业,2026-05-25,高压快充,1,1,0,1
E003-2026-05-11,2026-05-11,2026-05-12,688348.SH,昱能科技,电力设备,1.7,1.74,2.24,,4,28279.44,储能、光伏、光伏设备、芯片,-5.92,-3.13,-8.4,-13.87,0.43,1,2026-05-13,-14.48,-1.92,-1.05,补跌且弱于行业,2026-05-20,光伏设备,-5,1,0,0
E003-2026-05-11,2026-05-11,2026-05-12,002953.SZ,日丰股份,电力设备,-1.24,0.8,-1,,4,13464.08,储能、电网设备、风电、高压快充,-3.45,-2.95,-8.5,-8.08,0.42,1,2026-05-13,-10.61,-0.42,-1.05,补跌但相对强,2026-05-13,电网设备,0,2,0,1
E003-2026-05-11,2026-05-11,2026-05-12,300750.SZ,宁德时代,电力设备,2.08,151.98,25.64,,1,7743.88,储能,-1.77,-3.09,-4.55,-6.67,0.65,1,2026-05-13,-4.46,-3.33,-1.05,补跌且弱于行业,,,,1,0,0
E003-2026-05-11,2026-05-11,2026-05-12,688663.SH,新风光,电力设备,-0.25,4.63,-0.54,,5,19301.94,储能、光伏、可控核聚变、电网设备、风电,8.67,31.2,19.58,22.01,32.85,6,2026-05-20,-6.79,12.29,-1.05,抗住且相对强,2026-05-19,电网设备,1,2,0,1
E003-2026-05-11,2026-05-11,2026-05-12,603628.SH,清源股份,电力设备,-1.17,1.05,-1,,3,14072.35,储能、光伏、光伏设备,-3.74,-3.42,-8.9,-10.97,1.19,1,2026-05-13,-13.67,-0.87,-1.05,补跌但相对强,2026-05-20,光伏设备,-5,2,0,0
E003-2026-05-11,2026-05-11,2026-05-12,688345.SH,博力威,电力设备,2.37,1.37,2.77,,1,7743.88,储能,3.84,11.17,2.78,18.77,18.77,10,2026-05-26,-7.91,-3.52,-1.05,补跌且弱于行业,,,,0,0,0
E003-2026-05-11,2026-05-11,2026-05-12,300301.SZ,ST长方,电子,-1.91,0.54,-1,,2,8523.56,储能、光学光电子,-0.84,-5.29,-3.9,-8.08,1.39,1,2026-05-13,-10.31,0.0,0.14,上涨但弱于行业,,,,0,0,0
E003-2026-05-11,2026-05-11,2026-05-12,002981.SZ,朝阳科技,电子,0.9,0.97,0.89,,2,8902.55,储能、消费电子,-2.44,-2.87,-1.16,0.23,1.67,8,2026-05-22,-1.47,0.47,0.14,抗住且相对强,2026-05-25,消费电子,-1,1,0,0
E003-2026-05-11,2026-05-11,2026-05-12,688567.SH,孚能科技,电力设备,0.43,2.04,0.61,,2,8932.86,储能、高压快充,-2.84,0.8,5.61,3.5,7.14,8,2026-05-22,-6.2,-2.35,-1.05,补跌且弱于行业,2026-05-25,高压快充,-1,0,0,0
E003-2026-05-11,2026-05-11,2026-05-12,002028.SZ,思源电气,电力设备,-0.98,25.84,-1,,5,25117.49,储能、特高压、电网设备、芯片、超级电容,-4.21,-1.69,0.24,-2.14,4.46,1,2026-05-13,-4.73,1.12,-1.05,抗住且相对强,2026-05-13,电网设备,0,2,0,1
E003-2026-05-11,2026-05-11,2026-05-12,688032.SH,禾迈股份,电力设备,-1.26,3.03,-1,,3,14072.35,储能、光伏、光伏设备,-0.01,2.62,-2.98,-9.07,4.22,6,2026-05-20,-14.17,-4.44,-1.05,补跌且弱于行业,2026-05-20,光伏设备,0,1,0,1
E003-2026-05-11,2026-05-11,2026-05-12,002227.SZ,*ST特迅,电力设备,3.89,0.87,3.63,,5,15766.99,储能、特高压、虚拟电厂、风电、高压快充,-3.35,-0.86,-8.1,-9.83,0.0,1,2026-05-13,-12.31,1.87,-1.05,抗住且相对强,2026-05-13,虚拟电厂,0,2,0,1
E003-2026-05-11,2026-05-11,2026-05-12,300593.SZ,新雷能,电力设备,-1.16,5.6,-1,,2,21950.97,储能、芯片,-0.21,8.37,3.11,39.85,39.85,10,2026-05-26,-6.09,0.0,-1.05,抗住且相对强,2026-05-25,芯片,1,1,0,1
E003-2026-05-11,2026-05-11,2026-05-12,688005.SH,容百科技,电力设备,-2.2,14.67,-1,,1,7743.88,储能,-7.08,-8.78,-8.57,-12.62,-1.49,1,2026-05-13,-11.45,-1.75,-1.05,补跌且弱于行业,,,,0,0,0
E003-2026-05-11,2026-05-11,2026-05-12,002879.SZ,长缆科技,电力设备,-1.29,1.49,-1,,4,16233.81,储能、液冷服务器、电网设备、风电,-3.31,-2.55,-9.4,-11.84,3.31,1,2026-05-13,-16.46,0.27,-1.05,抗住且相对强,2026-05-13,电网设备,0,2,0,1
E003-2026-05-11,2026-05-11,2026-05-12,300457.SZ,赢合科技,电力设备,0.04,5.87,0.1,,2,10974.47,储能、氢能源,-4.85,-4.27,-5.54,-4.79,0.85,8,2026-05-22,-6.5,2.6,-1.05,抗住且相对强,,,,1,0,0
E003-2026-05-11,2026-05-11,2026-05-12,002074.SZ,国轩高科,电力设备,0.13,16.84,0.53,,3,12680.1,储能、风电、高压快充,-1.5,-2.73,-4.96,-6.6,1.94,1,2026-05-13,-8.48,-1.61,-1.05,补跌且弱于行业,2026-05-19,高压快充,-4,1,0,0
E003-2026-05-11,2026-05-11,2026-05-12,300173.SZ,ST福能,电力设备,-0.71,0.53,-0.52,,2,11111.62,储能、先进封装,-2.92,-0.73,-5.35,-11.19,0.0,1,2026-05-13,-11.92,-2.38,-1.05,补跌且弱于行业,2026-05-25,先进封装,-8,0,0,0
E003-2026-05-11,2026-05-11,2026-05-12,603312.SH,西典新能,电力设备,-2.23,0.83,-1,,4,17906.67,储能、光伏、电网设备、风电,-0.75,4.7,-0.05,1.32,5.11,6,2026-05-20,-5.03,-1.57,-1.05,补跌且弱于行业,2026-05-19,电网设备,1,1,0,1
E003-2026-05-11,2026-05-11,2026-05-12,600212.SH,绿能慧充,电力设备,2.08,1.27,2.34,,2,8932.86,储能、高压快充,-0.84,0.0,-6.44,-10.36,4.48,1,2026-05-13,-16.11,-2.99,-1.05,补跌且弱于行业,2026-05-19,高压快充,-4,0,0,0
E003-2026-05-11,2026-05-11,2026-05-12,300444.SZ,双杰电气,电力设备,-0.68,13.91,-1,,7,22182.54,储能、光伏、特高压、电网设备、虚拟电厂、风电、高压快充,-8.57,-6.11,-16.91,-15.83,1.49,1,2026-05-13,-15.94,8.7,-1.05,抗住且相对强,2026-05-13,虚拟电厂,0,2,0,1
E003-2026-05-11,2026-05-11,2026-05-12,600884.SH,杉杉股份,电力设备,-1.02,23.72,-1,,4,14791.57,储能、光伏、光学光电子、超级电容,-5.15,-7.13,-10.3,-8.81,0.25,1,2026-05-13,-8.0,-2.42,-1.05,补跌且弱于行业,2026-05-19,超级电容,-4,1,0,0
E003-2026-05-11,2026-05-11,2026-05-12,300890.SZ,翔丰华,电力设备,-1.24,7.6,-1,,1,7743.88,储能,-6.72,-7.64,-9.31,-11.92,-0.27,1,2026-05-13,-12.96,-1.96,-1.05,补跌且弱于行业,,,,0,0,0
E003-2026-05-11,2026-05-11,2026-05-12,002733.SZ,雄韬股份,电力设备,-1.2,9.4,-1,,2,10974.47,储能、氢能源,-4.17,-9.37,-10.82,14.0,19.48,11,2026-05-27,0.0,-1.94,-1.05,补跌且弱于行业,,,,0,0,0
E003-2026-05-11,2026-05-11,2026-05-12,300389.SZ,艾比森,电子,-1.2,2.1,-1,,2,8523.56,储能、光学光电子,-3.71,0.38,-4.59,-5.53,0.69,1,2026-05-13,-8.3,-2.99,0.14,补跌且弱于行业,,,,0,0,0
E003-2026-05-11,2026-05-11,2026-05-12,002692.SZ,远程股份,电力设备,-2.59,1.59,-1,,5,32113.76,储能、光伏、电网设备、芯片、风电,-2.3,-3.55,-10.46,-13.12,1.42,1,2026-05-13,-17.73,0.0,-1.05,抗住且相对强,2026-05-13,电网设备,0,2,0,1
E003-2026-05-11,2026-05-11,2026-05-12,688116.SH,天奈科技,电力设备,-0.31,5.17,-0.7,,2,8932.86,储能、高压快充,0.98,7.07,5.01,8.38,10.05,11,2026-05-27,0.0,-3.23,-1.05,补跌且弱于行业,2026-05-25,高压快充,2,0,0,0
E003-2026-05-11,2026-05-11,2026-05-12,300432.SZ,富临精工,电力设备,-1.55,18.07,-1,,1,7743.88,储能,-8.69,-12.73,-9.75,-12.59,-7.6,1,2026-05-13,-4.77,2.77,-1.05,抗住且相对强,,,,1,0,0
E003-2026-05-11,2026-05-11,2026-05-12,002812.SZ,恩捷股份,电力设备,0.64,29.94,3.5,,1,7743.88,储能,-8.36,-5.93,-8.56,-15.7,-2.39,1,2026-05-13,-11.26,1.99,-1.05,抗住且相对强,,,,1,0,0
E003-2026-05-11,2026-05-11,2026-05-12,002560.SZ,通达股份,电力设备,-3.47,13.32,-1,,6,20422.77,储能、光伏、特高压、电网设备、雅下水电、风电,-36.67,-40.3,-44.36,-45.21,-21.82,1,2026-05-13,-24.61,10.0,-1.05,抗住且相对强,2026-05-13,电网设备,0,2,0,1
E003-2026-05-11,2026-05-11,2026-05-12,300073.SZ,当升科技,电力设备,-0.05,13.69,-0.18,,1,7743.88,储能,-5.43,-6.41,-5.13,-5.74,-0.54,1,2026-05-13,-6.08,-1.45,-1.05,补跌且弱于行业,,,,0,0,0
E003-2026-05-11,2026-05-11,2026-05-12,002630.SZ,*ST华西,电力设备,1.01,0.58,0.77,,1,7743.88,储能,2.54,0.51,-6.6,-16.24,2.54,3,2026-05-15,-15.74,-1.99,-1.05,补跌且弱于行业,,,,0,0,0
E003-2026-05-11,2026-05-11,2026-05-12,000695.SZ,滨海能源,电力设备,-0.13,1.52,-0.16,,2,13375.45,储能、光伏,6.46,1.17,5.64,8.93,12.44,9,2026-05-25,-3.44,-3.32,-1.05,补跌且弱于行业,,,,0,0,0
E003-2026-05-11,2026-05-11,2026-05-12,601311.SH,骆驼股份,电力设备,-0.31,3.59,-0.59,,2,10974.47,储能、氢能源,-3.13,-2.19,-4.18,-6.17,0.84,1,2026-05-13,-7.84,-2.25,-1.05,补跌且弱于行业,,,,0,0,0
E003-2026-05-11,2026-05-11,2026-05-12,300889.SZ,爱克股份,电子,-4.51,2.22,-1,,3,12482.27,储能、光学光电子、液冷服务器,-4.93,10.24,-0.61,2.9,10.24,5,2026-05-19,-9.77,0.17,0.14,抗住且相对强,,,,2,0,0
E003-2026-05-11,2026-05-11,2026-05-12,300390.SZ,天华新能,电力设备,1.98,80.7,17.79,,3,26625.13,储能、存储芯片、芯片,-7.95,-12.71,-12.81,-9.36,-1.9,1,2026-05-13,-6.78,-3.56,-1.05,补跌且弱于行业,2026-05-15,存储芯片,-2,1,0,0
E003-2026-05-11,2026-05-11,2026-05-12,601567.SH,三星电气,电力设备,0.25,5.28,0.57,,4,17906.67,储能、光伏、电网设备、风电,-5.88,-1.2,-6.34,-10.24,1.98,1,2026-05-13,-14.51,-2.68,-1.05,补跌且弱于行业,2026-05-13,电网设备,0,1,0,1
E003-2026-05-11,2026-05-11,2026-05-12,001301.SZ,尚太科技,电力设备,-2.35,4.89,-1,,1,7743.88,储能,1.6,1.78,13.57,14.73,18.86,11,2026-05-27,0.0,-2.03,-1.05,补跌且弱于行业,,,,0,0,0
E003-2026-05-11,2026-05-11,2026-05-12,600875.SH,东方电气,电力设备,0.9,35.07,5.33,,6,22518.55,储能、光伏、可控核聚变、氢能源、雅下水电、风电,1.48,1.27,-6.18,-7.3,6.1,1,2026-05-13,-12.47,1.16,-1.05,抗住且相对强,2026-05-13,雅下水电,0,2,0,1
E003-2026-05-11,2026-05-11,2026-05-12,600482.SH,中国动力,电力设备,-1.15,14.71,-1,,3,14721.71,储能、氢能源、风电,-1.54,-1.2,-6.54,-4.54,9.99,1,2026-05-13,-10.34,-0.69,-1.05,补跌但相对强,2026-05-25,风电,-8,2,0,0
E003-2026-05-11,2026-05-11,2026-05-12,300919.SZ,中伟新材,电力设备,1.41,13.0,5.08,,1,7743.88,储能,-6.61,-8.28,-9.75,-9.93,0.99,1,2026-05-13,-10.05,-2.27,-1.05,补跌且弱于行业,,,,0,0,0
E003-2026-05-11,2026-05-11,2026-05-12,300014.SZ,亿纬锂能,电力设备,0.23,69.84,1.92,,2,10974.47,储能、氢能源,-3.39,-3.8,-6.08,-6.95,0.6,1,2026-05-13,-5.54,-2.81,-1.05,补跌且弱于行业,,,,0,0,0
E003-2026-05-11,2026-05-11,2026-05-12,002340.SZ,格林美,电力设备,-1.95,19.19,-1,,2,10974.47,储能、氢能源,-2.98,-4.13,-7.45,-5.28,2.18,1,2026-05-13,-9.17,-3.86,-1.05,补跌且弱于行业,,,,0,0,0
E003-2026-05-11,2026-05-11,2026-05-12,688772.SH,珠海冠宇,电力设备,-1.81,6.49,-1,,2,8466.4,储能、华为手机,-3.81,3.18,1.84,8.46,9.09,8,2026-05-22,-1.34,-3.2,-1.05,补跌且弱于行业,2026-05-25,华为手机,-1,0,0,0
E003-2026-05-11,2026-05-11,2026-05-12,301031.SZ,中熔电气,电子,0.01,4.44,0.02,,4,18311.67,储能、光伏、风电、高压快充,10.45,6.37,3.68,7.02,12.24,8,2026-05-22,-6.27,2.62,0.14,抗住且相对强,2026-05-25,风电,-1,2,0,0
E003-2026-05-11,2026-05-11,2026-05-12,301291.SZ,明阳电气,电力设备,-2.18,9.03,-1,,5,21137.26,储能、光伏、氢能源、电网设备、风电,-8.37,1.54,-4.22,2.13,5.87,11,2026-05-27,0.0,-3.13,-1.05,补跌且弱于行业,2026-05-25,风电,2,1,0,0
E003-2026-05-11,2026-05-11,2026-05-12,301587.SZ,中瑞股份,电力设备,-0.24,1.9,-0.33,,1,7743.88,储能,1.2,-1.52,-4.82,3.86,3.86,10,2026-05-26,-5.42,-1.4,-1.05,补跌且弱于行业,,,,0,0,0
E003-2026-05-11,2026-05-11,2026-05-12,603070.SH,万控智造,电力设备,2.03,0.87,1.89,,2,8527.86,储能、电网设备,7.05,6.14,7.12,9.38,11.45,9,2026-05-25,-4.4,10.04,-1.05,抗住且相对强,2026-05-19,电网设备,4,1,0,0
E003-2026-05-11,2026-05-11,2026-05-12,688275.SH,万润新能,电力设备,3.74,11.74,12.81,,1,7743.88,储能,-6.65,-9.93,-10.01,-12.34,-2.37,1,2026-05-13,-10.85,4.93,-1.05,抗住且相对强,,,,1,0,0
E003-2026-05-11,2026-05-11,2026-05-12,688779.SH,五矿新能,电力设备,-1.97,5.35,-1,,2,8932.86,储能、高压快充,-3.24,-3.14,-6.67,-8.15,1.57,1,2026-05-13,-12.27,-2.49,-1.05,补跌且弱于行业,2026-05-19,高压快充,-4,0,0,0
E003-2026-05-11,2026-05-11,2026-05-12,688408.SH,中信博,电力设备,1.23,2.08,1.77,,3,14072.35,储能、光伏、光伏设备,-2.63,-1.92,-4.57,-3.91,2.04,6,2026-05-20,-5.37,-1.21,-1.05,补跌且弱于行业,2026-05-20,光伏设备,0,1,0,1
E003-2026-05-11,2026-05-11,2026-05-12,000009.SZ,中国宝安,电力设备,-0.46,2.61,-0.74,,4,16122.16,储能、氢能源、液冷服务器、高压快充,-6.05,-6.88,-8.07,-10.2,-1.42,1,2026-05-13,-10.56,-1.75,-1.05,补跌且弱于行业,2026-05-19,高压快充,-4,1,0,0
E003-2026-05-11,2026-05-11,2026-05-12,301358.SZ,湖南裕能,电力设备,1.13,35.25,6.71,,1,7743.88,储能,-5.15,-9.76,-9.18,-13.11,-2.48,1,2026-05-13,-10.3,2.35,-1.05,抗住且相对强,,,,1,0,0
E003-2026-05-11,2026-05-11,2026-05-12,603906.SH,龙蟠科技,电力设备,-0.07,14.05,-0.26,,3,14933.18,储能、氢能源、液冷服务器,-5.77,-8.86,-0.58,-10.72,-0.41,1,2026-05-13,-10.82,-2.09,-1.05,补跌且弱于行业,,,,1,0,0
E003-2026-05-11,2026-05-11,2026-05-12,600478.SH,科力远,电力设备,-2.67,6.13,-1,,3,12315.26,储能、氢能源、虚拟电厂,-3.39,-4.94,-7.49,-12.01,0.28,1,2026-05-13,-14.12,-2.75,-1.05,补跌且弱于行业,2026-05-13,虚拟电厂,0,1,0,1
E003-2026-05-11,2026-05-11,2026-05-12,603659.SH,璞泰来,电力设备,-0.82,20.61,-1,,3,25181.56,储能、氢能源、芯片,-3.07,-5.45,-4.54,-6.86,0.18,1,2026-05-13,-6.05,-1.42,-1.05,补跌且弱于行业,2026-05-25,芯片,-8,1,0,0
E003-2026-05-11,2026-05-11,2026-05-12,600067.SH,冠城新材,电力设备,-3.63,1.6,-1,,3,11758.45,储能、氢能源、电网设备,-2.95,-1.18,-7.08,-7.67,5.6,1,2026-05-13,-15.63,-1.74,-1.05,补跌且弱于行业,2026-05-13,电网设备,0,1,0,1
E003-2026-05-11,2026-05-11,2026-05-12,688353.SH,华盛锂电,电力设备,1.72,6.02,4.22,,1,7743.88,储能,-2.52,-6.03,-9.37,-13.14,0.2,1,2026-05-13,-14.92,-2.53,-1.05,补跌且弱于行业,,,,0,0,0
E003-2026-05-11,2026-05-11,2026-05-12,688819.SH,天能股份,电力设备,-1.48,2.25,-1,,2,10974.47,储能、氢能源,-1.81,-1.37,-4.73,-6.06,0.63,1,2026-05-13,-8.65,-3.46,-1.05,补跌且弱于行业,,,,0,0,0
E003-2026-05-11,2026-05-11,2026-05-12,300068.SZ,ST南都,电力设备,1.28,5.85,3.1,,4,16062.5,储能、氢能源、虚拟电厂、风电,-10.44,-2.09,-9.49,-12.52,2.28,1,2026-05-13,-19.17,-5.05,-1.05,补跌且弱于行业,2026-05-13,虚拟电厂,0,1,0,1
E003-2026-05-11,2026-05-11,2026-05-12,002199.SZ,*ST东晶,电子,4.99,0.43,3.27,1年新高,1,1256.94,元件,4.75,0.53,-2.49,11.25,16.83,11,2026-05-27,0.0,4.99,0.14,抗住且相对强,2026-05-26,元件,1,2,0,1
E003-2026-05-11,2026-05-11,2026-05-12,301458.SZ,钧崴电子,电子,2.19,4.66,4.73,1年新高,3,4244.69,元件、英伟达、高压快充,-5.53,-4.27,-9.91,4.98,5.6,9,2026-05-25,-4.31,2.74,0.14,抗住且相对强,2026-05-25,高压快充,0,2,0,1
E003-2026-05-11,2026-05-11,2026-05-12,301566.SZ,达利凯普,电子,2.99,7.02,7.92,2年新高,1,1256.94,元件,-2.53,6.41,3.48,23.7,24.43,9,2026-05-25,-3.77,2.86,0.14,抗住且相对强,2026-05-26,元件,-1,2,0,0
E003-2026-05-11,2026-05-11,2026-05-12,300408.SZ,三环集团,电子,2.76,28.42,14.71,历史新高,3,10138.99,元件、光纤、共封装光学(CPO),-2.85,9.44,11.63,32.56,39.43,11,2026-05-27,0.0,-0.01,0.14,补跌且弱于行业,2026-05-26,元件,1,1,0,1
E003-2026-05-11,2026-05-11,2026-05-12,600237.SH,XD铜峰电,电子,3.14,3.19,5.61,20日新高,5,13220.0,元件、光伏、可控核聚变、风电、高压快充,-6.25,-0.74,0.53,6.46,6.46,10,2026-05-26,-1.27,-1.05,0.14,补跌且弱于行业,2026-05-26,元件,0,1,0,1
E003-2026-05-11,2026-05-11,2026-05-12,688820.SH,盛合晶微,电子,13.78,74.41,118.87,历史新高,4,26793.44,先进封装、半导体、存储芯片、芯片,33.9,33.04,28.77,66.79,66.79,10,2026-05-26,-12.48,-4.98,0.14,补跌且弱于行业,2026-05-25,半导体,1,2,0,1
E003-2026-05-11,2026-05-11,2026-05-12,301319.SZ,唯特偶,电子,10.59,11.47,35.87,历史新高,3,23206.4,先进封装、光伏、芯片,11.25,22.04,-12.03,-8.31,38.85,6,2026-05-20,-34.98,-7.89,0.14,补跌且弱于行业,2026-05-25,先进封装,-3,2,0,0
E003-2026-05-11,2026-05-11,2026-05-12,688699.SH,明微电子,电子,8.96,7.64,24.77,60日新高,3,22119.28,先进封装、半导体、芯片,-2.22,1.88,-3.41,0.67,9.46,6,2026-05-20,-7.85,-5.0,0.14,补跌且弱于行业,2026-05-20,半导体,0,2,0,1
E003-2026-05-11,2026-05-11,2026-05-12,688545.SH,兴福电子,电子,20.0,20.28,90.07,历史新高,4,22885.26,先进封装、光刻胶、存储芯片、芯片,15.84,9.13,-2.01,-3.26,17.38,4,2026-05-18,-22.2,5.82,0.14,抗住且相对强,2026-05-15,存储芯片,1,3,1,1
E003-2026-05-11,2026-05-11,2026-05-12,300489.SZ,光智科技,电子,11.02,19.31,48.43,历史新高,3,7378.01,先进封装、光学光电子、氢能源,-4.53,4.42,2.27,-5.66,7.1,8,2026-05-22,-14.53,-1.45,0.14,补跌且弱于行业,2026-05-25,先进封装,-1,2,0,0
E003-2026-05-11,2026-05-11,2026-05-12,688256.SH,寒武纪,电子,1.48,275.09,24.55,,3,22119.28,先进封装、半导体、芯片,-5.39,3.23,1.02,10.41,10.41,10,2026-05-26,-5.55,6.49,0.14,抗住且相对强,2026-05-25,半导体,1,3,1,1
E003-2026-05-11,2026-05-11,2026-05-12,600584.SH,长电科技,电子,10.01,89.72,94.82,历史新高,5,32748.43,先进封装、共封装光学(CPO)、半导体、存储芯片、芯片,5.09,10.08,21.0,59.65,59.65,10,2026-05-26,-3.67,-1.06,0.14,补跌且弱于行业,2026-05-25,共封装光学(CPO),1,2,0,1
E003-2026-05-11,2026-05-11,2026-05-12,300398.SZ,飞凯材料,电子,8.05,32.51,45.9,历史新高,6,31443.89,先进封装、光伏、光刻胶、光纤、存储芯片、芯片,-1.7,-2.11,-5.36,3.37,7.65,1,2026-05-13,-9.65,1.92,0.14,抗住且相对强,2026-05-15,存储芯片,-2,3,1,0
E003-2026-05-11,2026-05-11,2026-05-12,600206.SH,有研新材,电子,8.12,42.7,53.06,历史新高,5,29720.5,先进封装、光纤、半导体、存储芯片、芯片,-4.2,-4.1,-9.4,-8.83,1.16,2,2026-05-14,-13.03,-2.89,0.14,补跌且弱于行业,2026-05-15,半导体,-1,2,0,0
E003-2026-05-11,2026-05-11,2026-05-12,688535.SH,华海诚科,电子,5.77,11.08,19.21,历史新高,5,32425.01,先进封装、光伏、半导体、存储芯片、芯片,24.65,32.31,25.95,27.47,32.31,5,2026-05-19,-14.71,0.96,0.14,抗住且相对强,2026-05-20,半导体,-1,3,1,0
E003-2026-05-11,2026-05-11,2026-05-12,688072.SH,拓荆科技,电子,8.88,41.71,57.35,历史新高,5,27351.14,先进封装、半导体、半导体设备、存储芯片、芯片,4.52,9.45,19.56,47.92,47.92,10,2026-05-26,-16.37,0.56,0.14,抗住且相对强,2026-05-25,半导体,1,3,1,1
E003-2026-05-11,2026-05-11,2026-05-12,688549.SH,中巨芯-U,电子,6.37,10.43,20.57,2年新高,3,22248.99,先进封装、存储芯片、芯片,32.0,35.22,23.82,18.87,46.38,4,2026-05-18,-31.45,-3.56,0.14,补跌且弱于行业,2026-05-15,存储芯片,1,2,0,1
E003-2026-05-11,2026-05-11,2026-05-12,603078.SH,江化微,电子,8.49,12.95,30.55,60日新高,4,22885.26,先进封装、光刻胶、存储芯片、芯片,7.19,24.31,23.81,17.43,24.88,6,2026-05-20,-10.91,-1.36,0.14,补跌且弱于行业,2026-05-20,存储芯片,0,2,0,1
E003-2026-05-11,2026-05-11,2026-05-12,605111.SH,新洁能,电子,5.75,18.52,24.75,20日新高,4,27750.85,先进封装、光伏、半导体、芯片,-0.33,6.04,10.24,33.64,42.68,11,2026-05-27,0.0,2.27,0.14,抗住且相对强,2026-05-25,半导体,2,3,1,0
E003-2026-05-11,2026-05-11,2026-05-12,300303.SZ,聚飞光电,电子,0.37,18.86,1.61,20日新高,4,24309.5,先进封装、光学光电子、共封装光学(CPO)、芯片,-4.33,-6.59,-12.0,-13.36,-1.62,1,2026-05-13,-14.44,3.45,0.14,抗住且相对强,2026-05-25,先进封装,-8,2,0,0
E003-2026-05-11,2026-05-11,2026-05-12,600360.SH,华微电子,电子,5.02,3.21,8.99,3年新高,3,22119.28,先进封装、半导体、芯片,0.09,,5.78,-7.27,5.78,7,2026-05-21,-7.98,-0.87,0.14,补跌且弱于行业,2026-05-20,半导体,1,1,0,1
E003-2026-05-11,2026-05-11,2026-05-12,301348.SZ,蓝箭电子,电子,5.84,8.56,17.09,20日新高,4,26793.44,先进封装、半导体、存储芯片、芯片,-0.15,8.6,11.03,11.72,16.21,9,2026-05-25,-13.82,-4.36,0.14,补跌且弱于行业,2026-05-25,半导体,0,1,0,1
E003-2026-05-11,2026-05-11,2026-05-12,002185.SZ,华天科技,电子,7.28,46.2,49.48,20日新高,5,32748.43,先进封装、共封装光学(CPO)、半导体、存储芯片、芯片,-0.9,6.03,5.27,29.38,39.64,11,2026-05-27,0.0,-2.1,0.14,补跌且弱于行业,2026-05-25,共封装光学(CPO),2,2,0,0
E003-2026-05-11,2026-05-11,2026-05-12,688037.SH,芯源微,电子,3.73,30.28,20.53,,6,27987.41,先进封装、光刻胶、半导体、半导体设备、存储芯片、芯片,1.1,7.59,4.17,-1.96,12.45,6,2026-05-20,-17.28,15.76,0.14,抗住且相对强,2026-05-20,半导体,0,3,1,1
E003-2026-05-11,2026-05-11,2026-05-12,300054.SZ,鼎龙股份,电子,5.89,35.02,34.86,,4,22885.26,先进封装、光刻胶、存储芯片、芯片,7.38,18.68,12.47,22.59,22.59,10,2026-05-26,-9.48,-4.53,0.14,补跌且弱于行业,2026-05-25,先进封装,1,2,0,1
E003-2026-05-11,2026-05-11,2026-05-12,688419.SH,耐科装备,电子,9.19,2.62,14.88,,3,22248.99,先进封装、存储芯片、芯片,-1.98,18.94,17.34,30.5,37.64,9,2026-05-25,-16.85,-2.01,0.14,补跌且弱于行业,2026-05-25,先进封装,0,1,0,1
E003-2026-05-11,2026-05-11,2026-05-12,688403.SH,汇成股份,电子,2.42,13.7,8.96,20日新高,4,26793.44,先进封装、半导体、存储芯片、芯片,5.29,11.4,5.78,17.78,19.36,9,2026-05-25,-9.27,-1.66,0.14,补跌且弱于行业,2026-05-25,半导体,0,1,0,1
E003-2026-05-11,2026-05-11,2026-05-12,603991.SH,领先股份,电子,3.27,4.9,7.24,历史新高,4,26793.44,先进封装、半导体、存储芯片、芯片,-0.29,0.76,-7.33,-10.7,0.84,1,2026-05-13,-15.56,-1.6,0.14,补跌且弱于行业,2026-05-15,半导体,-2,1,0,0
E003-2026-05-11,2026-05-11,2026-05-12,002409.SZ,雅克科技,电子,6.4,25.44,32.28,20日新高,6,29175.81,先进封装、光刻胶、半导体、存储芯片、特高压、芯片,14.49,23.55,21.35,31.27,36.53,9,2026-05-25,-10.38,-0.73,0.14,补跌且弱于行业,2026-05-25,半导体,0,2,0,1
E003-2026-05-11,2026-05-11,2026-05-12,688392.SH,XD骄成超,电力设备,10.96,8.88,32.66,历史新高,3,21533.54,先进封装、液冷服务器、芯片,1.66,2.9,-3.42,-2.51,9.11,6,2026-05-20,-14.3,2.85,-1.05,抗住且相对强,2026-05-25,先进封装,-3,3,1,0
E003-2026-05-11,2026-05-11,2026-05-12,002119.SZ,康强电子,电子,5.38,12.35,18.91,,4,26793.44,先进封装、半导体、存储芯片、芯片,1.8,7.23,-0.44,10.86,12.83,11,2026-05-27,0.0,-1.98,0.14,补跌且弱于行业,2026-05-25,半导体,2,2,0,0
E003-2026-05-11,2026-05-11,2026-05-12,688082.SH,盛美上海,电子,3.76,14.04,14.09,20日新高,5,27351.14,先进封装、半导体、半导体设备、存储芯片、芯片,0.45,12.83,21.96,47.33,47.33,10,2026-05-26,-9.16,4.93,0.14,抗住且相对强,2026-05-25,半导体,1,2,0,1
E003-2026-05-11,2026-05-11,2026-05-12,688802.SH,沐曦股份-U,电子,0.45,26.0,2.29,,3,22119.28,先进封装、半导体、芯片,-7.92,-3.09,-6.86,-5.37,0.72,1,2026-05-13,-11.26,-1.35,0.14,补跌且弱于行业,2026-05-15,半导体,-2,1,0,0
E003-2026-05-11,2026-05-11,2026-05-12,688019.SH,安集科技,电子,5.55,18.49,23.86,20日新高,4,22885.26,先进封装、光刻胶、存储芯片、芯片,1.95,11.97,12.26,24.97,24.97,10,2026-05-26,-9.73,0.48,0.14,抗住且相对强,2026-05-25,先进封装,1,3,1,1
E003-2026-05-11,2026-05-11,2026-05-12,002077.SZ,大港股份,电子,2.75,7.84,7.7,60日新高,4,26793.44,先进封装、半导体、存储芯片、芯片,-1.09,0.11,2.07,5.91,8.84,9,2026-05-25,-2.98,-0.74,0.14,补跌且弱于行业,2026-05-25,半导体,0,1,0,1
E003-2026-05-11,2026-05-11,2026-05-12,002845.SZ,同兴达,电子,2.66,1.67,3.44,,3,18354.51,先进封装、光学光电子、芯片,-1.82,8.55,4.17,10.3,11.84,9,2026-05-25,-4.51,-1.26,0.14,补跌且弱于行业,2026-05-25,先进封装,0,1,0,1
E003-2026-05-11,2026-05-11,2026-05-12,603005.SH,晶方科技,电子,2.65,20.95,12.13,20日新高,5,23361.15,先进封装、光刻机、光刻胶、半导体、芯片,1.76,3.34,11.46,39.33,39.33,10,2026-05-26,-6.46,-1.67,0.14,补跌且弱于行业,2026-05-25,半导体,1,1,0,1
E003-2026-05-11,2026-05-11,2026-05-12,688120.SH,华海清科,电子,5.59,16.73,22.86,历史新高,5,27351.14,先进封装、半导体、半导体设备、存储芯片、芯片,13.77,18.06,19.08,25.38,26.73,6,2026-05-20,-6.81,13.65,0.14,抗住且相对强,2026-05-20,半导体,0,3,1,1
E003-2026-05-11,2026-05-11,2026-05-12,688135.SH,利扬芯片,电子,-0.36,9.23,-1,60日新高,4,26793.44,先进封装、半导体、存储芯片、芯片,4.39,15.11,1.97,6.47,18.16,6,2026-05-20,-17.24,-2.03,0.14,补跌且弱于行业,2026-05-20,半导体,0,1,0,1
E003-2026-05-11,2026-05-11,2026-05-12,300394.SZ,天孚通信,通信,1.72,152.71,21.26,,5,16599.52,先进封装、光纤、共封装光学(CPO)、英伟达、通信设备,16.8,6.0,-1.53,18.78,25.16,11,2026-05-27,0.0,3.17,2.68,抗住且相对强,2026-05-25,共封装光学(CPO),2,3,1,0
E003-2026-05-11,2026-05-11,2026-05-12,688012.SH,中微公司,电子,3.69,87.68,34.55,,5,27351.14,先进封装、半导体、半导体设备、存储芯片、芯片,11.44,23.44,22.49,19.32,26.23,6,2026-05-20,-9.08,1.25,0.14,抗住且相对强,2026-05-20,半导体,0,3,1,1
E003-2026-05-11,2026-05-11,2026-05-12,300162.SZ,雷曼光电,电子,2.76,3.31,5.02,,2,4147.42,先进封装、光学光电子,0.95,-2.11,5.05,20.0,20.0,10,2026-05-26,-2.21,2.15,0.14,抗住且相对强,2026-05-25,先进封装,1,1,0,1
E003-2026-05-11,2026-05-11,2026-05-12,600353.SH,旭光电子,电子,2.92,8.64,8.58,20日新高,7,26409.83,先进封装、光刻机、可控核聚变、特高压、芯片、虚拟电厂、风电,7.71,18.64,10.78,14.96,26.46,11,2026-05-27,0.0,4.71,0.14,抗住且相对强,2026-05-25,特高压,2,2,0,0
E003-2026-05-11,2026-05-11,2026-05-12,603690.SH,至纯科技,电子,3.8,5.64,9.02,20日新高,6,30278.2,先进封装、光纤、半导体、半导体设备、存储芯片、芯片,6.33,8.08,12.32,9.3,15.56,6,2026-05-20,-11.57,1.4,0.14,抗住且相对强,2026-05-20,半导体,0,2,0,1
E003-2026-05-11,2026-05-11,2026-05-12,002106.SZ,莱宝高科,电子,0.82,1.51,1.01,,2,4147.42,先进封装、光学光电子,-2.18,0.64,-1.82,8.64,11.55,11,2026-05-27,0.0,-1.17,0.14,补跌且弱于行业,2026-05-25,先进封装,2,0,0,0
E003-2026-05-11,2026-05-11,2026-05-12,002137.SZ,实益达,电子,0.71,0.97,0.7,20日新高,4,23986.08,先进封装、光伏、光学光电子、芯片,0.47,2.57,1.17,2.92,3.86,11,2026-05-27,0.0,0.12,0.14,上涨但弱于行业,2026-05-25,先进封装,2,1,0,0
E003-2026-05-11,2026-05-11,2026-05-12,688361.SH,中科飞测,电子,1.28,17.58,5.37,,5,27351.14,先进封装、半导体、半导体设备、存储芯片、芯片,4.17,10.69,21.29,22.99,29.99,6,2026-05-20,-12.17,2.81,0.14,抗住且相对强,2026-05-20,半导体,0,2,0,1
E003-2026-05-11,2026-05-11,2026-05-12,688689.SH,银河微电,电子,1.21,1.71,1.58,,3,22119.28,先进封装、半导体、芯片,8.73,8.88,1.63,10.36,10.79,6,2026-05-20,-5.65,-0.67,0.14,补跌且弱于行业,2026-05-20,半导体,0,1,0,1
E003-2026-05-11,2026-05-11,2026-05-12,300236.SZ,上海新阳,电子,4.32,14.48,16.44,,4,22885.26,先进封装、光刻胶、存储芯片、芯片,-1.41,3.62,-0.16,5.63,9.98,9,2026-05-25,-11.77,4.12,0.14,抗住且相对强,2026-05-25,先进封装,0,2,0,1
E003-2026-05-11,2026-05-11,2026-05-12,300037.SZ,新宙邦,电力设备,1.67,17.67,7.02,,4,22169.98,先进封装、液冷服务器、芯片、超级电容,-2.14,0.26,3.1,7.83,15.79,11,2026-05-27,0.0,-3.83,-1.05,补跌且弱于行业,2026-05-25,先进封装,2,1,0,0
E003-2026-05-11,2026-05-11,2026-05-12,605358.SH,立昂微,电子,0.32,38.81,1.99,3年新高,5,35012.26,光伏、共封装光学(CPO)、半导体、存储芯片、芯片,1.14,8.11,0.45,3.47,10.72,11,2026-05-27,0.0,1.78,0.14,抗住且相对强,2026-05-25,共封装光学(CPO),2,2,0,0
E003-2026-05-11,2026-05-11,2026-05-12,688478.SH,晶升股份,电子,3.59,4.19,7.35,2年新高,5,29614.97,光伏、半导体、半导体设备、存储芯片、芯片,41.96,35.28,19.02,20.31,41.96,3,2026-05-15,-4.09,8.97,0.14,抗住且相对强,2026-05-15,半导体,0,2,0,1
E003-2026-05-11,2026-05-11,2026-05-12,300619.SZ,金银河,电力设备,9.8,10.64,31.97,20日新高,1,5631.57,光伏,-7.72,-1.79,-9.62,-13.04,-1.79,5,2026-05-19,-12.64,0.49,-1.05,抗住且相对强,,,,3,1,0
E003-2026-05-11,2026-05-11,2026-05-12,688556.SH,高测股份,电力设备,0.53,9.02,1.59,20日新高,3,20535.56,光伏、光伏设备、芯片,-0.41,-3.71,-8.71,-12.83,2.16,2,2026-05-14,-16.75,-1.66,-1.05,补跌且弱于行业,2026-05-20,光伏设备,-4,1,0,0
E003-2026-05-11,2026-05-11,2026-05-12,688598.SH,金博股份,电力设备,13.26,4.47,28.03,20日新高,3,9559.06,光伏、光伏设备、氢能源,10.77,25.81,19.81,15.63,25.81,5,2026-05-19,-12.59,1.9,-1.05,抗住且相对强,2026-05-20,光伏设备,-1,3,1,0
E003-2026-05-11,2026-05-11,2026-05-12,301295.SZ,美硕科技,电力设备,6.21,1.82,8.38,历史新高,2,6415.55,光伏、电网设备,2.74,4.14,1.14,-2.82,7.29,6,2026-05-20,-14.0,-2.03,-1.05,补跌且弱于行业,2026-05-19,电网设备,1,1,0,1
E003-2026-05-11,2026-05-11,2026-05-12,300129.SZ,泰胜风能,电力设备,-2.36,7.4,-1,,2,9378.81,光伏、风电,-10.11,-9.09,-14.11,-16.38,-1.96,1,2026-05-13,-17.48,2.65,-1.05,抗住且相对强,2026-05-25,风电,-8,1,0,0
E003-2026-05-11,2026-05-11,2026-05-12,300913.SZ,兆龙互连,通信,0.82,7.45,2.24,60日新高,5,18288.21,光伏、光纤、共封装光学(CPO)、通信设备、铜缆高速连接,-5.6,-4.08,-12.97,-8.09,0.43,1,2026-05-13,-13.04,-0.78,2.68,补跌且弱于行业,2026-05-25,共封装光学(CPO),-8,1,0,0
E003-2026-05-11,2026-05-11,2026-05-12,002371.SZ,北方华创,电子,5.99,82.26,54.33,历史新高,5,29614.97,光伏、半导体、半导体设备、存储芯片、芯片,1.81,6.58,14.02,15.27,20.08,9,2026-05-25,-7.47,1.44,0.14,抗住且相对强,2026-05-25,半导体,0,3,1,1
E003-2026-05-11,2026-05-11,2026-05-12,300346.SZ,南大光电,电子,4.45,36.96,27.05,20日新高,4,25149.09,光伏、光刻胶、存储芯片、芯片,1.8,4.32,0.4,7.09,9.83,9,2026-05-25,-8.61,-1.75,0.14,补跌且弱于行业,2026-05-25,存储芯片,0,2,0,1
E003-2026-05-11,2026-05-11,2026-05-12,002925.SZ,盈趣科技,电子,-1.93,3.05,-1,20日新高,2,6790.24,光伏、消费电子,1.62,3.0,-1.18,1.67,4.52,1,2026-05-13,-4.86,-2.26,0.14,补跌且弱于行业,2026-05-13,消费电子,0,1,0,1
E003-2026-05-11,2026-05-11,2026-05-12,301636.SZ,泽润新能,电力设备,1.95,1.34,2.26,,3,7439.83,光伏、光伏设备、钙钛矿电池,-3.45,-6.8,-12.45,-13.89,-1.22,1,2026-05-13,-13.89,-3.89,-1.05,补跌且弱于行业,2026-05-19,钙钛矿电池,-4,1,0,0
E003-2026-05-11,2026-05-11,2026-05-12,601700.SH,风范股份,电力设备,0.72,1.5,0.88,20日新高,3,8161.65,光伏、特高压、电网设备,-2.28,1.05,-5.98,-6.85,2.28,1,2026-05-13,-8.44,1.07,-1.05,抗住且相对强,2026-05-13,电网设备,0,2,0,1
E003-2026-05-11,2026-05-11,2026-05-12,301168.SZ,通灵股份,电力设备,1.75,1.76,2.32,20日新高,2,6328.47,光伏、光伏设备,0.39,4.46,4.48,-2.99,11.15,8,2026-05-22,-18.8,-4.1,-1.05,补跌且弱于行业,2026-05-20,光伏设备,2,1,0,0
E003-2026-05-11,2026-05-11,2026-05-12,300414.SZ,中光防雷,通信,1.34,2.61,2.16,20日新高,6,17683.06,光伏、光刻机、液冷服务器、通信设备、风电、高压快充,-4.5,-4.0,-10.07,-11.57,-0.36,1,2026-05-13,-13.14,-7.53,2.68,补跌且弱于行业,2026-05-14,光刻机,-1,1,0,0
E003-2026-05-11,2026-05-11,2026-05-12,001208.SZ,华菱线缆,电力设备,-1.17,5.5,-1,,5,13304.16,光伏、可控核聚变、特高压、电网设备、风电,-4.89,-6.97,-14.88,-18.04,2.03,1,2026-05-13,-22.1,-0.49,-1.05,补跌但相对强,2026-05-13,电网设备,0,2,0,1
E003-2026-05-11,2026-05-11,2026-05-12,688605.SH,先锋精科,电子,2.31,3.77,4.49,20日新高,5,25546.41,光伏、光刻机、半导体、半导体设备、芯片,10.3,15.43,9.08,7.73,19.84,6,2026-05-20,-19.29,1.34,0.14,抗住且相对强,2026-05-20,半导体,0,2,0,1
E003-2026-05-11,2026-05-11,2026-05-12,300265.SZ,通光线缆,电力设备,-0.72,11.89,-1,,5,14835.95,光伏、光纤、特高压、电网设备、风电,0.78,-2.07,-8.91,-11.76,10.12,1,2026-05-13,-22.05,20.0,-1.05,抗住且相对强,2026-05-13,电网设备,0,2,0,1
E003-2026-05-11,2026-05-11,2026-05-12,001269.SZ,欧晶科技,电力设备,0.98,0.66,0.8,,3,20535.56,光伏、光伏设备、芯片,-0.88,-1.94,6.61,6.83,10.13,9,2026-05-25,-7.05,-0.18,-1.05,补跌但相对强,2026-05-25,芯片,0,2,0,1
E003-2026-05-11,2026-05-11,2026-05-12,300933.SZ,中辰股份,电力设备,0.7,1.15,0.75,20日新高,4,9350.63,光伏、特高压、电网设备、高压快充,-1.61,2.98,-3.78,-6.31,3.44,1,2026-05-13,-12.04,1.4,-1.05,抗住且相对强,2026-05-13,电网设备,0,2,0,1
E003-2026-05-11,2026-05-11,2026-05-12,300738.SZ,奥飞数据,通信,-2.03,25.34,-1,1年新高,3,20348.23,光伏、芯片、通信服务,6.13,8.73,-5.08,-7.14,8.73,5,2026-05-19,-20.02,-2.75,2.68,补跌且弱于行业,2026-05-25,芯片,-4,1,0,0
E003-2026-05-11,2026-05-11,2026-05-12,301388.SZ,欣灵电气,电力设备,2.37,0.99,2.36,20日新高,2,6415.55,光伏、电网设备,-3.11,-0.86,-8.98,-11.26,2.22,1,2026-05-13,-15.44,0.09,-1.05,抗住且相对强,2026-05-13,电网设备,0,2,0,1
E003-2026-05-11,2026-05-11,2026-05-12,301285.SZ,鸿日达,电子,-0.63,3.43,-1,历史新高,3,20997.33,光伏、消费电子、芯片,12.57,11.03,4.42,7.56,15.33,2,2026-05-14,-8.79,-2.01,0.14,补跌且弱于行业,2026-05-13,消费电子,1,1,0,1
E003-2026-05-11,2026-05-11,2026-05-12,300666.SZ,江丰电子,电子,6.67,31.49,37.43,,5,29662.87,光伏、光刻机、半导体、存储芯片、芯片,4.45,17.69,5.09,8.43,17.69,5,2026-05-19,-16.8,-1.75,0.14,补跌且弱于行业,2026-05-20,半导体,-1,2,0,0
E003-2026-05-11,2026-05-11,2026-05-12,002471.SZ,中超控股,电力设备,0.68,12.91,2.44,,3,10162.79,光伏、电网设备、风电,-7.29,-8.33,-5.79,-14.47,1.16,1,2026-05-13,-14.7,-2.04,-1.05,补跌且弱于行业,2026-05-13,电网设备,0,1,0,1
E003-2026-05-11,2026-05-11,2026-05-12,002643.SZ,万润股份,电子,2.3,3.47,4.28,20日新高,5,24513.35,光伏、光刻胶、光纤、芯片、钙钛矿电池,5.73,5.2,-1.58,0.76,6.61,6,2026-05-20,-9.71,-1.21,0.14,补跌且弱于行业,2026-05-20,光刻胶,0,1,0,1
E003-2026-05-11,2026-05-11,2026-05-12,300563.SZ,神宇股份,通信,0.0,1.56,0.0,20日新高,5,24724.61,光伏、芯片、通信设备、钙钛矿电池、铜缆高速连接,-5.98,-3.66,-11.24,-10.26,-0.3,1,2026-05-13,-11.63,-0.53,2.68,补跌且弱于行业,2026-05-19,钙钛矿电池,-4,1,0,0
E003-2026-05-11,2026-05-11,2026-05-12,600192.SH,长城电工,电力设备,-0.23,0.64,-0.18,20日新高,3,10162.79,光伏、电网设备、风电,-4.03,-3.37,-11.97,-15.89,0.0,2,2026-05-14,-17.63,6.86,-1.05,抗住且相对强,2026-05-13,电网设备,1,2,0,1
E003-2026-05-11,2026-05-11,2026-05-12,300102.SZ,乾照光电,电子,1.06,23.43,5.13,,4,26573.33,光伏、光学光电子、共封装光学(CPO)、芯片,-11.53,-11.03,-16.45,-18.45,0.62,1,2026-05-13,-21.35,-3.98,0.14,补跌且弱于行业,2026-05-25,芯片,-8,1,0,0
E003-2026-05-11,2026-05-11,2026-05-12,688638.SH,誉辰智能,电力设备,2.09,0.55,1.55,,2,19838.66,光伏、芯片,-3.53,-3.19,-8.94,-12.27,-0.14,1,2026-05-13,-14.71,-1.69,-1.05,补跌且弱于行业,2026-05-25,芯片,-8,0,0,0
E003-2026-05-11,2026-05-11,2026-05-12,301386.SZ,未来电器,电力设备,-0.3,0.42,-0.19,,2,6415.55,光伏、电网设备,-1.77,-0.35,-5.84,-5.92,0.96,1,2026-05-13,-9.26,-1.25,-1.05,补跌且弱于行业,2026-05-13,电网设备,0,0,0,1
E003-2026-05-11,2026-05-11,2026-05-12,002255.SZ,海陆重工,电力设备,0.88,2.64,1.43,20日新高,4,24464.52,光伏、可控核聚变、氢能源、芯片,-2.5,-0.98,-7.87,-10.73,1.34,1,2026-05-13,-11.63,-2.19,-1.05,补跌且弱于行业,2026-05-25,可控核聚变,-8,1,0,0
E003-2026-05-11,2026-05-11,2026-05-12,603577.SH,汇金通,电力设备,-0.09,0.81,-0.08,20日新高,3,8161.65,光伏、特高压、电网设备,-2.49,-1.2,-8.85,-5.07,1.46,1,2026-05-13,-5.93,2.19,-1.05,抗住且相对强,2026-05-13,电网设备,0,2,0,1
E003-2026-05-11,2026-05-11,2026-05-12,603595.SH,ST东尼,电子,2.27,0.91,2.17,60日新高,2,6790.24,光伏、消费电子,14.23,14.34,12.24,29.94,34.51,11,2026-05-27,0.0,0.53,0.14,抗住且相对强,2026-05-25,消费电子,2,2,0,0
E003-2026-05-11,2026-05-11,2026-05-12,601865.SH,福莱特,电力设备,0.14,2.97,0.24,,2,6328.47,光伏、光伏设备,-6.82,-6.6,-11.15,-10.93,0.66,1,2026-05-13,-12.69,-1.59,-1.05,补跌且弱于行业,2026-05-20,光伏设备,-5,0,0,0
E003-2026-05-11,2026-05-11,2026-05-12,300569.SZ,天能重工,电力设备,-0.47,2.39,-0.73,,2,9378.81,光伏、风电,-3.69,-2.73,-9.47,-10.43,2.09,1,2026-05-13,-14.61,-0.95,-1.05,补跌但相对强,2026-05-25,风电,-8,1,0,0
E003-2026-05-11,2026-05-11,2026-05-12,002300.SZ,太阳电缆,电力设备,-1.62,3.43,-1,,4,11908.89,光伏、特高压、电网设备、风电,-5.06,-3.47,-13.5,-17.62,6.09,1,2026-05-13,-26.43,10.0,-1.05,抗住且相对强,2026-05-13,电网设备,0,2,0,1
E003-2026-05-11,2026-05-11,2026-05-12,688303.SH,大全能源,电力设备,1.06,3.8,2.07,,3,20535.56,光伏、光伏设备、芯片,-4.98,-4.84,-8.74,-12.47,3.54,1,2026-05-13,-16.19,-2.75,-1.05,补跌且弱于行业,2026-05-20,光伏设备,-5,1,0,0
E003-2026-05-11,2026-05-11,2026-05-12,000159.SZ,国际实业,电力设备,-3.05,1.64,-1,,3,8074.57,光伏、光伏设备、特高压,10.22,14.06,8.63,8.47,14.06,5,2026-05-19,-8.31,-1.57,-1.05,补跌且弱于行业,2026-05-20,光伏设备,-1,1,0,0
E003-2026-05-11,2026-05-11,2026-05-12,605196.SH,华通线缆,电力设备,-4.03,7.37,-1,,2,6415.55,光伏、电网设备,0.14,-3.59,-4.77,7.74,7.74,10,2026-05-26,-6.82,-1.03,-1.05,补跌但相对强,2026-05-19,电网设备,5,1,0,0
E003-2026-05-11,2026-05-11,2026-05-12,600363.SH,联创光电,电子,-1.0,6.61,-1,,3,8185.51,光伏、可控核聚变、消费电子,-9.79,-8.3,-15.23,-14.37,1.34,1,2026-05-13,-17.93,-2.59,0.14,补跌且弱于行业,2026-05-13,消费电子,0,1,0,1
E003-2026-05-11,2026-05-11,2026-05-12,603507.SH,振江股份,电力设备,2.77,8.01,7.84,,3,12609.4,光伏、氢能源、风电,3.66,7.7,-1.94,-6.26,7.7,5,2026-05-19,-18.17,-2.45,-1.05,补跌且弱于行业,2026-05-25,风电,-4,1,0,0
E003-2026-05-11,2026-05-11,2026-05-12,688106.SH,金宏气体,电子,4.76,21.19,21.91,,5,29138.68,光伏、可控核聚变、存储芯片、氢能源、芯片,4.6,4.8,-4.24,-11.89,7.62,6,2026-05-20,-21.29,-7.9,0.14,补跌且弱于行业,2026-05-20,存储芯片,0,2,0,1
E003-2026-05-11,2026-05-11,2026-05-12,688146.SH,中船特气,电子,20.0,25.22,100.44,历史新高,2,14812.69,光刻机、芯片,48.52,28.7,30.48,44.9,58.16,11,2026-05-27,0.0,2.29,0.14,抗住且相对强,2026-05-25,芯片,2,3,1,0
E003-2026-05-11,2026-05-11,2026-05-12,688127.SH,蓝特光学,电子,5.14,12.74,18.35,历史新高,4,21547.36,光刻机、光学光电子、共封装光学(CPO)、芯片,5.54,9.22,5.71,-0.03,15.25,8,2026-05-22,-16.5,1.51,0.14,抗住且相对强,2026-05-25,芯片,-1,3,1,0
E003-2026-05-11,2026-05-11,2026-05-12,688502.SH,茂莱光学,电子,-0.01,14.54,-0.04,,4,16228.64,光刻机、光刻胶、光学光电子、芯片,-0.53,-4.1,-6.65,-11.04,4.3,6,2026-05-20,-19.96,3.92,0.14,抗住且相对强,2026-05-20,光刻胶,0,2,0,1
E003-2026-05-11,2026-05-11,2026-05-12,301297.SZ,富乐德,电子,9.14,18.27,39.07,120日新高,4,19914.84,光刻机、半导体、半导体设备、芯片,10.98,7.01,2.21,-4.16,10.98,3,2026-05-15,-18.84,-0.51,0.14,补跌且弱于行业,2026-05-15,半导体,0,2,0,1
E003-2026-05-11,2026-05-11,2026-05-12,301611.SZ,珂玛科技,电子,8.96,26.72,46.32,,4,24031.3,光刻机、半导体、存储芯片、芯片,11.4,6.95,1.33,-7.87,11.4,3,2026-05-15,-24.65,-0.43,0.14,补跌且弱于行业,2026-05-15,半导体,0,2,0,1
E003-2026-05-11,2026-05-11,2026-05-12,688010.SH,福光股份,电子,0.0,2.09,0.0,,2,1385.28,光刻机、光学光电子,-3.39,15.88,12.55,30.63,34.22,8,2026-05-22,-7.41,-0.68,0.14,补跌且弱于行业,2026-05-20,光刻机,2,0,0,0
E003-2026-05-11,2026-05-11,2026-05-12,688409.SH,富创精密,电子,1.1,14.02,4.12,,4,19914.84,光刻机、半导体、半导体设备、芯片,24.34,34.01,25.34,25.66,43.67,6,2026-05-20,-21.99,6.19,0.14,抗住且相对强,2026-05-20,半导体,0,2,0,1
E003-2026-05-11,2026-05-11,2026-05-12,688268.SH,华特气体,电子,11.67,21.53,54.15,,5,23353.71,光刻机、光刻胶、存储芯片、氢能源、芯片,16.45,7.47,-3.33,-3.76,16.45,3,2026-05-15,-19.42,-10.87,0.14,补跌且弱于行业,2026-05-15,存储芯片,0,2,0,1
E003-2026-05-11,2026-05-11,2026-05-12,688727.SH,恒坤新材,电子,5.02,5.08,11.31,20日新高,4,24061.97,光刻胶、半导体、存储芯片、芯片,4.6,8.57,1.43,0.05,14.13,6,2026-05-20,-18.23,0.16,0.14,抗住且相对强,2026-05-20,半导体,0,2,0,1
E003-2026-05-11,2026-05-11,2026-05-12,301599.SZ,理奇智能,电力设备,9.79,21.29,45.17,,2,14843.36,光刻胶、芯片,-10.98,6.43,7.72,0.98,20.36,6,2026-05-20,-30.34,-7.94,-1.05,补跌且弱于行业,2026-05-20,光刻胶,0,1,0,1
E003-2026-05-11,2026-05-11,2026-05-12,603931.SH,格林达,电子,0.35,4.54,0.75,,2,14843.36,光刻胶、芯片,4.26,9.03,11.89,35.36,35.36,10,2026-05-26,-4.71,3.38,0.14,抗住且相对强,2026-05-25,芯片,1,1,0,1
E003-2026-05-11,2026-05-11,2026-05-12,688550.SH,瑞联新材,电子,0.54,1.77,0.72,,2,1747.63,光刻胶、钙钛矿电池,8.98,6.47,14.43,27.44,27.44,10,2026-05-26,-1.69,0.81,0.14,抗住且相对强,2026-05-25,光刻胶,1,1,0,1
E003-2026-05-11,2026-05-11,2026-05-12,300655.SZ,晶瑞电材,电子,3.39,8.16,9.68,,3,19517.52,光刻胶、存储芯片、芯片,4.16,4.8,7.3,10.18,14.47,9,2026-05-25,-7.23,-1.39,0.14,补跌且弱于行业,2026-05-25,存储芯片,0,1,0,1
E003-2026-05-11,2026-05-11,2026-05-12,002289.SZ,*ST宇顺,电子,5.01,0.67,4.1,历史新高,2,1289.25,光学光电子、通信服务,-3.81,-13.18,-14.96,-13.78,0.34,2,2026-05-14,-16.88,4.99,0.14,抗住且相对强,2026-05-13,通信服务,1,2,0,1
E003-2026-05-11,2026-05-11,2026-05-12,002222.SZ,福晶科技,电子,0.42,72.82,3.58,历史新高,3,9661.73,光学光电子、光纤、共封装光学(CPO),-6.65,-6.98,-11.27,-8.26,2.61,1,2026-05-13,-14.18,4.3,0.14,抗住且相对强,2026-05-25,共封装光学(CPO),-8,2,0,0
E003-2026-05-11,2026-05-11,2026-05-12,301045.SZ,天禄科技,电子,2.87,3.03,5.0,,1,779.68,光学光电子,4.27,9.22,4.23,20.1,20.1,10,2026-05-26,-1.61,-4.28,0.14,补跌且弱于行业,,,,0,0,0
E003-2026-05-11,2026-05-11,2026-05-12,688055.SH,龙腾光电,电子,-2.1,1.57,-1,,2,14986.77,光学光电子、芯片,-6.6,-4.33,11.13,23.09,23.09,10,2026-05-26,-6.8,4.08,0.14,抗住且相对强,2026-05-25,芯片,1,1,0,1
E003-2026-05-11,2026-05-11,2026-05-12,001373.SZ,翔腾新材,电子,3.07,1.25,3.43,20日新高,1,779.68,光学光电子,-5.26,2.19,-2.12,-1.6,2.85,8,2026-05-22,-8.04,-1.6,0.14,补跌且弱于行业,,,,1,0,0
E003-2026-05-11,2026-05-11,2026-05-12,688322.SH,奥比中光-W,电子,-0.84,9.76,-1,,3,16785.54,光学光电子、芯片、英伟达,2.26,15.72,25.93,34.42,35.92,9,2026-05-25,-6.65,-0.17,0.14,补跌且弱于行业,2026-05-25,芯片,0,1,0,1
E003-2026-05-11,2026-05-11,2026-05-12,000509.SZ,华塑控股,电子,-1.98,2.69,-1,,1,779.68,光学光电子,-1.8,2.06,-2.06,22.16,34.28,11,2026-05-27,0.0,-2.02,0.14,补跌且弱于行业,,,,0,0,0
E003-2026-05-11,2026-05-11,2026-05-12,603703.SH,盛洋科技,电子,1.73,2.34,2.65,20日新高,3,4930.37,光学光电子、光纤、铜缆高速连接,-5.49,-0.07,-5.9,-5.7,0.07,1,2026-05-13,-9.4,-1.02,0.14,补跌且弱于行业,2026-05-25,铜缆高速连接,-8,1,0,0
E003-2026-05-11,2026-05-11,2026-05-12,301321.SZ,翰博高新,电子,3.54,2.45,5.54,历史新高,1,779.68,光学光电子,-1.57,2.74,-0.37,-2.74,5.59,11,2026-05-27,0.0,2.08,0.14,抗住且相对强,,,,2,0,0
E003-2026-05-11,2026-05-11,2026-05-12,300808.SZ,久量股份,电子,-2.02,0.82,-1,20日新高,1,779.68,光学光电子,-6.79,-3.21,-5.32,-10.79,-1.57,1,2026-05-13,-11.61,-0.25,0.14,补跌且弱于行业,,,,1,0,0
E003-2026-05-11,2026-05-11,2026-05-12,300708.SZ,聚灿光电,电子,0.54,2.85,0.91,,2,14986.77,光学光电子、芯片,1.17,0.96,0.21,3.95,7.15,11,2026-05-27,0.0,0.75,0.14,抗住且相对强,2026-05-25,芯片,2,1,0,0
E003-2026-05-11,2026-05-11,2026-05-12,605218.SH,伟时电子,电子,0.76,1.18,0.83,20日新高,1,779.68,光学光电子,-3.83,16.4,13.12,4.59,16.4,5,2026-05-19,-19.79,-1.08,0.14,补跌且弱于行业,,,,1,0,0
E003-2026-05-11,2026-05-11,2026-05-12,300241.SZ,瑞丰光电,电子,0.56,3.67,1.07,20日新高,1,779.68,光学光电子,-4.26,-2.75,-5.49,3.71,4.26,11,2026-05-27,0.0,0.83,0.14,抗住且相对强,,,,2,0,0
E003-2026-05-11,2026-05-11,2026-05-12,000045.SZ,深纺织Ａ,电子,0.0,0.88,0.0,,1,779.68,光学光电子,-1.95,-0.16,-3.91,-1.87,0.57,1,2026-05-13,-5.37,0.16,0.14,抗住且相对强,,,,1,0,0
E003-2026-05-11,2026-05-11,2026-05-12,600707.SH,彩虹股份,电子,3.04,20.37,13.72,3年新高,1,779.68,光学光电子,12.53,8.95,20.21,25.05,25.58,11,2026-05-27,0.0,3.83,0.14,抗住且相对强,,,,2,0,0
E003-2026-05-11,2026-05-11,2026-05-12,002952.SZ,亚世光电,电子,3.59,3.12,6.34,,1,779.68,光学光电子,7.98,3.87,6.47,16.4,16.4,10,2026-05-26,-11.63,-4.91,0.14,补跌且弱于行业,,,,0,0,0
E003-2026-05-11,2026-05-11,2026-05-12,688538.SH,和辉光电-U,电子,-0.43,2.0,-0.61,20日新高,1,779.68,光学光电子,-2.58,0.43,1.72,7.3,10.3,11,2026-05-27,0.0,0.0,0.14,上涨但弱于行业,,,,1,0,0
E003-2026-05-11,2026-05-11,2026-05-12,605588.SH,冠石科技,电子,0.31,1.4,0.37,,3,15709.29,光学光电子、华为手机、芯片,1.32,2.99,1.96,11.34,16.08,9,2026-05-25,-9.58,-0.38,0.14,补跌且弱于行业,2026-05-25,华为手机,0,1,0,1
E003-2026-05-11,2026-05-11,2026-05-12,300701.SZ,森霸传感,电子,-0.33,0.54,-0.24,20日新高,1,779.68,光学光电子,1.91,4.74,0.58,1.5,5.24,9,2026-05-25,-8.82,-1.64,0.14,补跌且弱于行业,,,,1,0,0
E003-2026-05-11,2026-05-11,2026-05-12,000536.SZ,华映科技,电子,-0.97,1.81,-1,,3,15709.29,光学光电子、华为手机、芯片,-3.22,-1.24,6.19,13.86,13.86,10,2026-05-26,-4.21,-0.98,0.14,补跌且弱于行业,2026-05-25,华为手机,1,1,0,1
E003-2026-05-11,2026-05-11,2026-05-12,300940.SZ,南极光,电子,-0.58,1.27,-0.65,,1,779.68,光学光电子,-1.49,-0.05,1.89,-1.94,3.29,8,2026-05-22,-10.31,-3.04,0.14,补跌且弱于行业,,,,0,0,0
E003-2026-05-11,2026-05-11,2026-05-12,002387.SZ,维信诺,电子,-0.37,0.94,-0.36,,3,15709.29,光学光电子、华为手机、芯片,-4.54,-0.84,3.23,4.54,4.9,9,2026-05-25,-3.23,2.32,0.14,抗住且相对强,2026-05-25,华为手机,0,2,0,1
E003-2026-05-11,2026-05-11,2026-05-12,002876.SZ,三利谱,电子,-1.49,2.06,-1,,1,779.68,光学光电子,-1.33,-1.6,-3.26,-0.73,0.9,2,2026-05-14,-4.39,-3.09,0.14,补跌且弱于行业,,,,0,0,0
E003-2026-05-11,2026-05-11,2026-05-12,300120.SZ,经纬辉开,电子,-1.43,1.28,-1,,4,20480.11,光学光电子、特高压、芯片、风电,-4.24,-2.91,-7.02,-5.83,1.06,1,2026-05-13,-6.49,-0.4,0.14,补跌且弱于行业,2026-05-25,风电,-8,1,0,0
E003-2026-05-11,2026-05-11,2026-05-12,003019.SZ,宸展光电,电子,-1.71,1.93,-1,,2,14986.77,光学光电子、芯片,7.03,2.28,9.17,29.6,29.6,10,2026-05-26,-0.26,-4.02,0.14,补跌且弱于行业,2026-05-25,芯片,1,0,0,1
E003-2026-05-11,2026-05-11,2026-05-12,002955.SZ,鸿合科技,电子,1.19,0.85,1.1,,1,779.68,光学光电子,-2.98,0.52,-2.58,-2.26,0.52,5,2026-05-19,-5.72,-1.18,0.14,补跌且弱于行业,,,,0,0,0
E003-2026-05-11,2026-05-11,2026-05-12,300076.SZ,*ST宁视,电子,2.48,1.04,2.53,,1,779.68,光学光电子,0.61,3.03,2.42,-2.22,4.85,8,2026-05-22,-6.87,0.0,0.14,上涨但弱于行业,,,,0,0,0
E003-2026-05-11,2026-05-11,2026-05-12,003015.SZ,日久光电,电子,-2.31,1.26,-1,,1,779.68,光学光电子,-0.95,-1.09,-5.79,-8.92,0.34,1,2026-05-13,-11.71,-0.88,0.14,补跌且弱于行业,,,,0,0,0
E003-2026-05-11,2026-05-11,2026-05-12,000050.SZ,深天马Ａ,电子,0.77,1.98,1.08,,2,14986.77,光学光电子、芯片,-2.73,-2.08,-1.04,7.68,7.68,10,2026-05-26,-0.65,-1.92,0.14,补跌且弱于行业,2026-05-25,芯片,1,0,0,1
E003-2026-05-11,2026-05-11,2026-05-12,000020.SZ,深华发Ａ,电子,0.49,2.7,0.81,,1,779.68,光学光电子,-3.69,-4.47,-9.22,-8.01,-0.99,2,2026-05-14,-10.5,-2.69,0.14,补跌且弱于行业,,,,0,0,0
E003-2026-05-11,2026-05-11,2026-05-12,688260.SH,昀冢科技,电子,10.87,9.02,32.65,历史新高,2,4085.73,光纤、消费电子,-3.79,16.18,19.08,59.28,66.61,11,2026-05-27,0.0,0.37,0.14,抗住且相对强,2026-05-25,消费电子,2,3,1,0
E003-2026-05-11,2026-05-11,2026-05-12,688313.SH,仕佳光子,通信,1.13,61.58,8.87,历史新高,4,25640.1,光纤、共封装光学(CPO)、芯片、通信设备,-2.97,-4.23,-7.23,-5.46,2.17,6,2026-05-20,-16.52,1.33,2.68,上涨但弱于行业,2026-05-25,芯片,-3,1,0,0
E003-2026-05-11,2026-05-11,2026-05-12,300570.SZ,太辰光,通信,10.3,71.26,86.95,历史新高,5,26863.73,光纤、共封装光学(CPO)、芯片、通信设备、铜缆高速连接,-9.23,-12.17,-15.95,-8.51,0.92,1,2026-05-13,-9.26,-1.17,2.68,补跌且弱于行业,2026-05-25,共封装光学(CPO),-8,2,0,0
E003-2026-05-11,2026-05-11,2026-05-12,000720.SZ,新能泰山,电力设备,2.46,18.8,10.67,,2,3711.04,光纤、电网设备,-3.16,-6.15,-13.88,-17.22,10.02,1,2026-05-13,-29.0,-2.4,-1.05,补跌且弱于行业,2026-05-13,电网设备,0,0,0,1
E003-2026-05-11,2026-05-11,2026-05-12,688048.SH,长光华芯,电子,-1.27,65.36,-1,,5,29028.86,光纤、共封装光学(CPO)、半导体、可控核聚变、芯片,-3.05,-6.9,-17.27,-17.08,3.85,2,2026-05-14,-20.34,-0.42,0.14,补跌且弱于行业,2026-05-15,半导体,-1,1,0,0
E003-2026-05-11,2026-05-11,2026-05-12,600105.SH,永鼎股份,通信,2.92,94.38,28.37,历史新高,6,30782.61,光纤、共封装光学(CPO)、可控核聚变、芯片、通信设备、风电,-1.57,-3.54,-11.53,-11.54,3.19,2,2026-05-14,-10.49,1.79,2.68,上涨但弱于行业,2026-05-25,共封装光学(CPO),-7,2,0,0
E003-2026-05-11,2026-05-11,2026-05-12,603042.SH,华脉科技,通信,5.26,5.81,12.68,20日新高,4,20908.74,光纤、芯片、通信设备、铜缆高速连接,-7.66,-4.44,-13.07,-15.19,0.8,1,2026-05-13,-19.71,2.78,2.68,抗住且相对强,2026-05-25,铜缆高速连接,-8,2,0,0
E003-2026-05-11,2026-05-11,2026-05-12,300516.SZ,久之洋,电子,-0.28,3.11,-0.49,,2,17134.15,光纤、芯片,-30.45,-30.63,-33.56,-35.04,-27.29,1,2026-05-13,-10.75,-2.98,0.14,补跌且弱于行业,2026-05-25,芯片,-8,0,0,0
E003-2026-05-11,2026-05-11,2026-05-12,688205.SH,德科立,通信,6.99,42.07,45.34,,4,25640.1,光纤、共封装光学(CPO)、芯片、通信设备,-9.08,-11.82,-14.64,-17.22,1.28,1,2026-05-13,-19.53,8.81,2.68,抗住且相对强,2026-05-25,芯片,-8,3,1,0
E003-2026-05-11,2026-05-11,2026-05-12,300620.SZ,光库科技,通信,2.69,45.84,18.21,,4,25640.1,光纤、共封装光学(CPO)、芯片、通信设备,3.99,3.19,-4.47,-3.29,9.58,2,2026-05-14,-10.24,-1.68,2.68,补跌且弱于行业,2026-05-25,芯片,-7,2,0,0
E003-2026-05-11,2026-05-11,2026-05-12,600345.SH,长江通信,通信,0.91,15.88,3.63,历史新高,2,5478.02,光纤、通信设备,-6.94,-7.09,-13.82,-15.91,1.01,1,2026-05-13,-18.18,2.12,2.68,上涨但弱于行业,2026-05-25,通信设备,-8,1,0,0
E003-2026-05-11,2026-05-11,2026-05-12,688143.SH,长盈通,通信,1.19,8.59,3.49,,5,27386.2,光纤、共封装光学(CPO)、特高压、芯片、通信设备,40.52,70.91,71.43,86.81,98.05,9,2026-05-25,-4.53,7.54,2.68,抗住且相对强,2026-05-25,共封装光学(CPO),0,2,0,1
E003-2026-05-11,2026-05-11,2026-05-12,300548.SZ,长芯博创,通信,0.35,45.12,2.35,,5,26863.73,光纤、共封装光学(CPO)、芯片、通信设备、铜缆高速连接,-7.51,-11.95,-14.84,-13.12,0.48,1,2026-05-13,-15.5,-1.4,2.68,补跌且弱于行业,2026-05-25,共封装光学(CPO),-8,1,0,0
E003-2026-05-11,2026-05-11,2026-05-12,601869.SH,长飞光纤,通信,0.78,77.0,6.84,,7,32357.07,光纤、共封装光学(CPO)、特高压、芯片、通信设备、铜缆高速连接、风电,-8.99,-3.3,-8.67,-11.55,-1.09,1,2026-05-13,-9.93,2.79,2.68,抗住且相对强,2026-05-25,共封装光学(CPO),-8,2,0,0
E003-2026-05-11,2026-05-11,2026-05-12,000586.SZ,汇源通信,通信,-2.87,4.71,-1,,3,7224.12,光纤、特高压、通信设备,-5.32,7.19,-6.31,-7.56,7.19,5,2026-05-19,-18.24,-0.67,2.68,补跌且弱于行业,2026-05-25,特高压,-4,1,0,0
E003-2026-05-11,2026-05-11,2026-05-12,688498.SH,源杰科技,电子,3.11,53.9,22.83,历史新高,4,27633.59,光纤、共封装光学(CPO)、半导体、芯片,-9.94,-38.3,-40.03,-39.86,-1.33,1,2026-05-13,-33.74,6.59,0.14,抗住且相对强,2026-05-15,半导体,-2,3,1,0
E003-2026-05-11,2026-05-11,2026-05-12,300710.SZ,万隆光电,通信,1.05,1.63,1.34,20日新高,3,19685.11,光纤、芯片、通信设备,4.06,10.44,12.21,13.77,19.18,11,2026-05-27,0.0,-2.33,2.68,补跌且弱于行业,2026-05-25,芯片,2,1,0,0
E003-2026-05-11,2026-05-11,2026-05-12,688668.SH,鼎通科技,通信,2.9,18.29,12.4,,5,12459.13,光纤、液冷服务器、英伟达、通信设备、铜缆高速连接,-2.39,11.1,3.17,11.9,14.09,11,2026-05-27,0.0,9.33,2.68,抗住且相对强,2026-05-25,通信设备,2,2,0,0
E003-2026-05-11,2026-05-11,2026-05-12,300698.SZ,万马科技,通信,0.88,1.91,1.22,,4,11235.5,光纤、液冷服务器、英伟达、通信设备,-2.63,1.03,3.72,-0.7,3.72,7,2026-05-21,-8.78,-0.74,2.68,补跌且弱于行业,2026-05-25,英伟达,-2,1,0,0
E003-2026-05-11,2026-05-11,2026-05-12,301387.SZ,光大同创,电子,0.6,6.06,1.48,历史新高,2,7113.66,共封装光学(CPO)、消费电子,8.37,17.2,30.33,25.77,36.04,9,2026-05-25,-18.98,3.9,0.14,抗住且相对强,2026-05-25,共封装光学(CPO),0,2,0,1
E003-2026-05-11,2026-05-11,2026-05-12,301205.SZ,联特科技,通信,2.52,29.38,13.66,,3,22713.04,共封装光学(CPO)、芯片、通信设备,-1.79,-3.8,-12.85,-9.52,5.03,1,2026-05-13,-18.35,-3.59,2.68,补跌且弱于行业,2026-05-25,芯片,-8,1,0,0
E003-2026-05-11,2026-05-11,2026-05-12,002396.SZ,星网锐捷,通信,9.99,20.2,44.9,20日新高,2,8505.95,共封装光学(CPO)、通信设备,-2.62,0.47,-4.36,-27.66,3.49,6,2026-05-20,-30.12,0.91,2.68,上涨但弱于行业,2026-05-25,共封装光学(CPO),-3,2,0,0
E003-2026-05-11,2026-05-11,2026-05-12,603083.SH,剑桥科技,通信,4.19,65.68,33.96,历史新高,3,12464.66,共封装光学(CPO)、液冷服务器、通信设备,-0.69,6.86,-5.4,8.19,10.34,9,2026-05-25,-10.82,-4.24,2.68,补跌且弱于行业,2026-05-25,共封装光学(CPO),0,2,0,1
E003-2026-05-11,2026-05-11,2026-05-12,300661.SZ,圣邦股份,电子,11.31,52.72,82.12,3年新高,4,29380.69,共封装光学(CPO)、半导体、存储芯片、芯片,4.37,8.92,6.04,12.85,15.49,11,2026-05-27,0.0,5.06,0.14,抗住且相对强,2026-05-25,半导体,2,3,1,0
E003-2026-05-11,2026-05-11,2026-05-12,300308.SZ,中际旭创,通信,6.11,293.99,104.76,历史新高,4,26671.75,共封装光学(CPO)、液冷服务器、芯片、通信设备,3.13,1.18,-2.42,8.35,9.17,11,2026-05-27,0.0,8.28,2.68,抗住且相对强,2026-05-25,芯片,2,3,1,0
E003-2026-05-11,2026-05-11,2026-05-12,688099.SH,晶晨股份,电子,0.35,25.48,1.77,120日新高,3,24706.53,共封装光学(CPO)、半导体、芯片,-3.49,8.23,-2.46,-0.24,8.23,5,2026-05-19,-6.85,-0.08,0.14,补跌且弱于行业,2026-05-20,半导体,-1,1,0,0
E003-2026-05-11,2026-05-11,2026-05-12,301419.SZ,阿莱德,通信,1.09,2.2,1.62,,4,17138.82,共封装光学(CPO)、存储芯片、液冷服务器、通信设备,-4.12,-6.02,-1.25,5.51,10.34,11,2026-05-27,0.0,3.36,2.68,抗住且相对强,2026-05-25,存储芯片,2,2,0,0
E003-2026-05-11,2026-05-11,2026-05-12,300502.SZ,新易盛,通信,2.18,318.12,38.88,,3,22713.04,共封装光学(CPO)、芯片、通信设备,2.96,-3.38,-4.48,18.14,18.14,10,2026-05-26,-0.84,5.11,2.68,抗住且相对强,2026-05-25,芯片,1,3,1,1
E003-2026-05-11,2026-05-11,2026-05-12,300285.SZ,国瓷材料,电子,1.1,28.14,5.84,20日新高,3,23392.67,共封装光学(CPO)、氢能源、芯片,-4.17,7.02,1.27,21.07,24.73,9,2026-05-25,-5.41,5.94,0.14,抗住且相对强,2026-05-25,共封装光学(CPO),0,2,0,1
E003-2026-05-11,2026-05-11,2026-05-12,603052.SH,可川科技,电子,-2.89,12.35,-1,,3,21320.75,共封装光学(CPO)、消费电子、芯片,19.0,9.6,-1.23,2.52,21.01,2,2026-05-14,-24.65,10.0,0.14,抗住且相对强,2026-05-13,消费电子,1,2,0,1
E003-2026-05-11,2026-05-11,2026-05-12,601138.SH,工业富联,电子,4.06,176.46,53.93,,5,27078.23,共封装光学(CPO)、消费电子、液冷服务器、芯片、英伟达,5.0,6.46,1.71,8.66,10.0,1,2026-05-13,-1.18,-2.2,0.14,补跌且弱于行业,2026-05-13,英伟达,0,2,0,1
E003-2026-05-11,2026-05-11,2026-05-12,301666.SZ,大普微-UW,电子,-0.72,47.92,-1,历史新高,3,11017.38,半导体、存储芯片、英伟达,29.28,,,35.55,69.01,8,2026-05-22,-29.62,4.95,0.14,抗住且相对强,2026-05-25,半导体,-1,2,0,0
E003-2026-05-11,2026-05-11,2026-05-12,688008.SH,澜起科技,电子,18.52,268.86,303.67,历史新高,3,23425.7,半导体、存储芯片、芯片,3.02,2.66,8.92,13.12,18.02,9,2026-05-25,-7.72,-3.42,0.14,补跌且弱于行业,2026-05-25,半导体,0,2,0,1
E003-2026-05-11,2026-05-11,2026-05-12,300672.SZ,国科微,电子,9.76,36.62,59.06,3年新高,4,23967.16,半导体、存储芯片、星闪、芯片,0.96,2.92,11.36,42.21,50.39,11,2026-05-27,0.0,-0.89,0.14,补跌且弱于行业,2026-05-25,半导体,2,2,0,0
E003-2026-05-11,2026-05-11,2026-05-12,688449.SH,联芸科技,电子,2.7,19.33,11.87,历史新高,3,23425.7,半导体、存储芯片、芯片,-2.22,10.21,25.63,20.02,32.26,6,2026-05-20,-15.61,-2.16,0.14,补跌且弱于行业,2026-05-20,半导体,0,1,0,1
E003-2026-05-11,2026-05-11,2026-05-12,688693.SH,锴威特,电子,14.95,10.14,47.61,历史新高,2,18751.54,半导体、芯片,-1.06,-7.67,-15.64,-20.0,1.82,2,2026-05-14,-24.55,11.31,0.14,抗住且相对强,2026-05-15,半导体,-1,3,1,0
E003-2026-05-11,2026-05-11,2026-05-12,688515.SH,裕太微-U,电子,11.96,19.48,52.79,3年新高,3,19975.17,半导体、芯片、铜缆高速连接,-1.62,7.21,3.38,-1.89,13.64,6,2026-05-20,-18.84,-0.31,0.14,补跌且弱于行业,2026-05-20,半导体,0,2,0,1
E003-2026-05-11,2026-05-11,2026-05-12,301369.SZ,联动科技,电子,2.74,7.58,7.54,历史新高,3,19309.24,半导体、半导体设备、芯片,3.6,9.75,16.78,-10.63,17.31,8,2026-05-22,-31.29,5.56,0.14,抗住且相对强,2026-05-25,半导体,-1,2,0,0
E003-2026-05-11,2026-05-11,2026-05-12,688584.SH,上海合晶,电子,6.67,8.79,19.78,120日新高,2,18751.54,半导体、芯片,-7.11,-3.32,-2.96,-4.76,16.02,6,2026-05-20,-19.19,-0.43,0.14,补跌且弱于行业,2026-05-20,半导体,0,2,0,1
E003-2026-05-11,2026-05-11,2026-05-12,688233.SH,神工股份,电子,13.33,14.47,50.71,60日新高,3,23425.7,半导体、存储芯片、芯片,4.28,8.11,1.75,0.79,16.26,6,2026-05-20,-19.1,-2.47,0.14,补跌且弱于行业,2026-05-20,半导体,0,2,0,1
E003-2026-05-11,2026-05-11,2026-05-12,301629.SZ,矽电股份,电子,12.17,15.9,48.53,历史新高,4,23983.4,半导体、半导体设备、存储芯片、芯片,-1.15,1.62,-7.24,-7.24,3.79,6,2026-05-20,-16.39,4.62,0.14,抗住且相对强,2026-05-20,半导体,0,3,1,1
E003-2026-05-11,2026-05-11,2026-05-12,300604.SZ,长川科技,电子,20.0,97.3,197.28,历史新高,4,23983.4,半导体、半导体设备、存储芯片、芯片,-1.68,5.15,10.18,10.33,16.39,9,2026-05-25,-13.05,-2.44,0.14,补跌且弱于行业,2026-05-25,半导体,0,2,0,1
E003-2026-05-11,2026-05-11,2026-05-12,688041.SH,海光信息,电子,8.01,186.42,109.37,,2,18751.54,半导体、芯片,-13.22,-10.64,-12.08,-2.3,-0.29,1,2026-05-13,-8.99,0.0,0.14,上涨但弱于行业,2026-05-15,半导体,-2,1,0,0
E003-2026-05-11,2026-05-11,2026-05-12,688347.SH,华虹公司,电子,3.43,45.43,23.12,,3,23425.7,半导体、存储芯片、芯片,-6.58,-6.8,5.19,38.44,38.44,10,2026-05-26,-4.24,-2.28,0.14,补跌且弱于行业,2026-05-25,半导体,1,2,0,1
E003-2026-05-11,2026-05-11,2026-05-12,688107.SH,安路科技,电子,5.72,6.69,14.79,1年新高,2,18751.54,半导体、芯片,13.18,18.34,16.07,21.07,25.82,9,2026-05-25,-7.48,-1.1,0.14,补跌且弱于行业,2026-05-25,半导体,0,1,0,1
E003-2026-05-11,2026-05-11,2026-05-12,688432.SH,有研硅,电子,6.66,9.14,20.13,3年新高,3,23425.7,半导体、存储芯片、芯片,0.75,14.41,2.68,2.89,14.41,5,2026-05-19,-10.02,-1.99,0.14,补跌且弱于行业,2026-05-20,半导体,-1,2,0,0
E003-2026-05-11,2026-05-11,2026-05-12,688126.SH,沪硅产业,电子,5.22,38.68,32.46,120日新高,3,23425.7,半导体、存储芯片、芯片,-4.71,16.86,9.58,6.49,16.86,5,2026-05-19,-5.74,4.42,0.14,抗住且相对强,2026-05-20,半导体,-1,3,1,0
E003-2026-05-11,2026-05-11,2026-05-12,688785.SH,恒运昌,电子,9.14,6.48,23.27,20日新高,3,19309.24,半导体、半导体设备、芯片,8.26,8.75,5.1,-2.91,19.05,6,2026-05-20,-26.75,9.87,0.14,抗住且相对强,2026-05-20,半导体,0,3,1,1
E003-2026-05-11,2026-05-11,2026-05-12,688652.SH,京仪装备,电子,10.28,15.79,40.85,历史新高,4,23983.4,半导体、半导体设备、存储芯片、芯片,11.88,17.06,10.52,5.45,20.6,6,2026-05-20,-18.59,2.4,0.14,抗住且相对强,2026-05-20,半导体,0,3,1,1
E003-2026-05-11,2026-05-11,2026-05-12,688279.SH,峰岹科技,电子,6.63,7.45,18.1,120日新高,2,18751.54,半导体、芯片,2.15,6.17,4.04,6.09,8.91,8,2026-05-22,-8.21,0.08,0.14,上涨但弱于行业,2026-05-25,半导体,-1,2,0,0
E003-2026-05-11,2026-05-11,2026-05-12,603375.SH,盛景微,电子,0.59,3.53,1.11,1年新高,3,23425.7,半导体、存储芯片、芯片,2.39,2.33,8.84,14.89,16.42,9,2026-05-25,-7.24,-2.44,0.14,补跌且弱于行业,2026-05-25,半导体,0,1,0,1
E003-2026-05-11,2026-05-11,2026-05-12,688512.SH,慧智微-U,电子,3.26,2.62,5.28,120日新高,2,18751.54,半导体、芯片,14.35,12.43,3.99,15.75,24.78,8,2026-05-22,-13.76,-0.81,0.14,补跌且弱于行业,2026-05-25,半导体,-1,1,0,0
E003-2026-05-11,2026-05-11,2026-05-12,688729.SH,屹唐股份,电子,4.63,4.38,9.69,20日新高,4,23983.4,半导体、半导体设备、存储芯片、芯片,1.56,4.76,9.9,6.94,13.68,9,2026-05-25,-13.02,0.51,0.14,抗住且相对强,2026-05-25,半导体,0,2,0,1
E003-2026-05-11,2026-05-11,2026-05-12,603061.SH,金海通,电子,10.0,12.7,35.64,历史新高,3,19309.24,半导体、半导体设备、芯片,-1.18,1.09,0.8,-1.53,11.2,6,2026-05-20,-17.09,10.0,0.14,抗住且相对强,2026-05-20,半导体,0,3,1,1
E003-2026-05-11,2026-05-11,2026-05-12,688508.SH,芯朋微,电子,6.18,12.35,21.72,,3,19940.52,半导体、芯片、高压快充,-3.61,-0.68,-4.71,-1.3,0.04,9,2026-05-25,-4.04,7.83,0.14,抗住且相对强,2026-05-25,半导体,0,3,1,1
E003-2026-05-11,2026-05-11,2026-05-12,688653.SH,康希通信,电子,3.88,2.47,6.1,1年新高,3,19293.0,半导体、星闪、芯片,0.89,3.36,-3.17,0.51,4.37,9,2026-05-25,-5.7,-1.74,0.14,补跌且弱于行业,2026-05-25,半导体,0,1,0,1
E003-2026-05-11,2026-05-11,2026-05-12,688809.SH,强一股份,电子,7.14,12.79,25.53,,4,23983.4,半导体、半导体设备、存储芯片、芯片,2.86,9.12,10.34,12.87,20.85,6,2026-05-20,-14.81,-2.13,0.14,补跌且弱于行业,2026-05-20,半导体,0,2,0,1
E003-2026-05-11,2026-05-11,2026-05-12,301678.SZ,新恒汇,电子,2.91,2.21,4.33,,2,18751.54,半导体、芯片,-0.96,0.6,6.19,3.45,9.59,9,2026-05-25,-7.66,-1.92,0.14,补跌且弱于行业,2026-05-25,半导体,0,0,0,1
E003-2026-05-11,2026-05-11,2026-05-12,688200.SH,华峰测控,电子,8.42,12.05,29.23,,3,19309.24,半导体、半导体设备、芯片,10.28,15.98,15.63,18.31,27.94,6,2026-05-20,-18.38,1.65,0.14,抗住且相对强,2026-05-20,半导体,0,3,1,1
E003-2026-05-11,2026-05-11,2026-05-12,688981.SH,中芯国际,电子,1.84,100.17,18.42,,3,23425.7,半导体、存储芯片、芯片,-2.43,-2.59,4.3,22.3,27.89,9,2026-05-25,-8.02,-0.44,0.14,补跌且弱于行业,2026-05-25,半导体,0,2,0,1
E003-2026-05-11,2026-05-11,2026-05-12,688153.SH,唯捷创芯,电子,2.22,2.1,3.22,,3,19293.0,半导体、星闪、芯片,0.73,2.55,-3.07,0.27,3.74,9,2026-05-25,-6.41,-1.94,0.14,补跌且弱于行业,2026-05-25,半导体,0,1,0,1
E003-2026-05-11,2026-05-11,2026-05-12,688138.SH,清溢光电,电子,2.47,2.76,4.1,120日新高,2,18751.54,半导体、芯片,2.33,5.35,-0.12,4.1,9.49,9,2026-05-25,-7.56,-1.48,0.14,补跌且弱于行业,2026-05-25,半导体,0,1,0,1
E003-2026-05-11,2026-05-11,2026-05-12,300623.SZ,捷捷微电,电子,2.16,10.76,7.09,20日新高,3,19940.52,半导体、芯片、高压快充,-1.05,4.92,3.99,12.62,17.35,9,2026-05-25,-1.79,1.69,0.14,抗住且相对强,2026-05-25,半导体,0,2,0,1
E003-2026-05-11,2026-05-11,2026-05-12,688209.SH,英集芯,电子,2.07,3.64,3.95,,2,18751.54,半导体、芯片,1.16,3.32,-3.74,-1.04,4.17,1,2026-05-13,-6.48,4.9,0.14,抗住且相对强,2026-05-15,半导体,-2,1,0,0
E003-2026-05-11,2026-05-11,2026-05-12,688582.SH,芯动联科,电子,-0.45,3.42,-0.83,,2,18751.54,半导体、芯片,-0.39,0.06,-5.33,1.09,5.46,9,2026-05-25,-8.75,-1.37,0.14,补跌且弱于行业,2026-05-25,半导体,0,0,0,1
E003-2026-05-11,2026-05-11,2026-05-12,688252.SH,天德钰,电子,2.19,2.24,3.28,20日新高,3,19940.52,半导体、芯片、高压快充,-0.29,0.8,-3.19,2.52,4.11,9,2026-05-25,-4.2,0.13,0.14,上涨但弱于行业,2026-05-25,半导体,0,1,0,1
E003-2026-05-11,2026-05-11,2026-05-12,300831.SZ,派瑞股份,电子,0.44,4.43,0.93,,3,20497.64,半导体、特高压、芯片,14.71,9.89,11.72,20.12,27.45,11,2026-05-27,0.0,0.14,0.14,上涨但弱于行业,2026-05-25,半导体,2,1,0,0
E003-2026-05-11,2026-05-11,2026-05-12,688259.SH,创耀科技,电子,1.76,1.23,1.95,20日新高,3,19293.0,半导体、星闪、芯片,-0.35,1.34,-1.82,7.35,7.35,10,2026-05-26,-4.78,-0.8,0.14,补跌且弱于行业,2026-05-25,半导体,1,1,0,1
E003-2026-05-11,2026-05-11,2026-05-12,688325.SH,赛微微电,电子,3.86,3.5,7.22,,2,18751.54,半导体、芯片,-9.98,3.53,-3.24,-6.73,4.43,6,2026-05-20,-14.76,-0.45,0.14,补跌且弱于行业,2026-05-20,半导体,0,0,0,1
E003-2026-05-11,2026-05-11,2026-05-12,688486.SH,龙迅股份,电子,2.49,3.7,4.79,60日新高,3,20550.31,半导体、芯片、英伟达,4.33,6.08,1.44,0.02,8.56,6,2026-05-20,-10.84,-0.5,0.14,补跌且弱于行业,2026-05-20,半导体,0,1,0,1
E003-2026-05-11,2026-05-11,2026-05-12,688795.SH,摩尔线程-U,电子,1.99,31.74,11.21,,2,18751.54,半导体、芯片,-7.36,-0.13,-3.45,-1.27,1.31,9,2026-05-25,-7.32,0.02,0.14,上涨但弱于行业,2026-05-25,半导体,0,0,0,1
E003-2026-05-11,2026-05-11,2026-05-12,688721.SH,龙图光罩,电子,2.75,1.44,3.3,,2,18751.54,半导体、芯片,1.43,3.79,0.02,7.54,8.86,9,2026-05-25,-7.37,1.82,0.14,抗住且相对强,2026-05-25,半导体,0,1,0,1
E003-2026-05-11,2026-05-11,2026-05-12,003026.SZ,中晶科技,电子,1.69,7.28,4.56,,2,18751.54,半导体、芯片,-5.62,-2.91,-10.76,-14.52,-1.86,6,2026-05-20,-13.06,7.5,0.14,抗住且相对强,2026-05-20,半导体,0,1,0,1
E003-2026-05-11,2026-05-11,2026-05-12,688702.SH,盛科通信-U,电子,3.94,42.29,25.62,,2,18751.54,半导体、芯片,-4.43,5.97,0.9,-1.07,6.34,9,2026-05-25,-11.85,-6.82,0.14,补跌且弱于行业,2026-05-25,半导体,0,1,0,1
E003-2026-05-11,2026-05-11,2026-05-12,301382.SZ,蜂助手,通信,5.91,12.31,20.74,1年新高,2,1232.09,华为手机、通信服务,0.31,2.39,-2.95,1.76,5.59,9,2026-05-25,-11.58,-1.25,2.68,补跌且弱于行业,2026-05-25,华为手机,0,2,0,1
E003-2026-05-11,2026-05-11,2026-05-12,600203.SH,福日电子,电子,-0.38,3.73,-0.73,,2,1881.19,华为手机、消费电子,-2.93,-2.39,-7.71,7.86,7.86,10,2026-05-26,-4.32,-1.82,0.14,补跌且弱于行业,2026-05-25,华为手机,1,0,0,1
E003-2026-05-11,2026-05-11,2026-05-12,300256.SZ,星星科技,电子,-0.58,0.91,-0.55,,2,1881.19,华为手机、消费电子,-3.24,-0.88,-3.24,-0.59,0.59,1,2026-05-13,-4.71,-0.58,0.14,补跌且弱于行业,2026-05-13,消费电子,0,0,0,1
E003-2026-05-11,2026-05-11,2026-05-12,600577.SH,精达股份,电力设备,0.59,8.94,1.76,20日新高,4,4591.86,可控核聚变、电网设备、铜缆高速连接、高压快充,3.46,6.4,4.34,9.56,10.22,9,2026-05-25,-5.81,-0.87,-1.05,补跌但相对强,2026-05-25,高压快充,0,2,0,1
E003-2026-05-11,2026-05-11,2026-05-12,688103.SH,国力电子,电子,7.0,2.8,11.71,60日新高,4,18537.44,可控核聚变、特高压、芯片、高压快充,2.8,4.88,3.53,3.12,7.93,8,2026-05-22,-5.23,-2.01,0.14,补跌且弱于行业,2026-05-25,高压快充,-1,1,0,0
E003-2026-05-11,2026-05-11,2026-05-12,600550.SH,保变电气,电力设备,1.88,11.44,6.36,,4,5266.14,可控核聚变、特高压、电网设备、虚拟电厂,-8.67,-6.0,-13.94,-18.73,1.58,1,2026-05-13,-21.09,5.16,-1.05,抗住且相对强,2026-05-13,电网设备,0,2,0,1
E003-2026-05-11,2026-05-11,2026-05-12,002366.SZ,融发核电,电力设备,1.32,4.86,2.91,20日新高,2,5142.51,可控核聚变、风电,-0.39,-0.92,-7.08,-10.48,3.15,1,2026-05-13,-13.11,-0.52,-1.05,补跌但相对强,2026-05-25,风电,-8,2,0,0
E003-2026-05-11,2026-05-11,2026-05-12,600973.SH,宝胜股份,电力设备,-1.05,2.59,-1,,3,3402.88,可控核聚变、电网设备、铜缆高速连接,-5.86,-4.71,-12.23,-8.54,0.89,1,2026-05-13,-10.7,4.25,-1.05,抗住且相对强,2026-05-13,电网设备,0,2,0,1
E003-2026-05-11,2026-05-11,2026-05-12,688159.SH,有方科技,通信,10.66,7.47,29.14,60日新高,3,7766.58,存储芯片、星闪、通信设备,5.02,4.04,-11.63,-13.36,12.54,2,2026-05-14,-29.51,7.13,2.68,抗住且相对强,2026-05-15,存储芯片,-1,3,1,0
E003-2026-05-11,2026-05-11,2026-05-12,300475.SZ,香农芯创,电子,6.94,132.89,80.0,,2,18881.25,存储芯片、芯片,3.14,2.31,-3.72,5.59,10.81,9,2026-05-25,-6.41,-4.63,0.14,补跌且弱于行业,2026-05-25,存储芯片,0,1,0,1
E003-2026-05-11,2026-05-11,2026-05-12,000670.SZ,盈方微,电子,1.61,4.76,3.51,,2,18881.25,存储芯片、芯片,2.12,3.86,0.75,23.91,23.91,10,2026-05-26,-9.84,-1.95,0.14,补跌且弱于行业,2026-05-25,存储芯片,1,0,0,1
E003-2026-05-11,2026-05-11,2026-05-12,688573.SH,信宇人,电力设备,2.24,0.98,2.22,,3,9016.11,存储芯片、氢能源、钙钛矿电池,0.51,2.95,-2.32,-5.31,3.54,6,2026-05-20,-10.65,-1.98,-1.05,补跌且弱于行业,2026-05-20,存储芯片,0,1,0,1
E003-2026-05-11,2026-05-11,2026-05-12,300650.SZ,太龙股份,电子,1.67,1.7,2.18,20日新高,2,18881.25,存储芯片、芯片,-1.98,-2.04,-7.08,-7.38,1.32,1,2026-05-13,-11.52,-2.46,0.14,补跌且弱于行业,2026-05-15,存储芯片,-2,1,0,0
E003-2026-05-11,2026-05-11,2026-05-12,002055.SZ,ST得润,电子,-0.33,1.48,-0.4,,4,8245.44,存储芯片、消费电子、铜缆高速连接、高压快充,-2.84,7.19,14.21,32.27,32.27,10,2026-05-26,-6.52,-2.29,0.14,补跌且弱于行业,2026-05-25,铜缆高速连接,1,1,0,1
E003-2026-05-11,2026-05-11,2026-05-12,300991.SZ,创益通,电子,-3.8,2.36,-1,,2,5897.79,存储芯片、铜缆高速连接,-4.29,-0.67,-7.74,-10.43,0.54,6,2026-05-20,-8.34,-1.94,0.14,补跌且弱于行业,2026-05-20,存储芯片,0,0,0,1
E003-2026-05-11,2026-05-11,2026-05-12,688548.SH,广钢气体,电子,3.29,12.45,11.61,,3,22111.84,存储芯片、氢能源、芯片,12.22,22.85,8.62,4.84,22.85,5,2026-05-19,-17.45,-0.84,0.14,补跌且弱于行业,2026-05-20,存储芯片,-1,1,0,0
E003-2026-05-11,2026-05-11,2026-05-12,301189.SZ,奥尼电子,电子,-0.51,10.09,-1,,3,3498.9,星闪、消费电子、英伟达,17.58,13.38,6.84,20.81,20.81,10,2026-05-26,-3.9,-10.82,0.14,补跌且弱于行业,2026-05-25,英伟达,1,1,0,1
E003-2026-05-11,2026-05-11,2026-05-12,002888.SZ,惠威科技,电子,2.15,0.67,1.76,20日新高,2,1700.13,星闪、消费电子,5.51,13.66,21.24,-6.26,21.24,7,2026-05-21,-30.15,1.77,0.14,抗住且相对强,2026-05-25,消费电子,-2,2,0,0
E003-2026-05-11,2026-05-11,2026-05-12,002351.SZ,漫步者,电子,-0.53,0.92,-0.51,,2,1700.13,星闪、消费电子,4.77,5.14,0.64,3.58,5.14,5,2026-05-19,-2.66,-3.71,0.14,补跌且弱于行业,2026-05-25,消费电子,-4,0,0,0
E003-2026-05-11,2026-05-11,2026-05-12,000922.SZ,佳电股份,电力设备,9.98,5.22,22.8,3年新高,2,6977.83,氢能源、风电,-5.0,-2.83,-20.74,-17.36,0.3,1,2026-05-13,-18.44,-2.87,-1.05,补跌且弱于行业,2026-05-25,风电,-8,2,0,0
E003-2026-05-11,2026-05-11,2026-05-12,300340.SZ,科恒股份,电力设备,1.4,0.73,1.2,,2,4341.95,氢能源、钙钛矿电池,-3.38,-3.38,-9.25,-10.59,1.07,1,2026-05-13,-14.06,-3.02,-1.05,补跌且弱于行业,2026-05-19,钙钛矿电池,-4,0,0,0
E003-2026-05-11,2026-05-11,2026-05-12,688349.SH,三一重能,电力设备,0.08,2.43,0.12,,2,6977.83,氢能源、风电,-6.05,-5.97,-6.86,-7.71,1.35,1,2026-05-13,-11.05,-5.18,-1.05,补跌且弱于行业,2026-05-25,风电,-8,0,0,0
E003-2026-05-11,2026-05-11,2026-05-12,002498.SZ,汉缆股份,电力设备,-0.22,15.52,-0.87,,4,9507.91,氢能源、特高压、电网设备、风电,-4.4,-1.6,-12.49,-11.39,9.99,1,2026-05-13,-22.08,10.0,-1.05,抗住且相对强,2026-05-13,电网设备,0,2,0,1
E003-2026-05-11,2026-05-11,2026-05-12,300409.SZ,道氏技术,电力设备,-1.0,11.45,-1,,2,17437.68,氢能源、芯片,-4.92,-2.98,-6.3,-4.58,-0.42,1,2026-05-13,-4.62,-5.35,-1.05,补跌且弱于行业,2026-05-25,芯片,-8,0,0,0
E003-2026-05-11,2026-05-11,2026-05-12,300481.SZ,濮阳惠成,电子,2.17,1.44,2.6,,2,6977.83,氢能源、风电,1.56,2.99,2.11,11.62,11.62,10,2026-05-26,-4.82,-2.26,0.14,补跌且弱于行业,2026-05-25,风电,1,0,0,1
E003-2026-05-11,2026-05-11,2026-05-12,002531.SZ,天顺风能,电力设备,-3.17,6.19,-1,,2,6977.83,氢能源、风电,7.61,3.46,-2.85,5.28,7.61,3,2026-05-15,-4.76,2.21,-1.05,抗住且相对强,2026-05-25,风电,-6,1,0,0
E003-2026-05-11,2026-05-11,2026-05-12,688778.SH,厦钨新能,电力设备,-1.39,7.35,-1,,1,3230.59,氢能源,-7.55,-8.52,-9.96,-11.49,0.42,1,2026-05-13,-14.34,-4.01,-1.05,补跌且弱于行业,,,,0,0,0
E003-2026-05-11,2026-05-11,2026-05-12,600130.SH,波导股份,电子,5.37,17.39,22.39,1年新高,1,1158.67,消费电子,1.11,2.37,-13.13,-20.25,5.06,4,2026-05-18,-24.68,-2.47,0.14,补跌且弱于行业,2026-05-13,消费电子,3,2,0,0
E003-2026-05-11,2026-05-11,2026-05-12,603629.SH,利通电子,电子,-2.85,69.75,-1,,4,21123.24,消费电子、液冷服务器、芯片、英伟达,8.27,11.01,14.39,34.99,36.35,11,2026-05-27,0.0,-3.57,0.14,补跌且弱于行业,2026-05-25,芯片,2,1,0,0
E003-2026-05-11,2026-05-11,2026-05-12,002655.SZ,共达电声,电子,-7.67,38.47,-1,历史新高,2,15365.76,消费电子、芯片,7.28,-4.65,-1.38,6.02,11.5,11,2026-05-27,0.0,-4.12,0.14,补跌且弱于行业,2026-05-25,芯片,2,1,0,0
E003-2026-05-11,2026-05-11,2026-05-12,688775.SH,影石创新,电子,7.98,7.58,21.97,20日新高,2,15365.76,消费电子、芯片,2.48,-1.21,-7.34,-14.04,4.98,1,2026-05-13,-21.34,-2.86,0.14,补跌且弱于行业,2026-05-13,消费电子,0,2,0,1
E003-2026-05-11,2026-05-11,2026-05-12,301389.SZ,隆扬电子,电子,1.45,9.53,4.48,,1,1158.67,消费电子,-5.15,-5.05,-7.41,8.48,11.35,9,2026-05-25,-3.16,3.57,0.14,抗住且相对强,2026-05-25,消费电子,0,1,0,1
E003-2026-05-11,2026-05-11,2026-05-12,301626.SZ,苏州天脉,电子,0.85,8.9,2.54,历史新高,2,5117.38,消费电子、液冷服务器,-3.34,-5.18,-4.0,12.87,15.38,11,2026-05-27,0.0,-3.46,0.14,补跌且弱于行业,2026-05-25,消费电子,2,1,0,0
E003-2026-05-11,2026-05-11,2026-05-12,301326.SZ,捷邦科技,电子,-0.91,4.33,-1,,3,19324.47,消费电子、液冷服务器、芯片,-4.92,-8.26,-4.67,-8.0,3.63,2,2026-05-14,-15.01,-1.99,0.14,补跌且弱于行业,2026-05-13,消费电子,1,1,0,1
E003-2026-05-11,2026-05-11,2026-05-12,300951.SZ,博硕科技,电子,3.55,1.36,4.14,,1,1158.67,消费电子,3.29,7.35,4.86,12.81,13.3,9,2026-05-25,-0.71,0.66,0.14,抗住且相对强,2026-05-25,消费电子,0,1,0,1
E003-2026-05-11,2026-05-11,2026-05-12,300784.SZ,利安科技,电子,1.51,0.43,0.99,20日新高,1,1158.67,消费电子,0.27,2.48,-2.31,-6.81,3.64,4,2026-05-18,-16.15,-0.81,0.14,补跌且弱于行业,2026-05-13,消费电子,3,1,0,0
E003-2026-05-11,2026-05-11,2026-05-12,301491.SZ,汉桑科技,电子,1.23,0.6,0.95,20日新高,1,1158.67,消费电子,0.61,1.12,-3.67,-8.83,1.52,2,2026-05-14,-12.4,-2.27,0.14,补跌且弱于行业,2026-05-13,消费电子,1,1,0,1
E003-2026-05-11,2026-05-11,2026-05-12,300822.SZ,贝仕达克,电子,-0.51,0.58,-0.39,20日新高,1,1158.67,消费电子,-0.26,0.99,-2.11,-2.9,0.99,5,2026-05-19,-7.11,-2.94,0.14,补跌且弱于行业,2026-05-25,消费电子,-4,1,0,0
E003-2026-05-11,2026-05-11,2026-05-12,603380.SH,易德龙,电子,-2.19,1.56,-1,,1,1158.67,消费电子,0.27,16.49,15.41,8.65,16.54,8,2026-05-22,-12.35,-3.55,0.14,补跌且弱于行业,2026-05-25,消费电子,-1,0,0,0
E003-2026-05-11,2026-05-11,2026-05-12,688661.SH,和林微纳,电子,1.14,9.33,3.48,,3,17164.53,消费电子、芯片、英伟达,-3.42,0.84,-6.94,-6.32,5.69,6,2026-05-20,-20.45,-3.75,0.14,补跌且弱于行业,2026-05-25,芯片,-3,1,0,0
E003-2026-05-11,2026-05-11,2026-05-12,300647.SZ,超频三,电子,0.0,0.99,0.0,,2,5117.38,消费电子、液冷服务器,-0.29,0.0,-3.89,-4.03,2.02,1,2026-05-13,-9.65,-1.84,0.14,补跌且弱于行业,2026-05-13,消费电子,0,0,0,1
E003-2026-05-11,2026-05-11,2026-05-12,300032.SZ,金龙机电,电子,-0.56,1.72,-0.73,,1,1158.67,消费电子,-3.09,-1.55,-5.8,-10.06,1.74,1,2026-05-13,-14.7,-2.64,0.14,补跌且弱于行业,2026-05-13,消费电子,0,0,0,1
E003-2026-05-11,2026-05-11,2026-05-12,300686.SZ,智动力,电子,-2.49,2.29,-1,,1,1158.67,消费电子,-6.09,4.97,-2.35,-3.91,5.14,6,2026-05-20,-12.4,-0.78,0.14,补跌且弱于行业,2026-05-25,消费电子,-3,0,0,0
E003-2026-05-11,2026-05-11,2026-05-12,603881.SH,数据港,通信,5.25,59.28,40.42,20日新高,2,4468.28,液冷服务器、通信服务,0.7,6.21,-6.09,-7.81,7.9,1,2026-05-13,-17.7,-4.92,2.68,补跌且弱于行业,2026-05-13,通信服务,0,2,0,1
E003-2026-05-11,2026-05-11,2026-05-12,300442.SZ,润泽科技,通信,-0.17,74.11,-1,20日新高,2,4468.28,液冷服务器、通信服务,12.13,7.61,0.22,-2.59,12.13,3,2026-05-15,-19.69,-6.67,2.68,补跌且弱于行业,2026-05-13,通信服务,2,1,0,0
E003-2026-05-11,2026-05-11,2026-05-12,300689.SZ,澄天伟业,通信,3.49,1.66,4.5,20日新高,3,20716.76,液冷服务器、芯片、通信设备,0.29,1.15,-5.55,-1.64,3.86,6,2026-05-20,-10.07,3.25,2.68,抗住且相对强,2026-05-25,芯片,-3,2,0,0
E003-2026-05-11,2026-05-11,2026-05-12,300383.SZ,光环新网,通信,-0.29,24.57,-1,,2,4468.28,液冷服务器、通信服务,0.48,4.45,-8.18,-8.84,7.04,1,2026-05-13,-20.63,-3.15,2.68,补跌且弱于行业,2026-05-13,通信服务,0,0,0,1
E003-2026-05-11,2026-05-11,2026-05-12,300603.SZ,立昂技术,通信,-0.55,2.68,-0.9,,2,4468.28,液冷服务器、通信服务,-5.28,13.49,3.02,-0.75,13.49,5,2026-05-19,-19.25,-2.39,2.68,补跌且弱于行业,2026-05-13,通信服务,4,0,0,0
E003-2026-05-11,2026-05-11,2026-05-12,688191.SH,智洋创新,电力设备,-2.81,5.71,-1,20日新高,2,5493.34,特高压、风电,-2.58,8.62,-1.27,7.29,10.86,6,2026-05-20,-9.89,1.58,-1.05,抗住且相对强,2026-05-25,风电,-3,2,0,0
E003-2026-05-11,2026-05-11,2026-05-12,603530.SH,神马电力,电力设备,-1.49,5.54,-1,20日新高,3,6277.32,特高压、电网设备、风电,-12.99,-10.37,-13.67,-16.2,1.73,1,2026-05-13,-18.21,5.18,-1.05,抗住且相对强,2026-05-13,电网设备,0,2,0,1
E003-2026-05-11,2026-05-11,2026-05-12,300427.SZ,红相股份,电力设备,-0.62,3.02,-1,,4,20484.41,特高压、电网设备、芯片、风电,-9.89,-9.8,-18.76,-18.93,0.68,1,2026-05-13,-21.74,4.55,-1.05,抗住且相对强,2026-05-13,电网设备,0,2,0,1
E003-2026-05-11,2026-05-11,2026-05-12,300018.SZ,中元股份,电力设备,0.0,2.63,0.0,,2,2530.08,特高压、电网设备,2.64,14.84,3.5,2.28,14.84,5,2026-05-19,-14.91,-2.09,-1.05,补跌且弱于行业,2026-05-19,电网设备,0,0,0,1
E003-2026-05-11,2026-05-11,2026-05-12,002576.SZ,通达动力,电力设备,-0.42,1.18,-0.46,20日新高,2,5493.34,特高压、风电,0.0,1.21,-0.21,6.65,6.65,10,2026-05-26,-5.59,-1.15,-1.05,补跌且弱于行业,2026-05-25,风电,1,1,0,1
E003-2026-05-11,2026-05-11,2026-05-12,002270.SZ,华明装备,电力设备,2.15,7.54,5.9,,2,2530.08,特高压、电网设备,-6.05,-4.06,-10.61,-9.25,1.68,1,2026-05-13,-10.96,1.83,-1.05,抗住且相对强,2026-05-13,电网设备,0,1,0,1
E003-2026-05-11,2026-05-11,2026-05-12,603016.SH,新宏泰,电力设备,-2.68,2.32,-1,,2,2530.08,特高压、电网设备,0.91,-4.53,-6.67,-8.3,9.37,2,2026-05-14,-20.47,-2.15,-1.05,补跌且弱于行业,2026-05-13,电网设备,1,0,0,1
E003-2026-05-11,2026-05-11,2026-05-12,603897.SH,长城科技,电力设备,-2.09,10.62,-1,,1,783.98,电网设备,0.18,-0.11,-1.59,-10.97,2.23,4,2026-05-18,-13.91,1.25,-1.05,抗住且相对强,2026-05-19,电网设备,-1,1,0,0
E003-2026-05-11,2026-05-11,2026-05-12,002346.SZ,柘中股份,电力设备,1.26,0.67,1.03,,1,783.98,电网设备,-1.23,2.11,-0.1,8.59,8.59,10,2026-05-26,0.0,9.99,-1.05,抗住且相对强,2026-05-19,电网设备,5,1,0,0
E003-2026-05-11,2026-05-11,2026-05-12,300407.SZ,凯发电气,电力设备,0.88,1.09,0.92,,1,783.98,电网设备,-3.14,-1.61,-8.92,-1.32,0.15,1,2026-05-13,-4.31,-0.44,-1.05,补跌但相对强,2026-05-13,电网设备,0,1,0,1
E003-2026-05-11,2026-05-11,2026-05-12,002441.SZ,众业达,电力设备,0.49,0.82,0.44,,2,4531.22,电网设备、风电,0.1,3.73,-1.37,-2.94,3.73,5,2026-05-19,-8.34,-0.97,-1.05,补跌但相对强,2026-05-19,电网设备,0,1,0,1
E003-2026-05-11,2026-05-11,2026-05-12,002546.SZ,新联电子,电力设备,0.0,1.49,0.0,,2,2124.77,电网设备、虚拟电厂,-3.29,-1.06,-8.34,-8.34,4.11,1,2026-05-13,-13.87,0.35,-1.05,抗住且相对强,2026-05-13,电网设备,0,1,0,1
E003-2026-05-11,2026-05-11,2026-05-12,300514.SZ,友讯达,电力设备,-0.16,0.43,-0.1,,3,16331.86,电网设备、芯片、虚拟电厂,-3.33,0.0,-6.11,-8.49,0.63,1,2026-05-13,-11.19,-0.63,-1.05,补跌但相对强,2026-05-13,电网设备,0,2,0,1
E003-2026-05-11,2026-05-11,2026-05-12,300360.SZ,炬华科技,电力设备,0.87,1.4,1.03,,3,3313.75,电网设备、虚拟电厂、高压快充,-2.38,-0.88,-2.99,-0.88,1.56,1,2026-05-13,-3.33,-1.93,-1.05,补跌且弱于行业,2026-05-13,电网设备,0,1,0,1
E003-2026-05-11,2026-05-11,2026-05-12,301668.SZ,昊创瑞通,电力设备,-0.79,0.65,-0.64,,2,4531.22,电网设备、风电,-3.06,-2.12,-8.72,-9.64,3.71,1,2026-05-13,-15.29,-0.95,-1.05,补跌但相对强,2026-05-13,电网设备,0,1,0,1
E003-2026-05-11,2026-05-11,2026-05-12,601616.SH,广电电气,电力设备,-0.42,1.29,-0.48,,2,4531.22,电网设备、风电,-5.49,1.27,-8.02,-9.28,2.95,1,2026-05-13,-12.87,1.07,-1.05,抗住且相对强,2026-05-13,电网设备,0,1,0,1
E003-2026-05-11,2026-05-11,2026-05-12,002882.SZ,金龙羽,电力设备,0.3,1.24,0.33,,1,783.98,电网设备,-1.93,-5.48,-7.49,-10.93,1.06,1,2026-05-13,-14.14,-1.86,-1.05,补跌且弱于行业,2026-05-13,电网设备,0,0,0,1
E003-2026-05-11,2026-05-11,2026-05-12,603606.SH,东方电缆,电力设备,0.44,9.64,1.37,,2,4531.22,电网设备、风电,-5.49,-4.17,-7.77,-25.89,3.11,1,2026-05-13,-30.92,0.18,-1.05,抗住且相对强,2026-05-13,电网设备,0,1,0,1
E003-2026-05-11,2026-05-11,2026-05-12,688330.SH,宏力达,电力设备,1.18,1.12,1.25,,1,783.98,电网设备,-1.5,1.63,-5.53,-1.5,2.71,1,2026-05-13,-6.39,-1.75,-1.05,补跌且弱于行业,2026-05-13,电网设备,0,0,0,1
E003-2026-05-11,2026-05-11,2026-05-12,688539.SH,高华科技,电子,3.5,2.99,6.05,,1,14207.09,芯片,-8.6,-5.04,-10.99,-12.4,-2.08,1,2026-05-13,-13.07,-3.68,0.14,补跌且弱于行业,2026-05-25,芯片,-8,0,0,0
E003-2026-05-11,2026-05-11,2026-05-12,603322.SH,超讯通信,通信,-0.08,2.79,-0.13,,1,14207.09,芯片,-0.06,9.0,-0.64,-3.55,9.0,5,2026-05-19,-16.3,-1.7,2.68,补跌且弱于行业,2026-05-25,芯片,-4,0,0,0
E003-2026-05-11,2026-05-11,2026-05-12,688027.SH,国盾量子,通信,5.57,27.47,29.19,20日新高,2,16758.05,芯片、通信设备,-3.81,-3.15,-10.64,2.35,6.31,9,2026-05-25,-9.38,-3.29,2.68,补跌且弱于行业,2026-05-25,芯片,0,2,0,1
E003-2026-05-11,2026-05-11,2026-05-12,688006.SH,杭可科技,电力设备,3.13,5.85,7.57,,1,14207.09,芯片,-4.41,0.65,0.09,2.63,4.14,8,2026-05-22,-6.89,-0.32,-1.05,补跌但相对强,2026-05-25,芯片,-1,1,0,0
E003-2026-05-11,2026-05-11,2026-05-12,688100.SH,威胜信息,通信,1.05,1.75,1.39,,3,18098.84,芯片、虚拟电厂、通信设备,0.5,4.34,0.66,4.13,6.32,9,2026-05-25,-3.94,-1.54,2.68,补跌且弱于行业,2026-05-25,芯片,0,1,0,1
E003-2026-05-11,2026-05-11,2026-05-12,688592.SH,司南导航,通信,-1.07,0.78,-0.94,,2,16758.05,芯片、通信设备,-2.39,-4.38,-8.46,-9.87,-0.15,1,2026-05-13,-12.36,-1.94,2.68,补跌且弱于行业,2026-05-25,芯片,-8,0,0,0
E003-2026-05-11,2026-05-11,2026-05-12,300211.SZ,*ST亿通,通信,-0.75,0.46,-0.51,60日新高,1,14207.09,芯片,0.54,-2.28,-5.97,-5.1,0.65,1,2026-05-13,-6.62,0.11,2.68,上涨但弱于行业,2026-05-25,芯片,-8,1,0,0
E003-2026-05-11,2026-05-11,2026-05-12,002148.SZ,北纬科技,通信,0.61,1.14,0.65,20日新高,2,14716.66,芯片、通信服务,-5.29,-1.6,-9.47,-13.04,-0.12,1,2026-05-13,-16.11,-1.33,2.68,补跌且弱于行业,2026-05-13,通信服务,0,1,0,1
E003-2026-05-11,2026-05-11,2026-05-12,300627.SZ,华测导航,通信,-0.48,4.82,-1,,3,17528.05,芯片、通信设备、雅下水电,-4.98,-4.18,-8.89,-9.66,-0.12,1,2026-05-13,-12.15,-2.81,2.68,补跌且弱于行业,2026-05-13,雅下水电,0,1,0,1
E003-2026-05-11,2026-05-11,2026-05-12,002104.SZ,恒宝股份,通信,-0.6,3.35,-1,,2,16758.05,芯片、通信设备,-5.69,-4.58,-8.05,-10.13,-0.56,1,2026-05-13,-12.98,-2.57,2.68,补跌且弱于行业,2026-05-25,芯片,-8,0,0,0
E003-2026-05-11,2026-05-11,2026-05-12,002161.SZ,远望谷,电子,1.11,1.52,1.37,,1,14207.09,芯片,-5.42,-1.57,-7.7,-6.99,0.14,4,2026-05-18,-8.42,-3.58,0.14,补跌且弱于行业,2026-05-25,芯片,-5,0,0,0
E003-2026-05-11,2026-05-11,2026-05-12,300590.SZ,移为通信,通信,0.59,4.51,1.25,,2,16758.05,芯片、通信设备,-1.97,0.07,-0.72,0.26,5.78,9,2026-05-25,-5.52,-1.04,2.68,补跌且弱于行业,2026-05-25,芯片,0,0,0,1
E003-2026-05-11,2026-05-11,2026-05-12,688683.SH,莱尔科技,电子,-0.9,0.74,-0.77,,1,14207.09,芯片,-2.51,2.66,-3.82,-3.27,4.79,6,2026-05-20,-9.19,-1.28,0.14,补跌且弱于行业,2026-05-25,芯片,-3,0,0,0
E003-2026-05-11,2026-05-11,2026-05-12,688148.SH,芳源股份,电力设备,0.09,3.75,0.17,,1,14207.09,芯片,-2.56,-5.41,-8.83,-12.44,3.04,1,2026-05-13,-18.04,-2.32,-1.05,补跌且弱于行业,2026-05-25,芯片,-8,0,0,0
E003-2026-05-11,2026-05-11,2026-05-12,603985.SH,恒润股份,电力设备,-2.9,11.45,-1,,2,5546.01,英伟达、风电,3.44,3.17,-4.36,-7.61,5.89,1,2026-05-13,-15.22,-6.04,-1.05,补跌且弱于行业,2026-05-13,英伟达,0,0,0,1
E003-2026-05-11,2026-05-11,2026-05-12,600734.SH,*ST实达,通信,5.19,0.17,2.14,,1,1340.79,虚拟电厂,-2.99,-2.14,-5.98,-12.82,2.14,1,2026-05-13,-12.82,4.93,2.68,抗住且相对强,2026-05-13,虚拟电厂,0,1,0,1
E003-2026-05-11,2026-05-11,2026-05-12,603559.SH,ST通脉,通信,5.04,0.36,3.02,60日新高,1,509.57,通信服务,9.58,2.18,2.5,1.09,9.58,3,2026-05-15,-5.44,5.03,2.68,抗住且相对强,2026-05-13,通信服务,2,2,0,0
E003-2026-05-11,2026-05-11,2026-05-12,000839.SZ,国安股份,通信,1.19,12.99,4.29,20日新高,1,509.57,通信服务,2.69,5.97,-5.07,-8.66,5.97,5,2026-05-19,-15.52,-1.47,2.68,补跌且弱于行业,2026-05-13,通信服务,4,1,0,0
E003-2026-05-11,2026-05-11,2026-05-12,301428.SZ,世纪恒通,通信,1.04,1.95,1.45,,1,509.57,通信服务,-0.28,4.3,-5.19,-6.24,4.3,5,2026-05-19,-13.45,-2.66,2.68,补跌且弱于行业,2026-05-13,通信服务,4,0,0,0
E003-2026-05-11,2026-05-11,2026-05-12,000889.SZ,中嘉博创,通信,-2.77,10.33,-1,,1,509.57,通信服务,1.78,-7.11,-19.96,-22.13,10.08,1,2026-05-13,-32.81,-3.8,2.68,补跌且弱于行业,2026-05-13,通信服务,0,0,0,1
E003-2026-05-11,2026-05-11,2026-05-12,301380.SZ,挖金客,通信,4.25,1.35,4.94,20日新高,1,509.57,通信服务,-3.48,5.94,-2.68,-7.97,5.94,5,2026-05-19,-18.32,-1.51,2.68,补跌且弱于行业,2026-05-13,通信服务,4,1,0,0
E003-2026-05-11,2026-05-11,2026-05-12,300921.SZ,南凌科技,通信,0.07,3.53,0.13,,1,509.57,通信服务,1.47,6.71,1.9,3.41,6.71,5,2026-05-19,-7.53,-1.94,2.68,补跌且弱于行业,2026-05-13,通信服务,4,0,0,0
E003-2026-05-11,2026-05-11,2026-05-12,603602.SH,纵横通信,通信,0.44,0.69,0.37,20日新高,1,509.57,通信服务,0.37,3.07,-0.73,1.54,4.39,1,2026-05-13,-5.56,0.07,2.68,上涨但弱于行业,2026-05-13,通信服务,0,1,0,1
E003-2026-05-11,2026-05-11,2026-05-12,300578.SZ,会畅科技,通信,-0.84,2.35,-1,,1,509.57,通信服务,-2.57,1.87,-7.7,-10.64,1.87,5,2026-05-19,-14.71,-3.95,2.68,补跌且弱于行业,2026-05-13,通信服务,4,0,0,0
E003-2026-05-11,2026-05-11,2026-05-12,002467.SZ,二六三,通信,0.28,7.29,0.76,,1,509.57,通信服务,-2.32,0.29,-7.1,-13.77,1.88,1,2026-05-13,-19.71,-2.54,2.68,补跌且弱于行业,2026-05-13,通信服务,0,0,0,1
E003-2026-05-11,2026-05-11,2026-05-12,300025.SZ,华星创业,通信,-0.17,0.94,-0.16,20日新高,1,509.57,通信服务,-2.21,0.0,-3.41,-8.35,0.34,1,2026-05-13,-11.75,-1.18,2.68,补跌且弱于行业,2026-05-13,通信服务,0,1,0,1
E003-2026-05-11,2026-05-11,2026-05-12,002123.SZ,梦网科技,通信,0.0,1.57,0.0,,1,509.57,通信服务,-4.77,6.42,-0.21,-1.45,6.42,5,2026-05-19,-11.09,-2.53,2.68,补跌且弱于行业,2026-05-13,通信服务,4,0,0,0
E003-2026-05-11,2026-05-11,2026-05-12,300597.SZ,吉大通信,通信,-0.3,0.53,-0.22,20日新高,1,509.57,通信服务,-1.71,3.63,-3.02,-4.84,3.63,5,2026-05-19,-12.7,-1.29,2.68,补跌且弱于行业,2026-05-13,通信服务,4,1,0,0
E003-2026-05-11,2026-05-11,2026-05-12,300959.SZ,线上线下,通信,-1.79,3.45,-1,,1,509.57,通信服务,48.89,58.2,60.46,96.42,103.6,11,2026-05-27,0.0,20.0,2.68,抗住且相对强,2026-05-13,通信服务,10,1,0,0
E003-2026-05-11,2026-05-11,2026-05-12,600289.SH,ST信通,通信,0.82,0.32,0.46,,1,509.57,通信服务,11.02,11.36,7.75,8.95,14.46,4,2026-05-18,-8.61,-5.07,2.68,补跌且弱于行业,2026-05-13,通信服务,3,0,0,0
E003-2026-05-11,2026-05-11,2026-05-12,688283.SH,坤恒顺维,通信,8.96,2.48,14.11,,1,2550.96,通信设备,-1.14,1.99,-6.28,-8.25,3.7,6,2026-05-20,-16.65,-1.62,2.68,补跌且弱于行业,2026-05-25,通信设备,-3,0,0,0
E003-2026-05-11,2026-05-11,2026-05-12,301577.SZ,美信科技,通信,4.12,1.72,5.4,20日新高,2,3739.94,通信设备、高压快充,3.46,4.4,-2.0,0.84,5.28,9,2026-05-25,-8.27,-1.8,2.68,补跌且弱于行业,2026-05-25,高压快充,0,1,0,1
E003-2026-05-11,2026-05-11,2026-05-12,600776.SH,东方通信,通信,1.35,11.61,4.6,,1,2550.96,通信设备,-10.25,-11.47,-17.65,-18.02,-3.28,1,2026-05-13,-16.49,0.85,2.68,上涨但弱于行业,2026-05-25,通信设备,-8,0,0,0
E003-2026-05-11,2026-05-11,2026-05-12,301314.SZ,科瑞思,通信,5.15,1.07,5.33,2年新高,1,2550.96,通信设备,-1.84,-1.0,-7.8,-7.27,-0.08,1,2026-05-13,-10.73,-4.52,2.68,补跌且弱于行业,2026-05-25,通信设备,-8,1,0,0
E003-2026-05-11,2026-05-11,2026-05-12,300098.SZ,高新兴,通信,2.39,5.67,5.69,20日新高,1,2550.96,通信设备,-4.99,-3.38,-7.73,-8.21,-1.61,1,2026-05-13,-7.73,3.5,2.68,抗住且相对强,2026-05-25,通信设备,-8,2,0,0
E003-2026-05-11,2026-05-11,2026-05-12,300555.SZ,ST路通,通信,4.4,0.67,3.6,20日新高,1,2550.96,通信设备,-3.56,-3.69,-6.16,-6.16,-1.03,1,2026-05-13,-7.32,1.11,2.68,上涨但弱于行业,2026-05-25,通信设备,-8,1,0,0
E003-2026-05-11,2026-05-11,2026-05-12,300615.SZ,欣天科技,通信,-0.21,0.73,-0.18,20日新高,1,2550.96,通信设备,0.63,6.01,-3.07,-10.41,6.01,5,2026-05-19,-19.29,-1.85,2.68,补跌且弱于行业,2026-05-25,通信设备,-4,1,0,0
E003-2026-05-11,2026-05-11,2026-05-12,002017.SZ,东信和平,通信,-0.59,2.46,-0.93,,1,2550.96,通信设备,-5.19,-4.02,-9.82,-10.43,0.41,1,2026-05-13,-14.81,-2.04,2.68,补跌且弱于行业,2026-05-25,通信设备,-8,0,0,0
E003-2026-05-11,2026-05-11,2026-05-12,300213.SZ,佳讯飞鸿,通信,-0.35,1.15,-0.38,20日新高,1,2550.96,通信设备,0.36,1.07,-5.7,-5.94,1.78,1,2026-05-13,-10.57,-1.98,2.68,补跌且弱于行业,2026-05-25,通信设备,-8,1,0,0
E003-2026-05-11,2026-05-11,2026-05-12,300628.SZ,亿联网络,通信,3.69,5.78,8.87,20日新高,1,2550.96,通信设备,-1.35,0.49,-3.24,-1.97,2.87,1,2026-05-13,-5.0,-0.44,2.68,补跌且弱于行业,2026-05-25,通信设备,-8,1,0,0
E003-2026-05-11,2026-05-11,2026-05-12,003040.SZ,楚天龙,通信,-0.26,0.92,-0.25,,1,2550.96,通信设备,-3.41,-3.41,-8.17,-6.96,-0.6,1,2026-05-13,-9.91,-1.39,2.68,补跌且弱于行业,2026-05-25,通信设备,-8,0,0,0
E003-2026-05-11,2026-05-11,2026-05-12,300205.SZ,*ST天喻,通信,-2.67,0.42,-1,,1,2550.96,通信设备,-4.85,0.5,0.67,-4.85,0.84,6,2026-05-20,-5.18,2.57,2.68,上涨但弱于行业,2026-05-25,通信设备,-3,0,0,0
E003-2026-05-11,2026-05-11,2026-05-12,301513.SZ,尚水智能,电力设备,-3.75,4.58,-1,,1,1111.36,钙钛矿电池,-4.65,-1.5,-3.99,-14.01,4.63,6,2026-05-20,-19.7,-1.21,-1.05,补跌且弱于行业,2026-05-19,钙钛矿电池,1,0,0,1
E003-2026-05-11,2026-05-11,2026-05-12,002130.SZ,沃尔核材,电子,-0.34,11.78,-1,,3,6159.85,铜缆高速连接、风电、高压快充,-5.7,-8.22,-14.21,-9.77,-0.21,1,2026-05-13,-7.55,1.49,0.14,抗住且相对强,2026-05-19,高压快充,-4,2,0,0
E003-2026-05-11,2026-05-11,2026-05-12,301232.SZ,飞沃科技,电力设备,6.52,22.1,30.65,历史新高,1,3747.24,风电,-4.51,-36.99,-38.29,-41.03,7.03,1,2026-05-13,-45.6,-8.73,-1.05,补跌且弱于行业,2026-05-25,风电,-8,2,0,0
E003-2026-05-11,2026-05-11,2026-05-12,603248.SH,锡华科技,电力设备,0.5,4.1,1.01,20日新高,1,3747.24,风电,9.46,7.9,1.42,-6.23,12.26,6,2026-05-20,-17.94,-4.44,-1.05,补跌且弱于行业,2026-05-25,风电,-3,1,0,0
E003-2026-05-11,2026-05-11,2026-05-12,301557.SZ,常友科技,电力设备,1.83,1.11,1.93,,1,3747.24,风电,-3.7,-0.99,-5.28,-1.94,0.94,9,2026-05-25,-4.07,-0.53,-1.05,补跌但相对强,2026-05-25,风电,0,1,0,1
E003-2026-05-11,2026-05-11,2026-05-12,301040.SZ,中环海陆,电力设备,4.14,1.82,5.59,,1,3747.24,风电,-2.01,4.3,-5.02,-1.71,12.71,4,2026-05-18,-19.96,1.03,-1.05,抗住且相对强,2026-05-25,风电,-5,1,0,0
E003-2026-05-11,2026-05-11,2026-05-12,603819.SH,神力股份,电力设备,-0.85,1.48,-1,,1,3747.24,风电,-2.08,-2.75,-6.44,-6.51,-1.41,8,2026-05-22,-9.12,-1.71,-1.05,补跌且弱于行业,2026-05-25,风电,-1,0,0,0
E003-2026-05-11,2026-05-11,2026-05-12,300904.SZ,威力传动,电力设备,-0.14,0.76,-0.12,20日新高,1,3747.24,风电,-0.33,1.93,-2.74,-8.2,1.93,5,2026-05-19,-14.25,-2.06,-1.05,补跌且弱于行业,2026-05-25,风电,-4,1,0,0
E003-2026-05-11,2026-05-11,2026-05-12,300443.SZ,金雷股份,电力设备,1.13,5.29,2.6,,1,3747.24,风电,-9.02,-10.17,-13.73,-7.24,1.45,1,2026-05-13,-10.5,-2.91,-1.05,补跌且弱于行业,2026-05-25,风电,-8,0,0,0
E003-2026-05-11,2026-05-11,2026-05-12,688660.SH,电气风电,电力设备,1.46,2.31,2.22,,1,3747.24,风电,-5.03,-3.19,-7.74,-10.53,2.79,1,2026-05-13,-18.6,-0.08,-1.05,补跌但相对强,2026-05-25,风电,-8,1,0,0
E003-2026-05-11,2026-05-11,2026-05-12,002823.SZ,凯中精密,电力设备,-1.7,1.47,-1,,1,3747.24,风电,0.91,0.12,-2.9,9.9,12.32,9,2026-05-25,-7.07,-1.31,-1.05,补跌且弱于行业,2026-05-25,风电,0,0,0,1
E003-2026-05-11,2026-05-11,2026-05-12,300690.SZ,双一科技,电力设备,-0.97,1.97,-1,,1,3747.24,风电,-2.69,-3.68,-9.85,-11.41,0.1,1,2026-05-13,-14.21,-1.24,-1.05,补跌且弱于行业,2026-05-25,风电,-8,0,0,0
E003-2026-05-11,2026-05-11,2026-05-12,301456.SZ,盘古智能,电力设备,0.76,0.58,0.58,,1,3747.24,风电,-0.22,3.17,-2.59,-2.21,3.17,5,2026-05-19,-9.09,-1.91,-1.05,补跌且弱于行业,2026-05-25,风电,-4,0,0,0
E003-2026-05-11,2026-05-11,2026-05-12,301155.SZ,海力风电,电力设备,2.33,3.37,4.28,,1,3747.24,风电,8.9,13.24,5.51,7.76,14.54,4,2026-05-18,-9.33,-0.32,-1.05,补跌但相对强,2026-05-25,风电,-5,1,0,0
E003-2026-05-11,2026-05-11,2026-05-12,300850.SZ,新强联,电力设备,-2.19,6.69,-1,,1,3747.24,风电,-5.18,-8.27,-13.76,-17.07,2.19,1,2026-05-13,-21.18,-3.46,-1.05,补跌且弱于行业,2026-05-25,风电,-8,0,0,0
E003-2026-05-11,2026-05-11,2026-05-12,603218.SH,日月股份,电力设备,2.05,2.95,3.52,,1,3747.24,风电,-0.94,-2.04,-4.72,-2.75,4.01,1,2026-05-13,-9.28,-1.62,-1.05,补跌且弱于行业,2026-05-25,风电,-8,0,0,0
E003-2026-05-11,2026-05-11,2026-05-12,002487.SZ,大金重工,电力设备,2.43,14.19,9.15,,1,3747.24,风电,-6.98,-7.29,-8.91,-6.74,-0.24,1,2026-05-13,-9.97,-2.11,-1.05,补跌且弱于行业,2026-05-25,风电,-8,0,0,0
E003-2026-05-11,2026-05-11,2026-05-12,603092.SH,德力佳,电力设备,-2.87,2.23,-1,,1,3747.24,风电,0.86,3.75,-3.23,-4.63,4.09,6,2026-05-20,-10.5,-1.41,-1.05,补跌且弱于行业,2026-05-25,风电,-3,0,0,0
E003-2026-05-11,2026-05-11,2026-05-12,002176.SZ,江特电机,电力设备,1.06,34.44,6.22,,1,3747.24,风电,-8.88,-13.35,-13.75,-15.04,-2.57,1,2026-05-13,-15.92,-3.59,-1.05,补跌且弱于行业,2026-05-25,风电,-8,0,0,0
E003-2026-05-11,2026-05-11,2026-05-12,601218.SH,吉鑫科技,电力设备,-1.24,4.34,-1,,1,3747.24,风电,-5.75,-4.81,-15.99,-15.37,2.95,1,2026-05-13,-19.72,0.78,-1.05,抗住且相对强,2026-05-25,风电,-8,1,0,0
