sample_id,event_date,divergence_date,code,name,sw_l1,pct_event,amount_event,weighted_event,high_event,double_red_hits,double_red_amount_sum,double_red_sectors,ret_3d,ret_5d,ret_7d,ret_10d,peak_ret,peak_day_n,peak_date,drawdown_after_peak,pct_divergence,sw_pct_divergence,divergence_path,nearest_reflow_date,nearest_reflow_sector,peak_minus_reflow_days,strategy1_score,strategy1_full,reflow_same_next
E004-2026-04-14,2026-04-14,2026-04-15,603773.SH,沃格光电,电子,2.32,11.07,7.72,3年新高,5,18230.55,6G、先进封装、共封装光学(CPO)、存储芯片、芯片,17.51,29.97,17.73,40.83,40.83,10,2026-04-29,-0.79,10.0,-0.83,抗住且相对强,2026-04-30,芯片,-1,2,0,0
E004-2026-04-14,2026-04-14,2026-04-15,002436.SZ,兴森科技,电子,0.75,58.17,5.72,20日新高,7,21524.62,6G、PCB、元件、先进封装、共封装光学(CPO)、存储芯片、芯片,7.49,15.91,15.47,11.17,18.34,8,2026-04-27,-6.15,-2.83,-0.83,补跌且弱于行业,2026-04-27,存储芯片,0,1,0,1
E004-2026-04-14,2026-04-14,2026-04-15,688270.SH,ST臻镭,电子,11.07,37.81,68.07,20日新高,4,15872.75,6G、共封装光学(CPO)、半导体、芯片,,-9.89,-9.16,-29.02,3.25,1,2026-04-16,-26.81,1.22,-0.83,抗住且相对强,2026-04-17,共封装光学(CPO),-1,3,1,0
E004-2026-04-14,2026-04-14,2026-04-15,300739.SZ,明阳电路,电子,5.82,18.0,24.69,20日新高,6,19040.91,6G、PCB、元件、先进封装、共封装光学(CPO)、芯片,-1.93,2.43,-2.2,-7.0,2.43,5,2026-04-22,-10.75,-5.34,-0.83,补跌且弱于行业,2026-04-22,芯片,0,2,0,1
E004-2026-04-14,2026-04-14,2026-04-15,688418.SH,震有科技,通信,11.92,7.63,32.93,20日新高,1,1466.64,6G,4.77,7.71,-4.77,-10.06,8.05,4,2026-04-21,-8.41,-1.26,-1.34,补跌但相对强,2026-04-22,6G,-1,3,1,0
E004-2026-04-14,2026-04-14,2026-04-15,300782.SZ,卓胜微,电子,4.91,36.95,29.85,1年新高,4,13901.3,6G、先进封装、半导体、芯片,12.87,12.97,1.25,0.54,12.97,5,2026-04-22,-14.76,-5.26,-0.83,补跌且弱于行业,2026-04-22,先进封装,0,2,0,1
E004-2026-04-14,2026-04-14,2026-04-15,002281.SZ,光迅科技,通信,-2.05,72.87,-1,,4,16210.65,6G、共封装光学(CPO)、液冷服务器、芯片,12.51,16.19,20.62,24.53,35.22,11,2026-04-30,0.0,-4.22,-1.34,补跌且弱于行业,2026-04-30,芯片,0,1,0,1
E004-2026-04-14,2026-04-14,2026-04-15,300322.SZ,硕贝德,电子,1.3,8.09,3.7,20日新高,6,16722.38,6G、AI眼镜、先进封装、消费电子、液冷服务器、芯片,8.66,11.17,6.69,5.24,11.17,5,2026-04-22,-7.0,3.35,-0.83,抗住且相对强,2026-04-22,先进封装,0,2,0,1
E004-2026-04-14,2026-04-14,2026-04-15,688387.SH,信科移动-U,通信,11.32,21.96,53.05,20日新高,2,9736.27,6G、芯片,6.39,6.28,0.65,7.22,15.93,11,2026-04-30,0.0,2.24,-1.34,抗住且相对强,2026-04-30,芯片,0,3,1,1
E004-2026-04-14,2026-04-14,2026-04-15,688800.SH,瑞可达,电子,8.14,13.37,29.76,,2,3950.01,6G、液冷服务器,0.69,-0.57,-4.22,-3.78,9.32,11,2026-04-30,0.0,0.37,-0.83,抗住且相对强,2026-04-30,6G,0,2,0,1
E004-2026-04-14,2026-04-14,2026-04-15,300571.SZ,平治信息,通信,1.91,6.82,4.99,,3,13727.28,6G、共封装光学(CPO)、芯片,5.54,5.17,2.76,21.99,27.3,11,2026-04-30,0.0,-1.28,-1.34,补跌但相对强,2026-04-30,芯片,0,2,0,1
E004-2026-04-14,2026-04-14,2026-04-15,603738.SH,泰晶科技,电子,-0.82,15.42,-1,3年新高,6,17211.04,6G、AI眼镜、MCU芯片、元件、共封装光学(CPO)、芯片,16.1,30.83,46.63,46.67,46.67,10,2026-04-29,-5.52,-2.72,-0.83,补跌且弱于行业,2026-04-30,MCU芯片,-1,1,0,0
E004-2026-04-14,2026-04-14,2026-04-15,603228.SH,景旺电子,电子,2.83,23.11,13.6,,6,10864.47,6G、AI PC、PCB、元件、共封装光学(CPO)、英伟达,7.13,14.14,13.39,20.59,24.73,8,2026-04-27,-8.57,-3.5,-0.83,补跌且弱于行业,2026-04-30,6G,-3,2,0,0
E004-2026-04-14,2026-04-14,2026-04-15,002913.SZ,奥士康,电子,1.02,4.19,2.09,20日新高,5,6873.46,6G、AI PC、PCB、元件、英伟达,0.67,0.43,-3.53,1.57,2.61,11,2026-04-30,0.0,-2.92,-0.83,补跌且弱于行业,2026-04-30,6G,0,1,0,1
E004-2026-04-14,2026-04-14,2026-04-15,603803.SH,瑞斯康达,通信,-1.7,18.56,-1,3年新高,3,13727.28,6G、共封装光学(CPO)、芯片,1.16,2.06,-7.35,-4.19,2.06,5,2026-04-22,-9.92,3.47,-1.34,抗住且相对强,2026-04-22,共封装光学(CPO),0,2,0,1
E004-2026-04-14,2026-04-14,2026-04-15,003031.SZ,中瓷电子,通信,0.29,16.27,1.17,历史新高,3,13727.28,6G、共封装光学(CPO)、芯片,15.22,21.41,23.72,19.98,23.72,7,2026-04-24,-4.13,-1.06,-1.34,补跌但相对强,2026-04-22,共封装光学(CPO),2,2,0,0
E004-2026-04-14,2026-04-14,2026-04-15,300136.SZ,信维通信,电子,7.92,73.99,68.13,,4,12219.45,6G、AI眼镜、消费电子、芯片,13.58,16.09,18.69,24.83,33.28,11,2026-04-30,0.0,-0.1,-0.83,补跌但相对强,2026-04-30,芯片,0,3,1,1
E004-2026-04-14,2026-04-14,2026-04-15,603936.SH,博敏电子,电子,0.49,5.74,1.17,,8,16613.29,6G、AI PC、PCB、元件、先进封装、共封装光学(CPO)、存储芯片、液冷服务器,5.27,15.94,13.06,10.96,15.94,5,2026-04-22,-7.09,-0.14,-0.83,补跌但相对强,2026-04-22,液冷服务器,0,2,0,1
E004-2026-04-14,2026-04-14,2026-04-15,002815.SZ,崇达技术,电子,2.55,5.89,6.19,,7,19915.84,6G、AI PC、PCB、元件、先进封装、共封装光学(CPO)、芯片,3.93,5.87,1.2,-4.93,5.87,5,2026-04-22,-13.2,-1.9,-0.83,补跌且弱于行业,2026-04-22,芯片,0,1,0,1
E004-2026-04-14,2026-04-14,2026-04-15,603186.SH,华正新材,电子,1.75,11.43,5.92,20日新高,5,15049.9,6G、PCB、元件、先进封装、芯片,3.29,1.52,1.17,10.82,10.82,10,2026-04-29,-2.13,-2.35,-0.83,补跌且弱于行业,2026-04-30,芯片,-1,1,0,0
E004-2026-04-14,2026-04-14,2026-04-15,300184.SZ,力源信息,电子,1.38,13.69,5.11,120日新高,6,17619.68,6G、MCU芯片、PCB、存储芯片、液冷服务器、芯片,13.1,17.82,19.65,15.11,19.65,7,2026-04-24,-3.06,-2.3,-0.83,补跌且弱于行业,2026-04-27,存储芯片,-1,1,0,0
E004-2026-04-14,2026-04-14,2026-04-15,688220.SH,翱捷科技-U,电子,2.62,5.81,6.32,,5,16075.95,6G、AI眼镜、半导体、存储芯片、芯片,23.81,20.71,19.03,18.5,33.32,11,2026-04-30,0.0,0.82,-0.83,抗住且相对强,2026-04-30,芯片,0,2,0,1
E004-2026-04-14,2026-04-14,2026-04-15,000070.SZ,特发信息,通信,-3.89,34.24,-1,,2,5457.65,6G、共封装光学(CPO),11.39,12.55,5.77,2.38,12.55,5,2026-04-22,-16.79,-6.9,-1.34,补跌且弱于行业,2026-04-22,共封装光学(CPO),0,0,0,1
E004-2026-04-14,2026-04-14,2026-04-15,301183.SZ,东田微,电子,0.93,17.17,3.85,历史新高,2,5457.65,6G、共封装光学(CPO),3.53,14.72,-0.86,-5.04,14.72,5,2026-04-22,-17.73,-3.32,-0.83,补跌且弱于行业,2026-04-22,共封装光学(CPO),0,1,0,1
E004-2026-04-14,2026-04-14,2026-04-15,000063.SZ,中兴通讯,通信,0.31,33.88,1.8,,5,14707.92,6G、AI手机、AI眼镜、液冷服务器、芯片,1.76,6.05,3.32,3.44,6.05,5,2026-04-22,-1.82,-1.73,-1.34,补跌且弱于行业,2026-04-22,芯片,0,1,0,1
E004-2026-04-14,2026-04-14,2026-04-15,002138.SZ,顺络电子,电子,2.55,9.97,8.05,,7,19916.87,6G、AI眼镜、PCB、元件、共封装光学(CPO)、燃料电池、芯片,-1.34,1.2,-1.34,-1.51,1.2,5,2026-04-22,-6.13,0.73,-0.83,抗住且相对强,2026-04-22,芯片,0,2,0,1
E004-2026-04-14,2026-04-14,2026-04-15,603220.SH,中贝通信,通信,4.56,15.69,18.06,20日新高,2,5457.65,6G、共封装光学(CPO),6.37,7.2,9.68,-0.28,17.91,6,2026-04-23,-20.56,2.91,-1.34,抗住且相对强,2026-04-22,共封装光学(CPO),1,3,1,1
E004-2026-04-14,2026-04-14,2026-04-15,301165.SZ,锐捷网络,通信,0.76,7.14,2.03,,3,7941.02,6G、共封装光学(CPO)、液冷服务器,6.43,2.37,7.57,-2.11,7.57,7,2026-04-24,-8.21,0.6,-1.34,抗住且相对强,2026-04-22,共封装光学(CPO),2,2,0,0
E004-2026-04-14,2026-04-14,2026-04-15,600877.SH,电科芯片,电子,2.84,3.88,5.59,,4,12579.5,6G、MCU芯片、半导体、芯片,6.55,4.97,1.94,-2.3,6.55,3,2026-04-20,-6.79,-1.08,-0.83,补跌且弱于行业,2026-04-20,MCU芯片,0,1,0,1
E004-2026-04-14,2026-04-14,2026-04-15,002544.SZ,普天科技,通信,2.13,4.06,4.29,,2,3685.21,6G、PCB,3.6,3.56,-1.54,-5.66,4.27,4,2026-04-21,-8.59,-0.82,-1.34,补跌但相对强,2026-04-22,6G,-1,1,0,0
E004-2026-04-14,2026-04-14,2026-04-15,603236.SH,DR移远通,通信,2.42,4.76,5.28,,5,13382.35,6G、AI眼镜、MCU芯片、芯片、英伟达,2.95,6.24,-0.27,-4.39,10.8,6,2026-04-23,-16.59,-1.55,-1.34,补跌且弱于行业,2026-04-22,芯片,1,1,0,1
E004-2026-04-14,2026-04-14,2026-04-15,002897.SZ,意华股份,通信,1.4,6.91,3.68,,3,7941.02,6G、共封装光学(CPO)、液冷服务器,1.49,3.42,3.18,-11.78,3.42,5,2026-04-22,-16.8,0.71,-1.34,抗住且相对强,2026-04-22,共封装光学(CPO),0,2,0,1
E004-2026-04-14,2026-04-14,2026-04-15,301041.SZ,金百泽,电子,1.72,0.98,1.7,,4,5669.19,6G、PCB、元件、虚拟电厂,7.01,7.44,2.81,4.56,7.44,5,2026-04-22,-1.53,0.79,-0.83,抗住且相对强,2026-04-22,6G,0,2,0,1
E004-2026-04-14,2026-04-14,2026-04-15,002583.SZ,海能达,通信,-0.18,3.18,-0.32,,2,9736.27,6G、芯片,1.02,0.19,-4.17,-5.1,1.02,3,2026-04-20,-8.81,-0.19,-1.34,补跌但相对强,2026-04-20,6G,0,1,0,1
E004-2026-04-14,2026-04-14,2026-04-15,300964.SZ,本川智能,电子,-1.49,5.93,-1,历史新高,4,8751.72,6G、PCB、元件、共封装光学(CPO),4.49,3.52,-5.67,-3.42,7.39,2,2026-04-17,-8.8,-3.67,-0.83,补跌且弱于行业,2026-04-17,共封装光学(CPO),0,1,0,1
E004-2026-04-14,2026-04-14,2026-04-15,000062.SZ,深圳华强,电子,-0.42,12.53,-1,,4,16210.99,6G、共封装光学(CPO)、存储芯片、芯片,11.32,16.57,22.64,27.32,34.89,8,2026-04-27,-3.04,-2.0,-0.83,补跌且弱于行业,2026-04-27,存储芯片,0,1,0,1
E004-2026-04-14,2026-04-14,2026-04-15,688182.SH,灿勤科技,通信,2.31,1.06,2.38,,2,9736.27,6G、芯片,11.6,11.22,10.47,9.31,11.6,3,2026-04-20,-8.02,1.95,-1.34,抗住且相对强,2026-04-20,6G,0,1,0,1
E004-2026-04-14,2026-04-14,2026-04-15,688790.SH,昂瑞微-UW,电子,0.95,0.84,0.87,,4,13592.24,6G、AI眼镜、半导体、芯片,1.21,-0.77,-3.38,-2.24,3.31,2,2026-04-17,-2.81,3.12,-0.83,抗住且相对强,2026-04-17,半导体,0,2,0,1
E004-2026-04-14,2026-04-14,2026-04-15,300711.SZ,广哈通信,通信,1.99,0.92,1.91,,1,1466.64,6G,1.08,1.24,-3.56,-15.69,1.28,1,2026-04-16,-17.77,-0.44,-1.34,补跌但相对强,2026-04-17,6G,-1,1,0,0
E004-2026-04-14,2026-04-14,2026-04-15,002115.SZ,三维通信,通信,2.06,4.38,4.31,,1,1466.64,6G,5.38,5.3,-1.14,19.74,19.74,10,2026-04-29,-2.2,-1.21,-1.34,补跌但相对强,2026-04-30,6G,-1,1,0,0
E004-2026-04-14,2026-04-14,2026-04-15,600498.SH,烽火通信,通信,1.22,43.83,8.08,,5,16908.41,6G、MCU芯片、共封装光学(CPO)、液冷服务器、芯片,9.26,16.05,7.8,6.23,16.05,5,2026-04-22,-19.76,-4.53,-1.34,补跌且弱于行业,2026-04-22,芯片,0,1,0,1
E004-2026-04-14,2026-04-14,2026-04-15,300456.SZ,赛微电子,电子,0.75,35.27,4.45,,5,17892.31,6G、先进封装、共封装光学(CPO)、半导体、芯片,5.74,9.79,-12.25,-14.36,9.79,5,2026-04-22,-22.38,-1.84,-0.83,补跌且弱于行业,2026-04-22,芯片,0,1,0,1
E004-2026-04-14,2026-04-14,2026-04-15,002194.SZ,武汉凡谷,通信,0.0,0.73,0.0,,3,13727.28,6G、共封装光学(CPO)、芯片,4.11,13.49,7.85,4.4,18.28,6,2026-04-23,-12.73,-1.42,-1.34,补跌且弱于行业,2026-04-22,共封装光学(CPO),1,1,0,1
E004-2026-04-14,2026-04-14,2026-04-15,002579.SZ,中京电子,电子,2.36,8.74,6.98,,10,24887.83,6G、AI PC、AI手机、AI眼镜、PCB、元件、先进封装、共封装光学(CPO)、存储芯片、芯片,4.25,5.82,-0.16,-2.75,5.82,5,2026-04-22,-12.59,-2.46,-0.83,补跌且弱于行业,2026-04-22,芯片,0,1,0,1
E004-2026-04-14,2026-04-14,2026-04-15,002796.SZ,世嘉科技,通信,0.18,9.05,0.54,,2,5457.65,6G、共封装光学(CPO),14.89,26.39,18.9,12.74,26.39,5,2026-04-22,-13.01,-2.61,-1.34,补跌且弱于行业,2026-04-22,共封装光学(CPO),0,0,0,1
E004-2026-04-14,2026-04-14,2026-04-15,600050.SH,中国联通,通信,0.44,4.21,0.9,,1,1466.64,6G,0.44,-1.53,-1.75,-0.66,1.97,4,2026-04-21,-3.06,-0.22,-1.34,补跌但相对强,2026-04-22,6G,-1,1,0,0
E004-2026-04-14,2026-04-14,2026-04-15,603118.SH,共进股份,通信,-1.83,9.02,-1,,5,17965.41,6G、PCB、先进封装、共封装光学(CPO)、芯片,8.71,10.98,10.61,7.25,11.13,2,2026-04-17,-3.95,-1.87,-1.34,补跌且弱于行业,2026-04-17,芯片,0,1,0,1
E004-2026-04-14,2026-04-14,2026-04-15,002792.SZ,通宇通讯,通信,6.22,33.65,36.08,,3,6366.13,6G、共封装光学(CPO)、虚拟电厂,12.18,10.59,-3.22,-9.63,12.18,3,2026-04-20,-19.56,-1.83,-1.34,补跌且弱于行业,2026-04-20,6G,0,2,0,1
E004-2026-04-14,2026-04-14,2026-04-15,601728.SH,中国电信,通信,-0.17,4.08,-0.34,,1,1466.64,6G,0.17,1.72,1.37,3.6,3.6,10,2026-04-29,-0.17,0.69,-1.34,抗住且相对强,2026-04-30,6G,-1,1,0,0
E004-2026-04-14,2026-04-14,2026-04-15,600941.SH,中国移动,通信,-0.12,5.95,-0.29,,1,1466.64,6G,-0.44,2.25,1.85,3.03,3.15,4,2026-04-21,-0.03,0.17,-1.34,抗住且相对强,2026-04-22,6G,-1,1,0,0
E004-2026-04-14,2026-04-14,2026-04-15,300134.SZ,大富科技,通信,0.47,1.35,0.55,,3,12089.08,6G、氢能源、芯片,3.58,6.25,0.46,1.56,6.25,5,2026-04-22,-5.15,1.4,-1.34,抗住且相对强,2026-04-22,芯片,0,2,0,1
E004-2026-04-14,2026-04-14,2026-04-15,301191.SZ,菲菱科思,通信,-1.42,6.45,-1,,2,9736.27,6G、芯片,-3.3,3.84,4.6,-1.13,4.6,7,2026-04-24,-10.21,6.91,-1.34,抗住且相对强,2026-04-22,芯片,2,1,0,0
E004-2026-04-14,2026-04-14,2026-04-15,600522.SH,中天科技,通信,-0.67,49.19,-1,,7,21649.47,6G、PCB、共封装光学(CPO)、可控核聚变、氢能源、液冷服务器、芯片,11.33,25.25,19.46,23.31,28.71,8,2026-04-27,-9.57,-1.87,-1.34,补跌且弱于行业,2026-04-30,芯片,-3,1,0,0
E004-2026-04-14,2026-04-14,2026-04-15,600487.SH,亨通光电,通信,-1.53,83.21,-1,,4,16210.65,6G、共封装光学(CPO)、液冷服务器、芯片,16.8,26.18,33.4,29.25,36.93,8,2026-04-27,-10.9,-1.03,-1.34,补跌但相对强,2026-04-30,芯片,-3,2,0,0
E004-2026-04-14,2026-04-14,2026-04-15,688525.SH,佰维存储,电子,12.61,146.3,152.52,历史新高,7,18281.58,AI PC、AI手机、AI眼镜、先进封装、半导体、存储芯片、芯片,-5.85,-1.55,-6.63,-5.75,0.49,1,2026-04-16,-7.61,-0.93,-0.83,补跌且弱于行业,2026-04-16,AI手机,0,2,0,1
E004-2026-04-14,2026-04-14,2026-04-15,001309.SZ,德明利,电子,3.98,101.64,40.13,历史新高,5,17764.75,AI PC、共封装光学(CPO)、半导体、存储芯片、芯片,2.75,4.75,-2.26,4.34,4.75,5,2026-04-22,-0.04,0.11,-0.83,抗住且相对强,2026-04-22,芯片,0,3,1,1
E004-2026-04-14,2026-04-14,2026-04-15,301308.SZ,江波龙,电子,7.62,91.35,72.83,历史新高,7,18281.58,AI PC、AI手机、AI眼镜、先进封装、半导体、存储芯片、芯片,0.98,3.01,0.44,11.5,11.5,10,2026-04-29,-3.55,-2.61,-0.83,补跌且弱于行业,2026-04-29,AI手机,0,2,0,1
E004-2026-04-14,2026-04-14,2026-04-15,002947.SZ,恒铭达,电子,0.19,7.69,0.53,,2,1647.61,AI PC、消费电子,3.47,5.16,20.05,12.55,20.05,7,2026-04-24,-2.93,2.39,-0.83,抗住且相对强,2026-04-22,AI PC,2,1,0,0
E004-2026-04-14,2026-04-14,2026-04-15,301489.SZ,思泉新材,电子,-0.91,8.78,-1,,4,5846.58,AI PC、AI手机、AI眼镜、液冷服务器,10.33,10.47,7.75,9.56,15.65,11,2026-04-30,0.0,1.18,-0.83,抗住且相对强,2026-04-29,AI手机,1,2,0,1
E004-2026-04-14,2026-04-14,2026-04-15,603890.SH,春秋电子,电子,8.62,12.2,30.11,60日新高,3,3358.11,AI PC、AI眼镜、消费电子,7.48,6.04,1.23,4.17,7.48,3,2026-04-20,-6.63,9.99,-0.83,抗住且相对强,2026-04-20,AI眼镜,0,3,1,1
E004-2026-04-14,2026-04-14,2026-04-15,300657.SZ,弘信电子,电子,7.43,24.53,36.8,120日新高,8,14369.48,AI PC、AI手机、AI眼镜、PCB、元件、共封装光学(CPO)、液冷服务器、英伟达,6.25,12.41,9.36,7.41,13.23,6,2026-04-23,-4.21,-0.94,-0.83,补跌且弱于行业,2026-04-22,英伟达,1,2,0,1
E004-2026-04-14,2026-04-14,2026-04-15,002993.SZ,奥海科技,电子,1.45,3.41,2.68,20日新高,3,3358.11,AI PC、AI眼镜、消费电子,4.97,-8.28,-9.85,-7.83,4.97,3,2026-04-20,-13.79,-2.14,-0.83,补跌且弱于行业,2026-04-20,AI眼镜,0,1,0,1
E004-2026-04-14,2026-04-14,2026-04-15,002938.SZ,鹏鼎控股,电子,4.2,31.37,23.52,20日新高,6,10648.29,AI PC、AI手机、AI眼镜、PCB、元件、共封装光学(CPO),10.85,28.21,20.48,22.55,29.89,8,2026-04-27,-8.63,-1.51,-0.83,补跌且弱于行业,2026-04-29,AI手机,-2,2,0,0
E004-2026-04-14,2026-04-14,2026-04-15,300602.SZ,飞荣达,电子,2.54,7.7,7.05,,6,10421.66,AI PC、AI眼镜、MR(混合现实)、共封装光学(CPO)、消费电子、液冷服务器,4.65,4.24,0.41,7.13,7.13,10,2026-04-29,-2.69,-1.53,-0.83,补跌且弱于行业,2026-04-27,MR(混合现实),2,1,0,0
E004-2026-04-14,2026-04-14,2026-04-15,300476.SZ,胜宏科技,电子,3.97,178.12,52.98,20日新高,7,18445.24,AI PC、AI手机、PCB、元件、共封装光学(CPO)、芯片、英伟达,16.1,16.02,6.82,13.01,16.1,3,2026-04-20,-4.91,-4.7,-0.83,补跌且弱于行业,2026-04-17,芯片,1,2,0,1
E004-2026-04-14,2026-04-14,2026-04-15,001389.SZ,广合科技,电子,0.82,18.12,3.49,历史新高,4,8160.01,AI PC、PCB、元件、共封装光学(CPO),15.99,23.98,33.43,28.27,34.68,8,2026-04-27,-7.0,-3.92,-0.83,补跌且弱于行业,2026-04-22,共封装光学(CPO),3,1,0,0
E004-2026-04-14,2026-04-14,2026-04-15,688595.SH,芯海科技,电子,0.27,2.19,0.4,20日新高,5,13698.29,AI PC、AI眼镜、MCU芯片、半导体、芯片,3.17,4.05,9.22,5.94,9.59,8,2026-04-27,-5.3,-2.78,-0.83,补跌且弱于行业,2026-04-27,半导体,0,1,0,1
E004-2026-04-14,2026-04-14,2026-04-15,300684.SZ,中石科技,电子,2.45,6.53,6.26,,4,7938.48,AI PC、MR(混合现实)、共封装光学(CPO)、液冷服务器,14.48,16.23,8.57,2.81,16.23,5,2026-04-22,-15.82,-1.06,-0.83,补跌且弱于行业,2026-04-22,共封装光学(CPO),0,1,0,1
E004-2026-04-14,2026-04-14,2026-04-15,002156.SZ,通富微电,电子,2.41,33.43,13.93,,6,19784.31,AI PC、先进封装、共封装光学(CPO)、半导体、存储芯片、芯片,3.19,4.04,3.04,5.34,10.17,11,2026-04-30,0.0,0.51,-0.83,抗住且相对强,2026-04-30,芯片,0,3,1,1
E004-2026-04-14,2026-04-14,2026-04-15,300752.SZ,隆利科技,电子,2.21,1.04,2.25,,3,3174.6,AI PC、AI眼镜、MR(混合现实),-2.18,-2.83,-5.11,-3.8,-1.32,1,2026-04-16,-0.61,9.6,-0.83,抗住且相对强,2026-04-17,AI PC,-1,2,0,0
E004-2026-04-14,2026-04-14,2026-04-15,002866.SZ,传艺科技,电子,5.14,10.5,16.66,2年新高,4,5243.06,AI PC、PCB、消费电子、钠离子电池,12.74,15.58,10.25,11.22,15.58,5,2026-04-22,-6.1,-1.25,-0.83,补跌且弱于行业,2026-04-22,AI PC,0,2,0,1
E004-2026-04-14,2026-04-14,2026-04-15,002600.SZ,领益智造,电子,0.95,13.46,3.49,,8,12437.26,AI PC、AI手机、AI眼镜、MR(混合现实)、共封装光学(CPO)、消费电子、液冷服务器、英伟达,7.81,10.09,4.27,3.31,10.09,5,2026-04-22,-6.55,-2.16,-0.83,补跌且弱于行业,2026-04-22,英伟达,0,1,0,1
E004-2026-04-14,2026-04-14,2026-04-15,001314.SZ,亿道信息,电子,2.38,0.92,2.28,,6,8185.41,AI PC、AI眼镜、MR(混合现实)、PCB、先进封装、消费电子,2.52,2.7,12.88,16.7,18.15,11,2026-04-30,0.0,-1.15,-0.83,补跌且弱于行业,2026-04-30,先进封装,0,1,0,1
E004-2026-04-14,2026-04-14,2026-04-15,001283.SZ,豪鹏科技,电力设备,1.71,4.17,3.49,,3,3962.31,AI PC、AI眼镜、钠离子电池,3.35,4.1,4.81,6.24,8.11,11,2026-04-30,0.0,-1.93,-0.56,补跌且弱于行业,2026-04-29,钠离子电池,1,1,0,1
E004-2026-04-14,2026-04-14,2026-04-15,002426.SZ,胜利精密,电子,0.27,4.35,0.56,,3,3358.11,AI PC、AI眼镜、消费电子,2.16,7.57,3.24,0.54,7.57,5,2026-04-22,-7.03,0.82,-0.83,抗住且相对强,2026-04-22,AI PC,0,2,0,1
E004-2026-04-14,2026-04-14,2026-04-15,300115.SZ,长盈精密,电子,1.81,12.14,6.31,,9,19015.89,AI PC、AI手机、AI眼镜、MR(混合现实)、氢能源、消费电子、液冷服务器、燃料电池、芯片,3.59,1.98,-2.76,-4.43,3.59,3,2026-04-20,-3.98,-1.18,-0.83,补跌且弱于行业,2026-04-20,MR(混合现实),0,1,0,1
E004-2026-04-14,2026-04-14,2026-04-15,688110.SH,东芯股份,电子,2.45,17.13,10.14,,4,13773.74,AI PC、半导体、存储芯片、芯片,0.74,1.74,0.13,14.13,21.63,11,2026-04-30,0.0,-0.67,-0.83,补跌但相对强,2026-04-30,半导体,0,3,1,1
E004-2026-04-14,2026-04-14,2026-04-15,603341.SH,龙旗科技,电子,2.48,3.2,4.44,,4,5576.68,AI PC、AI眼镜、PCB、消费电子,0.67,-1.19,-5.75,-6.84,0.72,1,2026-04-16,-5.73,-1.37,-0.83,补跌且弱于行业,2026-04-17,AI PC,-1,1,0,0
E004-2026-04-14,2026-04-14,2026-04-15,603031.SH,安孚科技,电力设备,0.82,3.69,1.58,,3,13135.57,AI PC、共封装光学(CPO)、芯片,6.03,12.27,5.87,-20.62,12.27,5,2026-04-22,-32.08,0.1,-0.56,抗住且相对强,2026-04-22,共封装光学(CPO),0,2,0,1
E004-2026-04-14,2026-04-14,2026-04-15,300331.SZ,苏大维格,电子,3.33,4.55,7.1,,2,9144.56,AI PC、芯片,8.11,13.78,19.11,21.84,25.71,8,2026-04-27,-2.92,-4.11,-0.83,补跌且弱于行业,2026-04-30,芯片,-3,0,0,0
E004-2026-04-14,2026-04-14,2026-04-15,603626.SH,科森科技,电子,0.17,5.15,0.39,,2,1647.61,AI PC、消费电子,-0.83,-1.66,-8.09,-0.58,4.4,11,2026-04-30,0.0,1.09,-0.83,抗住且相对强,2026-04-22,AI PC,6,1,0,0
E004-2026-04-14,2026-04-14,2026-04-15,300956.SZ,英力股份,电子,1.42,0.44,0.94,,2,1647.61,AI PC、消费电子,3.49,4.9,-1.54,4.76,5.7,11,2026-04-30,0.0,-0.67,-0.83,补跌但相对强,2026-04-22,AI PC,6,1,0,0
E004-2026-04-14,2026-04-14,2026-04-15,600745.SH,*ST闻泰,电子,1.02,5.88,2.47,,7,17808.56,AI PC、AI手机、先进封装、半导体、液冷服务器、芯片、英伟达,0.84,-6.23,-10.64,-9.64,0.84,3,2026-04-20,-10.48,-1.74,-0.83,补跌且弱于行业,2026-04-20,液冷服务器,0,1,0,1
E004-2026-04-14,2026-04-14,2026-04-15,000725.SZ,京东方Ａ,电子,-0.25,17.81,-1,,5,13783.1,AI PC、AI眼镜、先进封装、芯片、虚拟电厂,4.75,6.75,3.25,4.25,6.75,5,2026-04-22,-4.75,-0.5,-0.83,补跌但相对强,2026-04-22,芯片,0,2,0,1
E004-2026-04-14,2026-04-14,2026-04-15,603296.SH,华勤技术,电子,-1.39,12.99,-1,,6,15348.93,AI PC、AI眼镜、消费电子、液冷服务器、芯片、英伟达,4.17,6.27,8.76,3.62,9.32,8,2026-04-27,-4.54,0.59,-0.83,抗住且相对强,2026-04-30,芯片,-3,2,0,0
E004-2026-04-14,2026-04-14,2026-04-15,002384.SZ,东山精密,电子,-0.57,127.67,-1,,5,16332.49,AI手机、PCB、元件、共封装光学(CPO)、芯片,7.68,27.81,28.88,26.37,28.88,7,2026-04-24,-0.8,-0.14,-0.83,补跌但相对强,2026-04-22,芯片,2,2,0,0
E004-2026-04-14,2026-04-14,2026-04-15,002273.SZ,水晶光电,电子,-0.86,18.08,-1,,3,6479.29,AI手机、AI眼镜、共封装光学(CPO),7.41,13.92,10.58,14.81,15.33,6,2026-04-23,-1.65,-3.27,-0.83,补跌且弱于行业,2026-04-22,共封装光学(CPO),1,1,0,1
E004-2026-04-14,2026-04-14,2026-04-15,002654.SZ,万润科技,电子,2.18,8.37,6.31,,3,11531.12,AI手机、存储芯片、芯片,8.51,4.97,-1.91,-6.47,8.51,3,2026-04-20,-9.67,1.17,-0.83,抗住且相对强,2026-04-17,芯片,1,2,0,1
E004-2026-04-14,2026-04-14,2026-04-15,688173.SH,希荻微,电子,1.39,0.8,1.24,,4,12903.38,AI手机、AI眼镜、半导体、芯片,3.37,5.05,4.91,8.98,17.89,11,2026-04-30,0.0,-2.26,-0.83,补跌且弱于行业,2026-04-30,半导体,0,1,0,1
E004-2026-04-14,2026-04-14,2026-04-15,688381.SH,帝奥微,电子,0.48,0.7,0.4,,5,16894.39,AI手机、AI眼镜、共封装光学(CPO)、半导体、芯片,1.45,7.47,18.5,33.08,42.21,8,2026-04-27,-13.09,6.72,-0.83,抗住且相对强,2026-04-27,半导体,0,2,0,1
E004-2026-04-14,2026-04-14,2026-04-15,603160.SH,汇顶科技,电子,1.64,3.79,3.19,,5,13601.14,AI手机、AI眼镜、MCU芯片、半导体、芯片,2.1,3.32,-4.94,-5.44,3.38,6,2026-04-23,-8.55,-0.75,-0.83,补跌但相对强,2026-04-22,芯片,1,2,0,1
E004-2026-04-14,2026-04-14,2026-04-15,688458.SH,美芯晟,电子,1.58,0.42,1.02,,5,13601.14,AI手机、AI眼镜、MCU芯片、半导体、芯片,3.27,3.52,3.41,3.21,6.65,8,2026-04-27,-2.82,0.6,-0.83,抗住且相对强,2026-04-27,半导体,0,2,0,1
E004-2026-04-14,2026-04-14,2026-04-15,688484.SH,南芯科技,电子,1.34,1.58,1.68,,6,16084.51,AI手机、AI眼镜、MCU芯片、半导体、液冷服务器、芯片,-1.5,-0.72,1.79,1.93,4.74,8,2026-04-27,-1.87,0.59,-0.83,抗住且相对强,2026-04-27,半导体,0,2,0,1
E004-2026-04-14,2026-04-14,2026-04-15,300433.SZ,蓝思科技,电子,1.48,23.38,7.16,,4,5744.33,AI手机、AI眼镜、消费电子、液冷服务器,-8.08,-7.91,-12.27,-12.74,-7.91,5,2026-04-22,-5.27,-1.86,-0.83,补跌且弱于行业,2026-04-22,液冷服务器,0,1,0,1
E004-2026-04-14,2026-04-14,2026-04-15,688521.SH,芯原股份,电子,2.65,66.05,21.54,,6,15620.7,AI手机、AI眼镜、MCU芯片、先进封装、半导体、芯片,-1.12,-1.29,-10.04,-7.93,10.48,11,2026-04-30,0.0,3.56,-0.83,抗住且相对强,2026-04-30,MCU芯片,0,3,1,1
E004-2026-04-14,2026-04-14,2026-04-15,300968.SZ,格林精密,电子,1.0,0.42,0.65,,4,3850.13,AI手机、AI眼镜、MR(混合现实)、消费电子,-0.5,-0.74,-2.64,-3.63,0.5,1,2026-04-16,-3.22,0.5,-0.83,抗住且相对强,2026-04-16,AI手机,0,2,0,1
E004-2026-04-14,2026-04-14,2026-04-15,300088.SZ,长信科技,电子,0.65,2.4,1.01,,1,777.78,AI手机,9.69,8.81,3.52,-1.32,14.1,1,2026-04-16,-17.91,9.13,-0.83,抗住且相对强,2026-04-16,AI手机,0,1,0,1
E004-2026-04-14,2026-04-14,2026-04-15,688230.SH,芯导科技,电子,1.09,0.56,0.82,,4,12903.38,AI手机、AI眼镜、半导体、芯片,2.1,1.97,2.94,5.4,9.86,11,2026-04-30,0.0,-0.69,-0.83,补跌但相对强,2026-04-30,半导体,0,2,0,1
E004-2026-04-14,2026-04-14,2026-04-15,688036.SH,传音控股,电子,0.31,3.02,0.54,,3,3260.96,AI手机、AI眼镜、消费电子,1.36,6.12,4.26,12.04,12.52,9,2026-04-28,-1.8,0.08,-0.83,抗住且相对强,2026-04-29,AI手机,-1,2,0,0
E004-2026-04-14,2026-04-14,2026-04-15,603327.SH,福蓉科技,电子,-1.74,2.98,-1,,4,3850.13,AI手机、AI眼镜、MR(混合现实)、消费电子,1.61,-0.09,-4.65,3.61,3.89,9,2026-04-28,-1.42,10.02,-0.83,抗住且相对强,2026-04-29,AI手机,-1,2,0,0
E004-2026-04-14,2026-04-14,2026-04-15,688601.SH,力芯微,电子,-1.8,3.43,-1,,4,12903.38,AI手机、AI眼镜、半导体、芯片,-1.45,-3.37,-3.47,-3.52,0.67,11,2026-04-30,0.0,-0.92,-0.83,补跌且弱于行业,2026-04-30,半导体,0,1,0,1
E004-2026-04-14,2026-04-14,2026-04-15,300868.SZ,杰美特,电子,7.54,5.43,17.57,3年新高,2,2483.18,AI眼镜、消费电子,3.14,-5.01,-5.93,-6.99,3.14,3,2026-04-20,-7.79,4.11,-0.83,抗住且相对强,2026-04-20,AI眼镜,0,3,1,1
E004-2026-04-14,2026-04-14,2026-04-15,300131.SZ,英唐智控,电子,-0.13,19.53,-0.57,20日新高,4,16454.85,AI眼镜、共封装光学(CPO)、存储芯片、芯片,4.66,16.56,5.3,7.37,16.56,5,2026-04-22,-11.45,-0.06,-0.83,补跌但相对强,2026-04-22,共封装光学(CPO),0,2,0,1
E004-2026-04-14,2026-04-14,2026-04-15,002980.SZ,华盛昌,电力设备,10.0,10.33,32.14,历史新高,2,5701.51,AI眼镜、共封装光学(CPO),10.58,15.14,16.66,15.32,20.58,9,2026-04-28,-7.26,9.98,-0.56,抗住且相对强,2026-04-22,共封装光学(CPO),4,3,1,0
E004-2026-04-14,2026-04-14,2026-04-15,300207.SZ,欣旺达,电力设备,3.7,50.17,26.21,60日新高,3,3995.86,AI眼镜、虚拟电厂、钠离子电池,-0.21,2.34,-4.64,-4.64,2.34,5,2026-04-22,-8.08,-3.03,-0.56,补跌且弱于行业,2026-04-21,钠离子电池,1,2,0,1
E004-2026-04-14,2026-04-14,2026-04-15,688123.SH,聚辰股份,电子,10.03,22.26,47.32,,5,18600.32,AI眼镜、共封装光学(CPO)、半导体、存储芯片、芯片,-2.7,2.22,-1.35,-8.82,2.22,5,2026-04-22,-1.96,-3.63,-0.83,补跌且弱于行业,2026-04-22,芯片,0,2,0,1
E004-2026-04-14,2026-04-14,2026-04-15,600330.SH,天通股份,电子,5.05,42.04,32.74,3年新高,4,14218.26,AI眼镜、PCB、先进封装、芯片,20.71,30.66,30.76,29.6,40.86,11,2026-04-30,0.0,-3.93,-0.83,补跌且弱于行业,2026-04-30,先进封装,0,2,0,1
E004-2026-04-14,2026-04-14,2026-04-15,002475.SZ,立讯精密,电子,0.92,144.87,11.07,60日新高,6,17816.36,AI眼镜、MR(混合现实)、共封装光学(CPO)、消费电子、液冷服务器、芯片,11.82,15.74,12.28,16.77,22.44,8,2026-04-27,-8.46,-0.61,-0.83,补跌但相对强,2026-04-27,MR(混合现实),0,3,1,1
E004-2026-04-14,2026-04-14,2026-04-15,000823.SZ,超声电子,电子,2.1,5.23,4.8,,4,8995.58,AI眼镜、PCB、元件、共封装光学(CPO),2.69,5.51,0.32,-2.75,5.51,5,2026-04-22,-10.24,0.58,-0.83,抗住且相对强,2026-04-22,共封装光学(CPO),0,2,0,1
E004-2026-04-14,2026-04-14,2026-04-15,301099.SZ,雅创电子,电子,3.34,5.17,7.59,60日新高,4,13161.6,AI眼镜、MCU芯片、存储芯片、芯片,4.5,6.85,2.29,12.87,14.39,4,2026-04-21,-2.79,-2.8,-0.83,补跌且弱于行业,2026-04-22,存储芯片,-1,1,0,0
E004-2026-04-14,2026-04-14,2026-04-15,300857.SZ,协创数据,电子,20.0,42.21,129.94,,6,18465.35,AI眼镜、共封装光学(CPO)、存储芯片、消费电子、芯片、英伟达,9.73,-7.1,-5.88,-3.18,13.65,1,2026-04-16,-21.13,12.46,-0.83,抗住且相对强,2026-04-17,芯片,-1,3,1,0
E004-2026-04-14,2026-04-14,2026-04-15,300632.SZ,光莆股份,电子,7.81,8.89,23.29,60日新高,5,18209.27,AI眼镜、PCB、先进封装、共封装光学(CPO)、芯片,-8.27,-5.39,-7.11,13.21,35.87,11,2026-04-30,0.0,1.12,-0.83,抗住且相对强,2026-04-30,芯片,0,3,1,1
E004-2026-04-14,2026-04-14,2026-04-15,300458.SZ,全志科技,电子,1.56,12.02,5.41,,5,15307.07,AI眼镜、MCU芯片、半导体、存储芯片、芯片,5.15,9.53,11.63,10.38,15.51,8,2026-04-27,-20.45,-1.75,-0.83,补跌且弱于行业,2026-04-27,存储芯片,0,1,0,1
E004-2026-04-14,2026-04-14,2026-04-15,300853.SZ,申昊科技,电力设备,3.44,0.71,2.9,,1,1710.5,AI眼镜,19.81,25.08,23.94,45.46,49.64,9,2026-04-28,-7.7,-0.05,-0.56,补跌但相对强,2026-04-20,AI眼镜,6,1,0,0
E004-2026-04-14,2026-04-14,2026-04-15,300975.SZ,商络电子,电子,0.82,8.57,2.4,,5,15644.97,AI眼镜、MCU芯片、存储芯片、液冷服务器、芯片,2.2,6.2,-3.25,-0.05,6.2,5,2026-04-22,-3.95,-4.49,-0.83,补跌且弱于行业,2026-04-22,芯片,0,1,0,1
E004-2026-04-14,2026-04-14,2026-04-15,300866.SZ,安克创新,电子,-1.56,6.91,-1,,3,10752.81,AI眼镜、消费电子、芯片,4.61,5.88,8.73,7.31,12.15,11,2026-04-30,0.0,-2.36,-0.83,补跌且弱于行业,2026-04-30,芯片,0,1,0,1
E004-2026-04-14,2026-04-14,2026-04-15,601231.SH,环旭电子,电子,1.2,24.58,5.95,,4,14743.82,AI眼镜、共封装光学(CPO)、消费电子、芯片,15.7,20.92,8.06,9.99,20.92,5,2026-04-22,-17.7,-3.2,-0.83,补跌且弱于行业,2026-04-22,共封装光学(CPO),0,1,0,1
E004-2026-04-14,2026-04-14,2026-04-15,603893.SH,瑞芯微,电子,0.56,11.03,1.86,,4,12823.36,AI眼镜、MCU芯片、半导体、芯片,4.04,4.6,4.79,6.97,8.8,8,2026-04-27,-1.52,0.42,-0.83,抗住且相对强,2026-04-27,半导体,0,2,0,1
E004-2026-04-14,2026-04-14,2026-04-15,688593.SH,新相微,电子,-0.83,3.41,-1,,3,12125.6,AI眼镜、半导体、芯片,2.89,1.25,0.29,-0.32,9.88,8,2026-04-27,-4.23,-3.11,-0.83,补跌且弱于行业,2026-04-27,半导体,0,1,0,1
E004-2026-04-14,2026-04-14,2026-04-15,603920.SH,世运电路,电子,1.91,23.6,9.28,,4,8995.58,AI眼镜、PCB、元件、共封装光学(CPO),8.71,16.89,3.27,2.24,16.89,5,2026-04-22,-18.5,-3.55,-0.83,补跌且弱于行业,2026-04-22,共封装光学(CPO),0,1,0,1
E004-2026-04-14,2026-04-14,2026-04-15,301536.SZ,星宸科技,电子,0.32,3.78,0.62,,3,12125.6,AI眼镜、半导体、芯片,5.68,11.72,9.4,9.72,11.72,5,2026-04-22,-1.18,-1.78,-0.83,补跌且弱于行业,2026-04-22,半导体,0,1,0,1
E004-2026-04-14,2026-04-14,2026-04-15,000636.SZ,风华高科,电子,1.71,12.64,6.08,,4,9260.38,AI眼镜、元件、共封装光学(CPO)、液冷服务器,5.37,6.84,8.03,20.15,20.15,10,2026-04-29,-0.9,0.96,-0.83,抗住且相对强,2026-04-22,液冷服务器,5,2,0,0
E004-2026-04-14,2026-04-14,2026-04-15,688210.SH,统联精密,电子,3.94,2.01,5.59,20日新高,2,2483.18,AI眼镜、消费电子,-2.59,-1.12,-6.43,-10.22,0.81,1,2026-04-16,-7.88,-1.06,-0.83,补跌且弱于行业,2026-04-20,AI眼镜,-2,1,0,0
E004-2026-04-14,2026-04-14,2026-04-15,688045.SH,必易微,电子,0.92,0.75,0.8,20日新高,4,12823.36,AI眼镜、MCU芯片、半导体、芯片,6.0,11.74,14.51,20.8,24.67,11,2026-04-30,0.0,1.08,-0.83,抗住且相对强,2026-04-30,MCU芯片,0,2,0,1
E004-2026-04-14,2026-04-14,2026-04-15,688079.SH,美迪凯,电子,-2.0,2.01,-1,,4,12588.86,AI眼镜、MR(混合现实)、先进封装、芯片,6.28,7.19,0.07,1.57,9.42,4,2026-04-21,-12.56,0.46,-0.83,抗住且相对强,2026-04-22,先进封装,-1,2,0,0
E004-2026-04-14,2026-04-14,2026-04-15,688371.SH,菲沃泰,电子,1.21,0.39,0.76,,3,8184.88,AI眼镜、共封装光学(CPO)、液冷服务器,0.86,3.1,1.38,5.49,18.0,11,2026-04-30,0.0,0.29,-0.83,抗住且相对强,2026-04-22,液冷服务器,6,2,0,0
E004-2026-04-14,2026-04-14,2026-04-15,688378.SH,奥来德,电子,-0.24,1.46,-0.29,20日新高,1,1710.5,AI眼镜,4.2,9.08,7.13,16.94,20.05,11,2026-04-30,0.0,-1.89,-0.83,补跌且弱于行业,2026-04-20,AI眼镜,8,1,0,0
E004-2026-04-14,2026-04-14,2026-04-15,300223.SZ,北京君正,电子,3.7,32.92,21.23,,5,15307.07,AI眼镜、MCU芯片、半导体、存储芯片、芯片,7.65,10.18,6.55,11.45,11.45,10,2026-04-29,-1.01,-3.35,-0.83,补跌且弱于行业,2026-04-30,MCU芯片,-1,2,0,0
E004-2026-04-14,2026-04-14,2026-04-15,300319.SZ,麦捷科技,电子,1.39,3.44,2.58,,6,18768.17,AI眼镜、元件、共封装光学(CPO)、存储芯片、芯片、英伟达,1.72,4.01,-2.78,2.78,4.01,5,2026-04-22,-2.13,-1.21,-0.83,补跌且弱于行业,2026-04-22,芯片,0,1,0,1
E004-2026-04-14,2026-04-14,2026-04-15,301180.SZ,万祥科技,电子,0.9,1.38,1.06,,2,2483.18,AI眼镜、消费电子,-3.69,-6.62,-16.26,-11.65,0.43,1,2026-04-16,-15.35,3.06,-0.83,抗住且相对强,2026-04-20,AI眼镜,-2,1,0,0
E004-2026-04-14,2026-04-14,2026-04-15,688620.SH,安凯微,电子,1.89,0.47,1.3,,3,12125.6,AI眼镜、半导体、芯片,5.69,7.65,8.63,14.5,19.57,11,2026-04-30,0.0,-0.71,-0.83,补跌但相对强,2026-04-30,半导体,0,2,0,1
E004-2026-04-14,2026-04-14,2026-04-15,000049.SZ,德赛电池,电力设备,1.32,3.4,2.43,,3,5106.94,AI眼镜、先进封装、钠离子电池,1.73,11.04,6.44,9.42,11.04,5,2026-04-22,-4.16,-1.45,-0.56,补跌且弱于行业,2026-04-22,先进封装,0,1,0,1
E004-2026-04-14,2026-04-14,2026-04-15,300373.SZ,扬杰科技,电子,1.16,9.12,3.5,,4,13363.42,AI眼镜、半导体、芯片、英伟达,6.85,8.44,8.24,1.76,8.44,5,2026-04-22,-9.3,-2.35,-0.83,补跌且弱于行业,2026-04-22,半导体,0,1,0,1
E004-2026-04-14,2026-04-14,2026-04-15,002983.SZ,芯瑞达,电子,1.35,0.7,1.13,,1,1710.5,AI眼镜,4.16,4.04,-0.38,-1.68,5.89,4,2026-04-21,-7.87,-1.33,-0.83,补跌且弱于行业,2026-04-20,AI眼镜,1,0,0,1
E004-2026-04-14,2026-04-14,2026-04-15,301121.SZ,紫建电子,电力设备,0.05,0.5,0.04,,2,3087.38,AI眼镜、钠离子电池,1.43,2.57,1.14,6.12,6.12,10,2026-04-29,-0.62,-2.04,-0.56,补跌且弱于行业,2026-04-29,钠离子电池,0,0,0,1
E004-2026-04-14,2026-04-14,2026-04-15,002241.SZ,歌尔股份,电子,0.78,16.23,3.14,,4,11341.98,AI眼镜、MR(混合现实)、消费电子、芯片,3.24,3.03,1.04,2.49,4.07,8,2026-04-27,-2.41,-1.59,-0.83,补跌且弱于行业,2026-04-27,MR(混合现实),0,1,0,1
E004-2026-04-14,2026-04-14,2026-04-15,301067.SZ,显盈科技,电子,4.02,0.69,3.34,20日新高,2,2483.18,AI眼镜、消费电子,0.18,1.57,-1.39,-0.59,1.75,1,2026-04-16,-5.01,-0.35,-0.83,补跌但相对强,2026-04-20,AI眼镜,-2,2,0,0
E004-2026-04-14,2026-04-14,2026-04-15,002456.SZ,欧菲光,电子,0.64,6.99,1.69,,2,2299.67,AI眼镜、MR(混合现实),1.6,0.53,-2.89,-6.63,1.6,3,2026-04-20,-8.45,-1.27,-0.83,补跌且弱于行业,2026-04-20,AI眼镜,0,0,0,1
E004-2026-04-14,2026-04-14,2026-04-15,300296.SZ,利亚德,电子,2.64,9.25,8.03,,2,9980.13,AI眼镜、芯片,0.78,2.99,-13.26,-16.78,2.99,5,2026-04-22,-20.29,-1.03,-0.83,补跌且弱于行业,2026-04-22,芯片,0,0,0,1
E004-2026-04-14,2026-04-14,2026-04-15,001298.SZ,好上好,电子,2.59,1.91,3.58,,4,13161.6,AI眼镜、MCU芯片、存储芯片、芯片,-26.64,-26.33,-28.61,-23.35,2.21,1,2026-04-16,-24.52,-2.2,-0.83,补跌且弱于行业,2026-04-17,芯片,-1,1,0,0
E004-2026-04-14,2026-04-14,2026-04-15,002881.SZ,美格智能,通信,1.12,1.23,1.24,,3,10677.89,AI眼镜、MCU芯片、芯片,3.85,2.79,2.17,0.41,3.85,1,2026-04-16,-2.79,-0.69,-1.34,补跌但相对强,2026-04-17,芯片,-1,2,0,0
E004-2026-04-14,2026-04-14,2026-04-15,300493.SZ,润欣科技,电子,1.59,1.51,1.95,,4,14483.4,AI眼镜、先进封装、存储芯片、芯片,3.18,2.54,0.0,1.34,3.18,3,2026-04-20,-0.25,-1.81,-0.83,补跌且弱于行业,2026-04-20,AI眼镜,0,1,0,1
E004-2026-04-14,2026-04-14,2026-04-15,603068.SH,博通集成,电子,2.0,0.81,1.8,,4,12823.36,AI眼镜、MCU芯片、半导体、芯片,2.49,2.64,3.07,5.1,9.0,11,2026-04-30,0.0,-1.81,-0.83,补跌且弱于行业,2026-04-30,MCU芯片,0,1,0,1
E004-2026-04-14,2026-04-14,2026-04-15,300560.SZ,中富通,通信,2.14,1.29,2.43,20日新高,2,2948.32,AI眼镜、英伟达,1.31,0.88,-1.88,-11.01,2.63,1,2026-04-16,-12.45,-1.36,-1.34,补跌且弱于行业,2026-04-20,AI眼镜,-2,1,0,0
E004-2026-04-14,2026-04-14,2026-04-15,300323.SZ,华灿光电,电子,-0.7,4.94,-1,,3,13971.14,AI眼镜、共封装光学(CPO)、芯片,10.32,13.36,9.51,16.5,22.47,11,2026-04-30,0.0,-1.0,-0.83,补跌且弱于行业,2026-04-30,芯片,0,1,0,1
E004-2026-04-14,2026-04-14,2026-04-15,688781.SH,视涯科技-UW,电子,1.73,1.93,2.4,,2,9980.13,AI眼镜、芯片,1.54,2.31,-1.13,3.33,3.79,9,2026-04-28,-0.08,3.89,-0.83,抗住且相对强,2026-04-30,芯片,-2,1,0,0
E004-2026-04-14,2026-04-14,2026-04-15,300613.SZ,富瀚微,电子,-0.58,1.97,-0.81,,3,12125.6,AI眼镜、半导体、芯片,2.49,5.52,29.04,37.09,46.99,8,2026-04-27,-11.11,-2.07,-0.83,补跌且弱于行业,2026-04-27,半导体,0,1,0,1
E004-2026-04-14,2026-04-14,2026-04-15,688286.SH,敏芯股份,电子,1.18,0.89,1.11,,3,12125.6,AI眼镜、半导体、芯片,1.5,2.09,0.2,4.98,4.98,10,2026-04-29,-10.67,0.22,-0.83,抗住且相对强,2026-04-30,半导体,-1,2,0,0
E004-2026-04-14,2026-04-14,2026-04-15,002861.SZ,瀛通通讯,电子,-0.99,1.22,-1,,2,2483.18,AI眼镜、消费电子,0.96,0.51,-2.42,3.44,4.27,8,2026-04-27,-0.19,-1.57,-0.83,补跌且弱于行业,2026-04-22,消费电子,3,0,0,0
E004-2026-04-14,2026-04-14,2026-04-15,300709.SZ,精研科技,电子,1.28,2.56,2.05,,3,4966.55,AI眼镜、消费电子、液冷服务器,-1.94,-2.58,-10.68,-2.25,-0.87,1,2026-04-16,-1.78,0.31,-0.83,抗住且相对强,2026-04-20,液冷服务器,-2,2,0,0
E004-2026-04-14,2026-04-14,2026-04-15,688049.SH,炬芯科技,电子,1.11,2.08,1.6,,4,12823.36,AI眼镜、MCU芯片、半导体、芯片,1.61,3.56,0.9,0.45,3.56,5,2026-04-22,-0.51,-1.25,-0.83,补跌且弱于行业,2026-04-22,半导体,0,1,0,1
E004-2026-04-14,2026-04-14,2026-04-15,688007.SH,光峰科技,电子,2.46,0.74,2.12,,2,2483.18,AI眼镜、消费电子,2.51,3.83,3.9,2.3,5.57,8,2026-04-27,-1.88,-1.37,-0.83,补跌且弱于行业,2026-04-22,消费电子,3,0,0,0
E004-2026-04-14,2026-04-14,2026-04-15,002449.SZ,国星光电,电子,-0.74,1.15,-0.79,,3,11999.69,AI眼镜、先进封装、芯片,2.36,2.98,-1.99,-2.36,2.98,5,2026-04-22,-4.59,-0.37,-0.83,补跌但相对强,2026-04-22,先进封装,0,2,0,1
E004-2026-04-14,2026-04-14,2026-04-15,300638.SZ,广和通,通信,0.83,2.81,1.39,,2,2618.98,AI眼镜、虚拟电厂,5.7,6.71,-9.08,-9.64,6.71,5,2026-04-22,-16.55,-1.81,-1.34,补跌且弱于行业,2026-04-20,AI眼镜,2,0,0,0
E004-2026-04-14,2026-04-14,2026-04-15,301383.SZ,天键股份,电子,1.93,0.62,1.52,,3,3072.35,AI眼镜、MR(混合现实)、消费电子,2.93,0.91,-2.06,0.03,2.93,3,2026-04-20,-2.61,0.38,-0.83,抗住且相对强,2026-04-20,AI眼镜,0,2,0,1
E004-2026-04-14,2026-04-14,2026-04-15,688181.SH,八亿时空,电子,0.37,0.92,0.35,,3,6213.43,AI眼镜、先进封装、液冷服务器,1.8,5.84,10.33,8.92,13.45,6,2026-04-23,-4.74,-0.79,-0.83,补跌但相对强,2026-04-22,液冷服务器,1,2,0,1
E004-2026-04-14,2026-04-14,2026-04-15,301479.SZ,弘景光电,电子,-1.56,2.04,-1,,1,1710.5,AI眼镜,7.96,11.8,7.71,6.96,13.47,11,2026-04-30,0.0,5.13,-0.83,抗住且相对强,2026-04-20,AI眼镜,8,1,0,0
E004-2026-04-14,2026-04-14,2026-04-15,002841.SZ,视源股份,电子,0.15,1.1,0.16,,2,2483.18,AI眼镜、消费电子,3.81,4.9,8.08,7.82,11.15,6,2026-04-23,-5.39,2.26,-0.83,抗住且相对强,2026-04-22,消费电子,1,1,0,1
E004-2026-04-14,2026-04-14,2026-04-15,301421.SZ,波长光电,电子,1.38,4.09,2.79,,3,12198.7,AI眼镜、PCB、芯片,6.8,6.8,2.62,7.43,10.84,11,2026-04-30,0.0,-2.57,-0.83,补跌且弱于行业,2026-04-30,芯片,0,1,0,1
E004-2026-04-14,2026-04-14,2026-04-15,000100.SZ,TCL科技,电子,1.15,14.18,4.33,,2,9980.13,AI眼镜、芯片,0.46,0.0,-2.76,-0.69,0.46,3,2026-04-20,-2.3,-0.68,-0.83,补跌但相对强,2026-04-20,AI眼镜,0,1,0,1
E004-2026-04-14,2026-04-14,2026-04-15,688469.SH,芯联集成-U,电子,2.15,5.64,5.11,,4,12823.36,AI眼镜、MCU芯片、半导体、芯片,4.84,2.72,0.91,2.12,4.84,3,2026-04-20,-0.61,-0.45,-0.83,补跌但相对强,2026-04-20,MCU芯片,0,2,0,1
E004-2026-04-14,2026-04-14,2026-04-15,300566.SZ,激智科技,电子,1.2,0.72,1.02,,1,1710.5,AI眼镜,2.4,3.43,0.27,3.22,3.81,11,2026-04-30,0.0,-0.86,-0.83,补跌且弱于行业,2026-04-20,AI眼镜,8,0,0,0
E004-2026-04-14,2026-04-14,2026-04-15,603297.SH,永新光学,电子,1.0,2.28,1.51,,3,12198.7,AI眼镜、PCB、芯片,3.46,11.3,5.6,4.5,11.3,5,2026-04-22,-6.04,-0.5,-0.83,补跌但相对强,2026-04-22,芯片,0,2,0,1
E004-2026-04-14,2026-04-14,2026-04-15,300793.SZ,佳禾智能,电子,0.77,0.48,0.53,,3,10752.81,AI眼镜、消费电子、芯片,2.25,1.06,-1.9,-0.14,2.25,3,2026-04-20,-3.1,-1.25,-0.83,补跌且弱于行业,2026-04-20,AI眼镜,0,1,0,1
E004-2026-04-14,2026-04-14,2026-04-15,002992.SZ,宝明科技,电子,-0.75,0.63,-0.6,,1,1710.5,AI眼镜,4.5,10.68,6.3,0.73,12.52,4,2026-04-21,-8.64,-2.02,-0.83,补跌且弱于行业,2026-04-20,AI眼镜,1,0,0,1
E004-2026-04-14,2026-04-14,2026-04-15,301567.SZ,贝隆精密,电子,1.15,0.38,0.71,,2,2483.18,AI眼镜、消费电子,1.79,1.62,-1.76,0.59,2.56,11,2026-04-30,0.0,-1.16,-0.83,补跌且弱于行业,2026-04-22,消费电子,6,0,0,0
E004-2026-04-14,2026-04-14,2026-04-15,688608.SH,恒玄科技,电子,0.79,5.8,1.9,,3,12125.6,AI眼镜、半导体、芯片,2.43,2.33,-0.49,3.08,5.82,8,2026-04-27,-4.9,-1.18,-0.83,补跌且弱于行业,2026-04-27,半导体,0,1,0,1
E004-2026-04-14,2026-04-14,2026-04-15,300460.SZ,ST惠伦,电子,-0.11,0.3,-0.06,,4,15046.64,AI眼镜、元件、共封装光学(CPO)、芯片,6.14,10.66,13.56,9.04,15.53,6,2026-04-23,-6.72,-1.93,-0.83,补跌且弱于行业,2026-04-22,共封装光学(CPO),1,1,0,1
E004-2026-04-14,2026-04-14,2026-04-15,603501.SH,豪威集团,电子,-0.18,16.02,-0.72,,5,14061.18,AI眼镜、MCU芯片、半导体、芯片、英伟达,1.59,2.05,3.04,10.05,13.35,8,2026-04-27,-6.86,-2.48,-0.83,补跌且弱于行业,2026-04-27,半导体,0,1,0,1
E004-2026-04-14,2026-04-14,2026-04-15,300316.SZ,晶盛机电,电力设备,0.61,12.39,2.15,,4,14483.4,AI眼镜、先进封装、存储芯片、芯片,4.17,3.59,0.25,-3.73,6.33,2,2026-04-17,-8.2,1.92,-0.56,抗住且相对强,2026-04-17,先进封装,0,2,0,1
E004-2026-04-14,2026-04-14,2026-04-15,688798.SH,艾为电子,电子,0.6,1.9,0.83,,4,12823.36,AI眼镜、MCU芯片、半导体、芯片,1.35,3.35,6.1,-1.07,6.68,8,2026-04-27,-6.07,-0.25,-0.83,补跌但相对强,2026-04-27,半导体,0,2,0,1
E004-2026-04-14,2026-04-14,2026-04-15,002045.SZ,国光电器,电子,0.59,0.74,0.51,,3,4701.75,AI眼镜、PCB、消费电子,0.17,-2.45,-7.09,-3.72,0.34,1,2026-04-16,-5.07,-0.5,-0.83,补跌但相对强,2026-04-17,PCB,-1,2,0,0
E004-2026-04-14,2026-04-14,2026-04-15,300504.SZ,天邑股份,通信,-0.62,1.11,-0.65,,1,1710.5,AI眼镜,2.95,7.05,2.95,10.06,11.92,8,2026-04-27,-1.35,-1.82,-1.34,补跌且弱于行业,2026-04-20,AI眼镜,5,0,0,0
E004-2026-04-14,2026-04-14,2026-04-15,001308.SZ,康冠科技,电子,0.84,0.27,0.44,,1,1710.5,AI眼镜,-2.52,-1.06,-3.24,-3.05,0.58,2,2026-04-17,-2.13,1.18,-0.83,抗住且相对强,2026-04-20,AI眼镜,-1,1,0,0
E004-2026-04-14,2026-04-14,2026-04-15,688332.SH,中科蓝讯,电子,0.79,2.42,1.23,,4,16116.61,AI眼镜、共封装光学(CPO)、半导体、芯片,2.01,2.07,-0.4,-10.5,2.07,5,2026-04-22,-12.22,-0.21,-0.83,补跌但相对强,2026-04-22,共封装光学(CPO),0,2,0,1
E004-2026-04-14,2026-04-14,2026-04-15,688213.SH,思特威-W,电子,0.15,8.17,0.43,,3,12125.6,AI眼镜、半导体、芯片,1.0,1.05,-0.43,-3.36,5.37,8,2026-04-27,-9.82,-0.7,-0.83,补跌但相对强,2026-04-27,半导体,0,2,0,1
E004-2026-04-14,2026-04-14,2026-04-15,300545.SZ,联得装备,电子,-0.18,2.07,-0.26,,5,13965.74,AI眼镜、MR(混合现实)、先进封装、芯片、钠离子电池,0.03,1.01,-1.44,3.9,4.27,11,2026-04-30,0.0,0.37,-0.83,抗住且相对强,2026-04-30,芯片,0,2,0,1
E004-2026-04-14,2026-04-14,2026-04-15,688234.SH,天岳先进,电子,-0.94,8.8,-1,,3,12125.6,AI眼镜、半导体、芯片,8.12,14.25,16.67,16.3,19.04,8,2026-04-27,-7.41,-2.13,-0.83,补跌且弱于行业,2026-04-27,半导体,0,1,0,1
E004-2026-04-14,2026-04-14,2026-04-15,688728.SH,格科微,电子,0.84,1.48,1.02,,3,12125.6,AI眼镜、半导体、芯片,2.58,2.2,1.06,0.84,4.71,11,2026-04-30,0.0,-0.38,-0.83,补跌但相对强,2026-04-30,半导体,0,2,0,1
E004-2026-04-14,2026-04-14,2026-04-15,600703.SH,三安光电,电子,-1.85,31.47,-1,,4,15990.7,AI眼镜、先进封装、共封装光学(CPO)、芯片,12.44,23.06,24.46,14.83,27.76,6,2026-04-23,-15.16,-0.65,-0.83,补跌但相对强,2026-04-22,共封装光学(CPO),1,2,0,1
E004-2026-04-14,2026-04-14,2026-04-15,688195.SH,腾景科技,电子,1.36,29.48,7.38,,3,13971.14,AI眼镜、共封装光学(CPO)、芯片,3.55,16.28,1.02,-5.19,16.28,5,2026-04-22,-19.07,2.47,-0.83,抗住且相对强,2026-04-22,共封装光学(CPO),0,2,0,1
E004-2026-04-14,2026-04-14,2026-04-15,002036.SZ,联创电子,电子,-0.44,1.96,-0.62,,5,15798.13,AI眼镜、MR(混合现实)、共封装光学(CPO)、芯片、英伟达,0.66,0.22,-2.98,-12.71,1.99,1,2026-04-16,-17.13,-0.55,-0.83,补跌但相对强,2026-04-17,芯片,-1,2,0,0
E004-2026-04-14,2026-04-14,2026-04-15,688496.SH,*ST清越,电子,0.71,0.26,0.36,,1,1710.5,AI眼镜,-3.91,-5.61,-10.03,,-1.87,1,2026-04-16,-22.28,3.34,-0.83,抗住且相对强,2026-04-20,AI眼镜,-2,1,0,0
E004-2026-04-14,2026-04-14,2026-04-15,688807.SH,优迅股份,电子,0.33,7.98,0.93,历史新高,4,15103.87,MCU芯片、共封装光学(CPO)、半导体、芯片,20.49,25.28,35.03,25.75,35.03,7,2026-04-24,-12.12,-1.76,-0.83,补跌且弱于行业,2026-04-27,半导体,-1,1,0,0
E004-2026-04-14,2026-04-14,2026-04-15,300671.SZ,富满微,电子,0.73,9.88,2.29,20日新高,5,15616.13,MCU芯片、先进封装、半导体、存储芯片、芯片,0.07,4.54,7.03,2.99,7.03,7,2026-04-24,-2.52,-5.68,-0.83,补跌且弱于行业,2026-04-27,存储芯片,-1,1,0,0
E004-2026-04-14,2026-04-14,2026-04-15,603933.SH,睿能科技,电子,-0.88,3.08,-1,,3,11451.1,MCU芯片、存储芯片、芯片,7.36,4.94,-4.63,2.6,10.01,1,2026-04-16,-2.25,-4.26,-0.83,补跌且弱于行业,2026-04-17,芯片,-1,1,0,0
E004-2026-04-14,2026-04-14,2026-04-15,688766.SH,普冉股份,电子,7.22,19.26,31.69,,4,13596.57,MCU芯片、半导体、存储芯片、芯片,2.24,3.03,-1.46,0.85,3.92,9,2026-04-28,-1.8,-2.06,-0.83,补跌且弱于行业,2026-04-27,半导体,1,2,0,1
E004-2026-04-14,2026-04-14,2026-04-15,688362.SH,甬矽电子,电子,5.21,8.49,15.18,20日新高,4,13132.42,MCU芯片、先进封装、半导体、芯片,-0.11,0.67,-1.56,-1.7,3.53,11,2026-04-30,0.0,-0.27,-0.83,补跌但相对强,2026-04-30,MCU芯片,0,3,1,1
E004-2026-04-14,2026-04-14,2026-04-15,688691.SH,灿芯股份,电子,4.74,10.73,15.53,20日新高,4,13596.57,MCU芯片、半导体、存储芯片、芯片,-0.19,-1.75,-2.08,0.52,16.45,11,2026-04-30,0.0,-3.29,-0.83,补跌且弱于行业,2026-04-30,MCU芯片,0,2,0,1
E004-2026-04-14,2026-04-14,2026-04-15,301563.SZ,云汉芯城,电子,4.04,3.78,7.85,,4,13669.67,MCU芯片、PCB、存储芯片、芯片,3.82,4.88,2.33,1.86,5.33,2,2026-04-17,-2.89,-3.04,-0.83,补跌且弱于行业,2026-04-17,芯片,0,1,0,1
E004-2026-04-14,2026-04-14,2026-04-15,001287.SZ,中电港,电子,-0.59,7.73,-1,20日新高,4,12688.92,MCU芯片、存储芯片、芯片、英伟达,1.24,0.66,0.88,-6.46,1.24,3,2026-04-20,-4.64,2.24,-0.83,抗住且相对强,2026-04-20,MCU芯片,0,2,0,1
E004-2026-04-14,2026-04-14,2026-04-15,688416.SH,恒烁股份,电子,7.19,4.66,15.52,,4,13596.57,MCU芯片、半导体、存储芯片、芯片,18.54,24.01,16.11,16.84,26.46,6,2026-04-23,-8.0,-1.0,-0.83,补跌且弱于行业,2026-04-22,半导体,1,2,0,1
E004-2026-04-14,2026-04-14,2026-04-15,300077.SZ,国民技术,电子,-0.48,9.99,-1,,4,15103.87,MCU芯片、共封装光学(CPO)、半导体、芯片,-1.0,2.83,5.34,1.05,8.12,6,2026-04-23,-3.01,-3.01,-0.83,补跌且弱于行业,2026-04-22,共封装光学(CPO),1,1,0,1
E004-2026-04-14,2026-04-14,2026-04-15,688380.SH,中微半导,电子,4.76,5.24,10.9,,4,13596.57,MCU芯片、半导体、存储芯片、芯片,1.82,4.02,-0.33,-0.33,4.02,5,2026-04-22,-0.04,-2.62,-0.83,补跌且弱于行业,2026-04-22,半导体,0,2,0,1
E004-2026-04-14,2026-04-14,2026-04-15,603986.SH,兆易创新,电子,6.82,128.61,77.34,,4,13596.57,MCU芯片、半导体、存储芯片、芯片,6.04,14.59,8.65,12.73,14.59,5,2026-04-22,-0.36,-2.15,-0.83,补跌且弱于行业,2026-04-22,半导体,0,2,0,1
E004-2026-04-14,2026-04-14,2026-04-15,688047.SH,龙芯中科,电子,2.83,12.65,10.07,,3,11112.86,MCU芯片、半导体、芯片,1.59,0.85,8.58,10.04,17.31,11,2026-04-30,0.0,-0.14,-0.83,补跌但相对强,2026-04-30,MCU芯片,0,2,0,1
E004-2026-04-14,2026-04-14,2026-04-15,688536.SH,思瑞浦,电子,3.13,9.26,9.52,,4,15103.87,MCU芯片、共封装光学(CPO)、半导体、芯片,3.66,9.38,14.21,24.93,41.11,11,2026-04-30,0.0,1.32,-0.83,抗住且相对强,2026-04-30,MCU芯片,0,2,0,1
E004-2026-04-14,2026-04-14,2026-04-15,300053.SZ,航宇微,电子,2.87,6.39,7.25,,5,15616.13,MCU芯片、先进封装、半导体、存储芯片、芯片,4.51,4.01,-1.1,-7.81,4.51,3,2026-04-20,-6.1,-0.55,-0.83,补跌但相对强,2026-04-20,MCU芯片,0,2,0,1
E004-2026-04-14,2026-04-14,2026-04-15,688061.SH,灿瑞科技,电子,1.63,0.36,0.98,,4,13132.42,MCU芯片、先进封装、半导体、芯片,5.75,6.59,6.28,7.99,10.07,8,2026-04-27,-0.62,-0.74,-0.83,补跌但相对强,2026-04-27,半导体,0,2,0,1
E004-2026-04-14,2026-04-14,2026-04-15,688368.SH,晶丰明源,电子,0.28,3.09,0.49,20日新高,4,12350.68,MCU芯片、半导体、芯片、英伟达,-2.25,6.81,2.51,2.4,9.48,4,2026-04-21,-1.44,-1.72,-0.83,补跌且弱于行业,2026-04-22,半导体,-1,1,0,0
E004-2026-04-14,2026-04-14,2026-04-15,688262.SH,国芯科技,电子,0.95,2.93,1.63,,5,15616.13,MCU芯片、先进封装、半导体、存储芯片、芯片,4.26,3.86,1.69,7.32,11.47,11,2026-04-30,0.0,-0.57,-0.83,补跌但相对强,2026-04-30,MCU芯片,0,2,0,1
E004-2026-04-14,2026-04-14,2026-04-15,688396.SH,华润微,电子,0.84,8.61,2.46,,6,19607.14,MCU芯片、先进封装、共封装光学(CPO)、半导体、存储芯片、芯片,6.94,6.85,13.31,15.03,17.29,11,2026-04-30,0.0,-1.57,-0.83,补跌且弱于行业,2026-04-30,MCU芯片,0,1,0,1
E004-2026-04-14,2026-04-14,2026-04-15,688385.SH,复旦微电,电子,4.5,8.17,12.86,,5,14834.39,MCU芯片、半导体、存储芯片、芯片、英伟达,9.29,10.64,6.36,1.48,11.4,4,2026-04-21,-12.3,-2.15,-0.83,补跌且弱于行业,2026-04-22,芯片,-1,2,0,0
E004-2026-04-14,2026-04-14,2026-04-15,300183.SZ,东软载波,通信,-0.8,1.37,-0.94,,3,9875.87,MCU芯片、芯片、虚拟电厂,6.71,6.57,-8.62,-11.02,6.71,3,2026-04-20,-17.59,-2.14,-1.34,补跌且弱于行业,2026-04-20,MCU芯片,0,1,0,1
E004-2026-04-14,2026-04-14,2026-04-15,002049.SZ,紫光国微,电子,1.1,11.47,3.73,,5,17587.58,MCU芯片、共封装光学(CPO)、半导体、存储芯片、芯片,4.19,3.21,1.31,8.12,10.17,11,2026-04-30,0.0,-1.21,-0.83,补跌且弱于行业,2026-04-30,MCU芯片,0,1,0,1
E004-2026-04-14,2026-04-14,2026-04-15,688018.SH,乐鑫科技,电子,3.21,5.5,7.53,20日新高,3,11112.86,MCU芯片、半导体、芯片,13.17,12.1,14.88,11.57,16.64,8,2026-04-27,-2.73,-1.31,-0.83,补跌且弱于行业,2026-04-27,半导体,0,1,0,1
E004-2026-04-14,2026-04-14,2026-04-15,300735.SZ,光弘科技,电子,2.14,1.96,3.0,,3,3953.81,MCU芯片、消费电子、液冷服务器,8.23,5.26,3.06,-5.44,8.23,3,2026-04-20,-14.66,-0.94,-0.83,补跌且弱于行业,2026-04-20,MCU芯片,0,1,0,1
E004-2026-04-14,2026-04-14,2026-04-15,688216.SH,气派科技,电子,1.79,0.62,1.41,,5,15616.13,MCU芯片、先进封装、半导体、存储芯片、芯片,1.19,2.02,-1.19,0.35,6.8,11,2026-04-30,0.0,-1.14,-0.83,补跌且弱于行业,2026-04-30,MCU芯片,0,1,0,1
E004-2026-04-14,2026-04-14,2026-04-15,300001.SZ,特锐德,电力设备,1.51,6.27,3.78,,2,1606.24,MCU芯片、虚拟电厂,4.05,6.77,9.36,5.8,9.36,7,2026-04-24,-6.35,-0.69,-0.56,补跌且弱于行业,2026-04-30,MCU芯片,-4,0,0,0
E004-2026-04-14,2026-04-14,2026-04-15,688372.SH,伟测科技,电子,1.73,11.3,5.82,,5,15616.13,MCU芯片、先进封装、半导体、存储芯片、芯片,0.57,-2.24,-7.01,-4.83,0.89,1,2026-04-16,-2.98,1.79,-0.83,抗住且相对强,2026-04-17,芯片,-1,2,0,0
E004-2026-04-14,2026-04-14,2026-04-15,688709.SH,成都华微,电子,3.8,3.22,6.82,,4,13596.57,MCU芯片、半导体、存储芯片、芯片,0.86,-0.32,-3.8,-8.19,0.86,3,2026-04-20,-15.65,-0.16,-0.83,补跌但相对强,2026-04-20,MCU芯片,0,2,0,1
E004-2026-04-14,2026-04-14,2026-04-15,600460.SH,士兰微,电子,1.32,6.53,3.37,,4,13132.42,MCU芯片、先进封装、半导体、芯片,2.9,3.88,4.67,4.74,8.84,8,2026-04-27,-0.11,-1.3,-0.83,补跌且弱于行业,2026-04-27,半导体,0,1,0,1
E004-2026-04-14,2026-04-14,2026-04-15,688591.SH,泰凌微,电子,0.94,1.15,1.01,,4,12350.68,MCU芯片、半导体、芯片、英伟达,1.8,2.15,-0.46,-1.91,2.35,1,2026-04-16,-1.6,-8.66,-0.83,补跌且弱于行业,2026-04-17,半导体,-1,1,0,0
E004-2026-04-14,2026-04-14,2026-04-15,688352.SH,颀中科技,电子,1.89,1.37,2.21,,4,13132.42,MCU芯片、先进封装、半导体、芯片,-2.82,-0.39,-0.7,0.16,2.74,2,2026-04-17,-1.25,-1.01,-0.83,补跌且弱于行业,2026-04-17,先进封装,0,1,0,1
E004-2026-04-14,2026-04-14,2026-04-15,688172.SH,燕东微,电子,1.19,6.26,2.98,,3,11112.86,MCU芯片、半导体、芯片,-0.35,5.19,2.89,-1.43,6.69,8,2026-04-27,-1.75,3.13,-0.83,抗住且相对强,2026-04-27,半导体,0,2,0,1
E004-2026-04-14,2026-04-14,2026-04-15,688391.SH,钜泉科技,电子,0.63,0.2,0.28,,3,11112.86,MCU芯片、半导体、芯片,-0.39,-0.92,-0.49,-0.2,1.93,11,2026-04-30,0.0,0.07,-0.83,抗住且相对强,2026-04-30,MCU芯片,0,2,0,1
E004-2026-04-14,2026-04-14,2026-04-15,600171.SH,上海贝岭,电子,1.43,2.58,2.3,,5,17587.58,MCU芯片、共封装光学(CPO)、半导体、存储芯片、芯片,1.93,2.81,3.76,2.99,7.15,8,2026-04-27,-2.44,-1.19,-0.83,补跌且弱于行业,2026-04-27,存储芯片,0,1,0,1
E004-2026-04-14,2026-04-14,2026-04-15,688783.SH,西安奕材-U,电子,1.77,1.22,1.96,,4,13596.57,MCU芯片、半导体、存储芯片、芯片,3.54,1.15,1.55,-0.8,5.01,11,2026-04-30,0.0,0.89,-0.83,抗住且相对强,2026-04-30,MCU芯片,0,2,0,1
E004-2026-04-14,2026-04-14,2026-04-15,688249.SH,晶合集成,电子,0.78,6.01,1.91,,3,11112.86,MCU芯片、半导体、芯片,2.51,5.55,0.41,7.04,14.46,11,2026-04-30,0.0,-1.24,-0.83,补跌且弱于行业,2026-04-30,MCU芯片,0,1,0,1
E004-2026-04-14,2026-04-14,2026-04-15,300327.SZ,中颖电子,电子,1.84,2.07,2.65,,3,11112.86,MCU芯片、半导体、芯片,6.5,7.06,8.84,6.9,8.96,8,2026-04-27,-0.56,-1.18,-0.83,补跌且弱于行业,2026-04-27,半导体,0,1,0,1
E004-2026-04-14,2026-04-14,2026-04-15,603290.SH,斯达半导,电子,1.9,5.02,4.26,,3,11112.86,MCU芯片、半导体、芯片,1.92,1.33,8.26,9.45,10.63,9,2026-04-28,-7.13,-1.62,-0.83,补跌且弱于行业,2026-04-27,半导体,1,1,0,1
E004-2026-04-14,2026-04-14,2026-04-15,688589.SH,力合微,电子,0.39,0.56,0.29,,3,11112.86,MCU芯片、半导体、芯片,1.71,1.44,-0.22,1.03,3.51,11,2026-04-30,0.0,-2.84,-0.83,补跌且弱于行业,2026-04-30,MCU芯片,0,1,0,1
E004-2026-04-14,2026-04-14,2026-04-15,600198.SH,大唐电信,通信,1.2,0.97,1.18,,3,11112.86,MCU芯片、半导体、芯片,3.99,2.42,-1.57,2.29,3.99,3,2026-04-20,-2.54,-1.66,-1.34,补跌且弱于行业,2026-04-20,MCU芯片,0,1,0,1
E004-2026-04-14,2026-04-14,2026-04-15,688052.SH,纳芯微,电子,2.47,4.03,4.96,,4,13132.42,MCU芯片、先进封装、半导体、芯片,8.55,11.26,17.03,20.98,26.75,11,2026-04-30,0.0,1.21,-0.83,抗住且相对强,2026-04-30,MCU芯片,0,2,0,1
E004-2026-04-14,2026-04-14,2026-04-15,603421.SH,鼎信通讯,通信,-3.57,2.7,-1,,3,9875.87,MCU芯片、芯片、虚拟电厂,-0.36,-0.36,-2.52,0.24,0.24,10,2026-04-29,-1.8,-0.6,-1.34,补跌但相对强,2026-04-30,MCU芯片,-1,2,0,0
E004-2026-04-14,2026-04-14,2026-04-15,002929.SZ,润建股份,通信,4.98,21.72,23.21,1年新高,2,1497.65,MR(混合现实)、虚拟电厂,-0.32,-4.55,-4.35,-8.59,10.01,1,2026-04-16,-9.45,-0.79,-1.34,补跌但相对强,2026-04-20,MR(混合现实),-2,3,1,0
E004-2026-04-14,2026-04-14,2026-04-15,002962.SZ,五方光电,电子,-1.27,5.16,-1,,1,589.17,MR(混合现实),7.62,6.43,-1.31,-0.95,7.74,4,2026-04-21,-9.7,2.63,-0.83,抗住且相对强,2026-04-20,MR(混合现实),1,1,0,1
E004-2026-04-14,2026-04-14,2026-04-15,301486.SZ,致尚科技,电子,2.52,18.45,10.82,20日新高,4,13622.49,MR(混合现实)、共封装光学(CPO)、消费电子、芯片,3.48,26.85,16.77,29.31,29.31,10,2026-04-29,-0.24,-5.78,-0.83,补跌且弱于行业,2026-04-30,芯片,-1,2,0,0
E004-2026-04-14,2026-04-14,2026-04-15,688035.SH,德邦科技,电子,6.24,5.29,14.35,,6,18064.01,MR(混合现实)、PCB、先进封装、存储芯片、液冷服务器、芯片,4.58,12.87,14.24,18.97,18.97,10,2026-04-29,-1.07,-2.9,-0.83,补跌且弱于行业,2026-04-30,先进封装,-1,2,0,0
E004-2026-04-14,2026-04-14,2026-04-15,002635.SZ,安洁科技,电子,-0.45,4.1,-0.91,,4,4899.68,MR(混合现实)、氢能源、消费电子、燃料电池,5.99,9.84,2.9,4.54,9.84,5,2026-04-22,-5.74,2.52,-0.83,抗住且相对强,2026-04-22,消费电子,0,2,0,1
E004-2026-04-14,2026-04-14,2026-04-15,300812.SZ,易天股份,电子,6.94,10.19,22.15,20日新高,5,15642.05,MR(混合现实)、先进封装、共封装光学(CPO)、消费电子、芯片,-2.19,-3.58,-9.83,-14.45,2.12,1,2026-04-16,-16.91,-1.93,-0.83,补跌且弱于行业,2026-04-17,芯片,-1,2,0,0
E004-2026-04-14,2026-04-14,2026-04-15,003021.SZ,兆威机电,电力设备,1.46,2.94,2.5,,1,589.17,MR(混合现实),1.64,0.77,-3.61,-6.02,1.98,1,2026-04-16,-5.3,-1.16,-0.56,补跌且弱于行业,2026-04-20,MR(混合现实),-2,0,0,0
E004-2026-04-14,2026-04-14,2026-04-15,300219.SZ,鸿利智汇,电子,0.93,1.19,1.01,,2,8858.8,MR(混合现实)、芯片,0.91,2.08,-3.63,-1.69,2.08,5,2026-04-22,-2.72,1.18,-0.83,抗住且相对强,2026-04-22,芯片,0,1,0,1
E004-2026-04-14,2026-04-14,2026-04-15,600525.SH,ST长园,电力设备,-1.06,0.86,-0.98,20日新高,4,11985.85,MR(混合现实)、PCB、芯片、虚拟电厂,-4.53,-3.62,-5.25,-3.8,-0.18,1,2026-04-16,-5.8,-1.78,-0.56,补跌且弱于行业,2026-04-17,芯片,-1,1,0,0
E004-2026-04-14,2026-04-14,2026-04-15,300128.SZ,锦富技术,电力设备,1.16,1.57,1.45,,3,4310.36,MR(混合现实)、液冷服务器、英伟达,4.01,5.18,2.68,3.01,7.86,11,2026-04-30,0.0,-1.97,-0.56,补跌且弱于行业,2026-04-27,MR(混合现实),3,1,0,0
E004-2026-04-14,2026-04-14,2026-04-15,688167.SH,炬光科技,电子,-3.05,28.22,-1,历史新高,7,20365.99,MR(混合现实)、先进封装、共封装光学(CPO)、半导体、可控核聚变、存储芯片、芯片,-0.29,3.43,-7.36,-8.05,4.22,1,2026-04-16,-10.01,-2.16,-0.83,补跌且弱于行业,2026-04-17,芯片,-1,1,0,0
E004-2026-04-14,2026-04-14,2026-04-15,300269.SZ,联建光电,电子,-0.27,1.63,-0.34,,1,589.17,MR(混合现实),3.58,1.24,-7.84,-13.89,3.58,3,2026-04-20,-16.92,-1.22,-0.83,补跌且弱于行业,2026-04-20,MR(混合现实),0,0,0,1
E004-2026-04-14,2026-04-14,2026-04-15,300232.SZ,洲明科技,电子,0.43,1.75,0.57,,2,1826.99,MR(混合现实)、英伟达,3.76,-5.79,-9.26,-7.81,3.76,3,2026-04-20,-11.87,-0.72,-0.83,补跌但相对强,2026-04-20,MR(混合现实),0,1,0,1
E004-2026-04-14,2026-04-14,2026-04-15,002587.SZ,奥拓电子,电子,-1.07,1.07,-1,,2,1826.99,MR(混合现实)、英伟达,2.17,0.62,-3.26,5.58,8.53,11,2026-04-30,0.0,-0.77,-0.83,补跌但相对强,2026-04-27,MR(混合现实),3,1,0,0
E004-2026-04-14,2026-04-14,2026-04-15,300081.SZ,ST恒信,通信,0.29,1.12,0.31,,1,589.17,MR(混合现实),1.44,18.44,15.85,19.02,19.31,11,2026-04-30,0.0,-1.14,-1.34,补跌但相对强,2026-04-27,MR(混合现实),3,1,0,0
E004-2026-04-14,2026-04-14,2026-04-15,603459.SH,红板科技,电子,-1.02,27.4,-1,,5,18038.42,PCB、元件、共封装光学(CPO)、存储芯片、芯片,-8.03,-6.92,-12.13,-9.77,0.42,1,2026-04-16,-10.18,10.0,-0.83,抗住且相对强,2026-04-17,芯片,-1,2,0,0
E004-2026-04-14,2026-04-14,2026-04-15,002213.SZ,大为股份,电子,9.99,6.63,25.72,历史新高,4,15117.38,PCB、半导体、存储芯片、芯片,7.03,2.75,2.27,6.2,10.01,1,2026-04-16,-2.98,-8.48,-0.83,补跌且弱于行业,2026-04-17,半导体,-1,2,0,0
E004-2026-04-14,2026-04-14,2026-04-15,688655.SH,迅捷兴,电子,16.08,7.11,42.88,历史新高,3,7285.08,PCB、元件、共封装光学(CPO),2.7,9.33,-4.99,10.16,30.65,11,2026-04-30,0.0,5.38,-0.83,抗住且相对强,2026-04-22,共封装光学(CPO),6,3,1,0
E004-2026-04-14,2026-04-14,2026-04-15,688183.SH,生益电子,电子,3.89,36.91,23.63,60日新高,3,7285.08,PCB、元件、共封装光学(CPO),3.88,11.26,5.53,9.32,15.57,8,2026-04-27,-10.63,-5.18,-0.83,补跌且弱于行业,2026-04-22,共封装光学(CPO),3,2,0,0
E004-2026-04-14,2026-04-14,2026-04-15,002916.SZ,深南电路,电子,6.36,41.76,41.1,20日新高,5,16066.97,PCB、元件、先进封装、存储芯片、芯片,6.16,11.21,11.23,16.09,18.78,8,2026-04-27,-3.43,-5.19,-0.83,补跌且弱于行业,2026-04-27,存储芯片,0,2,0,1
E004-2026-04-14,2026-04-14,2026-04-15,002463.SZ,沪电股份,电子,10.0,89.99,94.86,历史新高,3,11563.7,PCB、元件、芯片,5.63,11.31,10.35,9.92,14.92,6,2026-04-23,-4.37,-4.88,-0.83,补跌且弱于行业,2026-04-22,芯片,1,2,0,1
E004-2026-04-14,2026-04-14,2026-04-15,300679.SZ,电连技术,电子,-0.57,11.31,-1,,2,2991.25,PCB、消费电子,5.35,7.4,8.03,10.4,12.08,9,2026-04-28,-2.25,-2.5,-0.83,补跌且弱于行业,2026-04-22,消费电子,4,0,0,0
E004-2026-04-14,2026-04-14,2026-04-15,688519.SH,南亚新材,电子,11.95,14.91,46.14,,4,9768.79,PCB、元件、共封装光学(CPO)、存储芯片,-8.61,-1.87,-1.3,7.44,7.44,10,2026-04-29,-0.56,2.12,-0.83,抗住且相对强,2026-04-30,存储芯片,-1,3,1,0
E004-2026-04-14,2026-04-14,2026-04-15,002636.SZ,金安国纪,电子,5.98,22.86,28.59,历史新高,2,3294.07,PCB、元件,5.6,22.95,10.3,21.0,23.51,9,2026-04-28,-3.68,-3.4,-0.83,补跌且弱于行业,2026-04-17,PCB,7,2,0,0
E004-2026-04-14,2026-04-14,2026-04-15,600183.SH,生益科技,电子,5.28,53.06,38.46,20日新高,6,20057.98,PCB、元件、先进封装、共封装光学(CPO)、存储芯片、芯片,4.33,13.6,8.57,16.59,16.59,10,2026-04-29,-2.23,0.12,-0.83,抗住且相对强,2026-04-30,芯片,-1,3,1,0
E004-2026-04-14,2026-04-14,2026-04-15,603002.SH,宏昌电子,电子,10.01,7.78,27.92,历史新高,4,13745.58,PCB、先进封装、芯片、英伟达,3.11,7.76,11.72,11.34,17.62,8,2026-04-27,-10.33,0.16,-0.83,抗住且相对强,2026-04-30,先进封装,-3,3,1,0
E004-2026-04-14,2026-04-14,2026-04-15,301282.SZ,金禄电子,电子,7.99,8.23,22.92,3年新高,3,7285.08,PCB、元件、共封装光学(CPO),14.03,20.25,8.38,6.96,20.25,5,2026-04-22,-20.08,-4.45,-0.83,补跌且弱于行业,2026-04-22,共封装光学(CPO),0,2,0,1
E004-2026-04-14,2026-04-14,2026-04-15,300903.SZ,科翔股份,电子,13.68,18.84,59.38,,7,21434.86,PCB、元件、先进封装、共封装光学(CPO)、存储芯片、芯片、钠离子电池,-5.51,10.46,1.33,26.38,26.38,10,2026-04-29,-1.46,5.19,-0.83,抗住且相对强,2026-04-29,钠离子电池,0,3,1,1
E004-2026-04-14,2026-04-14,2026-04-15,688150.SH,莱特光电,电子,-0.66,6.32,-1,,1,2218.57,PCB,7.12,19.35,17.54,9.08,19.35,5,2026-04-22,-7.12,-2.41,-0.83,补跌且弱于行业,2026-04-17,PCB,3,0,0,0
E004-2026-04-14,2026-04-14,2026-04-15,603175.SH,超颖电子,电子,4.61,5.62,10.93,,4,14047.41,PCB、元件、存储芯片、芯片,7.6,14.03,6.18,1.55,14.03,5,2026-04-22,-6.53,-0.61,-0.83,补跌但相对强,2026-04-22,存储芯片,0,3,1,1
E004-2026-04-14,2026-04-14,2026-04-15,688359.SH,三孚新科,电子,1.55,3.83,3.03,,1,2218.57,PCB,5.49,6.32,2.58,5.75,9.48,2,2026-04-17,-1.1,1.63,-0.83,抗住且相对强,2026-04-17,PCB,0,1,0,1
E004-2026-04-14,2026-04-14,2026-04-15,300283.SZ,温州宏丰,电力设备,4.93,7.09,13.13,3年新高,2,10488.2,PCB、芯片,7.02,9.21,28.84,33.33,36.51,11,2026-04-30,0.0,-0.44,-0.56,补跌但相对强,2026-04-30,芯片,0,3,1,1
E004-2026-04-14,2026-04-14,2026-04-15,301511.SZ,德福科技,电力设备,0.99,20.55,4.49,历史新高,3,8693.29,PCB、共封装光学(CPO)、存储芯片,12.32,36.57,28.05,53.0,59.8,11,2026-04-30,0.0,2.64,-0.56,抗住且相对强,2026-04-30,存储芯片,0,2,0,1
E004-2026-04-14,2026-04-14,2026-04-15,301123.SZ,奕东电子,电子,0.11,7.57,0.3,,4,9465.63,PCB、共封装光学(CPO)、消费电子、液冷服务器,6.7,6.34,3.77,6.24,11.64,1,2026-04-16,-3.74,-2.35,-0.83,补跌且弱于行业,2026-04-17,共封装光学(CPO),-1,1,0,0
E004-2026-04-14,2026-04-14,2026-04-15,603328.SH,依顿电子,电子,0.54,4.57,1.15,20日新高,3,7285.08,PCB、元件、共封装光学(CPO),3.47,12.07,6.07,-5.21,12.07,5,2026-04-22,-21.77,-2.01,-0.83,补跌且弱于行业,2026-04-22,共封装光学(CPO),0,1,0,1
E004-2026-04-14,2026-04-14,2026-04-15,002741.SZ,光华科技,电子,4.12,4.97,9.18,,5,17875.65,PCB、先进封装、共封装光学(CPO)、芯片、钠离子电池,4.53,7.68,7.95,16.0,18.72,8,2026-04-27,-2.99,-4.82,-0.83,补跌且弱于行业,2026-04-29,钠离子电池,-2,1,0,0
E004-2026-04-14,2026-04-14,2026-04-15,688720.SH,艾森股份,电子,2.61,2.93,4.47,,5,17136.94,PCB、先进封装、半导体、存储芯片、芯片,1.72,7.01,1.72,1.95,7.01,5,2026-04-22,-1.29,-2.19,-0.83,补跌且弱于行业,2026-04-22,芯片,0,1,0,1
E004-2026-04-14,2026-04-14,2026-04-15,300852.SZ,四会富仕,电子,3.85,2.56,6.16,,3,7285.08,PCB、元件、共封装光学(CPO),3.07,7.09,10.44,8.2,12.57,8,2026-04-27,-4.91,-3.16,-0.83,补跌且弱于行业,2026-04-22,共封装光学(CPO),3,1,0,0
E004-2026-04-14,2026-04-14,2026-04-15,688020.SH,方邦股份,电子,1.63,2.37,2.51,,2,4238.13,PCB、先进封装,2.9,36.93,31.24,51.49,62.29,11,2026-04-30,0.0,-1.58,-0.83,补跌且弱于行业,2026-04-30,先进封装,0,0,0,1
E004-2026-04-14,2026-04-14,2026-04-15,002134.SZ,天津普林,电子,7.85,5.83,18.95,20日新高,2,3294.07,PCB、元件,3.06,5.26,2.16,13.0,13.9,11,2026-04-30,0.0,-3.68,-0.83,补跌且弱于行业,2026-04-17,PCB,9,2,0,0
E004-2026-04-14,2026-04-14,2026-04-15,300450.SZ,先导智能,电力设备,1.82,31.94,10.29,20日新高,4,7133.28,PCB、氢能源、燃料电池、钠离子电池,7.26,11.24,7.76,5.58,11.24,5,2026-04-22,-6.77,-2.44,-0.56,补跌且弱于行业,2026-04-21,钠离子电池,1,2,0,1
E004-2026-04-14,2026-04-14,2026-04-15,301251.SZ,威尔高,电子,0.86,4.57,1.84,20日新高,3,7285.08,PCB、元件、共封装光学(CPO),-0.37,0.68,-5.3,-5.88,1.38,1,2026-04-16,-8.19,-0.98,-0.83,补跌且弱于行业,2026-04-17,共封装光学(CPO),-1,1,0,0
E004-2026-04-14,2026-04-14,2026-04-15,688733.SH,壹石通,电力设备,6.48,3.24,11.66,,6,17553.37,PCB、先进封装、存储芯片、燃料电池、芯片、钠离子电池,-2.05,-1.28,-2.86,-1.95,0.57,11,2026-04-30,0.0,1.02,-0.56,抗住且相对强,2026-04-30,芯片,0,3,1,1
E004-2026-04-14,2026-04-14,2026-04-15,605058.SH,澳弘电子,电子,-0.89,2.16,-1,历史新高,3,7285.08,PCB、元件、共封装光学(CPO),4.88,6.13,1.65,-2.23,6.13,5,2026-04-22,-9.98,-2.1,-0.83,补跌且弱于行业,2026-04-22,共封装光学(CPO),0,1,0,1
E004-2026-04-14,2026-04-14,2026-04-15,688603.SH,天承科技,电子,1.03,5.03,2.31,,3,12507.76,PCB、先进封装、芯片,-4.26,-1.79,-9.38,-4.55,1.26,9,2026-04-28,-6.68,13.12,-0.83,抗住且相对强,2026-04-30,先进封装,-2,2,0,0
E004-2026-04-14,2026-04-14,2026-04-15,688388.SH,嘉元科技,电力设备,3.8,14.41,14.42,20日新高,2,6209.58,PCB、共封装光学(CPO),2.41,3.91,-5.23,5.14,5.14,10,2026-04-29,-1.89,1.14,-0.56,抗住且相对强,2026-04-22,共封装光学(CPO),5,3,1,0
E004-2026-04-14,2026-04-14,2026-04-15,301217.SZ,铜冠铜箔,电力设备,0.07,23.97,0.34,20日新高,1,2218.57,PCB,3.61,14.02,4.07,57.17,73.47,11,2026-04-30,0.0,-1.14,-0.56,补跌且弱于行业,2026-04-17,PCB,9,1,0,0
E004-2026-04-14,2026-04-14,2026-04-15,300410.SZ,正业科技,电力设备,1.96,1.2,2.15,,3,12507.76,PCB、先进封装、芯片,9.91,10.91,7.35,11.47,12.58,4,2026-04-21,-2.12,1.7,-0.56,抗住且相对强,2026-04-22,先进封装,-1,2,0,0
E004-2026-04-14,2026-04-14,2026-04-15,301379.SZ,天山电子,电子,2.62,1.36,3.06,,2,4702.28,PCB、存储芯片,1.98,7.94,3.04,3.0,10.59,8,2026-04-27,-5.85,-2.09,-0.83,补跌且弱于行业,2026-04-27,存储芯片,0,0,0,1
E004-2026-04-14,2026-04-14,2026-04-15,301366.SZ,一博科技,电子,2.45,0.8,2.19,,5,16792.53,PCB、元件、共封装光学(CPO)、芯片、英伟达,7.8,12.95,9.89,13.85,14.2,11,2026-04-30,0.0,-0.97,-0.83,补跌且弱于行业,2026-04-30,芯片,0,1,0,1
E004-2026-04-14,2026-04-14,2026-04-15,002217.SZ,合力泰,电子,-0.4,4.56,-0.85,,1,2218.57,PCB,22.41,21.58,11.62,27.39,27.39,10,2026-04-29,-7.47,-3.21,-0.83,补跌且弱于行业,2026-04-17,PCB,8,0,0,0
E004-2026-04-14,2026-04-14,2026-04-15,300776.SZ,帝尔激光,电力设备,1.57,8.21,4.5,,3,12507.76,PCB、先进封装、芯片,32.63,40.51,36.88,33.71,42.4,6,2026-04-23,-12.34,0.29,-0.56,抗住且相对强,2026-04-22,先进封装,1,2,0,1
E004-2026-04-14,2026-04-14,2026-04-15,301176.SZ,逸豪新材,电子,-0.97,2.09,-1,,2,3294.07,PCB、元件,-1.87,1.43,-0.17,28.85,28.85,10,2026-04-29,-1.77,-0.71,-0.83,补跌但相对强,2026-04-17,PCB,8,1,0,0
E004-2026-04-14,2026-04-14,2026-04-15,605258.SH,协和电子,电子,1.41,1.97,1.98,,2,3294.07,PCB、元件,2.91,3.84,2.09,-2.77,4.47,8,2026-04-27,-9.19,-2.44,-0.83,补跌且弱于行业,2026-04-17,PCB,6,0,0,0
E004-2026-04-14,2026-04-14,2026-04-15,300814.SZ,中富电路,电子,0.25,10.93,0.83,,4,9304.64,PCB、元件、先进封装、共封装光学(CPO),-0.25,1.91,-3.71,4.92,10.24,11,2026-04-30,0.0,1.81,-0.83,抗住且相对强,2026-04-30,先进封装,0,2,0,1
E004-2026-04-14,2026-04-14,2026-04-15,301628.SZ,强达电路,电子,2.03,2.95,3.49,,3,7285.08,PCB、元件、共封装光学(CPO),4.38,5.95,-1.64,-1.91,5.95,5,2026-04-22,-9.03,-1.61,-0.83,补跌且弱于行业,2026-04-22,共封装光学(CPO),0,1,0,1
E004-2026-04-14,2026-04-14,2026-04-15,600601.SH,方正科技,电子,2.57,14.43,9.76,,3,7285.08,PCB、元件、共封装光学(CPO),13.42,14.09,11.2,14.0,15.35,8,2026-04-27,-2.7,-3.72,-0.83,补跌且弱于行业,2026-04-22,共封装光学(CPO),3,1,0,0
E004-2026-04-14,2026-04-14,2026-04-15,300724.SZ,捷佳伟创,电力设备,2.33,17.89,9.86,,3,12507.76,PCB、先进封装、芯片,-0.37,-14.87,-18.5,-17.4,0.18,1,2026-04-16,-15.56,-1.7,-0.56,补跌且弱于行业,2026-04-17,先进封装,-1,1,0,0
E004-2026-04-14,2026-04-14,2026-04-15,300035.SZ,中科电气,电力设备,2.09,11.87,7.2,,2,3595.45,PCB、钠离子电池,0.57,6.38,9.54,-1.54,11.13,9,2026-04-28,-18.78,-2.99,-0.56,补跌且弱于行业,2026-04-29,钠离子电池,-1,0,0,0
E004-2026-04-14,2026-04-14,2026-04-15,688299.SH,长阳科技,电子,1.28,1.08,1.33,,1,2218.57,PCB,-1.67,-2.79,-5.8,-0.56,0.28,1,2026-04-16,-0.67,-1.16,-0.83,补跌且弱于行业,2026-04-17,PCB,-1,0,0,0
E004-2026-04-14,2026-04-14,2026-04-15,002859.SZ,洁美科技,电子,0.19,3.2,0.34,,2,3086.01,PCB、可控核聚变,16.26,12.2,9.16,17.52,21.08,11,2026-04-30,0.0,-1.59,-0.83,补跌且弱于行业,2026-04-20,可控核聚变,8,0,0,0
E004-2026-04-14,2026-04-14,2026-04-15,300713.SZ,英可瑞,电力设备,2.15,0.6,1.67,,1,2218.57,PCB,4.68,3.08,2.71,5.48,6.52,11,2026-04-30,0.0,-2.46,-0.56,补跌且弱于行业,2026-04-17,PCB,9,0,0,0
E004-2026-04-14,2026-04-14,2026-04-15,603386.SH,骏亚科技,电子,0.93,0.75,0.81,,3,7285.08,PCB、元件、共封装光学(CPO),3.8,4.44,0.5,-6.38,4.44,5,2026-04-22,-8.67,-1.55,-0.83,补跌且弱于行业,2026-04-22,共封装光学(CPO),0,1,0,1
E004-2026-04-14,2026-04-14,2026-04-15,600110.SH,诺德股份,电力设备,1.77,23.15,8.52,,1,2218.57,PCB,-2.44,0.49,-4.78,7.22,7.22,10,2026-04-29,-2.34,-1.16,-0.56,补跌且弱于行业,2026-04-17,PCB,8,0,0,0
E004-2026-04-14,2026-04-14,2026-04-15,000727.SZ,冠捷科技,电子,0.36,2.89,0.61,,1,2218.57,PCB,2.59,1.48,-4.07,-1.48,2.59,3,2026-04-20,-4.44,-1.82,-0.83,补跌且弱于行业,2026-04-17,PCB,1,0,0,1
E004-2026-04-14,2026-04-14,2026-04-15,301132.SZ,满坤科技,电子,1.6,2.84,2.7,20日新高,3,7285.08,PCB、元件、共封装光学(CPO),0.14,2.81,-6.83,-9.49,2.81,5,2026-04-22,-14.86,-0.48,-0.83,补跌但相对强,2026-04-22,共封装光学(CPO),0,2,0,1
E004-2026-04-14,2026-04-14,2026-04-15,688401.SH,路维光电,电子,-0.13,1.96,-0.18,,4,14653.23,PCB、先进封装、半导体、芯片,7.32,32.72,23.57,21.5,32.72,5,2026-04-22,-8.61,-0.94,-0.83,补跌且弱于行业,2026-04-22,先进封装,0,1,0,1
E004-2026-04-14,2026-04-14,2026-04-15,600552.SH,凯盛科技,电子,0.84,4.97,1.87,,3,12507.76,PCB、先进封装、芯片,11.58,16.56,11.95,14.4,19.52,8,2026-04-27,-4.16,1.89,-0.83,抗住且相对强,2026-04-30,先进封装,-3,2,0,0
E004-2026-04-14,2026-04-14,2026-04-15,301630.SZ,同宇新材,电子,-8.04,6.04,-1,,1,2218.57,PCB,-2.63,-2.47,3.04,15.97,15.97,10,2026-04-29,-3.88,-1.36,-0.83,补跌且弱于行业,2026-04-17,PCB,8,0,0,0
E004-2026-04-14,2026-04-14,2026-04-15,301150.SZ,中一科技,电力设备,0.87,8.54,2.54,,1,2218.57,PCB,2.65,5.21,-1.96,6.71,10.84,11,2026-04-30,0.0,5.01,-0.56,抗住且相对强,2026-04-17,PCB,9,1,0,0
E004-2026-04-14,2026-04-14,2026-04-15,300576.SZ,容大感光,电子,1.17,2.17,1.72,,3,12507.76,PCB、先进封装、芯片,6.42,10.16,7.37,8.12,11.11,8,2026-04-27,-4.49,-1.73,-0.83,补跌且弱于行业,2026-04-30,先进封装,-3,1,0,0
E004-2026-04-14,2026-04-14,2026-04-15,603806.SH,福斯特,电力设备,2.43,8.86,7.23,,2,3595.45,PCB、钠离子电池,-2.93,0.68,0.0,5.3,6.48,8,2026-04-27,-0.9,0.17,-0.56,抗住且相对强,2026-04-29,钠离子电池,-2,1,0,0
E004-2026-04-14,2026-04-14,2026-04-15,300537.SZ,广信材料,电子,1.31,0.9,1.24,,2,10488.2,PCB、芯片,6.77,7.82,5.58,4.07,7.82,5,2026-04-22,-4.8,-2.54,-0.83,补跌且弱于行业,2026-04-22,芯片,0,0,0,1
E004-2026-04-14,2026-04-14,2026-04-15,001388.SZ,信通电子,电力设备,0.9,0.35,0.53,,2,10488.2,PCB、芯片,0.68,-0.99,-5.02,-5.27,1.19,1,2026-04-16,-6.08,0.66,-0.56,抗住且相对强,2026-04-17,芯片,-1,1,0,0
E004-2026-04-14,2026-04-14,2026-04-15,603685.SH,晨丰科技,电子,0.96,0.97,0.95,,2,3127.05,PCB、虚拟电厂,5.94,10.14,8.3,16.9,16.9,10,2026-04-29,-4.85,-0.24,-0.83,补跌但相对强,2026-04-17,PCB,8,1,0,0
E004-2026-04-14,2026-04-14,2026-04-15,300429.SZ,强力新材,电子,1.1,1.69,1.43,,3,12507.76,PCB、先进封装、芯片,6.5,6.06,4.09,2.41,6.5,3,2026-04-20,-3.5,-0.51,-0.83,补跌但相对强,2026-04-17,先进封装,1,2,0,1
E004-2026-04-14,2026-04-14,2026-04-15,301106.SZ,骏成科技,电子,1.34,0.37,0.82,,1,2218.57,PCB,5.04,14.19,17.32,23.1,26.06,11,2026-04-30,0.0,-1.25,-0.83,补跌且弱于行业,2026-04-17,PCB,9,0,0,0
E004-2026-04-14,2026-04-14,2026-04-15,300936.SZ,中英科技,电子,9.0,7.38,24.45,3年新高,3,11563.7,PCB、元件、芯片,10.14,14.77,14.8,6.22,15.14,6,2026-04-23,-4.97,-5.43,-0.83,补跌且弱于行业,2026-04-22,芯片,1,2,0,1
E004-2026-04-14,2026-04-14,2026-04-15,002927.SZ,泰永长征,电力设备,2.04,1.85,2.77,,2,3127.05,PCB、虚拟电厂,8.3,6.7,3.26,6.4,8.3,3,2026-04-20,-0.18,-0.82,-0.56,补跌且弱于行业,2026-04-17,PCB,1,0,0,1
E004-2026-04-14,2026-04-14,2026-04-15,002745.SZ,木林森,电子,-0.83,1.94,-1,,1,2218.57,PCB,3.92,6.9,4.76,12.37,12.84,11,2026-04-30,0.0,0.48,-0.83,抗住且相对强,2026-04-17,PCB,9,1,0,0
E004-2026-04-14,2026-04-14,2026-04-15,002584.SZ,西陇科学,电子,0.0,0.93,0.0,,1,2218.57,PCB,0.79,3.17,2.25,5.68,6.34,11,2026-04-30,0.0,-2.07,-0.83,补跌且弱于行业,2026-04-17,PCB,9,0,0,0
E004-2026-04-14,2026-04-14,2026-04-15,002484.SZ,江海股份,电子,8.94,30.69,49.53,20日新高,2,1942.94,元件、可控核聚变,2.27,2.62,0.68,12.33,12.83,11,2026-04-30,0.0,1.8,-0.83,抗住且相对强,2026-04-20,可控核聚变,8,3,1,0
E004-2026-04-14,2026-04-14,2026-04-15,300408.SZ,三环集团,电子,5.06,28.68,27.1,历史新高,3,6251.53,元件、共封装光学(CPO)、燃料电池,-2.8,2.57,14.8,25.55,31.2,11,2026-04-30,0.0,1.1,-0.83,抗住且相对强,2026-04-30,燃料电池,0,3,1,1
E004-2026-04-14,2026-04-14,2026-04-15,603989.SH,艾华集团,电子,5.45,3.37,10.0,2年新高,2,3558.87,元件、液冷服务器,-0.97,1.79,-0.56,0.72,2.97,8,2026-04-27,-1.43,-1.86,-0.83,补跌且弱于行业,2026-04-22,液冷服务器,3,1,0,0
E004-2026-04-14,2026-04-14,2026-04-15,002199.SZ,*ST东晶,电子,2.34,0.66,1.9,20日新高,1,1075.5,元件,0.0,0.96,4.5,9.65,13.18,11,2026-04-30,0.0,1.41,-0.83,抗住且相对强,2026-04-17,元件,9,2,0,0
E004-2026-04-14,2026-04-14,2026-04-15,301566.SZ,达利凯普,电子,2.23,1.84,3.02,,1,1075.5,元件,12.65,20.63,13.18,17.17,20.63,5,2026-04-22,-4.43,-1.33,-0.83,补跌且弱于行业,2026-04-17,元件,3,0,0,0
E004-2026-04-14,2026-04-14,2026-04-15,600563.SH,法拉电子,电子,5.76,13.31,21.01,,1,1075.5,元件,2.26,1.04,-2.74,-6.51,3.34,2,2026-04-17,-7.56,-2.42,-0.83,补跌且弱于行业,2026-04-17,元件,0,1,0,1
E004-2026-04-14,2026-04-14,2026-04-15,600237.SH,XD铜峰电,电子,-2.23,4.1,-1,,2,1942.94,元件、可控核聚变,-1.79,-0.53,-3.06,-4.11,-0.53,5,2026-04-22,-5.9,2.93,-0.83,抗住且相对强,2026-04-20,可控核聚变,2,1,0,0
E004-2026-04-14,2026-04-14,2026-04-15,301458.SZ,钧崴电子,电子,0.9,1.59,1.13,,2,2313.32,元件、英伟达,8.08,21.02,13.71,14.17,21.02,4,2026-04-21,-5.57,-0.6,-0.83,补跌但相对强,2026-04-22,英伟达,-1,1,0,0
E004-2026-04-14,2026-04-14,2026-04-15,688135.SH,利扬芯片,电子,-2.89,13.0,-1,20日新高,4,14918.37,先进封装、半导体、存储芯片、芯片,4.76,9.04,6.22,6.52,9.6,2,2026-04-17,-1.29,-1.56,-0.83,补跌且弱于行业,2026-04-17,先进封装,0,1,0,1
E004-2026-04-14,2026-04-14,2026-04-15,300489.SZ,光智科技,电子,-1.68,7.26,-1,1年新高,2,4372.37,先进封装、氢能源,13.18,34.18,51.75,40.48,51.75,7,2026-04-24,-7.59,-0.01,-0.83,补跌但相对强,2026-04-22,先进封装,2,2,0,0
E004-2026-04-14,2026-04-14,2026-04-15,301319.SZ,唯特偶,电子,4.78,3.44,8.87,20日新高,2,10289.19,先进封装、芯片,27.26,31.14,40.91,25.56,41.68,6,2026-04-23,-13.48,1.51,-0.83,抗住且相对强,2026-04-22,先进封装,1,2,0,1
E004-2026-04-14,2026-04-14,2026-04-15,300037.SZ,新宙邦,电力设备,1.72,16.63,7.01,,4,14149.44,先进封装、液冷服务器、芯片、钠离子电池,-0.78,-0.49,2.82,12.55,12.55,10,2026-04-29,-2.9,-2.22,-0.56,补跌且弱于行业,2026-04-29,钠离子电池,0,1,0,1
E004-2026-04-14,2026-04-14,2026-04-15,688072.SH,拓荆科技,电子,3.31,25.06,16.57,历史新高,4,14918.37,先进封装、半导体、存储芯片、芯片,-0.89,-1.75,-4.33,5.39,10.7,11,2026-04-30,0.0,-1.62,-0.83,补跌且弱于行业,2026-04-30,先进封装,0,2,0,1
E004-2026-04-14,2026-04-14,2026-04-15,688361.SH,中科飞测,电子,7.05,13.55,25.95,20日新高,4,14918.37,先进封装、半导体、存储芯片、芯片,-2.06,-1.12,-3.57,7.92,13.1,11,2026-04-30,0.0,-1.95,-0.83,补跌且弱于行业,2026-04-30,先进封装,0,2,0,1
E004-2026-04-14,2026-04-14,2026-04-15,688535.SH,华海诚科,电子,3.39,4.0,6.78,,4,14918.37,先进封装、半导体、存储芯片、芯片,1.49,2.66,-3.68,5.56,5.56,10,2026-04-29,-32.61,0.69,-0.83,抗住且相对强,2026-04-30,先进封装,-1,2,0,0
E004-2026-04-14,2026-04-14,2026-04-15,688392.SH,XD骄成超,电力设备,2.8,2.96,4.82,20日新高,3,12772.56,先进封装、液冷服务器、芯片,6.07,12.18,11.05,9.88,12.18,5,2026-04-22,-2.34,-1.62,-0.56,补跌且弱于行业,2026-04-22,液冷服务器,0,1,0,1
E004-2026-04-14,2026-04-14,2026-04-15,300236.SZ,上海新阳,电子,2.24,9.22,6.8,20日新高,3,12772.9,先进封装、存储芯片、芯片,1.61,2.27,2.77,14.03,14.03,10,2026-04-29,-1.34,-1.64,-0.83,补跌且弱于行业,2026-04-30,先进封装,-1,1,0,0
E004-2026-04-14,2026-04-14,2026-04-15,688037.SH,芯源微,电子,6.51,12.41,22.93,20日新高,4,14918.37,先进封装、半导体、存储芯片、芯片,-0.09,2.75,-1.12,12.64,27.54,11,2026-04-30,0.0,-6.73,-0.83,补跌且弱于行业,2026-04-30,先进封装,0,2,0,1
E004-2026-04-14,2026-04-14,2026-04-15,600584.SH,长电科技,电子,3.48,36.44,21.01,,5,18909.38,先进封装、共封装光学(CPO)、半导体、存储芯片、芯片,2.06,4.4,2.98,1.77,6.26,8,2026-04-27,-1.74,-1.69,-0.83,补跌且弱于行业,2026-04-27,存储芯片,0,2,0,1
E004-2026-04-14,2026-04-14,2026-04-15,688403.SH,汇成股份,电子,0.81,7.37,2.2,,4,14918.37,先进封装、半导体、存储芯片、芯片,7.29,11.48,1.97,2.92,11.54,2,2026-04-17,-3.68,-2.23,-0.83,补跌且弱于行业,2026-04-17,先进封装,0,1,0,1
E004-2026-04-14,2026-04-14,2026-04-15,603005.SH,晶方科技,电子,7.91,19.39,34.83,,3,12434.66,先进封装、半导体、芯片,3.88,7.99,5.87,3.34,7.99,5,2026-04-22,-3.14,-2.11,-0.83,补跌且弱于行业,2026-04-22,先进封装,0,2,0,1
E004-2026-04-14,2026-04-14,2026-04-15,688545.SH,兴福电子,电子,2.1,2.9,3.58,,3,12772.9,先进封装、存储芯片、芯片,1.21,1.0,-1.0,-0.06,5.4,11,2026-04-30,0.0,3.01,-0.83,抗住且相对强,2026-04-30,先进封装,0,2,0,1
E004-2026-04-14,2026-04-14,2026-04-15,688147.SH,微导纳米,电力设备,6.01,7.93,16.92,,4,14918.37,先进封装、半导体、存储芯片、芯片,-3.08,-1.56,-7.7,5.2,14.27,11,2026-04-30,0.0,-1.04,-0.56,补跌且弱于行业,2026-04-30,先进封装,0,2,0,1
E004-2026-04-14,2026-04-14,2026-04-15,688082.SH,盛美上海,电子,3.96,8.56,11.59,20日新高,4,14918.37,先进封装、半导体、存储芯片、芯片,0.49,3.21,1.27,-4.48,6.47,8,2026-04-27,-7.69,-2.02,-0.83,补跌且弱于行业,2026-04-27,半导体,0,2,0,1
E004-2026-04-14,2026-04-14,2026-04-15,600353.SH,旭光电子,电子,-0.06,6.79,-0.16,,4,12065.11,先进封装、可控核聚变、芯片、虚拟电厂,9.23,8.38,11.02,16.75,18.47,8,2026-04-27,-4.82,-3.01,-0.83,补跌且弱于行业,2026-04-30,先进封装,-3,1,0,0
E004-2026-04-14,2026-04-14,2026-04-15,002409.SZ,雅克科技,电子,2.96,10.69,9.68,,4,14918.37,先进封装、半导体、存储芯片、芯片,0.43,5.1,3.5,-2.5,5.1,5,2026-04-22,-6.7,-2.27,-0.83,补跌且弱于行业,2026-04-22,先进封装,0,1,0,1
E004-2026-04-14,2026-04-14,2026-04-15,600206.SH,有研新材,电子,0.66,10.28,2.12,20日新高,4,14918.37,先进封装、半导体、存储芯片、芯片,16.14,21.49,20.67,21.62,24.07,11,2026-04-30,0.0,-3.16,-0.83,补跌且弱于行业,2026-04-30,先进封装,0,1,0,1
E004-2026-04-14,2026-04-14,2026-04-15,000021.SZ,深科技,电子,3.12,25.78,15.84,,6,18445.07,先进封装、共封装光学(CPO)、存储芯片、消费电子、芯片、虚拟电厂,2.9,4.17,2.02,3.36,4.17,5,2026-04-22,-0.85,-2.92,-0.83,补跌且弱于行业,2026-04-22,芯片,0,2,0,1
E004-2026-04-14,2026-04-14,2026-04-15,688256.SH,寒武纪,电子,1.83,94.13,17.75,,3,12434.66,先进封装、半导体、芯片,8.18,4.95,6.16,11.2,33.43,11,2026-04-30,0.0,2.58,-0.83,抗住且相对强,2026-04-30,先进封装,0,3,1,1
E004-2026-04-14,2026-04-14,2026-04-15,002185.SZ,华天科技,电子,2.67,14.46,10.15,,5,18909.38,先进封装、共封装光学(CPO)、半导体、存储芯片、芯片,2.41,2.81,-0.08,2.49,5.22,11,2026-04-30,0.0,-1.81,-0.83,补跌且弱于行业,2026-04-30,芯片,0,2,0,1
E004-2026-04-14,2026-04-14,2026-04-15,688012.SH,中微公司,电子,2.5,41.55,16.11,,4,14918.37,先进封装、半导体、存储芯片、芯片,-2.13,-0.12,0.94,12.3,17.46,11,2026-04-30,0.0,-1.28,-0.83,补跌且弱于行业,2026-04-30,先进封装,0,2,0,1
E004-2026-04-14,2026-04-14,2026-04-15,301325.SZ,曼恩斯特,电力设备,3.62,1.12,3.83,,4,13827.02,先进封装、氢能源、燃料电池、芯片,2.53,3.04,0.49,-3.33,3.69,2,2026-04-17,-5.83,-3.01,-0.56,补跌且弱于行业,2026-04-17,先进封装,0,1,0,1
E004-2026-04-14,2026-04-14,2026-04-15,688699.SH,明微电子,电子,1.9,1.39,2.24,,3,12434.66,先进封装、半导体、芯片,-1.16,0.79,-1.68,0.96,21.16,11,2026-04-30,0.0,-2.12,-0.83,补跌且弱于行业,2026-04-30,先进封装,0,1,0,1
E004-2026-04-14,2026-04-14,2026-04-15,688120.SH,华海清科,电子,2.66,8.38,7.7,,4,14918.37,先进封装、半导体、存储芯片、芯片,3.05,4.46,-0.03,5.29,7.6,11,2026-04-30,0.0,-0.2,-0.83,补跌但相对强,2026-04-30,先进封装,0,2,0,1
E004-2026-04-14,2026-04-14,2026-04-15,300394.SZ,天孚通信,通信,-1.47,157.19,-1,,3,7248.39,先进封装、共封装光学(CPO)、英伟达,13.26,13.53,-2.05,-5.92,14.7,2,2026-04-17,-21.71,-4.39,-1.34,补跌且弱于行业,2026-04-17,共封装光学(CPO),0,1,0,1
E004-2026-04-14,2026-04-14,2026-04-15,300398.SZ,飞凯材料,电子,2.45,13.29,8.93,20日新高,3,12772.9,先进封装、存储芯片、芯片,7.81,14.71,10.67,11.82,14.71,5,2026-04-22,-4.77,-2.64,-0.83,补跌且弱于行业,2026-04-22,先进封装,0,1,0,1
E004-2026-04-14,2026-04-14,2026-04-15,300162.SZ,雷曼光电,电子,1.31,1.78,1.75,,1,2019.56,先进封装,4.44,2.85,-3.59,-7.08,4.44,3,2026-04-20,-8.67,2.27,-0.83,抗住且相对强,2026-04-17,先进封装,1,1,0,1
E004-2026-04-14,2026-04-14,2026-04-15,002077.SZ,大港股份,电子,2.27,3.29,4.12,,4,14918.37,先进封装、半导体、存储芯片、芯片,1.26,0.38,-1.57,0.75,3.84,11,2026-04-30,0.0,-1.97,-0.83,补跌且弱于行业,2026-04-30,先进封装,0,1,0,1
E004-2026-04-14,2026-04-14,2026-04-15,300054.SZ,鼎龙股份,电子,2.65,21.5,12.29,历史新高,3,12772.9,先进封装、存储芯片、芯片,1.33,5.29,9.97,13.78,20.32,11,2026-04-30,0.0,-2.3,-0.83,补跌且弱于行业,2026-04-30,先进封装,0,2,0,1
E004-2026-04-14,2026-04-14,2026-04-15,301348.SZ,蓝箭电子,电子,1.02,1.66,1.31,,4,14918.37,先进封装、半导体、存储芯片、芯片,2.05,0.62,-2.14,0.33,3.0,11,2026-04-30,0.0,-2.05,-0.83,补跌且弱于行业,2026-04-30,先进封装,0,1,0,1
E004-2026-04-14,2026-04-14,2026-04-15,605111.SH,新洁能,电子,1.82,3.47,3.39,,3,12434.66,先进封装、半导体、芯片,2.73,2.87,2.92,5.52,7.93,11,2026-04-30,0.0,-2.33,-0.83,补跌且弱于行业,2026-04-30,先进封装,0,1,0,1
E004-2026-04-14,2026-04-14,2026-04-15,603078.SH,江化微,电子,1.05,1.7,1.37,,3,12772.9,先进封装、存储芯片、芯片,4.01,5.33,4.84,6.21,9.2,9,2026-04-28,0.0,-1.3,-0.83,补跌且弱于行业,2026-04-27,存储芯片,1,1,0,1
E004-2026-04-14,2026-04-14,2026-04-15,603690.SH,至纯科技,电子,1.51,2.1,2.19,,4,14918.37,先进封装、半导体、存储芯片、芯片,2.36,3.54,1.97,-0.55,3.54,5,2026-04-22,-5.67,-0.7,-0.83,补跌但相对强,2026-04-22,先进封装,0,2,0,1
E004-2026-04-14,2026-04-14,2026-04-15,688689.SH,银河微电,电子,0.76,1.08,0.79,,3,12434.66,先进封装、半导体、芯片,3.09,4.89,11.23,8.2,11.23,7,2026-04-24,-2.53,0.2,-0.83,抗住且相对强,2026-04-27,半导体,-1,2,0,0
E004-2026-04-14,2026-04-14,2026-04-15,002137.SZ,实益达,电子,1.09,0.6,0.84,,2,10289.19,先进封装、芯片,3.17,0.97,-0.97,0.73,3.17,3,2026-04-20,-2.56,-1.44,-0.83,补跌且弱于行业,2026-04-17,先进封装,1,0,0,1
E004-2026-04-14,2026-04-14,2026-04-15,603991.SH,领先股份,电子,1.75,2.75,2.9,,4,14918.37,先进封装、半导体、存储芯片、芯片,6.64,10.06,-1.6,3.34,10.06,5,2026-04-22,-7.61,4.09,-0.83,抗住且相对强,2026-04-22,先进封装,0,2,0,1
E004-2026-04-14,2026-04-14,2026-04-15,002106.SZ,莱宝高科,电子,0.75,0.82,0.68,,1,2019.56,先进封装,5.38,4.44,-1.42,0.47,5.38,3,2026-04-20,-6.42,-1.49,-0.83,补跌且弱于行业,2026-04-17,先进封装,1,0,0,1
E004-2026-04-14,2026-04-14,2026-04-15,300303.SZ,聚飞光电,电子,0.2,12.98,0.72,,3,14280.2,先进封装、共封装光学(CPO)、芯片,2.58,6.6,2.27,-5.57,6.6,5,2026-04-22,-14.95,-1.02,-0.83,补跌且弱于行业,2026-04-22,共封装光学(CPO),0,1,0,1
E004-2026-04-14,2026-04-14,2026-04-15,003022.SZ,联泓新科,电力设备,-1.09,3.02,-1,,3,11666.07,先进封装、芯片、钠离子电池,3.19,4.16,14.01,16.05,18.13,9,2026-04-28,-6.71,-0.92,-0.56,补跌且弱于行业,2026-04-29,钠离子电池,-1,1,0,0
E004-2026-04-14,2026-04-14,2026-04-15,603212.SH,赛伍技术,电力设备,0.39,1.04,0.4,,2,10289.19,先进封装、芯片,7.0,5.21,8.01,3.34,11.04,6,2026-04-23,-4.51,-0.85,-0.56,补跌且弱于行业,2026-04-22,先进封装,1,0,0,1
E004-2026-04-14,2026-04-14,2026-04-15,002845.SZ,同兴达,电子,0.14,0.51,0.1,,2,10289.19,先进封装、芯片,5.81,8.42,7.47,-0.15,8.56,6,2026-04-23,-9.36,-1.08,-0.83,补跌且弱于行业,2026-04-22,先进封装,1,0,0,1
E004-2026-04-14,2026-04-14,2026-04-15,300173.SZ,ST福能,电力设备,0.0,0.38,0.0,,2,3396.44,先进封装、钠离子电池,2.8,0.93,0.23,0.0,2.8,2,2026-04-17,-2.8,-1.61,-0.56,补跌且弱于行业,2026-04-17,先进封装,0,0,0,1
E004-2026-04-14,2026-04-14,2026-04-15,002079.SZ,苏州固锝,电力设备,0.31,1.65,0.4,,2,10289.19,先进封装、芯片,4.15,8.19,7.99,18.2,18.3,11,2026-04-30,0.0,0.71,-0.56,抗住且相对强,2026-04-30,先进封装,0,1,0,1
E004-2026-04-14,2026-04-14,2026-04-15,688419.SH,耐科装备,电子,-1.18,1.71,-1,,3,12772.9,先进封装、存储芯片、芯片,-0.6,0.14,-3.42,-15.11,1.65,2,2026-04-17,-14.85,1.4,-0.83,抗住且相对强,2026-04-17,先进封装,0,2,0,1
E004-2026-04-14,2026-04-14,2026-04-15,600360.SH,华微电子,电子,1.75,1.23,1.94,,3,12434.66,先进封装、半导体、芯片,4.69,4.9,6.5,5.01,8.41,11,2026-04-30,0.0,1.08,-0.83,抗住且相对强,2026-04-30,先进封装,0,2,0,1
E004-2026-04-14,2026-04-14,2026-04-15,688019.SH,安集科技,电子,2.55,6.64,6.57,,3,12772.9,先进封装、存储芯片、芯片,-2.21,-1.21,-2.28,-2.74,2.4,9,2026-04-28,-3.06,-3.8,-0.83,补跌且弱于行业,2026-04-27,存储芯片,1,1,0,1
E004-2026-04-14,2026-04-14,2026-04-15,688549.SH,中巨芯-U,电子,0.87,1.82,1.17,,3,12772.9,先进封装、存储芯片、芯片,2.84,6.78,8.21,21.55,34.46,11,2026-04-30,0.0,-1.19,-0.83,补跌且弱于行业,2026-04-30,先进封装,0,1,0,1
E004-2026-04-14,2026-04-14,2026-04-15,002119.SZ,康强电子,电子,1.26,5.94,3.07,,4,14918.37,先进封装、半导体、存储芯片、芯片,2.03,0.23,-4.93,-4.19,8.01,2,2026-04-17,-11.24,0.0,-0.83,抗住且相对强,2026-04-17,先进封装,0,2,0,1
E004-2026-04-14,2026-04-14,2026-04-15,688802.SH,沐曦股份-U,电子,0.62,9.09,1.87,,3,12434.66,先进封装、半导体、芯片,4.05,3.18,5.6,4.92,11.49,11,2026-04-30,0.0,10.75,-0.83,抗住且相对强,2026-04-30,先进封装,0,2,0,1
E004-2026-04-14,2026-04-14,2026-04-15,300751.SZ,迈为股份,电力设备,1.27,18.27,5.43,,3,12772.9,先进封装、存储芯片、芯片,7.07,6.71,1.22,-0.81,7.07,3,2026-04-20,-0.03,3.42,-0.56,抗住且相对强,2026-04-17,先进封装,1,2,0,1
E004-2026-04-14,2026-04-14,2026-04-15,688313.SH,仕佳光子,通信,3.33,55.04,24.7,历史新高,2,12260.64,共封装光学(CPO)、芯片,9.39,27.39,25.23,14.46,27.39,5,2026-04-22,-12.36,-5.05,-1.34,补跌且弱于行业,2026-04-22,共封装光学(CPO),0,2,0,1
E004-2026-04-14,2026-04-14,2026-04-15,300548.SZ,长芯博创,通信,2.83,56.23,21.22,历史新高,2,12260.64,共封装光学(CPO)、芯片,8.27,17.93,9.84,4.52,17.93,5,2026-04-22,-9.53,2.35,-1.34,抗住且相对强,2026-04-22,共封装光学(CPO),0,3,1,1
E004-2026-04-14,2026-04-14,2026-04-15,688048.SH,长光华芯,电子,12.93,58.52,98.91,历史新高,4,15273.55,共封装光学(CPO)、半导体、可控核聚变、芯片,5.7,27.49,31.87,20.07,31.87,7,2026-04-24,-11.52,1.21,-0.83,抗住且相对强,2026-04-27,半导体,-1,3,1,0
E004-2026-04-14,2026-04-14,2026-04-15,300308.SZ,中际旭创,通信,4.74,224.76,71.06,历史新高,3,14744.01,共封装光学(CPO)、液冷服务器、芯片,8.98,13.67,13.72,8.46,15.0,6,2026-04-23,-5.06,0.9,-1.34,抗住且相对强,2026-04-22,共封装光学(CPO),1,3,1,1
E004-2026-04-14,2026-04-14,2026-04-15,600105.SH,永鼎股份,通信,-3.93,69.08,-1,,3,13128.08,共封装光学(CPO)、可控核聚变、芯片,11.35,21.28,30.55,15.4,30.55,7,2026-04-24,-17.58,0.97,-1.34,抗住且相对强,2026-04-22,共封装光学(CPO),2,2,0,0
E004-2026-04-14,2026-04-14,2026-04-15,301205.SZ,联特科技,通信,3.04,34.09,17.75,20日新高,2,12260.64,共封装光学(CPO)、芯片,7.11,12.26,-1.67,-8.77,12.26,5,2026-04-22,-22.37,0.79,-1.34,抗住且相对强,2026-04-22,共封装光学(CPO),0,3,1,1
E004-2026-04-14,2026-04-14,2026-04-15,603083.SH,剑桥科技,通信,1.72,43.71,11.37,20日新高,2,6474.38,共封装光学(CPO)、液冷服务器,21.07,36.87,22.13,35.7,39.09,11,2026-04-30,0.0,4.29,-1.34,抗住且相对强,2026-04-22,共封装光学(CPO),6,3,1,0
E004-2026-04-14,2026-04-14,2026-04-15,300570.SZ,太辰光,通信,-0.13,46.46,-0.89,,2,12260.64,共封装光学(CPO)、芯片,5.71,11.9,3.13,6.34,15.22,8,2026-04-27,-10.69,-4.68,-1.34,补跌且弱于行业,2026-04-30,芯片,-3,0,0,0
E004-2026-04-14,2026-04-14,2026-04-15,301419.SZ,阿莱德,通信,4.1,5.13,9.29,历史新高,3,8958.09,共封装光学(CPO)、存储芯片、液冷服务器,5.89,2.34,-6.61,-9.53,5.89,3,2026-04-20,-15.82,-8.25,-1.34,补跌且弱于行业,2026-04-20,液冷服务器,0,1,0,1
E004-2026-04-14,2026-04-14,2026-04-15,301387.SZ,光大同创,电子,2.03,2.24,3.04,,2,4763.69,共封装光学(CPO)、消费电子,9.34,7.02,-0.52,9.02,11.61,11,2026-04-30,0.0,-1.7,-0.83,补跌且弱于行业,2026-04-22,共封装光学(CPO),6,0,0,0
E004-2026-04-14,2026-04-14,2026-04-15,688498.SH,源杰科技,电子,-1.15,36.54,-1,,3,14406.11,共封装光学(CPO)、半导体、芯片,7.91,13.85,8.48,17.81,22.16,11,2026-04-30,0.0,2.76,-0.83,抗住且相对强,2026-04-30,半导体,0,2,0,1
E004-2026-04-14,2026-04-14,2026-04-15,688662.SH,富信科技,电子,-0.79,3.6,-1,20日新高,2,12260.64,共封装光学(CPO)、芯片,4.63,14.66,1.1,3.48,14.66,5,2026-04-22,-7.05,0.48,-0.83,抗住且相对强,2026-04-22,共封装光学(CPO),0,2,0,1
E004-2026-04-14,2026-04-14,2026-04-15,002902.SZ,铭普光磁,通信,-1.91,20.62,-1,2年新高,2,12260.64,共封装光学(CPO)、芯片,1.34,-1.01,-12.72,3.99,5.6,9,2026-04-28,-3.62,-1.62,-1.34,补跌且弱于行业,2026-04-30,芯片,-2,1,0,0
E004-2026-04-14,2026-04-14,2026-04-15,300502.SZ,新易盛,通信,1.42,203.35,20.25,历史新高,2,12260.64,共封装光学(CPO)、芯片,17.31,25.3,8.11,8.05,25.3,5,2026-04-22,-19.5,-4.43,-1.34,补跌且弱于行业,2026-04-22,共封装光学(CPO),0,2,0,1
E004-2026-04-14,2026-04-14,2026-04-15,603052.SH,可川科技,电子,-0.14,6.93,-0.37,,3,13033.32,共封装光学(CPO)、消费电子、芯片,33.12,32.64,32.22,25.16,37.43,6,2026-04-23,-19.19,-1.66,-0.83,补跌且弱于行业,2026-04-22,共封装光学(CPO),1,1,0,1
E004-2026-04-14,2026-04-14,2026-04-15,300102.SZ,乾照光电,电子,5.36,29.15,28.94,,2,12260.64,共封装光学(CPO)、芯片,8.59,12.51,-1.93,-1.8,12.51,5,2026-04-22,-12.14,-1.51,-0.83,补跌且弱于行业,2026-04-22,共封装光学(CPO),0,1,0,1
E004-2026-04-14,2026-04-14,2026-04-15,601138.SH,工业富联,电子,5.78,148.57,70.45,20日新高,5,16754.51,共封装光学(CPO)、消费电子、液冷服务器、芯片、英伟达,6.38,15.69,12.44,14.6,17.95,9,2026-04-28,-9.2,-1.87,-0.83,补跌且弱于行业,2026-04-30,芯片,-2,2,0,0
E004-2026-04-14,2026-04-14,2026-04-15,605358.SH,立昂微,电子,1.6,4.55,3.41,,4,16889.82,共封装光学(CPO)、半导体、存储芯片、芯片,10.01,11.87,7.98,10.04,15.79,11,2026-04-30,0.0,-2.18,-0.83,补跌且弱于行业,2026-04-30,半导体,0,1,0,1
E004-2026-04-14,2026-04-14,2026-04-15,688226.SH,威腾电气,电力设备,2.94,10.21,9.39,120日新高,2,5367.89,共封装光学(CPO)、钠离子电池,11.86,23.37,11.92,6.07,23.37,5,2026-04-22,-13.21,-4.92,-0.56,补跌且弱于行业,2026-04-22,共封装光学(CPO),0,1,0,1
E004-2026-04-14,2026-04-14,2026-04-15,300913.SZ,兆龙互连,通信,2.5,5.44,5.83,,1,3991.01,共封装光学(CPO),3.26,7.01,0.72,-1.34,7.01,5,2026-04-22,-7.91,-1.17,-1.34,补跌但相对强,2026-04-22,共封装光学(CPO),0,1,0,1
E004-2026-04-14,2026-04-14,2026-04-15,688099.SH,晶晨股份,电子,-0.2,8.37,-0.58,,3,14406.11,共封装光学(CPO)、半导体、芯片,5.95,9.36,12.23,25.48,30.34,11,2026-04-30,0.0,-2.45,-0.83,补跌且弱于行业,2026-04-30,半导体,0,1,0,1
E004-2026-04-14,2026-04-14,2026-04-15,300285.SZ,国瓷材料,电子,-0.44,15.81,-1,,3,14613.45,共封装光学(CPO)、氢能源、芯片,7.0,10.09,6.64,11.05,11.26,9,2026-04-28,-3.81,-2.29,-0.83,补跌且弱于行业,2026-04-30,芯片,-2,1,0,0
E004-2026-04-14,2026-04-14,2026-04-15,002396.SZ,星网锐捷,通信,-0.18,4.57,-0.38,,1,3991.01,共封装光学(CPO),3.52,-0.07,-2.56,-5.55,4.51,2,2026-04-17,-10.31,-0.92,-1.34,补跌但相对强,2026-04-17,共封装光学(CPO),0,1,0,1
E004-2026-04-14,2026-04-14,2026-04-15,300292.SZ,吴通控股,通信,-0.2,2.24,-0.3,,1,3991.01,共封装光学(CPO),2.62,4.23,6.05,5.24,9.88,6,2026-04-23,-6.85,-0.8,-1.34,补跌但相对强,2026-04-22,共封装光学(CPO),1,1,0,1
E004-2026-04-14,2026-04-14,2026-04-15,002222.SZ,福晶科技,电子,-1.02,27.92,-1,,1,3991.01,共封装光学(CPO),9.77,17.69,6.81,4.1,17.69,5,2026-04-22,-13.79,-2.29,-0.83,补跌且弱于行业,2026-04-22,共封装光学(CPO),0,0,0,1
E004-2026-04-14,2026-04-14,2026-04-15,688205.SH,德科立,通信,7.59,42.89,49.71,历史新高,2,12260.64,共封装光学(CPO)、芯片,2.06,10.73,-5.13,-2.98,10.73,5,2026-04-22,-11.17,-3.66,-1.34,补跌且弱于行业,2026-04-22,共封装光学(CPO),0,2,0,1
E004-2026-04-14,2026-04-14,2026-04-15,688127.SH,蓝特光学,电子,-1.09,5.81,-1,,2,12260.64,共封装光学(CPO)、芯片,8.59,13.94,4.95,9.1,18.01,11,2026-04-30,0.0,-2.03,-0.83,补跌且弱于行业,2026-04-30,芯片,0,0,0,1
E004-2026-04-14,2026-04-14,2026-04-15,300310.SZ,宜通世纪,通信,1.46,1.59,1.84,,1,3991.01,共封装光学(CPO),3.73,4.71,-5.36,-6.17,4.71,5,2026-04-22,-11.85,-1.75,-1.34,补跌且弱于行业,2026-04-22,共封装光学(CPO),0,0,0,1
E004-2026-04-14,2026-04-14,2026-04-15,300620.SZ,光库科技,通信,1.7,49.28,11.93,,2,12260.64,共封装光学(CPO)、芯片,10.32,20.69,4.57,3.43,20.69,5,2026-04-22,-16.07,-1.37,-1.34,补跌且弱于行业,2026-04-22,共封装光学(CPO),0,1,0,1
E004-2026-04-14,2026-04-14,2026-04-15,300661.SZ,圣邦股份,电子,0.83,18.67,3.59,,4,16889.82,共封装光学(CPO)、半导体、存储芯片、芯片,2.21,7.91,17.75,15.97,21.16,11,2026-04-30,0.0,0.88,-0.83,抗住且相对强,2026-04-30,半导体,0,2,0,1
E004-2026-04-14,2026-04-14,2026-04-15,688143.SH,长盈通,通信,-2.64,7.42,-1,,2,12260.64,共封装光学(CPO)、芯片,12.06,27.55,12.66,3.53,27.55,5,2026-04-22,-26.49,-2.15,-1.34,补跌且弱于行业,2026-04-22,共封装光学(CPO),0,0,0,1
E004-2026-04-14,2026-04-14,2026-04-15,601869.SH,长飞光纤,通信,-1.27,64.13,-1,,2,12260.64,共封装光学(CPO)、芯片,7.36,14.89,2.66,3.32,14.89,5,2026-04-22,-16.2,-1.62,-1.34,补跌且弱于行业,2026-04-22,共封装光学(CPO),0,0,0,1
E004-2026-04-14,2026-04-14,2026-04-15,688516.SH,奥特维,电力设备,1.75,9.25,5.32,,2,12260.64,共封装光学(CPO)、芯片,7.8,5.96,2.01,1.09,8.76,11,2026-04-30,0.0,3.64,-0.56,抗住且相对强,2026-04-30,芯片,0,1,0,1
E004-2026-04-14,2026-04-14,2026-04-15,688693.SH,锴威特,电子,12.96,9.1,39.1,历史新高,2,10415.1,半导体、芯片,-0.35,-3.33,-8.79,-2.44,11.31,2,2026-04-17,-6.4,-4.28,-0.83,补跌且弱于行业,2026-04-17,半导体,0,2,0,1
E004-2026-04-14,2026-04-14,2026-04-15,688478.SH,晶升股份,电子,-1.71,2.77,-1,,3,12898.81,半导体、存储芯片、芯片,11.6,15.56,16.74,14.38,22.91,8,2026-04-27,-7.85,-1.03,-0.83,补跌且弱于行业,2026-04-27,半导体,0,1,0,1
E004-2026-04-14,2026-04-14,2026-04-15,603061.SH,金海通,电子,10.0,8.08,28.43,历史新高,2,10415.1,半导体、芯片,-27.84,-25.11,-25.5,-24.29,-20.01,9,2026-04-28,-3.61,-1.32,-0.83,补跌且弱于行业,2026-04-27,半导体,1,2,0,1
E004-2026-04-14,2026-04-14,2026-04-15,301629.SZ,矽电股份,电子,14.27,11.46,48.31,20日新高,3,12898.81,半导体、存储芯片、芯片,3.78,22.24,12.14,9.38,22.24,5,2026-04-22,-14.13,-3.94,-0.83,补跌且弱于行业,2026-04-22,半导体,0,2,0,1
E004-2026-04-14,2026-04-14,2026-04-15,301369.SZ,联动科技,电子,-1.19,2.34,-1,,2,10415.1,半导体、芯片,7.52,8.67,6.27,3.26,11.2,1,2026-04-16,-2.4,0.92,-0.83,抗住且相对强,2026-04-17,半导体,-1,1,0,0
E004-2026-04-14,2026-04-14,2026-04-15,688008.SH,澜起科技,电子,0.7,98.66,6.95,20日新高,3,12898.81,半导体、存储芯片、芯片,5.08,10.99,11.09,15.44,21.0,8,2026-04-27,-3.25,-4.03,-0.83,补跌且弱于行业,2026-04-27,半导体,0,1,0,1
E004-2026-04-14,2026-04-14,2026-04-15,300604.SZ,长川科技,电子,3.35,31.05,18.67,20日新高,3,12898.81,半导体、存储芯片、芯片,7.5,7.85,11.89,23.43,26.98,9,2026-04-28,-3.62,0.99,-0.83,抗住且相对强,2026-04-27,半导体,1,3,1,1
E004-2026-04-14,2026-04-14,2026-04-15,688702.SH,盛科通信-U,电子,-0.51,12.88,-1,,2,10415.1,半导体、芯片,6.49,1.48,22.12,48.07,48.07,10,2026-04-29,-2.64,-0.47,-0.83,补跌但相对强,2026-04-30,半导体,-1,1,0,0
E004-2026-04-14,2026-04-14,2026-04-15,688508.SH,芯朋微,电子,0.32,3.38,0.59,20日新高,2,10415.1,半导体、芯片,6.96,12.94,20.16,22.02,31.61,11,2026-04-30,0.0,-2.21,-0.83,补跌且弱于行业,2026-04-30,半导体,0,1,0,1
E004-2026-04-14,2026-04-14,2026-04-15,688141.SH,杰华特,电子,0.87,8.48,2.53,,2,10415.1,半导体、芯片,-1.82,2.95,23.02,17.74,37.5,11,2026-04-30,0.0,6.16,-0.83,抗住且相对强,2026-04-30,半导体,0,1,0,1
E004-2026-04-14,2026-04-14,2026-04-15,688279.SH,峰岹科技,电子,-0.86,2.26,-1,,2,10415.1,半导体、芯片,3.61,13.59,17.21,14.35,19.43,8,2026-04-27,-4.22,1.25,-0.83,抗住且相对强,2026-04-27,半导体,0,1,0,1
E004-2026-04-14,2026-04-14,2026-04-15,688041.SH,海光信息,电子,1.44,68.77,11.94,,2,10415.1,半导体、芯片,3.88,2.86,13.1,10.62,17.57,8,2026-04-27,-0.01,1.29,-0.83,抗住且相对强,2026-04-27,半导体,0,2,0,1
E004-2026-04-14,2026-04-14,2026-04-15,688530.SH,欧莱新材,电子,3.45,3.35,6.31,,2,10415.1,半导体、芯片,5.48,25.41,21.22,56.49,71.25,9,2026-04-28,-3.75,-2.01,-0.83,补跌且弱于行业,2026-04-27,半导体,1,0,0,1
E004-2026-04-14,2026-04-14,2026-04-15,688652.SH,京仪装备,电子,8.02,6.5,20.45,,3,12898.81,半导体、存储芯片、芯片,1.4,3.54,2.07,9.66,13.42,11,2026-04-30,0.0,-1.54,-0.83,补跌且弱于行业,2026-04-30,半导体,0,2,0,1
E004-2026-04-14,2026-04-14,2026-04-15,688809.SH,强一股份,电子,5.38,12.39,18.94,20日新高,3,12898.81,半导体、存储芯片、芯片,8.79,17.92,9.76,9.96,17.92,5,2026-04-22,-3.71,0.88,-0.83,抗住且相对强,2026-04-22,半导体,0,3,1,1
E004-2026-04-14,2026-04-14,2026-04-15,688200.SH,华峰测控,电子,5.38,7.37,14.61,,2,10415.1,半导体、芯片,2.87,5.35,7.9,17.15,22.2,11,2026-04-30,0.0,-3.68,-0.83,补跌且弱于行业,2026-04-30,半导体,0,1,0,1
E004-2026-04-14,2026-04-14,2026-04-15,002371.SZ,北方华创,电子,1.93,35.87,11.56,20日新高,3,12898.81,半导体、存储芯片、芯片,-0.79,0.62,-0.48,7.52,13.05,11,2026-04-30,0.0,-1.37,-0.83,补跌且弱于行业,2026-04-30,半导体,0,2,0,1
E004-2026-04-14,2026-04-14,2026-04-15,300706.SZ,阿石创,电子,1.67,3.46,3.11,,3,12898.81,半导体、存储芯片、芯片,3.78,9.15,4.46,11.99,16.37,11,2026-04-30,0.0,-3.34,-0.83,补跌且弱于行业,2026-04-30,半导体,0,1,0,1
E004-2026-04-14,2026-04-14,2026-04-15,301611.SZ,珂玛科技,电子,8.86,18.15,37.75,,4,14083.83,半导体、存储芯片、燃料电池、芯片,1.12,9.98,12.71,6.06,17.26,8,2026-04-27,-11.02,-2.24,-0.83,补跌且弱于行业,2026-04-27,半导体,0,2,0,1
E004-2026-04-14,2026-04-14,2026-04-15,688409.SH,富创精密,电子,11.95,7.59,32.92,20日新高,2,10415.1,半导体、芯片,1.2,2.73,3.68,22.38,28.43,11,2026-04-30,0.0,-2.32,-0.83,补跌且弱于行业,2026-04-30,半导体,0,2,0,1
E004-2026-04-14,2026-04-14,2026-04-15,688261.SH,东微半导,电子,2.8,2.69,4.59,,3,12898.47,半导体、液冷服务器、芯片,1.79,3.64,-0.42,-1.83,3.64,5,2026-04-22,-3.41,-2.66,-0.83,补跌且弱于行业,2026-04-22,液冷服务器,0,1,0,1
E004-2026-04-14,2026-04-14,2026-04-15,688512.SH,慧智微-U,电子,1.42,1.62,1.81,20日新高,2,10415.1,半导体、芯片,-0.78,0.39,-1.49,-5.96,0.94,2,2026-04-17,-1.57,-0.55,-0.83,补跌但相对强,2026-04-17,半导体,0,2,0,1
E004-2026-04-14,2026-04-14,2026-04-15,300672.SZ,国科微,电子,4.23,24.41,20.9,,3,12898.81,半导体、存储芯片、芯片,0.61,0.3,-3.52,-2.43,8.74,9,2026-04-28,-0.41,-4.58,-0.83,补跌且弱于行业,2026-04-27,半导体,1,2,0,1
E004-2026-04-14,2026-04-14,2026-04-15,688486.SH,龙迅股份,电子,-1.01,2.17,-1,,3,11652.92,半导体、芯片、英伟达,11.33,17.78,18.09,24.15,24.15,10,2026-04-29,-0.56,0.69,-0.83,抗住且相对强,2026-04-30,半导体,-1,2,0,0
E004-2026-04-14,2026-04-14,2026-04-15,688727.SH,恒坤新材,电子,4.08,1.64,5.22,,3,12898.81,半导体、存储芯片、芯片,-0.1,2.45,-0.34,-2.29,2.45,5,2026-04-22,-1.95,-1.55,-0.83,补跌且弱于行业,2026-04-22,半导体,0,1,0,1
E004-2026-04-14,2026-04-14,2026-04-15,688107.SH,安路科技,电子,1.66,1.85,2.26,,2,10415.1,半导体、芯片,3.25,0.5,-0.46,4.68,11.82,11,2026-04-30,0.0,2.52,-0.83,抗住且相对强,2026-04-30,半导体,0,1,0,1
E004-2026-04-14,2026-04-14,2026-04-15,688347.SH,华虹公司,电子,2.98,18.9,12.96,,3,12898.81,半导体、存储芯片、芯片,6.01,4.86,12.53,7.15,16.02,8,2026-04-27,-1.7,0.63,-0.83,抗住且相对强,2026-04-27,半导体,0,3,1,1
E004-2026-04-14,2026-04-14,2026-04-15,301678.SZ,新恒汇,电子,2.53,1.43,3.03,,2,10415.1,半导体、芯片,2.09,-2.72,-5.74,-8.44,2.19,2,2026-04-17,-8.26,-1.63,-0.83,补跌且弱于行业,2026-04-17,半导体,0,0,0,1
E004-2026-04-14,2026-04-14,2026-04-15,688233.SH,神工股份,电子,3.62,4.78,7.91,,3,12898.81,半导体、存储芯片、芯片,4.98,14.89,13.5,-3.92,14.89,5,2026-04-22,-17.07,-3.25,-0.83,补跌且弱于行业,2026-04-22,半导体,0,1,0,1
E004-2026-04-14,2026-04-14,2026-04-15,688259.SH,创耀科技,电子,0.84,0.68,0.69,,2,10415.1,半导体、芯片,1.43,2.29,-1.02,1.54,3.32,11,2026-04-30,0.0,-0.7,-0.83,补跌但相对强,2026-04-30,半导体,0,1,0,1
E004-2026-04-14,2026-04-14,2026-04-15,300666.SZ,江丰电子,电子,3.78,17.09,15.63,,3,12898.81,半导体、存储芯片、芯片,1.69,4.09,1.21,13.63,16.43,11,2026-04-30,0.0,-4.68,-0.83,补跌且弱于行业,2026-04-30,半导体,0,2,0,1
E004-2026-04-14,2026-04-14,2026-04-15,688711.SH,宏微科技,电子,1.93,1.26,2.17,,3,11282.54,半导体、可控核聚变、芯片,3.93,3.42,0.58,1.09,3.93,2,2026-04-17,-5.46,-1.96,-0.83,补跌且弱于行业,2026-04-17,半导体,0,1,0,1
E004-2026-04-14,2026-04-14,2026-04-15,300623.SZ,捷捷微电,电子,1.99,3.62,3.79,,2,10415.1,半导体、芯片,2.73,-0.8,-1.54,-0.21,2.73,3,2026-04-20,-1.5,-0.35,-0.83,补跌但相对强,2026-04-17,半导体,1,1,0,1
E004-2026-04-14,2026-04-14,2026-04-15,688209.SH,英集芯,电子,1.72,1.04,1.75,,2,10415.1,半导体、芯片,4.76,8.1,8.86,9.67,15.63,11,2026-04-30,0.0,-1.55,-0.83,补跌且弱于行业,2026-04-30,半导体,0,0,0,1
E004-2026-04-14,2026-04-14,2026-04-15,003043.SZ,华亚智能,电子,6.39,3.06,11.18,,2,10415.1,半导体、芯片,3.7,4.53,2.44,1.41,6.07,11,2026-04-30,0.0,-4.3,-0.83,补跌且弱于行业,2026-04-30,半导体,0,1,0,1
E004-2026-04-14,2026-04-14,2026-04-15,688449.SH,联芸科技,电子,4.15,5.41,9.65,,3,12898.81,半导体、存储芯片、芯片,3.51,2.93,1.01,3.74,18.41,11,2026-04-30,0.0,-2.02,-0.83,补跌且弱于行业,2026-04-30,半导体,0,1,0,1
E004-2026-04-14,2026-04-14,2026-04-15,688653.SH,康希通信,电子,1.7,0.54,1.25,,2,10415.1,半导体、芯片,2.29,4.19,4.27,10.52,14.71,11,2026-04-30,0.0,-0.3,-0.83,补跌但相对强,2026-04-30,半导体,0,1,0,1
E004-2026-04-14,2026-04-14,2026-04-15,688584.SH,上海合晶,电子,1.57,0.68,1.29,,2,10415.1,半导体、芯片,3.96,4.11,3.21,2.26,5.47,8,2026-04-27,-1.6,-0.3,-0.83,补跌但相对强,2026-04-27,半导体,0,1,0,1
E004-2026-04-14,2026-04-14,2026-04-15,688721.SH,龙图光罩,电子,1.68,0.47,1.15,,2,10415.1,半导体、芯片,10.93,15.51,9.33,14.78,22.0,8,2026-04-27,-6.49,-1.28,-0.83,补跌且弱于行业,2026-04-27,半导体,0,0,0,1
E004-2026-04-14,2026-04-14,2026-04-15,688325.SH,赛微微电,电子,2.01,1.37,2.35,,2,10415.1,半导体、芯片,4.92,2.8,0.19,0.6,4.92,3,2026-04-20,-2.18,-2.3,-0.83,补跌且弱于行业,2026-04-17,半导体,1,0,0,1
E004-2026-04-14,2026-04-14,2026-04-15,003026.SZ,中晶科技,电子,0.61,1.93,0.85,,2,10415.1,半导体、芯片,0.0,3.67,6.91,28.93,35.92,11,2026-04-30,0.0,0.66,-0.83,抗住且相对强,2026-04-30,半导体,0,1,0,1
E004-2026-04-14,2026-04-14,2026-04-15,300046.SZ,台基股份,电子,0.66,1.49,0.81,,2,10415.1,半导体、芯片,3.2,4.57,1.06,0.45,4.57,5,2026-04-22,-1.47,-1.91,-0.83,补跌且弱于行业,2026-04-22,半导体,0,0,0,1
E004-2026-04-14,2026-04-14,2026-04-15,688138.SH,清溢光电,电子,2.27,0.7,1.9,,2,10415.1,半导体、芯片,3.0,11.6,7.26,10.81,11.82,11,2026-04-30,0.0,-1.14,-0.83,补跌且弱于行业,2026-04-30,半导体,0,0,0,1
E004-2026-04-14,2026-04-14,2026-04-15,688130.SH,晶华微,电子,0.28,0.17,0.12,,2,10415.1,半导体、芯片,2.1,3.82,9.74,20.53,29.36,11,2026-04-30,0.0,-1.32,-0.83,补跌且弱于行业,2026-04-30,半导体,0,0,0,1
E004-2026-04-14,2026-04-14,2026-04-15,301297.SZ,富乐德,电子,1.81,1.36,2.11,,2,10415.1,半导体、芯片,11.75,21.77,13.35,27.11,27.11,10,2026-04-29,-3.04,-1.86,-0.83,补跌且弱于行业,2026-04-30,半导体,-1,0,0,0
E004-2026-04-14,2026-04-14,2026-04-15,688981.SH,中芯国际,电子,0.87,37.61,5.34,,3,12898.81,半导体、存储芯片、芯片,3.9,3.81,6.78,8.24,14.26,11,2026-04-30,0.0,2.35,-0.83,抗住且相对强,2026-04-30,半导体,0,2,0,1
E004-2026-04-14,2026-04-14,2026-04-15,688153.SH,唯捷创芯,电子,1.86,1.12,1.97,,2,10415.1,半导体、芯片,2.15,1.4,-0.15,-9.78,3.93,8,2026-04-27,-10.85,-0.38,-0.83,补跌但相对强,2026-04-27,半导体,0,1,0,1
E004-2026-04-14,2026-04-14,2026-04-15,603375.SH,盛景微,电子,0.18,0.56,0.13,,3,12898.81,半导体、存储芯片、芯片,6.19,7.24,7.18,4.82,15.29,11,2026-04-30,0.0,-1.41,-0.83,补跌且弱于行业,2026-04-30,半导体,0,1,0,1
E004-2026-04-14,2026-04-14,2026-04-15,688126.SH,沪硅产业,电子,0.79,4.67,1.71,,3,12898.81,半导体、存储芯片、芯片,17.12,12.22,17.12,13.18,18.81,8,2026-04-27,-2.76,-0.22,-0.83,补跌但相对强,2026-04-27,半导体,0,2,0,1
E004-2026-04-14,2026-04-14,2026-04-15,688729.SH,屹唐股份,电子,1.73,1.44,2.08,,3,12898.81,半导体、存储芯片、芯片,1.09,1.05,0.57,-1.39,5.27,8,2026-04-27,-2.35,0.22,-0.83,抗住且相对强,2026-04-27,半导体,0,2,0,1
E004-2026-04-14,2026-04-14,2026-04-15,688605.SH,先锋精科,电子,4.03,2.71,6.63,20日新高,2,10415.1,半导体、芯片,2.39,3.91,1.3,1.49,5.51,8,2026-04-27,-1.22,-0.47,-0.83,补跌但相对强,2026-04-27,半导体,0,2,0,1
E004-2026-04-14,2026-04-14,2026-04-15,688515.SH,裕太微-U,电子,-0.52,2.24,-0.78,,2,10415.1,半导体、芯片,2.75,4.66,5.34,20.21,36.33,11,2026-04-30,0.0,0.12,-0.83,抗住且相对强,2026-04-30,半导体,0,1,0,1
E004-2026-04-14,2026-04-14,2026-04-15,688785.SH,恒运昌,电子,2.8,2.49,4.42,,2,10415.1,半导体、芯片,-3.48,-3.56,-4.77,2.25,5.81,11,2026-04-30,0.0,2.37,-0.83,抗住且相对强,2026-04-30,半导体,0,1,0,1
E004-2026-04-14,2026-04-14,2026-04-15,688432.SH,有研硅,电子,1.89,1.43,2.26,,3,12898.81,半导体、存储芯片、芯片,8.24,8.65,6.71,6.23,12.39,11,2026-04-30,0.0,-0.62,-0.83,补跌但相对强,2026-04-30,半导体,0,2,0,1
E004-2026-04-14,2026-04-14,2026-04-15,688582.SH,芯动联科,电子,1.06,3.11,1.87,,2,10415.1,半导体、芯片,2.87,3.26,-12.36,-16.42,4.42,2,2026-04-17,-21.59,-1.26,-0.83,补跌且弱于行业,2026-04-17,半导体,0,0,0,1
E004-2026-04-14,2026-04-14,2026-04-15,688252.SH,天德钰,电子,-0.23,1.19,-0.25,,2,10415.1,半导体、芯片,-0.65,6.13,5.99,3.72,7.76,8,2026-04-27,-2.65,-0.6,-0.83,补跌但相对强,2026-04-27,半导体,0,1,0,1
E004-2026-04-14,2026-04-14,2026-04-15,688795.SH,摩尔线程-U,电子,0.73,12.86,2.62,,2,10415.1,半导体、芯片,3.28,0.49,2.05,10.22,14.39,11,2026-04-30,0.0,4.1,-0.83,抗住且相对强,2026-04-30,半导体,0,1,0,1
E004-2026-04-14,2026-04-14,2026-04-15,300831.SZ,派瑞股份,电子,2.27,2.88,3.85,,2,10415.1,半导体、芯片,1.66,1.49,2.67,15.81,20.14,11,2026-04-30,0.0,-1.64,-0.83,补跌且弱于行业,2026-04-30,半导体,0,0,0,1
E004-2026-04-14,2026-04-14,2026-04-15,688719.SH,爱科赛博,电力设备,4.36,2.54,6.95,20日新高,2,2052.46,可控核聚变、燃料电池,8.96,14.84,10.3,18.62,23.54,8,2026-04-27,-3.62,-1.01,-0.56,补跌且弱于行业,2026-04-29,燃料电池,-2,1,0,0
E004-2026-04-14,2026-04-14,2026-04-15,688663.SH,新风光,电力设备,3.53,3.23,6.34,20日新高,1,867.44,可控核聚变,10.6,5.8,9.45,9.6,11.61,6,2026-04-23,-1.07,-1.48,-0.56,补跌且弱于行业,2026-04-20,可控核聚变,3,1,0,0
E004-2026-04-14,2026-04-14,2026-04-15,600875.SH,东方电气,电力设备,-1.99,42.94,-1,,3,4405.27,可控核聚变、氢能源、燃料电池,11.22,10.44,8.5,4.55,14.65,6,2026-04-23,-12.59,-1.82,-0.56,补跌且弱于行业,2026-04-20,可控核聚变,3,1,0,0
E004-2026-04-14,2026-04-14,2026-04-15,300827.SZ,上能电气,电力设备,1.5,11.88,5.17,,2,3220.25,可控核聚变、氢能源,1.82,-1.47,-1.04,0.4,4.12,6,2026-04-23,-3.02,-3.08,-0.56,补跌且弱于行业,2026-04-20,可控核聚变,3,0,0,0
E004-2026-04-14,2026-04-14,2026-04-15,600973.SH,宝胜股份,电力设备,-0.68,2.42,-1,,1,867.44,可控核聚变,2.85,2.99,0.41,1.09,2.99,5,2026-04-22,-4.08,1.52,-0.56,抗住且相对强,2026-04-20,可控核聚变,2,1,0,0
E004-2026-04-14,2026-04-14,2026-04-15,601179.SH,中国西电,电力设备,2.4,32.36,13.65,,2,9137.07,可控核聚变、芯片,2.94,1.41,-2.77,-3.11,2.94,3,2026-04-20,-7.34,9.26,-0.56,抗住且相对强,2026-04-20,可控核聚变,0,2,0,1
E004-2026-04-14,2026-04-14,2026-04-15,000533.SZ,顺钠股份,电力设备,1.22,14.61,4.66,,1,867.44,可控核聚变,-0.87,-0.43,-17.56,-18.42,1.74,4,2026-04-21,-23.39,8.04,-0.56,抗住且相对强,2026-04-20,可控核聚变,1,1,0,1
E004-2026-04-14,2026-04-14,2026-04-15,300820.SZ,英杰电气,电力设备,2.28,1.49,2.78,,3,11489.88,可控核聚变、氢能源、芯片,0.64,0.94,-2.27,-6.63,5.39,11,2026-04-30,0.0,-0.7,-0.56,补跌且弱于行业,2026-04-30,芯片,0,1,0,1
E004-2026-04-14,2026-04-14,2026-04-15,688103.SH,国力电子,电子,0.09,0.61,0.07,,2,9137.07,可控核聚变、芯片,5.26,4.58,6.82,5.67,8.03,8,2026-04-27,-1.08,0.05,-0.83,抗住且相对强,2026-04-30,芯片,-3,1,0,0
E004-2026-04-14,2026-04-14,2026-04-15,600363.SH,联创光电,电子,2.23,3.74,4.31,,2,1640.12,可控核聚变、消费电子,3.51,2.88,-0.88,-1.81,3.51,3,2026-04-20,-11.99,-0.47,-0.83,补跌但相对强,2026-04-20,可控核聚变,0,1,0,1
E004-2026-04-14,2026-04-14,2026-04-15,605222.SH,起帆电缆,电力设备,-2.54,3.24,-1,,1,867.44,可控核聚变,21.09,32.02,29.61,28.14,40.97,11,2026-04-30,0.0,10.02,-0.56,抗住且相对强,2026-04-20,可控核聚变,8,1,0,0
E004-2026-04-14,2026-04-14,2026-04-15,001208.SZ,华菱线缆,电力设备,2.86,4.16,5.83,,1,867.44,可控核聚变,6.78,1.92,-6.92,-11.64,6.78,3,2026-04-20,-17.24,10.03,-0.56,抗住且相对强,2026-04-20,可控核聚变,0,1,0,1
E004-2026-04-14,2026-04-14,2026-04-15,002255.SZ,海陆重工,电力设备,0.83,1.73,1.09,,3,11489.88,可控核聚变、氢能源、芯片,1.75,-0.28,-2.76,2.39,3.77,11,2026-04-30,0.0,-0.18,-0.56,补跌但相对强,2026-04-30,芯片,0,2,0,1
E004-2026-04-14,2026-04-14,2026-04-15,600869.SH,远东股份,电力设备,-0.79,13.37,-1,,4,12997.32,可控核聚变、液冷服务器、芯片、钠离子电池,0.85,11.7,5.46,13.13,13.13,10,2026-04-29,-2.67,1.85,-0.56,抗住且相对强,2026-04-29,钠离子电池,0,2,0,1
E004-2026-04-14,2026-04-14,2026-04-15,600577.SH,精达股份,电力设备,0.65,5.58,1.54,,1,867.44,可控核聚变,7.86,7.78,3.65,1.05,7.86,3,2026-04-20,-2.27,-0.56,-0.56,补跌但相对强,2026-04-20,可控核聚变,0,1,0,1
E004-2026-04-14,2026-04-14,2026-04-15,002533.SZ,金杯电工,电力设备,1.84,1.75,2.43,,1,867.44,可控核聚变,1.76,4.39,0.88,-1.39,4.39,5,2026-04-22,-7.03,3.02,-0.56,抗住且相对强,2026-04-20,可控核聚变,2,1,0,0
E004-2026-04-14,2026-04-14,2026-04-15,601727.SH,上海电气,电力设备,0.5,6.68,1.29,,4,5313.75,可控核聚变、氢能源、燃料电池、虚拟电厂,1.0,0.25,-1.37,-1.24,1.12,1,2026-04-16,-0.62,0.0,-0.56,抗住且相对强,2026-04-20,可控核聚变,-2,2,0,0
E004-2026-04-14,2026-04-14,2026-04-15,301082.SZ,久盛电气,电力设备,0.11,0.81,0.1,,1,867.44,可控核聚变,3.95,-2.2,-27.48,-29.23,3.95,3,2026-04-20,-34.26,-0.06,-0.56,补跌但相对强,2026-04-20,可控核聚变,0,1,0,1
E004-2026-04-14,2026-04-14,2026-04-15,600550.SH,保变电气,电力设备,-0.13,8.77,-0.38,,2,1775.92,可控核聚变、虚拟电厂,2.12,0.19,-6.3,-5.49,2.12,3,2026-04-20,-8.86,7.37,-0.56,抗住且相对强,2026-04-20,可控核聚变,0,1,0,1
E004-2026-04-14,2026-04-14,2026-04-15,600468.SH,百利电气,电力设备,0.91,2.43,1.42,,2,3220.25,可控核聚变、氢能源,1.49,0.99,-3.72,-6.32,1.49,3,2026-04-20,-9.29,4.26,-0.56,抗住且相对强,2026-04-20,可控核聚变,0,1,0,1
E004-2026-04-14,2026-04-14,2026-04-15,300423.SZ,昇辉科技,电力设备,0.0,0.88,0.0,,4,5313.75,可控核聚变、氢能源、燃料电池、虚拟电厂,0.12,-1.73,-5.07,-2.35,0.74,1,2026-04-16,-3.96,-0.98,-0.56,补跌且弱于行业,2026-04-20,可控核聚变,-2,1,0,0
E004-2026-04-14,2026-04-14,2026-04-15,688186.SH,广大特材,电力设备,0.77,1.72,1.01,,2,9137.07,可控核聚变、芯片,3.02,-9.32,-12.84,-14.23,3.02,3,2026-04-20,-20.27,1.71,-0.56,抗住且相对强,2026-04-20,可控核聚变,0,1,0,1
E004-2026-04-14,2026-04-14,2026-04-15,002366.SZ,融发核电,电力设备,0.69,2.43,1.08,,1,867.44,可控核聚变,1.8,-1.11,-3.32,3.04,3.6,11,2026-04-30,0.0,-0.82,-0.56,补跌且弱于行业,2026-04-20,可控核聚变,8,0,0,0
E004-2026-04-14,2026-04-14,2026-04-15,000400.SZ,许继电气,电力设备,0.51,14.97,1.97,,3,4128.73,可控核聚变、氢能源、虚拟电厂,0.65,0.0,-1.68,-3.32,0.65,3,2026-04-20,-4.65,1.74,-0.56,抗住且相对强,2026-04-20,可控核聚变,0,2,0,1
E004-2026-04-14,2026-04-14,2026-04-15,688106.SH,金宏气体,电子,7.64,14.12,28.71,,5,15158.61,可控核聚变、存储芯片、氢能源、燃料电池、芯片,5.05,18.23,30.4,44.95,47.65,9,2026-04-28,-21.7,-0.68,-0.83,补跌但相对强,2026-04-29,燃料电池,-1,3,1,0
E004-2026-04-14,2026-04-14,2026-04-15,300390.SZ,天华新能,电力设备,1.06,66.06,8.62,,2,10753.34,存储芯片、芯片,12.58,10.31,18.29,43.64,43.64,10,2026-04-29,0.0,-5.08,-0.56,补跌且弱于行业,2026-04-30,存储芯片,-1,0,0,0
E004-2026-04-14,2026-04-14,2026-04-15,300475.SZ,香农芯创,电子,4.33,81.87,39.18,,2,10753.34,存储芯片、芯片,6.54,5.31,5.27,13.23,13.49,11,2026-04-30,0.0,-2.93,-0.83,补跌且弱于行业,2026-04-30,存储芯片,0,1,0,1
E004-2026-04-14,2026-04-14,2026-04-15,300650.SZ,太龙股份,电子,4.24,2.64,6.89,,2,10753.34,存储芯片、芯片,3.66,1.64,-4.99,-0.19,3.66,3,2026-04-20,-3.1,-3.89,-0.83,补跌且弱于行业,2026-04-17,芯片,1,0,0,1
E004-2026-04-14,2026-04-14,2026-04-15,688573.SH,信宇人,电力设备,0.19,1.42,0.23,,4,7398.42,存储芯片、氢能源、燃料电池、钠离子电池,4.71,3.38,2.28,6.24,6.62,2,2026-04-17,-2.33,-2.64,-0.56,补跌且弱于行业,2026-04-21,钠离子电池,-2,1,0,0
E004-2026-04-14,2026-04-14,2026-04-15,000670.SZ,盈方微,电子,1.46,7.25,3.93,,2,10753.34,存储芯片、芯片,0.63,-1.88,-6.25,-7.5,1.5,1,2026-04-16,-6.87,-3.96,-0.83,补跌且弱于行业,2026-04-17,芯片,-1,0,0,0
E004-2026-04-14,2026-04-14,2026-04-15,002055.SZ,ST得润,电子,0.49,1.17,0.53,20日新高,2,3256.39,存储芯片、消费电子,-0.33,-2.3,-3.77,-2.13,1.31,1,2026-04-16,-4.1,-0.65,-0.83,补跌但相对强,2026-04-20,消费电子,-2,2,0,0
E004-2026-04-14,2026-04-14,2026-04-15,688159.SH,有方科技,通信,5.48,1.96,7.67,,1,2483.71,存储芯片,6.48,10.01,5.68,2.1,12.2,11,2026-04-30,0.0,-1.61,-1.34,补跌且弱于行业,2026-04-30,存储芯片,0,0,0,1
E004-2026-04-14,2026-04-14,2026-04-15,688611.SH,杭州柯林,电力设备,4.67,0.81,4.2,,3,11661.82,存储芯片、芯片、虚拟电厂,16.67,18.35,19.31,14.05,19.59,8,2026-04-27,-4.81,2.12,-0.56,抗住且相对强,2026-04-27,存储芯片,0,2,0,1
E004-2026-04-14,2026-04-14,2026-04-15,300842.SZ,帝科股份,电力设备,0.72,3.98,1.44,,2,10753.34,存储芯片、芯片,1.63,1.27,0.32,6.95,7.91,11,2026-04-30,0.0,-0.26,-0.56,补跌但相对强,2026-04-30,存储芯片,0,1,0,1
E004-2026-04-14,2026-04-14,2026-04-15,300991.SZ,创益通,电子,4.5,2.68,7.37,,1,2483.71,存储芯片,1.92,-2.91,-8.16,-6.03,7.05,2,2026-04-17,-9.49,-3.24,-0.83,补跌且弱于行业,2026-04-22,存储芯片,-3,0,0,0
E004-2026-04-14,2026-04-14,2026-04-15,300346.SZ,南大光电,电子,2.01,16.47,8.16,,2,10753.34,存储芯片、芯片,6.89,8.77,13.18,7.29,13.18,7,2026-04-24,-4.33,-2.77,-0.83,补跌且弱于行业,2026-04-27,存储芯片,-1,0,0,0
E004-2026-04-14,2026-04-14,2026-04-15,300655.SZ,晶瑞电材,电子,1.48,4.03,2.97,,2,10753.34,存储芯片、芯片,5.83,6.78,5.76,0.34,8.13,8,2026-04-27,-10.43,-2.12,-0.83,补跌且弱于行业,2026-04-27,存储芯片,0,0,0,1
E004-2026-04-14,2026-04-14,2026-04-15,688548.SH,广钢气体,电子,3.17,5.4,7.37,,3,13106.15,存储芯片、氢能源、芯片,10.14,24.98,26.61,27.7,33.24,8,2026-04-27,-7.25,-2.13,-0.83,补跌且弱于行业,2026-04-27,存储芯片,0,1,0,1
E004-2026-04-14,2026-04-14,2026-04-15,688268.SH,华特气体,电子,2.94,10.7,9.62,,3,13106.15,存储芯片、氢能源、芯片,2.27,42.16,82.27,96.11,114.71,9,2026-04-28,-20.59,-3.82,-0.83,补跌且弱于行业,2026-04-27,存储芯片,1,1,0,1
E004-2026-04-14,2026-04-14,2026-04-15,002364.SZ,中恒电气,电力设备,9.99,36.3,60.19,历史新高,2,3261.29,氢能源、虚拟电厂,0.69,0.78,-3.94,-8.41,1.75,4,2026-04-21,-7.76,2.14,-0.56,抗住且相对强,,,,3,1,0
E004-2026-04-14,2026-04-14,2026-04-15,600482.SH,中国动力,电力设备,-6.12,25.45,-1,,3,4914.71,氢能源、燃料电池、钠离子电池,3.47,6.74,9.43,7.99,14.46,6,2026-04-23,-9.99,-4.55,-0.56,补跌且弱于行业,2026-04-21,钠离子电池,2,1,0,0
E004-2026-04-14,2026-04-14,2026-04-15,300014.SZ,亿纬锂能,电力设备,3.26,58.58,24.95,,3,4914.71,氢能源、燃料电池、钠离子电池,-1.93,2.08,3.54,5.38,5.38,10,2026-04-29,-2.15,-2.74,-0.56,补跌且弱于行业,2026-04-29,燃料电池,0,2,0,1
E004-2026-04-14,2026-04-14,2026-04-15,603063.SH,禾望电气,电力设备,7.46,18.91,32.44,60日新高,1,2352.81,氢能源,7.63,9.83,7.02,10.78,15.38,11,2026-04-30,0.0,10.01,-0.56,抗住且相对强,,,,3,1,0
E004-2026-04-14,2026-04-14,2026-04-15,300409.SZ,道氏技术,电力设备,4.83,13.4,17.68,,4,13184.34,氢能源、燃料电池、芯片、钠离子电池,0.98,2.9,0.72,3.51,3.51,10,2026-04-29,-1.96,-6.02,-0.56,补跌且弱于行业,2026-04-29,燃料电池,0,2,0,1
E004-2026-04-14,2026-04-14,2026-04-15,603659.SH,璞泰来,电力设备,1.53,23.0,7.34,,3,11999.32,氢能源、芯片、钠离子电池,1.43,3.7,5.22,7.82,7.82,10,2026-04-29,-3.87,-0.77,-0.56,补跌且弱于行业,2026-04-29,钠离子电池,0,1,0,1
E004-2026-04-14,2026-04-14,2026-04-15,002733.SZ,雄韬股份,电力设备,2.72,12.13,9.47,3年新高,3,4914.71,氢能源、燃料电池、钠离子电池,2.22,-2.09,-0.3,-1.72,6.7,1,2026-04-16,-14.99,-4.83,-0.56,补跌且弱于行业,2026-04-21,钠离子电池,-3,1,0,0
E004-2026-04-14,2026-04-14,2026-04-15,002335.SZ,科华数据,电力设备,2.87,14.46,10.91,,2,4836.18,氢能源、液冷服务器,5.91,11.96,6.93,2.23,11.96,5,2026-04-22,-11.23,-0.67,-0.56,补跌且弱于行业,2026-04-22,液冷服务器,0,1,0,1
E004-2026-04-14,2026-04-14,2026-04-15,300274.SZ,阳光电源,电力设备,3.89,146.48,47.08,,2,3261.29,氢能源、虚拟电厂,0.98,2.26,-0.07,3.12,3.12,10,2026-04-29,-0.49,-3.99,-0.56,补跌且弱于行业,,,,1,0,0
E004-2026-04-14,2026-04-14,2026-04-15,688499.SH,利元亨,电力设备,1.97,2.55,3.15,,3,4914.71,氢能源、燃料电池、钠离子电池,7.64,10.53,6.89,9.74,10.53,5,2026-04-22,-3.44,-2.36,-0.56,补跌且弱于行业,2026-04-21,钠离子电池,1,1,0,1
E004-2026-04-14,2026-04-14,2026-04-15,300068.SZ,ST南都,电力设备,4.85,7.55,13.33,,4,5823.19,氢能源、燃料电池、虚拟电厂、钠离子电池,1.28,-0.32,-3.52,,2.4,1,2026-04-16,-31.55,-3.63,-0.56,补跌且弱于行业,2026-04-21,钠离子电池,-3,2,0,0
E004-2026-04-14,2026-04-14,2026-04-15,300568.SZ,星源材质,电力设备,2.52,13.23,9.17,60日新高,3,11999.32,氢能源、芯片、钠离子电池,0.64,1.02,2.56,6.52,6.52,10,2026-04-29,-1.47,-3.81,-0.56,补跌且弱于行业,2026-04-29,钠离子电池,0,1,0,1
E004-2026-04-14,2026-04-14,2026-04-15,688819.SH,天能股份,电力设备,1.68,1.81,2.26,20日新高,3,4914.71,氢能源、燃料电池、钠离子电池,3.4,3.6,2.05,3.14,3.92,4,2026-04-21,-16.03,-1.14,-0.56,补跌且弱于行业,2026-04-21,钠离子电池,0,1,0,1
E004-2026-04-14,2026-04-14,2026-04-15,603906.SH,龙蟠科技,电力设备,5.67,15.38,22.24,3年新高,4,7398.08,氢能源、液冷服务器、燃料电池、钠离子电池,19.94,25.69,43.0,44.88,45.67,11,2026-04-30,0.0,-3.84,-0.56,补跌且弱于行业,2026-04-30,燃料电池,0,2,0,1
E004-2026-04-14,2026-04-14,2026-04-15,601311.SH,骆驼股份,电力设备,1.19,4.75,2.59,60日新高,3,4914.71,氢能源、燃料电池、钠离子电池,2.68,7.94,2.68,1.49,7.94,5,2026-04-22,-9.14,-1.66,-0.56,补跌且弱于行业,2026-04-21,钠离子电池,1,1,0,1
E004-2026-04-14,2026-04-14,2026-04-15,002202.SZ,金风科技,电力设备,4.81,69.37,40.06,,1,2352.81,氢能源,6.27,4.84,1.84,2.84,10.11,11,2026-04-30,0.0,-1.11,-0.56,补跌且弱于行业,,,,1,0,0
E004-2026-04-14,2026-04-14,2026-04-15,601126.SH,四方股份,电力设备,-0.59,14.34,-1,,2,3261.29,氢能源、虚拟电厂,8.39,18.53,10.88,19.84,24.42,11,2026-04-30,0.0,2.15,-0.56,抗住且相对强,,,,1,0,0
E004-2026-04-14,2026-04-14,2026-04-15,688551.SH,科威尔,电力设备,3.23,1.39,3.81,,3,11807.46,氢能源、燃料电池、芯片,1.4,11.69,-2.49,-0.85,11.69,5,2026-04-22,-11.3,-1.76,-0.56,补跌且弱于行业,2026-04-22,芯片,0,1,0,1
E004-2026-04-14,2026-04-14,2026-04-15,002056.SZ,横店东磁,电力设备,0.72,6.41,1.82,,1,2352.81,氢能源,1.6,2.12,-1.66,-0.88,2.95,4,2026-04-21,-4.97,-1.78,-0.56,补跌且弱于行业,,,,0,0,0
E004-2026-04-14,2026-04-14,2026-04-15,301291.SZ,明阳电气,电力设备,2.07,4.14,4.21,,1,2352.81,氢能源,1.78,4.35,3.55,14.78,14.78,10,2026-04-29,-5.77,2.66,-0.56,抗住且相对强,,,,1,0,0
E004-2026-04-14,2026-04-14,2026-04-15,600478.SH,科力远,电力设备,2.94,4.46,6.21,,3,4446.31,氢能源、燃料电池、虚拟电厂,2.4,3.07,3.2,6.81,6.81,10,2026-04-29,-5.47,-2.73,-0.56,补跌且弱于行业,2026-04-29,燃料电池,0,1,0,1
E004-2026-04-14,2026-04-14,2026-04-15,600580.SH,卧龙电驱,电力设备,1.76,12.34,6.18,,1,2352.81,氢能源,1.71,1.76,-0.92,-1.52,2.0,2,2026-04-17,-2.52,-1.58,-0.56,补跌且弱于行业,,,,0,0,0
E004-2026-04-14,2026-04-14,2026-04-15,603507.SH,振江股份,电力设备,-1.39,4.93,-1,,1,2352.81,氢能源,0.71,2.06,-0.35,10.04,10.04,10,2026-04-29,-4.17,-2.0,-0.56,补跌且弱于行业,,,,0,0,0
E004-2026-04-14,2026-04-14,2026-04-15,300457.SZ,赢合科技,电力设备,2.47,5.34,5.71,20日新高,1,2352.81,氢能源,3.33,3.69,3.73,4.45,5.0,11,2026-04-30,0.0,-3.63,-0.56,补跌且弱于行业,,,,1,0,0
E004-2026-04-14,2026-04-14,2026-04-15,600067.SH,冠城新材,电力设备,3.5,1.14,3.74,,1,2352.81,氢能源,2.21,2.7,-2.7,-0.98,2.7,5,2026-04-22,-13.27,-1.69,-0.56,补跌且弱于行业,,,,0,0,0
E004-2026-04-14,2026-04-14,2026-04-15,688778.SH,厦钨新能,电力设备,1.89,5.57,4.46,,2,3729.69,氢能源、钠离子电池,7.32,12.84,8.18,12.61,12.84,5,2026-04-22,-3.93,0.49,-0.56,抗住且相对强,2026-04-21,钠离子电池,1,1,0,1
E004-2026-04-14,2026-04-14,2026-04-15,002531.SZ,天顺风能,电力设备,2.4,6.51,6.12,,1,2352.81,氢能源,3.29,10.03,3.63,-0.17,10.03,5,2026-04-22,-8.68,-0.67,-0.56,补跌且弱于行业,,,,0,0,0
E004-2026-04-14,2026-04-14,2026-04-15,688599.SH,天合光能,电力设备,-0.12,4.44,-0.25,,2,3261.29,氢能源、虚拟电厂,1.47,-0.24,-1.1,-1.22,6.11,11,2026-04-30,0.0,-0.49,-0.56,补跌但相对强,,,,1,0,0
E004-2026-04-14,2026-04-14,2026-04-15,002340.SZ,格林美,电力设备,1.34,12.83,4.8,,3,4914.71,氢能源、燃料电池、钠离子电池,3.42,4.77,3.06,17.85,17.85,10,2026-04-29,-6.11,-1.45,-0.56,补跌且弱于行业,2026-04-29,燃料电池,0,1,0,1
E004-2026-04-14,2026-04-14,2026-04-15,300340.SZ,科恒股份,电力设备,2.34,0.64,1.87,,3,4914.71,氢能源、燃料电池、钠离子电池,2.91,2.09,1.46,3.19,3.19,10,2026-04-29,-1.28,-3.51,-0.56,补跌且弱于行业,2026-04-29,燃料电池,0,1,0,1
E004-2026-04-14,2026-04-14,2026-04-15,600379.SH,宝光股份,电力设备,-4.43,1.71,-1,,4,12715.94,氢能源、燃料电池、芯片、虚拟电厂,-1.0,-3.16,7.23,26.77,39.48,11,2026-04-30,0.0,-2.2,-0.56,补跌且弱于行业,2026-04-30,燃料电池,0,1,0,1
E004-2026-04-14,2026-04-14,2026-04-15,688349.SH,三一重能,电力设备,-0.04,0.99,-0.04,,1,2352.81,氢能源,3.5,5.69,1.9,3.63,5.69,5,2026-04-22,-1.14,-1.54,-0.56,补跌且弱于行业,,,,0,0,0
E004-2026-04-14,2026-04-14,2026-04-15,601615.SH,明阳智能,电力设备,2.08,14.0,7.78,,2,10622.44,氢能源、芯片,4.91,4.97,-1.82,-7.76,4.97,5,2026-04-22,-8.91,-1.26,-0.56,补跌且弱于行业,2026-04-22,芯片,0,0,0,1
E004-2026-04-14,2026-04-14,2026-04-15,688598.SH,金博股份,电力设备,1.43,0.74,1.23,,2,3729.69,氢能源、钠离子电池,3.26,3.65,0.52,6.91,6.91,10,2026-04-29,-0.52,-0.6,-0.56,补跌且弱于行业,2026-04-29,钠离子电池,0,0,0,1
E004-2026-04-14,2026-04-14,2026-04-15,000922.SZ,佳电股份,电力设备,2.35,0.97,2.31,,1,2352.81,氢能源,0.0,-0.98,-2.04,3.02,3.79,11,2026-04-30,0.0,2.01,-0.56,抗住且相对强,,,,1,0,0
E004-2026-04-14,2026-04-14,2026-04-15,000009.SZ,中国宝安,电力设备,0.89,2.06,1.28,,4,7398.08,氢能源、液冷服务器、燃料电池、钠离子电池,0.79,1.24,0.45,4.74,4.74,10,2026-04-29,-7.11,-1.77,-0.56,补跌且弱于行业,2026-04-29,燃料电池,0,1,0,1
E004-2026-04-14,2026-04-14,2026-04-15,688339.SH,亿华通-U,电力设备,1.63,1.19,1.78,,2,3537.83,氢能源、燃料电池,1.69,1.05,-0.8,-3.98,5.1,11,2026-04-30,0.0,-0.4,-0.56,补跌但相对强,2026-04-30,燃料电池,0,1,0,1
E004-2026-04-14,2026-04-14,2026-04-15,603396.SH,金辰股份,电力设备,0.37,1.21,0.41,,1,2352.81,氢能源,2.87,0.99,-1.76,0.57,2.87,3,2026-04-20,-2.75,0.69,-0.56,抗住且相对强,,,,1,0,0
E004-2026-04-14,2026-04-14,2026-04-15,002090.SZ,金智科技,电力设备,2.2,0.82,1.99,,2,3261.29,氢能源、虚拟电厂,-3.14,-4.67,-5.75,-0.09,0.81,11,2026-04-30,0.0,0.09,-0.56,抗住且相对强,,,,1,0,0
E004-2026-04-14,2026-04-14,2026-04-15,002249.SZ,大洋电机,电力设备,0.64,2.33,0.98,,2,3537.83,氢能源、燃料电池,1.18,1.07,-1.5,-2.67,1.18,3,2026-04-20,-0.96,-0.21,-0.56,补跌但相对强,2026-04-29,燃料电池,-7,1,0,0
E004-2026-04-14,2026-04-14,2026-04-15,601012.SH,隆基绿能,电力设备,-0.74,23.03,-1,,1,2352.81,氢能源,1.55,0.98,0.06,-4.78,1.55,3,2026-04-20,-6.85,-0.97,-0.56,补跌且弱于行业,,,,0,0,0
E004-2026-04-14,2026-04-14,2026-04-15,600405.SH,动力源,电力设备,1.9,0.54,1.4,,2,3537.83,氢能源、燃料电池,0.0,-1.15,-2.1,-0.57,1.53,1,2026-04-16,-1.34,-2.24,-0.56,补跌且弱于行业,2026-04-29,燃料电池,-9,0,0,0
E004-2026-04-14,2026-04-14,2026-04-15,301516.SZ,中远通,电力设备,1.49,1.65,1.91,,2,3537.83,氢能源、燃料电池,0.45,-2.64,-6.07,-1.14,2.29,11,2026-04-30,0.0,2.08,-0.56,抗住且相对强,2026-04-30,燃料电池,0,1,0,1
E004-2026-04-14,2026-04-14,2026-04-15,688248.SH,南网科技,电力设备,0.99,2.12,1.44,,2,3261.29,氢能源、虚拟电厂,-0.98,-2.63,-4.83,-4.76,0.59,6,2026-04-23,-7.93,5.26,-0.56,抗住且相对强,,,,1,0,0
E004-2026-04-14,2026-04-14,2026-04-15,600406.SH,国电南瑞,电力设备,1.08,15.25,4.22,,3,11530.92,氢能源、芯片、虚拟电厂,1.41,0.56,-1.19,-0.89,1.41,3,2026-04-20,-4.73,2.64,-0.56,抗住且相对强,2026-04-17,芯片,1,2,0,1
E004-2026-04-14,2026-04-14,2026-04-15,600481.SH,双良节能,电力设备,-1.84,4.95,-1,,2,4836.18,氢能源、液冷服务器,4.78,5.1,0.8,-2.23,5.1,5,2026-04-22,-8.28,-1.88,-0.56,补跌且弱于行业,2026-04-22,液冷服务器,0,0,0,1
E004-2026-04-14,2026-04-14,2026-04-15,300141.SZ,和顺电气,电力设备,-0.59,0.92,-0.57,,2,3537.83,氢能源、燃料电池,3.1,0.83,-1.21,-2.42,3.1,3,2026-04-20,-7.19,-1.49,-0.56,补跌且弱于行业,2026-04-29,燃料电池,-7,0,0,0
E004-2026-04-14,2026-04-14,2026-04-15,300481.SZ,濮阳惠成,电子,0.51,0.76,0.44,,1,2352.81,氢能源,-0.47,0.87,0.81,3.23,3.23,10,2026-04-29,-5.04,-6.12,-0.83,补跌且弱于行业,,,,0,0,0
E004-2026-04-14,2026-04-14,2026-04-15,600072.SH,中船科技,电力设备,-1.21,2.24,-1,,1,2352.81,氢能源,9.45,13.02,9.12,6.97,16.09,4,2026-04-21,-2.65,-1.23,-0.56,补跌且弱于行业,,,,0,0,0
E004-2026-04-14,2026-04-14,2026-04-15,002498.SZ,汉缆股份,电力设备,0.39,6.39,0.99,,2,3537.83,氢能源、燃料电池,10.59,5.41,1.76,6.12,10.59,3,2026-04-20,-8.0,9.96,-0.56,抗住且相对强,2026-04-29,燃料电池,-7,1,0,0
E004-2026-04-14,2026-04-14,2026-04-15,300772.SZ,运达股份,电力设备,-0.99,4.43,-1,,1,2352.81,氢能源,3.32,2.88,-0.56,0.38,3.32,3,2026-04-20,-1.75,-6.06,-0.56,补跌且弱于行业,,,,0,0,0
E004-2026-04-14,2026-04-14,2026-04-15,002350.SZ,北京科锐,电力设备,-3.54,4.52,-1,,3,4446.31,氢能源、燃料电池、虚拟电厂,0.15,1.96,0.73,1.45,5.53,9,2026-04-28,-2.98,-0.94,-0.56,补跌且弱于行业,2026-04-29,燃料电池,-1,1,0,0
E004-2026-04-14,2026-04-14,2026-04-15,301189.SZ,奥尼电子,电子,20.0,8.05,56.75,历史新高,2,2010.5,消费电子、英伟达,-0.64,-1.6,-5.45,-6.15,-0.42,4,2026-04-21,-5.48,20.0,-0.83,抗住且相对强,2026-04-22,英伟达,-1,3,1,0
E004-2026-04-14,2026-04-14,2026-04-15,300686.SZ,智动力,电子,5.39,4.77,11.77,3年新高,1,772.68,消费电子,-5.37,7.92,2.02,-3.46,7.92,5,2026-04-22,-13.29,-3.74,-0.83,补跌且弱于行业,2026-04-22,消费电子,0,2,0,1
E004-2026-04-14,2026-04-14,2026-04-15,603629.SH,利通电子,电子,10.0,24.95,49.95,历史新高,4,12763.5,消费电子、液冷服务器、芯片、英伟达,21.98,23.02,24.41,49.28,64.2,11,2026-04-30,0.0,10.01,-0.83,抗住且相对强,2026-04-30,芯片,0,3,1,1
E004-2026-04-14,2026-04-14,2026-04-15,301285.SZ,鸿日达,电子,2.58,3.5,4.83,历史新高,2,9042.31,消费电子、芯片,11.88,15.34,15.27,12.0,15.34,5,2026-04-22,-3.35,-3.23,-0.83,补跌且弱于行业,2026-04-22,芯片,0,1,0,1
E004-2026-04-14,2026-04-14,2026-04-15,301389.SZ,隆扬电子,电子,1.9,4.7,4.12,,1,772.68,消费电子,2.38,9.77,0.61,13.0,13.0,10,2026-04-29,-4.55,1.6,-0.83,抗住且相对强,2026-04-22,消费电子,5,1,0,0
E004-2026-04-14,2026-04-14,2026-04-15,301326.SZ,捷邦科技,电子,3.78,2.69,6.2,20日新高,3,11525.68,消费电子、液冷服务器、芯片,1.36,1.8,-0.12,8.68,15.57,11,2026-04-30,0.0,0.56,-0.83,抗住且相对强,2026-04-30,芯片,0,2,0,1
E004-2026-04-14,2026-04-14,2026-04-15,300843.SZ,胜蓝股份,电子,0.14,4.86,0.31,,2,3256.05,消费电子、液冷服务器,6.32,11.88,5.75,13.09,27.54,11,2026-04-30,0.0,-2.9,-0.83,补跌且弱于行业,2026-04-22,液冷服务器,6,0,0,0
E004-2026-04-14,2026-04-14,2026-04-15,301086.SZ,鸿富瀚,电子,0.5,6.03,1.23,历史新高,2,3256.05,消费电子、液冷服务器,19.83,29.52,29.04,30.18,34.45,11,2026-04-30,0.0,-3.66,-0.83,补跌且弱于行业,2026-04-22,液冷服务器,6,1,0,0
E004-2026-04-14,2026-04-14,2026-04-15,688661.SH,和林微纳,电子,2.7,5.0,6.04,,3,10280.13,消费电子、芯片、英伟达,-0.89,37.13,25.91,42.31,42.31,10,2026-04-29,-2.63,1.48,-0.83,抗住且相对强,2026-04-30,芯片,-1,2,0,0
E004-2026-04-14,2026-04-14,2026-04-15,002655.SZ,共达电声,电子,2.31,8.86,6.88,,2,9042.31,消费电子、芯片,3.94,12.05,15.21,40.63,44.39,11,2026-04-30,0.0,0.6,-0.83,抗住且相对强,2026-04-30,芯片,0,1,0,1
E004-2026-04-14,2026-04-14,2026-04-15,301626.SZ,苏州天脉,电子,0.36,4.75,0.78,,2,3256.05,消费电子、液冷服务器,-5.15,-4.61,-5.64,-2.11,1.45,11,2026-04-30,0.0,-0.3,-0.83,补跌但相对强,2026-04-22,液冷服务器,6,1,0,0
E004-2026-04-14,2026-04-14,2026-04-15,300916.SZ,朗特智能,电子,1.94,0.92,1.86,20日新高,1,772.68,消费电子,0.8,14.07,15.64,16.58,20.04,11,2026-04-30,0.0,-3.11,-0.83,补跌且弱于行业,2026-04-22,消费电子,6,1,0,0
E004-2026-04-14,2026-04-14,2026-04-15,603595.SH,ST东尼,电子,-0.74,0.33,-0.43,,1,772.68,消费电子,6.81,8.27,13.02,13.02,13.02,7,2026-04-24,-3.04,1.8,-0.83,抗住且相对强,2026-04-22,消费电子,2,1,0,0
E004-2026-04-14,2026-04-14,2026-04-15,301606.SZ,绿联科技,电子,3.24,4.0,6.48,20日新高,1,772.68,消费电子,0.37,-0.96,-3.43,0.05,1.42,11,2026-04-30,0.0,-2.96,-0.83,补跌且弱于行业,2026-04-22,消费电子,6,1,0,0
E004-2026-04-14,2026-04-14,2026-04-15,301051.SZ,信濠光电,电子,2.92,1.02,2.95,,1,772.68,消费电子,2.53,4.25,0.77,6.64,6.64,10,2026-04-29,-0.63,-1.73,-0.83,补跌且弱于行业,2026-04-22,消费电子,5,0,0,0
E004-2026-04-14,2026-04-14,2026-04-15,688678.SH,福立旺,电子,2.67,3.25,4.81,,1,772.68,消费电子,18.98,-10.25,-12.3,-11.69,18.98,3,2026-04-20,-28.89,-2.08,-0.83,补跌且弱于行业,2026-04-20,消费电子,0,0,0,1
E004-2026-04-14,2026-04-14,2026-04-15,300032.SZ,金龙机电,电子,1.38,2.84,2.33,,1,772.68,消费电子,1.35,-1.35,-7.77,-10.81,1.52,1,2026-04-16,-13.18,0.51,-0.83,抗住且相对强,2026-04-20,消费电子,-2,1,0,0
E004-2026-04-14,2026-04-14,2026-04-15,300976.SZ,达瑞电子,电子,1.04,0.87,0.97,20日新高,3,11525.68,消费电子、液冷服务器、芯片,3.3,6.08,6.61,8.73,10.03,11,2026-04-30,0.0,-0.34,-0.83,补跌但相对强,2026-04-30,芯片,0,2,0,1
E004-2026-04-14,2026-04-14,2026-04-15,603380.SH,易德龙,电子,0.82,0.7,0.69,,1,772.68,消费电子,1.15,-3.93,-4.09,-1.64,1.15,3,2026-04-20,-0.6,2.4,-0.83,抗住且相对强,2026-04-20,消费电子,0,1,0,1
E004-2026-04-14,2026-04-14,2026-04-15,600130.SH,波导股份,电子,2.21,0.85,2.04,20日新高,1,772.68,消费电子,1.74,0.65,4.14,,4.14,7,2026-04-24,-3.49,-0.86,-0.83,补跌且弱于行业,2026-04-22,消费电子,2,1,0,0
E004-2026-04-14,2026-04-14,2026-04-15,605277.SH,新亚电子,电子,0.88,1.57,1.1,,2,3256.05,消费电子、液冷服务器,1.33,0.7,-3.03,-5.1,1.33,3,2026-04-20,-6.71,-0.29,-0.83,补跌但相对强,2026-04-20,液冷服务器,0,1,0,1
E004-2026-04-14,2026-04-14,2026-04-15,688775.SH,影石创新,电子,1.99,2.14,2.91,,2,9042.31,消费电子、芯片,1.59,0.72,-1.33,-1.87,1.59,3,2026-04-20,-2.64,-1.09,-0.83,补跌且弱于行业,2026-04-20,消费电子,0,0,0,1
E004-2026-04-14,2026-04-14,2026-04-15,688260.SH,昀冢科技,电子,1.98,0.64,1.58,,1,772.68,消费电子,4.23,6.35,8.71,26.0,26.28,11,2026-04-30,0.0,3.62,-0.83,抗住且相对强,2026-04-22,消费电子,6,1,0,0
E004-2026-04-14,2026-04-14,2026-04-15,300787.SZ,海能实业,电子,1.24,0.43,0.81,,1,772.68,消费电子,1.39,0.49,-14.26,-12.38,1.39,3,2026-04-20,-11.97,-0.25,-0.83,补跌但相对强,2026-04-20,消费电子,0,1,0,1
E004-2026-04-14,2026-04-14,2026-04-15,300647.SZ,超频三,电子,1.12,0.63,0.89,,2,3256.05,消费电子、液冷服务器,9.42,10.22,5.43,11.98,12.94,11,2026-04-30,0.0,-1.26,-0.83,补跌且弱于行业,2026-04-22,液冷服务器,6,0,0,0
E004-2026-04-14,2026-04-14,2026-04-15,002888.SZ,惠威科技,电子,3.14,0.69,2.61,,1,772.68,消费电子,1.17,1.27,-0.42,0.37,1.33,4,2026-04-21,-0.11,-1.05,-0.83,补跌且弱于行业,2026-04-22,消费电子,-1,0,0,0
E004-2026-04-14,2026-04-14,2026-04-15,002369.SZ,卓翼科技,电子,0.14,0.73,0.12,,1,772.68,消费电子,2.38,2.1,-0.84,2.1,2.66,11,2026-04-30,0.0,-2.32,-0.83,补跌且弱于行业,2026-04-22,消费电子,6,0,0,0
E004-2026-04-14,2026-04-14,2026-04-15,002139.SZ,拓邦股份,电子,0.73,1.54,0.91,,2,2149.56,消费电子、钠离子电池,-0.16,-0.97,-3.88,-12.28,0.4,2,2026-04-17,-13.89,-0.8,-0.83,补跌但相对强,2026-04-20,消费电子,-1,1,0,0
E004-2026-04-14,2026-04-14,2026-04-15,002981.SZ,朝阳科技,电子,0.12,0.42,0.08,,1,772.68,消费电子,2.52,1.32,0.29,6.45,7.94,9,2026-04-28,-6.32,-1.39,-0.83,补跌且弱于行业,2026-04-22,消费电子,4,0,0,0
E004-2026-04-14,2026-04-14,2026-04-15,300951.SZ,博硕科技,电子,-0.42,0.83,-0.38,,1,772.68,消费电子,-1.9,4.38,-11.38,-13.79,4.38,5,2026-04-22,-16.62,-0.24,-0.83,补跌但相对强,2026-04-22,消费电子,0,1,0,1
E004-2026-04-14,2026-04-14,2026-04-15,301491.SZ,汉桑科技,电子,0.9,0.28,0.48,,1,772.68,消费电子,0.91,-2.66,-3.45,-3.94,0.91,3,2026-04-20,-3.92,0.16,-0.83,抗住且相对强,2026-04-20,消费电子,0,1,0,1
E004-2026-04-14,2026-04-14,2026-04-15,301329.SZ,信音电子,电子,1.24,0.49,0.87,,1,772.68,消费电子,4.25,4.39,2.19,8.46,10.7,11,2026-04-30,0.0,-0.22,-0.83,补跌但相对强,2026-04-22,消费电子,6,1,0,0
E004-2026-04-14,2026-04-14,2026-04-15,002681.SZ,奋达科技,电子,0.19,1.07,0.2,,1,772.68,消费电子,1.16,0.97,-1.16,-0.97,1.35,1,2026-04-16,-0.58,-1.89,-0.83,补跌且弱于行业,2026-04-20,消费电子,-2,0,0,0
E004-2026-04-14,2026-04-14,2026-04-15,600203.SH,福日电子,电子,0.61,1.32,0.7,,1,772.68,消费电子,2.88,6.46,4.98,6.03,10.39,8,2026-04-27,-3.76,-0.09,-0.83,补跌但相对强,2026-04-22,消费电子,3,1,0,0
E004-2026-04-14,2026-04-14,2026-04-15,300822.SZ,贝仕达克,电子,1.07,0.24,0.52,,1,772.68,消费电子,1.15,0.72,2.87,5.45,9.32,8,2026-04-27,-0.72,-1.41,-0.83,补跌且弱于行业,2026-04-22,消费电子,3,0,0,0
E004-2026-04-14,2026-04-14,2026-04-15,300256.SZ,星星科技,电子,-0.29,0.63,-0.23,,1,772.68,消费电子,0.28,-2.81,-6.74,-5.9,0.28,3,2026-04-20,-5.9,3.79,-0.83,抗住且相对强,2026-04-20,消费电子,0,1,0,1
E004-2026-04-14,2026-04-14,2026-04-15,300784.SZ,利安科技,电子,0.18,0.22,0.08,,1,772.68,消费电子,1.65,1.75,-2.33,-0.08,1.75,5,2026-04-22,-0.48,1.01,-0.83,抗住且相对强,2026-04-22,消费电子,0,1,0,1
E004-2026-04-14,2026-04-14,2026-04-15,002925.SZ,盈趣科技,电子,0.56,2.21,0.83,,1,772.68,消费电子,0.35,1.71,-2.82,-4.53,1.71,5,2026-04-22,-5.08,1.17,-0.83,抗住且相对强,2026-04-22,消费电子,0,1,0,1
E004-2026-04-14,2026-04-14,2026-04-15,002351.SZ,漫步者,电子,-0.44,0.55,-0.33,,1,772.68,消费电子,0.35,-0.26,-3.96,-1.41,0.35,1,2026-04-16,-2.55,-0.44,-0.83,补跌但相对强,2026-04-20,消费电子,-2,1,0,0
E004-2026-04-14,2026-04-14,2026-04-15,002660.SZ,茂硕电源,电子,0.47,0.3,0.26,,1,772.68,消费电子,2.93,2.23,0.94,4.81,4.93,11,2026-04-30,0.0,-1.39,-0.83,补跌且弱于行业,2026-04-22,消费电子,6,0,0,0
E004-2026-04-14,2026-04-14,2026-04-15,002855.SZ,捷荣技术,电子,-0.59,0.55,-0.44,,1,772.68,消费电子,2.08,1.04,-0.09,6.83,8.82,11,2026-04-30,0.0,-2.28,-0.83,补跌且弱于行业,2026-04-22,消费电子,6,0,0,0
E004-2026-04-14,2026-04-14,2026-04-15,002580.SZ,圣阳股份,电力设备,10.01,39.26,62.72,历史新高,2,3860.25,液冷服务器、钠离子电池,30.59,5.78,9.62,13.18,30.59,3,2026-04-20,-21.84,10.01,-0.56,抗住且相对强,2026-04-20,液冷服务器,0,3,1,1
E004-2026-04-14,2026-04-14,2026-04-15,301157.SZ,华塑科技,电力设备,20.0,3.52,37.52,3年新高,2,3860.25,液冷服务器、钠离子电池,10.8,4.54,-1.5,-0.2,16.13,2,2026-04-17,-19.92,-4.98,-0.56,补跌且弱于行业,2026-04-20,液冷服务器,-1,2,0,0
E004-2026-04-14,2026-04-14,2026-04-15,300870.SZ,欧陆通,电力设备,2.84,17.78,11.98,,1,2483.37,液冷服务器,14.2,10.34,2.72,11.24,19.53,11,2026-04-30,0.0,5.99,-0.56,抗住且相对强,2026-04-22,液冷服务器,6,2,0,0
E004-2026-04-14,2026-04-14,2026-04-15,688668.SH,鼎通科技,通信,6.3,13.35,23.02,20日新高,2,3721.19,液冷服务器、英伟达,22.29,32.03,38.4,26.85,38.4,7,2026-04-24,-11.0,0.87,-1.34,抗住且相对强,2026-04-22,液冷服务器,2,3,1,0
E004-2026-04-14,2026-04-14,2026-04-15,603881.SH,数据港,通信,2.49,33.38,14.39,20日新高,1,2483.37,液冷服务器,-2.06,-1.81,-5.91,-7.64,4.42,1,2026-04-16,-12.83,-2.16,-1.34,补跌且弱于行业,2026-04-20,液冷服务器,-2,2,0,0
E004-2026-04-14,2026-04-14,2026-04-15,301202.SZ,朗威股份,通信,4.68,1.02,4.73,20日新高,1,2483.37,液冷服务器,3.77,5.35,1.46,-0.52,6.52,4,2026-04-21,-6.44,-2.46,-1.34,补跌且弱于行业,2026-04-22,液冷服务器,-1,1,0,0
E004-2026-04-14,2026-04-14,2026-04-15,300442.SZ,润泽科技,通信,2.15,61.14,16.81,20日新高,1,2483.37,液冷服务器,5.47,3.59,2.98,0.2,6.22,6,2026-04-23,-7.54,-0.97,-1.34,补跌但相对强,2026-04-22,液冷服务器,1,3,1,1
E004-2026-04-14,2026-04-14,2026-04-15,688503.SH,聚和材料,电力设备,-1.42,10.21,-1,20日新高,2,10753.0,液冷服务器、芯片,4.2,1.65,1.31,9.93,11.33,11,2026-04-30,0.0,1.98,-0.56,抗住且相对强,2026-04-30,芯片,0,2,0,1
E004-2026-04-14,2026-04-14,2026-04-15,300383.SZ,光环新网,通信,4.15,44.4,27.65,1年新高,1,2483.37,液冷服务器,-0.22,-0.11,-4.26,-9.52,5.21,1,2026-04-16,-16.13,-2.62,-1.34,补跌且弱于行业,2026-04-20,液冷服务器,-2,2,0,0
E004-2026-04-14,2026-04-14,2026-04-15,002518.SZ,科士达,电力设备,1.01,5.53,2.38,,1,2483.37,液冷服务器,3.23,2.79,1.46,-0.47,3.87,6,2026-04-23,-5.45,-1.64,-0.56,补跌且弱于行业,2026-04-22,液冷服务器,1,0,0,1
E004-2026-04-14,2026-04-14,2026-04-15,300889.SZ,爱克股份,电子,-0.38,1.14,-0.41,,1,2483.37,液冷服务器,0.43,-1.16,-4.1,-6.68,1.66,2,2026-04-17,-8.96,-0.27,-0.83,补跌但相对强,2026-04-20,液冷服务器,-1,1,0,0
E004-2026-04-14,2026-04-14,2026-04-15,300660.SZ,江苏雷利,电力设备,1.27,2.12,1.85,,2,10753.0,液冷服务器、芯片,1.85,1.53,-2.71,-2.27,1.85,2,2026-04-17,-3.4,-1.46,-0.56,补跌且弱于行业,2026-04-17,芯片,0,0,0,1
E004-2026-04-14,2026-04-14,2026-04-15,300689.SZ,澄天伟业,通信,2.27,1.37,2.66,,2,10753.0,液冷服务器、芯片,11.68,9.85,6.96,13.3,13.35,11,2026-04-30,0.0,-0.9,-1.34,补跌但相对强,2026-04-30,芯片,0,1,0,1
E004-2026-04-14,2026-04-14,2026-04-15,603370.SH,华新精科,电力设备,0.79,0.31,0.44,,1,2483.37,液冷服务器,1.33,0.93,-2.28,-6.46,1.33,3,2026-04-20,-6.94,-0.32,-0.56,补跌但相对强,2026-04-20,液冷服务器,0,1,0,1
E004-2026-04-14,2026-04-14,2026-04-15,002879.SZ,长缆科技,电力设备,1.01,0.95,0.98,,1,2483.37,液冷服务器,7.17,1.55,-0.75,-13.03,7.17,3,2026-04-20,-22.91,1.81,-0.56,抗住且相对强,2026-04-20,液冷服务器,0,1,0,1
E004-2026-04-14,2026-04-14,2026-04-15,300603.SZ,立昂技术,通信,3.28,7.64,9.07,,1,2483.37,液冷服务器,-0.67,-3.03,-12.81,-11.79,3.79,1,2026-04-16,-17.86,-0.75,-1.34,补跌但相对强,2026-04-20,液冷服务器,-2,1,0,0
E004-2026-04-14,2026-04-14,2026-04-15,300698.SZ,万马科技,通信,1.2,0.57,0.91,,2,3721.19,液冷服务器、英伟达,3.44,18.35,12.29,6.68,18.35,5,2026-04-22,-12.15,-0.06,-1.34,补跌但相对强,2026-04-22,液冷服务器,0,1,0,1
E004-2026-04-14,2026-04-14,2026-04-15,603381.SH,永臻股份,电力设备,-1.69,1.43,-1,,1,2483.37,液冷服务器,5.11,6.61,2.38,4.93,7.89,4,2026-04-21,-1.54,0.04,-0.56,抗住且相对强,2026-04-22,液冷服务器,-1,1,0,0
E004-2026-04-14,2026-04-14,2026-04-15,301307.SZ,美利信,通信,2.36,4.01,4.73,,2,10753.0,液冷服务器、芯片,6.04,3.4,11.56,12.95,13.05,11,2026-04-30,0.0,0.75,-1.34,抗住且相对强,2026-04-30,芯片,0,1,0,1
E004-2026-04-14,2026-04-14,2026-04-15,300414.SZ,中光防雷,通信,1.74,1.05,1.78,,1,2483.37,液冷服务器,5.2,3.18,6.14,1.52,6.14,7,2026-04-24,-3.54,-1.28,-1.34,补跌但相对强,2026-04-22,液冷服务器,2,1,0,0
E004-2026-04-14,2026-04-14,2026-04-15,300565.SZ,科信技术,通信,-0.67,3.79,-1,,1,2483.37,液冷服务器,-3.6,-7.47,-12.52,-12.52,-0.21,2,2026-04-17,-11.89,-2.63,-1.34,补跌且弱于行业,2026-04-20,液冷服务器,-1,0,0,0
E004-2026-04-14,2026-04-14,2026-04-15,002313.SZ,日海智能,通信,-1.73,0.51,-1,,1,2483.37,液冷服务器,3.49,1.92,15.87,19.95,21.63,9,2026-04-28,-6.13,-2.46,-1.34,补跌且弱于行业,2026-04-22,液冷服务器,4,0,0,0
E004-2026-04-14,2026-04-14,2026-04-15,300376.SZ,易事特,电力设备,1.82,1.71,2.38,,4,13038.36,液冷服务器、芯片、虚拟电厂、钠离子电池,4.22,3.9,-1.3,-3.73,4.38,2,2026-04-17,-9.9,-0.16,-0.56,补跌但相对强,2026-04-17,芯片,0,2,0,1
E004-2026-04-14,2026-04-14,2026-04-15,300438.SZ,鹏辉能源,电力设备,10.79,35.68,64.45,3年新高,3,3470.38,燃料电池、虚拟电厂、钠离子电池,7.16,7.97,10.19,28.8,36.91,11,2026-04-30,0.0,-4.58,-0.56,补跌且弱于行业,2026-04-30,燃料电池,0,2,0,1
E004-2026-04-14,2026-04-14,2026-04-15,603026.SH,石大胜华,电力设备,10.0,14.01,37.43,60日新高,1,1185.02,燃料电池,-2.57,6.27,5.48,20.88,20.88,10,2026-04-29,-4.39,0.13,-0.56,抗住且相对强,2026-04-29,燃料电池,0,3,1,1
E004-2026-04-14,2026-04-14,2026-04-15,002534.SZ,西子洁能,电力设备,-0.16,3.16,-0.28,20日新高,1,1185.02,燃料电池,1.71,2.71,2.43,-1.77,3.37,6,2026-04-23,-6.13,-1.58,-0.56,补跌且弱于行业,2026-04-29,燃料电池,-4,1,0,0
E004-2026-04-14,2026-04-14,2026-04-15,688155.SH,先惠技术,电力设备,4.95,3.02,8.6,,1,1185.02,燃料电池,12.29,13.92,6.57,7.56,29.08,11,2026-04-30,0.0,-1.5,-0.56,补跌且弱于行业,2026-04-30,燃料电池,0,0,0,1
E004-2026-04-14,2026-04-14,2026-04-15,002823.SZ,凯中精密,电力设备,0.19,0.65,0.15,,1,1185.02,燃料电池,0.38,0.19,0.63,1.95,2.33,11,2026-04-30,0.0,0.51,-0.56,抗住且相对强,2026-04-30,燃料电池,0,1,0,1
E004-2026-04-14,2026-04-14,2026-04-15,002808.SZ,*ST恒久,电子,5.09,0.2,2.28,,1,1185.02,燃料电池,-11.97,-19.33,-27.1,-37.39,-5.04,1,2026-04-16,-35.5,0.21,-0.83,抗住且相对强,2026-04-29,燃料电池,-9,1,0,0
E004-2026-04-14,2026-04-14,2026-04-15,002643.SZ,万润股份,电子,0.0,2.19,0.0,,2,9454.65,燃料电池、芯片,1.7,3.28,1.52,0.3,3.28,5,2026-04-22,-2.73,-1.44,-0.83,补跌且弱于行业,2026-04-22,芯片,0,0,0,1
E004-2026-04-14,2026-04-14,2026-04-15,300648.SZ,星云股份,电力设备,-0.77,1.49,-0.94,,2,2093.5,燃料电池、虚拟电厂,1.75,1.75,-1.55,-3.18,5.38,1,2026-04-16,-8.21,-1.76,-0.56,补跌且弱于行业,2026-04-29,燃料电池,-9,0,0,0
E004-2026-04-14,2026-04-14,2026-04-15,600192.SH,长城电工,电力设备,0.12,0.45,0.08,,1,1185.02,燃料电池,0.0,-2.84,-3.31,-2.6,0.24,1,2026-04-16,-2.49,1.08,-0.56,抗住且相对强,2026-04-29,燃料电池,-9,1,0,0
E004-2026-04-14,2026-04-14,2026-04-15,300069.SZ,金利华电,电力设备,-4.51,2.72,-1,,1,1185.02,燃料电池,2.93,5.04,16.07,28.82,37.78,11,2026-04-30,0.0,1.88,-0.56,抗住且相对强,2026-04-30,燃料电池,0,1,0,1
E004-2026-04-14,2026-04-14,2026-04-15,002692.SZ,远程股份,电力设备,9.98,4.37,20.86,3年新高,1,8269.63,芯片,9.83,6.2,-6.81,-12.1,9.83,3,2026-04-20,-24.96,-4.76,-0.56,补跌且弱于行业,2026-04-17,芯片,1,2,0,1
E004-2026-04-14,2026-04-14,2026-04-15,688683.SH,莱尔科技,电子,2.21,0.57,1.67,,1,8269.63,芯片,7.09,8.04,16.63,17.84,18.71,8,2026-04-27,-3.1,1.74,-0.83,抗住且相对强,2026-04-30,芯片,-3,1,0,0
E004-2026-04-14,2026-04-14,2026-04-15,300593.SZ,新雷能,电力设备,11.3,10.34,36.34,20日新高,1,8269.63,芯片,9.6,12.7,8.94,7.42,12.7,5,2026-04-22,-7.13,-1.78,-0.56,补跌且弱于行业,2026-04-22,芯片,0,2,0,1
E004-2026-04-14,2026-04-14,2026-04-15,688148.SH,芳源股份,电力设备,2.69,2.0,3.8,,1,8269.63,芯片,0.0,6.54,11.66,19.39,19.39,10,2026-04-29,-1.2,0.22,-0.56,抗住且相对强,2026-04-30,芯片,-1,1,0,0
E004-2026-04-14,2026-04-14,2026-04-15,002851.SZ,麦格米特,电力设备,4.04,23.51,19.59,,2,9507.45,芯片、英伟达,6.12,2.63,-0.99,9.49,13.85,11,2026-04-30,0.0,-2.83,-0.56,补跌且弱于行业,2026-04-30,芯片,0,1,0,1
E004-2026-04-14,2026-04-14,2026-04-15,688006.SH,杭可科技,电力设备,10.19,7.56,28.02,20日新高,1,8269.63,芯片,6.51,4.6,2.73,8.82,8.82,10,2026-04-29,-0.14,-6.74,-0.56,补跌且弱于行业,2026-04-30,芯片,-1,2,0,0
E004-2026-04-14,2026-04-14,2026-04-15,300738.SZ,奥飞数据,通信,2.65,19.73,11.77,,1,8269.63,芯片,3.8,5.56,2.56,7.26,10.85,1,2026-04-16,-4.27,-1.06,-1.34,补跌但相对强,2026-04-17,芯片,-1,2,0,0
E004-2026-04-14,2026-04-14,2026-04-15,688146.SH,中船特气,电子,0.46,9.47,1.42,,1,8269.63,芯片,12.35,16.56,21.52,26.55,33.6,11,2026-04-30,0.0,-1.59,-0.83,补跌且弱于行业,2026-04-30,芯片,0,0,0,1
E004-2026-04-14,2026-04-14,2026-04-15,300656.SZ,民德电子,电子,8.39,1.93,11.66,,1,8269.63,芯片,7.91,4.84,1.05,5.71,11.16,11,2026-04-30,0.0,-2.15,-0.83,补跌且弱于行业,2026-04-30,芯片,0,1,0,1
E004-2026-04-14,2026-04-14,2026-04-15,003019.SZ,宸展光电,电子,0.98,2.48,1.54,20日新高,1,8269.63,芯片,4.11,6.55,4.55,4.14,6.55,5,2026-04-22,-3.23,-2.6,-0.83,补跌且弱于行业,2026-04-22,芯片,0,1,0,1
E004-2026-04-14,2026-04-14,2026-04-15,600438.SH,通威股份,电力设备,0.28,17.63,1.18,,1,8269.63,芯片,5.19,6.52,2.94,-0.06,6.52,5,2026-04-22,-6.34,-1.59,-0.56,补跌且弱于行业,2026-04-22,芯片,0,0,0,1
E004-2026-04-14,2026-04-14,2026-04-15,688638.SH,誉辰智能,电力设备,-0.02,0.33,-0.01,,1,8269.63,芯片,4.95,4.25,1.56,4.16,8.2,2,2026-04-17,-3.39,-2.12,-0.56,补跌且弱于行业,2026-04-17,芯片,0,0,0,1
E004-2026-04-14,2026-04-14,2026-04-15,688502.SH,茂莱光学,电子,2.71,4.24,5.58,20日新高,1,8269.63,芯片,34.73,44.2,34.88,37.45,44.2,5,2026-04-22,-6.87,-0.91,-0.83,补跌且弱于行业,2026-04-22,芯片,0,1,0,1
E004-2026-04-14,2026-04-14,2026-04-15,002169.SZ,智光电气,电力设备,1.72,3.81,3.36,,2,9178.11,芯片、虚拟电厂,-1.95,-6.51,-13.36,-13.22,0.0,4,2026-04-21,-12.08,-2.93,-0.56,补跌且弱于行业,2026-04-22,芯片,-1,0,0,0
E004-2026-04-14,2026-04-14,2026-04-15,688322.SH,奥比中光-W,电子,-0.23,5.85,-0.56,,2,9507.45,芯片、英伟达,3.52,1.66,-5.07,-4.05,4.23,2,2026-04-17,-6.35,-1.12,-0.83,补跌且弱于行业,2026-04-17,芯片,0,0,0,1
E004-2026-04-14,2026-04-14,2026-04-15,688539.SH,高华科技,电子,5.25,1.54,6.52,,1,8269.63,芯片,13.41,15.18,6.33,-4.35,15.31,4,2026-04-21,-16.71,1.12,-0.83,抗住且相对强,2026-04-22,芯片,-1,1,0,0
E004-2026-04-14,2026-04-14,2026-04-15,002245.SZ,蔚蓝锂芯,电力设备,1.19,16.48,4.83,20日新高,2,9646.51,芯片、钠离子电池,3.26,8.4,10.03,11.76,11.76,10,2026-04-29,-3.26,-2.96,-0.56,补跌且弱于行业,2026-04-29,钠离子电池,0,1,0,1
E004-2026-04-14,2026-04-14,2026-04-15,001269.SZ,欧晶科技,电力设备,-3.57,1.46,-1,,1,8269.63,芯片,0.8,-2.63,-3.88,-4.59,0.8,1,2026-04-16,-4.68,-2.39,-0.56,补跌且弱于行业,2026-04-17,芯片,-1,0,0,0
E004-2026-04-14,2026-04-14,2026-04-15,300763.SZ,锦浪科技,电力设备,1.78,19.84,7.93,,1,8269.63,芯片,3.35,2.28,10.05,3.44,10.05,7,2026-04-24,-6.98,-4.59,-0.56,补跌且弱于行业,2026-04-22,芯片,2,0,0,0
E004-2026-04-14,2026-04-14,2026-04-15,300516.SZ,久之洋,电子,3.45,3.67,6.61,,1,8269.63,芯片,4.77,2.08,-14.48,-18.16,4.77,3,2026-04-20,-20.55,-1.21,-0.83,补跌且弱于行业,2026-04-17,芯片,1,0,0,1
E004-2026-04-14,2026-04-14,2026-04-15,300211.SZ,*ST亿通,通信,-0.12,0.26,-0.06,,1,8269.63,芯片,-0.72,2.04,1.2,5.04,6.84,11,2026-04-30,0.0,0.6,-1.34,抗住且相对强,2026-04-30,芯片,0,1,0,1
E004-2026-04-14,2026-04-14,2026-04-15,605588.SH,冠石科技,电子,1.91,0.79,1.7,,1,8269.63,芯片,1.97,13.5,4.71,3.19,13.5,5,2026-04-22,-10.61,-1.59,-0.83,补跌且弱于行业,2026-04-22,芯片,0,0,0,1
E004-2026-04-14,2026-04-14,2026-04-15,688303.SH,大全能源,电力设备,-2.0,4.91,-1,,1,8269.63,芯片,6.3,6.35,4.57,4.84,6.58,6,2026-04-23,-4.98,-0.45,-0.56,补跌但相对强,2026-04-22,芯片,1,1,0,1
E004-2026-04-14,2026-04-14,2026-04-15,688055.SH,龙腾光电,电子,0.0,0.89,0.0,,1,8269.63,芯片,1.63,2.09,-5.35,-4.19,2.09,5,2026-04-22,-8.14,2.38,-0.83,抗住且相对强,2026-04-22,芯片,0,1,0,1
E004-2026-04-14,2026-04-14,2026-04-15,002402.SZ,和而泰,电子,1.02,7.12,2.72,,1,8269.63,芯片,2.49,3.22,0.57,-0.99,5.24,8,2026-04-27,-4.15,-1.23,-0.83,补跌且弱于行业,2026-04-30,芯片,-3,0,0,0
E004-2026-04-14,2026-04-14,2026-04-15,301152.SZ,天力锂能,电力设备,4.61,1.97,6.47,20日新高,2,9646.51,芯片、钠离子电池,3.02,4.4,5.6,14.84,16.59,11,2026-04-30,0.0,-4.21,-0.56,补跌且弱于行业,2026-04-30,芯片,0,1,0,1
E004-2026-04-14,2026-04-14,2026-04-15,300563.SZ,神宇股份,通信,1.12,1.01,1.13,,1,8269.63,芯片,4.52,6.42,1.43,0.78,6.42,5,2026-04-22,-5.73,-1.47,-1.34,补跌且弱于行业,2026-04-22,芯片,0,0,0,1
E004-2026-04-14,2026-04-14,2026-04-15,688027.SH,国盾量子,通信,1.81,13.57,6.67,,1,8269.63,芯片,2.78,0.1,-4.83,-3.31,7.12,1,2026-04-16,-8.12,3.4,-1.34,抗住且相对强,2026-04-17,芯片,-1,1,0,0
E004-2026-04-14,2026-04-14,2026-04-15,603322.SH,超讯通信,通信,1.57,1.09,1.64,,1,8269.63,芯片,13.93,8.89,3.97,-2.43,15.56,2,2026-04-17,-16.96,1.79,-1.34,抗住且相对强,2026-04-17,芯片,0,1,0,1
E004-2026-04-14,2026-04-14,2026-04-15,300513.SZ,恒实科技,通信,2.03,0.69,1.69,,2,9178.11,芯片、虚拟电厂,1.73,-0.12,-1.15,2.76,4.49,11,2026-04-30,0.0,-3.98,-1.34,补跌且弱于行业,2026-04-30,芯片,0,0,0,1
E004-2026-04-14,2026-04-14,2026-04-15,002129.SZ,TCL中环,电力设备,-0.23,5.45,-0.54,,1,8269.63,芯片,1.61,0.35,-0.58,-0.69,1.61,3,2026-04-20,-1.84,-1.7,-0.56,补跌且弱于行业,2026-04-17,芯片,1,0,0,1
E004-2026-04-14,2026-04-14,2026-04-15,300427.SZ,红相股份,电力设备,3.54,3.89,6.98,,1,8269.63,芯片,-1.78,-6.97,-12.32,-15.49,-1.47,1,2026-04-16,-14.18,5.22,-0.56,抗住且相对强,2026-04-17,芯片,-1,1,0,0
E004-2026-04-14,2026-04-14,2026-04-15,300708.SZ,聚灿光电,电子,0.42,2.42,0.65,,1,8269.63,芯片,4.02,4.23,-5.61,-6.56,4.55,2,2026-04-17,-10.9,-0.94,-0.83,补跌且弱于行业,2026-04-17,芯片,0,0,0,1
E004-2026-04-14,2026-04-14,2026-04-15,002387.SZ,维信诺,电子,0.12,0.75,0.1,,1,8269.63,芯片,2.34,1.35,-1.23,-0.62,2.34,3,2026-04-20,-2.95,1.12,-0.83,抗住且相对强,2026-04-17,芯片,1,1,0,1
E004-2026-04-14,2026-04-14,2026-04-15,300353.SZ,东土科技,通信,1.49,1.87,2.04,,2,9178.11,芯片、虚拟电厂,2.94,0.83,-2.32,-6.7,3.66,2,2026-04-17,-7.99,-1.87,-1.34,补跌且弱于行业,2026-04-17,芯片,0,0,0,1
E004-2026-04-14,2026-04-14,2026-04-15,300627.SZ,华测导航,通信,1.94,2.91,3.31,,1,8269.63,芯片,3.79,4.5,-3.59,-6.41,4.5,5,2026-04-22,-11.35,-0.56,-1.34,补跌但相对强,2026-04-22,芯片,0,1,0,1
E004-2026-04-14,2026-04-14,2026-04-15,603931.SH,格林达,电子,1.82,0.49,1.27,,1,8269.63,芯片,10.99,14.18,12.53,40.72,40.72,10,2026-04-29,-1.33,-0.39,-0.83,补跌但相对强,2026-04-30,芯片,-1,1,0,0
E004-2026-04-14,2026-04-14,2026-04-15,000050.SZ,深天马Ａ,电子,0.0,1.41,0.0,,1,8269.63,芯片,2.06,3.03,-0.85,-0.85,3.03,5,2026-04-22,-10.67,-0.48,-0.83,补跌但相对强,2026-04-22,芯片,0,1,0,1
E004-2026-04-14,2026-04-14,2026-04-15,688100.SH,威胜信息,通信,1.06,0.73,0.91,,2,9178.11,芯片、虚拟电厂,-0.1,0.86,-2.85,-5.13,1.28,2,2026-04-17,-3.46,2.52,-1.34,抗住且相对强,2026-04-17,芯片,0,1,0,1
E004-2026-04-14,2026-04-14,2026-04-15,002148.SZ,北纬科技,通信,0.79,0.6,0.61,,1,8269.63,芯片,1.83,0.65,-1.44,2.48,3.14,11,2026-04-30,0.0,-0.65,-1.34,补跌但相对强,2026-04-30,芯片,0,1,0,1
E004-2026-04-14,2026-04-14,2026-04-15,300590.SZ,移为通信,通信,0.09,0.42,0.06,,1,8269.63,芯片,2.65,3.85,20.29,28.94,28.94,10,2026-04-29,-3.34,-0.26,-1.34,补跌但相对强,2026-04-30,芯片,-1,1,0,0
E004-2026-04-14,2026-04-14,2026-04-15,688348.SH,昱能科技,电力设备,0.02,1.35,0.02,,1,8269.63,芯片,2.51,0.65,-1.99,-1.46,2.51,3,2026-04-20,-4.41,-2.61,-0.56,补跌且弱于行业,2026-04-17,芯片,1,0,0,1
E004-2026-04-14,2026-04-14,2026-04-15,300710.SZ,万隆光电,通信,-0.2,0.72,-0.17,,1,8269.63,芯片,5.96,-0.44,-3.92,8.42,11.72,11,2026-04-30,0.0,-1.68,-1.34,补跌且弱于行业,2026-04-30,芯片,0,0,0,1
E004-2026-04-14,2026-04-14,2026-04-15,002028.SZ,思源电气,电力设备,2.72,21.91,12.73,,1,8269.63,芯片,3.93,5.72,5.99,-6.07,6.88,6,2026-04-23,-13.83,1.73,-0.56,抗住且相对强,2026-04-22,芯片,1,2,0,1
E004-2026-04-14,2026-04-14,2026-04-15,000536.SZ,华映科技,电子,-0.23,1.31,-0.26,,1,8269.63,芯片,0.24,-1.65,-7.76,-6.12,0.24,2,2026-04-17,-7.53,-1.16,-0.83,补跌且弱于行业,2026-04-17,芯片,0,0,0,1
E004-2026-04-14,2026-04-14,2026-04-15,300514.SZ,友讯达,电力设备,0.0,0.4,0.0,,2,9178.11,芯片、虚拟电厂,3.16,3.32,-7.4,-5.09,3.32,5,2026-04-22,-7.17,-0.15,-0.56,补跌但相对强,2026-04-22,芯片,0,1,0,1
E004-2026-04-14,2026-04-14,2026-04-15,688592.SH,司南导航,通信,1.84,0.58,1.4,,1,8269.63,芯片,9.05,8.58,3.94,3.6,9.05,3,2026-04-20,-4.64,2.5,-1.34,抗住且相对强,2026-04-17,芯片,1,1,0,1
E004-2026-04-14,2026-04-14,2026-04-15,300120.SZ,经纬辉开,电子,0.13,0.52,0.09,,1,8269.63,芯片,2.46,0.68,-2.05,2.46,3.14,11,2026-04-30,0.0,-1.88,-0.83,补跌且弱于行业,2026-04-30,芯片,0,0,0,1
E004-2026-04-14,2026-04-14,2026-04-15,301275.SZ,汉朔科技,电子,0.89,1.48,1.08,,1,8269.63,芯片,3.41,1.44,-2.8,8.56,9.56,11,2026-04-30,0.0,0.27,-0.83,抗住且相对强,2026-04-30,芯片,0,1,0,1
E004-2026-04-14,2026-04-14,2026-04-15,600071.SH,凤凰光学,电子,0.0,0.83,0.0,,1,8269.63,芯片,4.59,5.18,0.45,-0.05,6.28,4,2026-04-21,-9.47,-1.13,-0.83,补跌且弱于行业,2026-04-22,芯片,-1,0,0,0
E004-2026-04-14,2026-04-14,2026-04-15,688556.SH,高测股份,电力设备,5.42,8.56,15.86,,1,8269.63,芯片,9.19,6.1,-1.2,-0.98,9.19,3,2026-04-20,-8.51,-2.5,-0.56,补跌且弱于行业,2026-04-17,芯片,1,1,0,1
E004-2026-04-14,2026-04-14,2026-04-15,002104.SZ,恒宝股份,通信,-1.46,4.79,-1,,1,8269.63,芯片,-0.33,-2.49,-5.18,-6.76,0.39,1,2026-04-16,-7.02,-1.61,-1.34,补跌且弱于行业,2026-04-17,芯片,-1,0,0,0
E004-2026-04-14,2026-04-14,2026-04-15,301226.SZ,祥明智能,电力设备,-2.04,3.08,-1,,1,8269.63,芯片,-0.35,-1.86,-7.24,-3.72,1.59,1,2026-04-16,-5.88,-4.79,-0.56,补跌且弱于行业,2026-04-17,芯片,-1,0,0,0
E004-2026-04-14,2026-04-14,2026-04-15,002161.SZ,远望谷,电子,0.0,1.48,0.0,,1,8269.63,芯片,-0.41,0.83,0.14,-2.9,1.38,1,2026-04-16,-8.29,-0.82,-0.83,补跌但相对强,2026-04-17,芯片,-1,1,0,0
E004-2026-04-14,2026-04-14,2026-04-15,688726.SH,拉普拉斯,电力设备,3.66,13.34,13.37,,1,8269.63,芯片,1.55,-5.35,-10.02,-7.66,2.04,2,2026-04-17,-6.36,7.41,-0.56,抗住且相对强,2026-04-17,芯片,0,2,0,1
E004-2026-04-14,2026-04-14,2026-04-15,603042.SH,华脉科技,通信,-1.49,4.37,-1,,1,8269.63,芯片,2.84,0.47,-6.76,-7.41,2.84,3,2026-04-20,-12.87,-1.88,-1.34,补跌且弱于行业,2026-04-17,芯片,1,0,0,1
E004-2026-04-14,2026-04-14,2026-04-15,600207.SH,安彩高科,电力设备,-3.52,2.33,-1,,1,8269.63,芯片,8.26,6.38,9.57,7.13,10.69,8,2026-04-27,-5.82,-2.74,-0.56,补跌且弱于行业,2026-04-30,芯片,-3,0,0,0
E004-2026-04-14,2026-04-14,2026-04-15,688618.SH,三旺通信,通信,0.03,1.21,0.03,,1,8269.63,芯片,5.54,2.62,1.09,-7.14,6.55,2,2026-04-17,-15.14,12.61,-1.34,抗住且相对强,2026-04-17,芯片,0,1,0,1
E004-2026-04-14,2026-04-14,2026-04-15,603985.SH,恒润股份,电力设备,-2.49,13.69,-1,2年新高,1,1237.82,英伟达,7.93,14.16,13.63,20.89,23.35,9,2026-04-28,-6.28,5.48,-0.56,抗住且相对强,2026-04-22,英伟达,4,2,0,0
E004-2026-04-14,2026-04-14,2026-04-15,300693.SZ,盛弘股份,电力设备,9.11,14.67,34.89,20日新高,1,908.48,虚拟电厂,5.29,2.08,-2.14,-5.77,5.29,3,2026-04-20,-12.16,-2.67,-0.56,补跌且弱于行业,,,,2,0,0
E004-2026-04-14,2026-04-14,2026-04-15,300490.SZ,华自科技,电力设备,2.94,5.51,6.9,20日新高,2,2285.36,虚拟电厂、钠离子电池,9.45,10.78,0.27,6.57,10.78,5,2026-04-22,-4.54,-1.0,-0.56,补跌且弱于行业,2026-04-21,钠离子电池,1,1,0,1
E004-2026-04-14,2026-04-14,2026-04-15,300617.SZ,安靠智电,电力设备,-1.23,3.93,-1,,1,908.48,虚拟电厂,10.42,6.85,1.81,4.41,10.42,3,2026-04-20,-8.2,0.44,-0.56,抗住且相对强,,,,1,0,0
E004-2026-04-14,2026-04-14,2026-04-15,000682.SZ,东方电子,电力设备,7.09,8.49,20.66,,1,908.48,虚拟电厂,1.77,3.38,4.92,2.69,4.92,7,2026-04-24,-4.61,0.15,-0.56,抗住且相对强,,,,2,0,0
E004-2026-04-14,2026-04-14,2026-04-15,301361.SZ,众智科技,电力设备,4.78,1.35,5.55,,1,908.48,虚拟电厂,1.52,-1.16,-4.31,-4.73,2.71,1,2026-04-16,-8.46,-0.26,-0.56,补跌但相对强,,,,1,0,0
E004-2026-04-14,2026-04-14,2026-04-15,600268.SH,国电南自,电力设备,0.47,4.2,0.96,,1,908.48,虚拟电厂,3.64,0.89,-4.15,-3.25,3.64,3,2026-04-20,-8.1,5.52,-0.56,抗住且相对强,,,,1,0,0
E004-2026-04-14,2026-04-14,2026-04-15,603679.SH,华体科技,电子,0.0,0.56,0.0,,1,908.48,虚拟电厂,3.79,3.72,-0.66,6.56,9.04,11,2026-04-30,0.0,-1.01,-0.83,补跌且弱于行业,,,,0,0,0
E004-2026-04-14,2026-04-14,2026-04-15,600089.SH,特变电工,电力设备,2.08,43.94,13.79,,1,908.48,虚拟电厂,-1.17,-2.59,-4.46,-3.44,-0.96,1,2026-04-16,-4.0,2.69,-0.56,抗住且相对强,,,,2,0,0
E004-2026-04-14,2026-04-14,2026-04-15,688390.SH,固德威,电力设备,0.13,8.21,0.37,,1,908.48,虚拟电厂,3.14,6.68,3.45,17.42,25.01,11,2026-04-30,0.0,-3.81,-0.56,补跌且弱于行业,,,,0,0,0
E004-2026-04-14,2026-04-14,2026-04-15,688717.SH,艾罗能源,电力设备,-3.13,10.35,-1,,1,908.48,虚拟电厂,2.49,3.09,0.06,10.37,14.76,11,2026-04-30,0.0,-9.82,-0.56,补跌且弱于行业,,,,0,0,0
E004-2026-04-14,2026-04-14,2026-04-15,002546.SZ,新联电子,电力设备,4.9,4.25,10.1,,1,908.48,虚拟电厂,-3.55,-5.6,-9.69,-11.41,-1.29,1,2026-04-16,-10.23,-1.38,-0.56,补跌且弱于行业,,,,0,0,0
E004-2026-04-14,2026-04-14,2026-04-15,002606.SZ,大连电瓷,电力设备,0.43,1.56,0.54,,1,908.48,虚拟电厂,1.14,-1.54,13.88,18.34,21.75,9,2026-04-28,-4.14,6.12,-0.56,抗住且相对强,,,,1,0,0
E004-2026-04-14,2026-04-14,2026-04-15,300222.SZ,科大智能,电力设备,1.37,1.41,1.63,,1,908.48,虚拟电厂,2.08,0.81,-1.08,0.63,2.08,3,2026-04-20,-0.81,-0.54,-0.56,补跌但相对强,,,,1,0,0
E004-2026-04-14,2026-04-14,2026-04-15,300286.SZ,安科瑞,电力设备,1.55,1.09,1.62,,1,908.48,虚拟电厂,1.47,1.39,-6.56,-6.94,1.47,3,2026-04-20,-8.21,1.81,-0.56,抗住且相对强,,,,1,0,0
E004-2026-04-14,2026-04-14,2026-04-15,300444.SZ,双杰电气,电力设备,1.84,5.25,4.22,,1,908.48,虚拟电厂,3.58,0.13,4.75,7.16,10.15,8,2026-04-27,-7.55,10.97,-0.56,抗住且相对强,,,,1,0,0
E004-2026-04-14,2026-04-14,2026-04-15,601877.SH,正泰电器,电力设备,0.93,9.41,2.85,,1,908.48,虚拟电厂,-3.9,-5.04,-5.68,-5.07,-2.59,1,2026-04-16,-2.1,2.45,-0.56,抗住且相对强,,,,1,0,0
E004-2026-04-14,2026-04-14,2026-04-15,002339.SZ,积成电子,电力设备,1.65,1.91,2.28,,1,908.48,虚拟电厂,2.37,-0.38,-3.42,-5.7,2.37,3,2026-04-20,-8.45,0.67,-0.56,抗住且相对强,,,,1,0,0
E004-2026-04-14,2026-04-14,2026-04-15,603050.SH,科林电气,电力设备,0.97,0.51,0.69,,1,908.48,虚拟电厂,1.17,0.81,-2.03,2.44,10.32,11,2026-04-30,0.0,-0.86,-0.56,补跌且弱于行业,,,,0,0,0
E004-2026-04-14,2026-04-14,2026-04-15,002121.SZ,科陆电子,电力设备,0.78,1.91,1.08,,1,908.48,虚拟电厂,-1.81,-0.9,-3.1,-9.03,-0.9,5,2026-04-22,-9.42,-0.26,-0.56,补跌但相对强,,,,1,0,0
E004-2026-04-14,2026-04-14,2026-04-15,688681.SH,科汇股份,电力设备,0.64,0.29,0.34,,1,908.48,虚拟电厂,0.68,1.05,0.05,5.37,7.32,11,2026-04-30,0.0,0.48,-0.56,抗住且相对强,,,,1,0,0
E004-2026-04-14,2026-04-14,2026-04-15,300360.SZ,炬华科技,电力设备,0.12,0.91,0.11,,1,908.48,虚拟电厂,-0.06,-0.91,-3.6,-10.24,0.79,1,2026-04-16,-12.56,0.99,-0.56,抗住且相对强,,,,1,0,0
E004-2026-04-14,2026-04-14,2026-04-15,002857.SZ,三晖电气,电力设备,-0.28,0.66,-0.23,,1,908.48,虚拟电厂,2.0,-0.57,-3.47,2.33,4.61,11,2026-04-30,0.0,-1.41,-0.56,补跌且弱于行业,,,,0,0,0
E004-2026-04-14,2026-04-14,2026-04-15,688597.SH,煜邦电力,电力设备,0.57,0.27,0.3,,1,908.48,虚拟电厂,1.56,14.75,9.72,-5.81,14.75,5,2026-04-22,-21.34,1.02,-0.56,抗住且相对强,,,,1,0,0
E004-2026-04-14,2026-04-14,2026-04-15,300880.SZ,迦南智能,电力设备,-0.05,1.15,-0.05,,1,908.48,虚拟电厂,-1.3,-3.12,-1.08,-1.69,1.17,6,2026-04-23,-4.46,9.53,-0.56,抗住且相对强,,,,1,0,0
E004-2026-04-14,2026-04-14,2026-04-15,300510.SZ,金冠股份,电力设备,0.72,0.62,0.57,,1,908.48,虚拟电厂,0.24,-2.63,-3.58,-0.24,1.43,1,2026-04-16,-1.67,-0.71,-0.56,补跌且弱于行业,,,,0,0,0
E004-2026-04-14,2026-04-14,2026-04-15,600734.SH,*ST实达,通信,1.06,1.67,1.37,,1,908.48,虚拟电厂,-16.8,-28.46,-35.23,,2.71,1,2026-04-16,-42.28,-2.89,-1.34,补跌且弱于行业,,,,0,0,0
E004-2026-04-14,2026-04-14,2026-04-15,301609.SZ,山大电力,电力设备,0.39,1.14,0.42,,1,908.48,虚拟电厂,1.12,-1.76,-5.06,-5.35,1.12,3,2026-04-20,-7.37,4.15,-0.56,抗住且相对强,,,,1,0,0
E004-2026-04-14,2026-04-14,2026-04-15,300882.SZ,万胜智能,电力设备,-1.12,1.37,-1,,1,908.48,虚拟电厂,-0.61,-2.4,-4.76,-19.21,0.92,1,2026-04-16,-21.3,-0.22,-0.56,补跌但相对强,,,,1,0,0
E004-2026-04-14,2026-04-14,2026-04-15,002227.SZ,*ST特迅,电力设备,-0.78,0.32,-0.44,,1,908.48,虚拟电厂,6.86,1.5,-0.87,13.97,13.97,10,2026-04-29,-4.49,-9.99,-0.56,补跌且弱于行业,,,,0,0,0
E004-2026-04-14,2026-04-14,2026-04-15,300393.SZ,中来股份,电力设备,-4.65,6.24,-1,,1,908.48,虚拟电厂,15.53,15.43,9.92,7.44,15.53,3,2026-04-20,-6.36,0.54,-0.56,抗住且相对强,,,,1,0,0
E004-2026-04-14,2026-04-14,2026-04-15,301179.SZ,泽宇智能,电力设备,-3.07,4.62,-1,,1,908.48,虚拟电厂,3.42,1.1,-12.11,-11.23,3.42,3,2026-04-20,-18.26,7.6,-0.56,抗住且相对强,,,,1,0,0
E004-2026-04-14,2026-04-14,2026-04-15,301292.SZ,海科新源,电力设备,20.0,31.26,111.82,历史新高,1,1376.88,钠离子电池,-1.95,5.15,-9.61,-2.7,5.15,5,2026-04-22,-14.25,-12.67,-0.56,补跌且弱于行业,2026-04-21,钠离子电池,1,2,0,1
E004-2026-04-14,2026-04-14,2026-04-15,600152.SH,维科技术,电力设备,9.99,11.03,33.18,3年新高,1,1376.88,钠离子电池,15.41,3.89,7.37,20.13,29.99,9,2026-04-28,-6.96,1.51,-0.56,抗住且相对强,2026-04-29,钠离子电池,-1,3,1,0
E004-2026-04-14,2026-04-14,2026-04-15,688275.SH,万润新能,电力设备,4.25,7.76,11.84,3年新高,1,1376.88,钠离子电池,6.22,8.95,12.63,27.31,27.31,10,2026-04-29,-6.43,-2.99,-0.56,补跌且弱于行业,2026-04-29,钠离子电池,0,2,0,1
E004-2026-04-14,2026-04-14,2026-04-15,301358.SZ,湖南裕能,电力设备,9.44,27.45,49.46,60日新高,1,1376.88,钠离子电池,2.79,4.85,7.95,32.31,32.31,10,2026-04-29,-5.89,-3.9,-0.56,补跌且弱于行业,2026-04-29,钠离子电池,0,2,0,1
E004-2026-04-14,2026-04-14,2026-04-15,688353.SH,华盛锂电,电力设备,7.74,14.57,29.54,60日新高,1,1376.88,钠离子电池,1.62,3.46,-2.5,2.34,4.31,4,2026-04-21,-14.92,-8.89,-0.56,补跌且弱于行业,2026-04-21,钠离子电池,0,2,0,1
E004-2026-04-14,2026-04-14,2026-04-15,600884.SH,杉杉股份,电力设备,1.71,20.77,7.79,20日新高,1,1376.88,钠离子电池,-5.12,-0.52,-0.79,10.89,10.89,10,2026-04-29,-1.64,-1.23,-0.56,补跌且弱于行业,2026-04-29,钠离子电池,0,1,0,1
E004-2026-04-14,2026-04-14,2026-04-15,002074.SZ,国轩高科,电力设备,1.06,35.54,6.32,20日新高,1,1376.88,钠离子电池,3.15,4.6,3.0,-2.51,4.75,4,2026-04-21,-9.87,-3.01,-0.56,补跌且弱于行业,2026-04-21,钠离子电池,0,1,0,1
E004-2026-04-14,2026-04-14,2026-04-15,300051.SZ,琏升科技,电力设备,3.96,5.9,9.62,2年新高,1,1376.88,钠离子电池,5.98,14.27,4.86,2.06,14.27,5,2026-04-22,-11.78,13.27,-0.56,抗住且相对强,2026-04-21,钠离子电池,1,2,0,1
E004-2026-04-14,2026-04-14,2026-04-15,300919.SZ,中伟新材,电力设备,3.61,12.43,12.73,20日新高,1,1376.88,钠离子电池,1.38,4.17,9.86,16.99,16.99,10,2026-04-29,-2.92,-1.1,-0.56,补跌且弱于行业,2026-04-29,钠离子电池,0,2,0,1
E004-2026-04-14,2026-04-14,2026-04-15,688005.SH,容百科技,电力设备,5.2,7.74,14.47,20日新高,1,1376.88,钠离子电池,6.04,7.47,11.43,25.0,25.0,10,2026-04-29,-11.92,-4.23,-0.56,补跌且弱于行业,2026-04-29,钠离子电池,0,2,0,1
E004-2026-04-14,2026-04-14,2026-04-15,300619.SZ,金银河,电力设备,4.04,3.38,7.43,20日新高,1,1376.88,钠离子电池,1.26,1.54,-1.02,-0.28,9.35,6,2026-04-23,-11.94,-4.81,-0.56,补跌且弱于行业,2026-04-21,钠离子电池,2,1,0,0
E004-2026-04-14,2026-04-14,2026-04-15,002759.SZ,天际股份,电力设备,8.17,29.3,44.22,20日新高,1,1376.88,钠离子电池,-4.75,-7.73,-7.73,-0.55,5.19,11,2026-04-30,0.0,-6.96,-0.56,补跌且弱于行业,2026-04-29,钠离子电池,1,2,0,1
E004-2026-04-14,2026-04-14,2026-04-15,301487.SZ,盟固利,电力设备,4.2,3.25,7.57,,1,1376.88,钠离子电池,4.13,7.84,6.15,13.76,13.76,10,2026-04-29,-2.02,-3.54,-0.56,补跌且弱于行业,2026-04-29,钠离子电池,0,0,0,1
E004-2026-04-14,2026-04-14,2026-04-15,301120.SZ,新特电气,电力设备,5.31,5.89,12.89,,1,1376.88,钠离子电池,-1.33,-0.08,-15.42,-16.67,-0.08,5,2026-04-22,-18.12,3.45,-0.56,抗住且相对强,2026-04-21,钠离子电池,1,2,0,1
E004-2026-04-14,2026-04-14,2026-04-15,002709.SZ,天赐材料,电力设备,5.65,61.21,44.2,20日新高,1,1376.88,钠离子电池,3.44,8.54,10.5,23.58,26.06,11,2026-04-30,0.0,-2.74,-0.56,补跌且弱于行业,2026-04-29,钠离子电池,1,2,0,1
E004-2026-04-14,2026-04-14,2026-04-15,688063.SH,派能科技,电力设备,5.42,10.16,17.28,,1,1376.88,钠离子电池,4.13,8.46,3.31,6.87,8.46,5,2026-04-22,-3.15,-4.4,-0.56,补跌且弱于行业,2026-04-21,钠离子电池,1,1,0,1
E004-2026-04-14,2026-04-14,2026-04-15,300073.SZ,当升科技,电力设备,1.1,10.84,3.62,20日新高,1,1376.88,钠离子电池,3.13,4.98,7.21,15.6,15.6,10,2026-04-29,-2.72,-3.07,-0.56,补跌且弱于行业,2026-04-29,钠离子电池,0,1,0,1
E004-2026-04-14,2026-04-14,2026-04-15,300750.SZ,宁德时代,电力设备,0.86,186.64,11.75,,1,1376.88,钠离子电池,0.35,1.24,3.23,3.25,5.33,1,2026-04-16,-4.17,0.05,-0.56,抗住且相对强,2026-04-21,钠离子电池,-3,2,0,0
E004-2026-04-14,2026-04-14,2026-04-15,688411.SH,海博思创,电力设备,3.49,14.92,13.48,,1,1376.88,钠离子电池,-2.12,-2.78,-1.84,10.5,11.23,11,2026-04-30,0.0,-4.29,-0.56,补跌且弱于行业,2026-04-29,钠离子电池,1,1,0,1
E004-2026-04-14,2026-04-14,2026-04-15,688567.SH,孚能科技,电力设备,3.22,2.05,4.61,,1,1376.88,钠离子电池,3.08,4.58,3.01,5.94,5.94,10,2026-04-29,-1.35,-3.48,-0.56,补跌且弱于行业,2026-04-29,钠离子电池,0,0,0,1
E004-2026-04-14,2026-04-14,2026-04-15,301662.SZ,宏工科技,电力设备,5.36,3.27,9.69,,1,1376.88,钠离子电池,18.95,17.81,11.33,23.96,30.21,11,2026-04-30,0.0,-3.67,-0.56,补跌且弱于行业,2026-04-29,钠离子电池,1,0,0,1
E004-2026-04-14,2026-04-14,2026-04-15,002805.SZ,丰元股份,电力设备,3.05,3.56,5.75,,1,1376.88,钠离子电池,3.18,2.44,3.52,17.94,29.76,11,2026-04-30,0.0,-3.56,-0.56,补跌且弱于行业,2026-04-29,钠离子电池,1,0,0,1
E004-2026-04-14,2026-04-14,2026-04-15,688772.SH,珠海冠宇,电力设备,1.43,4.8,3.13,,1,1376.88,钠离子电池,1.98,6.07,2.85,7.25,8.24,4,2026-04-21,-5.39,-1.1,-0.56,补跌且弱于行业,2026-04-21,钠离子电池,0,0,0,1
E004-2026-04-14,2026-04-14,2026-04-15,300890.SZ,翔丰华,电力设备,2.62,1.71,3.43,,1,1376.88,钠离子电池,4.69,26.96,36.25,35.45,36.25,7,2026-04-24,-6.7,-2.31,-0.56,补跌且弱于行业,2026-04-29,钠离子电池,-3,0,0,0
E004-2026-04-14,2026-04-14,2026-04-15,301238.SZ,瑞泰新材,电力设备,3.2,2.25,4.8,,1,1376.88,钠离子电池,3.4,3.89,3.5,8.16,8.26,11,2026-04-30,0.0,-1.91,-0.56,补跌且弱于行业,2026-04-29,钠离子电池,1,0,0,1
E004-2026-04-14,2026-04-14,2026-04-15,301349.SZ,信德新材,电力设备,-2.0,4.24,-1,,1,1376.88,钠离子电池,3.39,4.12,-2.41,-3.13,4.12,5,2026-04-22,-8.39,-1.41,-0.56,补跌且弱于行业,2026-04-21,钠离子电池,1,0,0,1
E004-2026-04-14,2026-04-14,2026-04-15,688116.SH,天奈科技,电力设备,2.0,2.59,3.22,,1,1376.88,钠离子电池,1.34,4.56,2.68,7.66,7.66,10,2026-04-29,-1.36,-2.25,-0.56,补跌且弱于行业,2026-04-29,钠离子电池,0,0,0,1
E004-2026-04-14,2026-04-14,2026-04-15,688779.SH,五矿新能,电力设备,2.2,3.72,4.24,,1,1376.88,钠离子电池,1.87,4.1,4.94,5.13,6.44,9,2026-04-28,-5.69,-3.94,-0.56,补跌且弱于行业,2026-04-29,钠离子电池,-1,0,0,0
E004-2026-04-14,2026-04-14,2026-04-15,688707.SH,振华新材,电力设备,4.29,1.17,4.64,,1,1376.88,钠离子电池,5.1,20.6,20.17,23.4,24.26,9,2026-04-28,-5.67,-1.21,-0.56,补跌且弱于行业,2026-04-29,钠离子电池,-1,0,0,0
E004-2026-04-14,2026-04-14,2026-04-15,002125.SZ,湘潭电化,电力设备,2.06,2.36,3.16,,1,1376.88,钠离子电池,5.27,5.71,5.27,11.42,13.28,11,2026-04-30,0.0,-2.67,-0.56,补跌且弱于行业,2026-04-29,钠离子电池,1,0,0,1
E004-2026-04-14,2026-04-14,2026-04-15,002388.SZ,新亚制程,电子,1.59,0.94,1.54,,1,1376.88,钠离子电池,4.85,3.03,1.41,8.69,9.49,11,2026-04-30,0.0,-3.32,-0.83,补跌且弱于行业,2026-04-29,钠离子电池,1,0,0,1
E004-2026-04-14,2026-04-14,2026-04-15,688184.SH,ST帕瓦,电力设备,0.1,0.07,0.03,,1,1376.88,钠离子电池,0.48,-0.38,-2.78,26.41,26.41,10,2026-04-29,-1.82,-0.57,-0.56,补跌且弱于行业,2026-04-29,钠离子电池,0,0,0,1
E004-2026-04-14,2026-04-14,2026-04-15,688345.SH,博力威,电力设备,2.16,2.41,3.35,,1,1376.88,钠离子电池,1.67,3.36,0.88,1.54,3.36,5,2026-04-22,-4.88,-2.0,-0.56,补跌且弱于行业,2026-04-21,钠离子电池,1,0,0,1
E004-2026-04-14,2026-04-14,2026-04-15,301327.SZ,华宝新能,电力设备,0.35,3.97,0.7,,1,1376.88,钠离子电池,4.72,1.98,0.66,0.19,4.72,3,2026-04-20,-6.65,-3.99,-0.56,补跌且弱于行业,2026-04-21,钠离子电池,-1,0,0,0
