sample_id,event_date,divergence_date,code,name,sw_l1,pct_event,amount_event,weighted_event,high_event,double_red_hits,double_red_amount_sum,double_red_sectors,ret_3d,ret_5d,ret_7d,ret_10d,peak_ret,peak_day_n,peak_date,drawdown_after_peak,pct_divergence,sw_pct_divergence,divergence_path,nearest_reflow_date,nearest_reflow_sector,peak_minus_reflow_days,strategy1_score,strategy1_full,reflow_same_next
E005-2026-05-06,2026-05-06,2026-05-07,300571.SZ,平治信息,通信,16.17,19.68,71.73,3年新高,4,26350.06,6G、储能、共封装光学(CPO)、芯片,-0.33,15.46,19.14,3.18,19.14,7,2026-05-18,-6.76,11.76,,unknown,2026-05-19,6G,-1,2,0,0
E005-2026-05-06,2026-05-06,2026-05-07,688800.SH,瑞可达,电子,20.0,30.59,110.62,历史新高,6,18889.95,6G、储能、光伏、液冷服务器、铜缆高速连接、高压快充,9.48,7.7,15.9,6.16,15.9,7,2026-05-18,-6.44,-0.87,,unknown,2026-05-19,高压快充,-1,2,0,0
E005-2026-05-06,2026-05-06,2026-05-07,002115.SZ,三维通信,通信,3.61,21.08,16.57,,1,1868.81,6G,-2.09,-6.59,-7.31,-15.34,0.65,2,2026-05-11,-12.34,2.61,,unknown,2026-05-11,6G,0,1,0,1
E005-2026-05-06,2026-05-06,2026-05-07,688387.SH,信科移动-U,通信,4.09,24.81,20.37,60日新高,3,16559.4,6G、芯片、通信设备,5.89,-0.48,-4.49,-12.46,8.45,2,2026-05-11,-18.6,1.57,,unknown,2026-05-11,通信设备,0,2,0,1
E005-2026-05-06,2026-05-06,2026-05-07,300136.SZ,信维通信,电子,6.5,111.66,68.69,历史新高,4,17889.32,6G、AI眼镜、消费电子、芯片,7.53,0.85,9.94,7.77,17.05,11,2026-05-22,0.0,4.55,,unknown,2026-05-19,6G,3,2,0,0
E005-2026-05-06,2026-05-06,2026-05-07,002281.SZ,光迅科技,通信,4.53,105.96,46.63,历史新高,6,26648.75,6G、光纤、共封装光学(CPO)、液冷服务器、芯片、通信设备,22.65,24.05,27.76,32.27,43.89,9,2026-05-20,-12.5,8.93,,unknown,2026-05-19,6G,1,2,0,1
E005-2026-05-06,2026-05-06,2026-05-07,603773.SH,沃格光电,电子,-3.68,23.7,-1,,9,29332.88,6G、PET铜箔、先进封装、光刻机、光学光电子、共封装光学(CPO)、存储芯片、芯片、钙钛矿电池,19.18,21.46,-1.62,18.1,28.43,4,2026-05-13,-11.81,2.69,,unknown,2026-05-14,光刻机,-1,1,0,0
E005-2026-05-06,2026-05-06,2026-05-07,300456.SZ,赛微电子,电子,13.57,57.66,103.04,,6,27461.26,6G、先进封装、光刻机、共封装光学(CPO)、半导体、芯片,-6.97,-0.91,-4.22,-12.53,-0.91,5,2026-05-14,-10.28,1.52,,unknown,2026-05-14,光刻机,0,2,0,1
E005-2026-05-06,2026-05-06,2026-05-07,688220.SH,翱捷科技-U,电子,0.04,24.06,0.2,120日新高,6,26039.92,6G、AI眼镜、半导体、存储芯片、星闪、芯片,5.45,7.3,9.38,11.46,22.02,9,2026-05-20,-8.59,0.54,,unknown,2026-05-20,半导体,0,1,0,1
E005-2026-05-06,2026-05-06,2026-05-07,603186.SH,华正新材,电子,3.35,14.65,12.82,20日新高,6,28531.31,6G、PCB、储能、元件、先进封装、芯片,12.93,22.63,15.65,29.85,42.84,11,2026-05-22,0.0,5.95,,unknown,2026-05-22,元件,0,1,0,1
E005-2026-05-06,2026-05-06,2026-05-07,300964.SZ,本川智能,电子,3.98,3.03,6.93,,4,10427.02,6G、PCB、元件、共封装光学(CPO),7.05,13.55,16.97,18.89,29.62,11,2026-05-22,0.0,0.82,,unknown,2026-05-22,元件,0,1,0,1
E005-2026-05-06,2026-05-06,2026-05-07,002913.SZ,奥士康,电子,2.11,4.32,4.39,3年新高,5,8270.0,6G、AI PC、PCB、元件、英伟达,3.33,-3.19,-8.41,-5.99,5.55,2,2026-05-11,-5.23,4.74,,unknown,2026-05-11,6G,0,1,0,1
E005-2026-05-06,2026-05-06,2026-05-07,688418.SH,震有科技,通信,3.49,5.41,8.12,,4,13025.19,6G、储能、光纤、通信设备,3.64,3.46,-0.77,-3.96,6.67,1,2026-05-08,-8.48,4.4,,unknown,2026-05-11,光纤,-1,1,0,0
E005-2026-05-06,2026-05-06,2026-05-07,000062.SZ,深圳华强,电子,-0.11,48.83,-0.77,1年新高,4,23466.53,6G、共封装光学(CPO)、存储芯片、芯片,-0.19,-10.14,-14.5,-11.29,4.35,2,2026-05-11,-11.91,1.57,,unknown,2026-05-11,芯片,0,1,0,1
E005-2026-05-06,2026-05-06,2026-05-07,688790.SH,昂瑞微-UW,电子,1.85,1.62,2.35,20日新高,4,21344.27,6G、AI眼镜、半导体、芯片,4.55,10.65,7.36,1.59,10.65,5,2026-05-14,-8.05,1.05,,unknown,2026-05-15,半导体,-1,1,0,0
E005-2026-05-06,2026-05-06,2026-05-07,603936.SH,博敏电子,电子,10.0,2.07,14.39,3年新高,8,21979.54,6G、AI PC、PCB、元件、先进封装、共封装光学(CPO)、存储芯片、液冷服务器,12.4,18.79,16.06,14.17,25.57,11,2026-05-22,0.0,5.51,,unknown,2026-05-22,元件,0,1,0,1
E005-2026-05-06,2026-05-06,2026-05-07,002792.SZ,通宇通讯,通信,10.01,20.47,45.29,,6,17759.35,6G、储能、共封装光学(CPO)、虚拟电厂、通信设备、铜缆高速连接,1.19,-4.61,-2.29,-9.45,3.03,2,2026-05-11,-11.08,7.12,,unknown,2026-05-11,6G,0,2,0,1
E005-2026-05-06,2026-05-06,2026-05-07,000063.SZ,中兴通讯,通信,4.22,83.21,38.49,20日新高,9,33147.73,6G、AI手机、AI眼镜、储能、光纤、星闪、液冷服务器、芯片、通信设备,-2.08,-3.44,-3.57,-10.46,0.54,2,2026-05-11,-8.92,1.7,,unknown,2026-05-11,光纤,0,2,0,1
E005-2026-05-06,2026-05-06,2026-05-07,600522.SH,中天科技,通信,5.34,81.28,48.14,,16,51761.89,6G、PCB、PET铜箔、储能、光伏、光纤、共封装光学(CPO)、可控核聚变、氢能源、液冷服务器、特高压、芯片、通信设备、钙钛矿电池、铜缆高速连接、风电,14.85,14.9,14.51,9.17,18.32,9,2026-05-20,-4.14,10.0,,unknown,2026-05-19,6G,1,2,0,1
E005-2026-05-06,2026-05-06,2026-05-07,301183.SZ,东田微,电子,6.5,15.91,25.93,,4,7912.23,6G、光学光电子、共封装光学(CPO)、华为手机,26.78,32.85,25.44,21.04,32.85,5,2026-05-14,-8.67,3.93,,unknown,2026-05-19,6G,-3,2,0,0
E005-2026-05-06,2026-05-06,2026-05-07,600877.SH,电科芯片,电子,5.78,5.72,13.82,,7,32538.77,6G、MCU芯片、储能、光伏、半导体、星闪、芯片,-1.37,-5.25,-6.16,-10.72,1.48,2,2026-05-11,-8.95,0.8,,unknown,2026-05-11,半导体,0,1,0,1
E005-2026-05-06,2026-05-06,2026-05-07,002436.SZ,兴森科技,电子,6.35,63.21,50.49,历史新高,7,30459.75,6G、PCB、元件、先进封装、共封装光学(CPO)、存储芯片、芯片,3.18,0.89,3.67,2.68,9.25,11,2026-05-22,0.0,10.01,,unknown,2026-05-22,元件,0,2,0,1
E005-2026-05-06,2026-05-06,2026-05-07,301041.SZ,金百泽,电子,0.24,1.26,0.27,,5,7984.1,6G、PCB、元件、特高压、虚拟电厂,1.98,10.93,8.01,5.12,14.5,4,2026-05-13,-3.54,3.39,,unknown,2026-05-13,虚拟电厂,0,1,0,1
E005-2026-05-06,2026-05-06,2026-05-07,600487.SH,亨通光电,通信,9.28,135.41,107.99,,8,31086.09,6G、光纤、共封装光学(CPO)、液冷服务器、特高压、芯片、通信设备、风电,-1.13,-2.58,-5.48,-7.98,1.72,1,2026-05-08,-5.56,5.79,,unknown,2026-05-11,光纤,-1,2,0,0
E005-2026-05-06,2026-05-06,2026-05-07,603803.SH,瑞斯康达,通信,3.43,7.31,9.27,,4,21371.37,6G、共封装光学(CPO)、芯片、通信设备,4.3,3.01,-1.66,-9.59,5.84,4,2026-05-13,-13.21,10.01,,unknown,2026-05-11,芯片,2,1,0,0
E005-2026-05-06,2026-05-06,2026-05-07,603228.SH,景旺电子,电子,0.0,31.09,0.0,,7,13689.12,6G、AI PC、PCB、元件、共封装光学(CPO)、华为手机、英伟达,2.61,-0.31,-0.93,1.04,11.14,11,2026-05-22,0.0,5.79,,unknown,2026-05-22,元件,0,1,0,1
E005-2026-05-06,2026-05-06,2026-05-07,300134.SZ,大富科技,通信,1.73,1.48,2.1,,5,20027.78,6G、华为手机、氢能源、芯片、通信设备,-0.09,-1.28,-1.7,-6.81,0.94,4,2026-05-13,-5.79,4.92,,unknown,2026-05-11,6G,2,1,0,0
E005-2026-05-06,2026-05-06,2026-05-07,300184.SZ,力源信息,电子,4.12,22.95,19.74,1年新高,9,38141.05,6G、MCU芯片、PCB、储能、光伏、存储芯片、星闪、液冷服务器、芯片,-3.56,-3.96,-3.1,-6.73,1.25,9,2026-05-20,-4.42,9.06,,unknown,2026-05-20,存储芯片,0,2,0,1
E005-2026-05-06,2026-05-06,2026-05-07,600941.SH,中国移动,通信,0.17,9.96,0.54,,1,1868.81,6G,1.41,2.61,4.51,0.76,5.19,8,2026-05-19,-5.23,-0.8,,unknown,2026-05-19,6G,0,0,0,1
E005-2026-05-06,2026-05-06,2026-05-07,301165.SZ,锐捷网络,通信,9.36,17.7,39.38,120日新高,4,11925.73,6G、共封装光学(CPO)、液冷服务器、通信设备,3.73,-1.39,-3.84,-6.45,5.04,4,2026-05-13,-5.56,-2.58,,unknown,2026-05-11,液冷服务器,2,2,0,0
E005-2026-05-06,2026-05-06,2026-05-07,002194.SZ,武汉凡谷,通信,2.99,3.06,5.23,,4,21371.37,6G、共封装光学(CPO)、芯片、通信设备,0.72,1.6,2.24,-3.04,5.2,8,2026-05-19,-5.92,10.04,,unknown,2026-05-19,6G,0,1,0,1
E005-2026-05-06,2026-05-06,2026-05-07,601728.SH,中国电信,通信,-1.33,8.49,-1,,1,1868.81,6G,2.17,4.51,13.86,6.01,18.86,8,2026-05-19,-16.19,0.67,,unknown,2026-05-19,6G,0,0,0,1
E005-2026-05-06,2026-05-06,2026-05-07,300782.SZ,卓胜微,电子,3.59,30.78,19.92,,4,22112.66,6G、先进封装、半导体、芯片,3.13,32.21,22.75,13.58,32.21,5,2026-05-14,-14.42,3.26,,unknown,2026-05-15,半导体,-1,2,0,0
E005-2026-05-06,2026-05-06,2026-05-07,003031.SZ,中瓷电子,通信,3.87,18.05,16.44,,5,21908.0,6G、光刻机、共封装光学(CPO)、芯片、通信设备,14.27,25.16,29.11,15.64,29.93,8,2026-05-19,-10.35,3.43,,unknown,2026-05-19,6G,0,1,0,1
E005-2026-05-06,2026-05-06,2026-05-07,002579.SZ,中京电子,电子,7.09,7.84,19.85,,11,42184.06,6G、AI PC、AI手机、AI眼镜、PCB、储能、元件、先进封装、共封装光学(CPO)、存储芯片、芯片,1.28,0.6,0.23,-3.62,4.53,4,2026-05-13,-2.94,4.41,,unknown,2026-05-15,存储芯片,-2,2,0,0
E005-2026-05-06,2026-05-06,2026-05-07,300322.SZ,硕贝德,电子,2.12,8.99,6.36,,7,31359.94,6G、AI眼镜、储能、先进封装、消费电子、液冷服务器、芯片,0.25,1.24,4.44,-9.81,5.83,4,2026-05-13,-10.52,4.44,,unknown,2026-05-13,消费电子,0,1,0,1
E005-2026-05-06,2026-05-06,2026-05-07,603118.SH,共进股份,通信,2.73,10.37,8.79,,6,27235.22,6G、PCB、先进封装、共封装光学(CPO)、芯片、通信设备,3.59,15.46,1.96,-8.55,15.46,5,2026-05-14,-22.7,1.93,,unknown,2026-05-19,6G,-3,1,0,0
E005-2026-05-06,2026-05-06,2026-05-07,002544.SZ,普天科技,通信,2.39,3.73,4.62,,3,11512.79,6G、PCB、储能,3.19,-2.21,-2.77,-11.89,3.82,2,2026-05-11,-13.91,2.07,,unknown,2026-05-11,储能,0,1,0,1
E005-2026-05-06,2026-05-06,2026-05-07,600050.SH,中国联通,通信,-1.55,11.92,-1,,1,1868.81,6G,3.34,5.12,9.58,1.34,10.24,8,2026-05-19,-10.91,0.9,,unknown,2026-05-19,6G,0,0,0,1
E005-2026-05-06,2026-05-06,2026-05-07,002138.SZ,顺络电子,电子,1.94,12.94,6.98,,8,37339.31,6G、AI眼镜、PCB、储能、元件、光伏、共封装光学(CPO)、芯片,1.53,0.35,0.14,8.9,18.18,11,2026-05-22,0.0,5.87,,unknown,2026-05-22,元件,0,1,0,1
E005-2026-05-06,2026-05-06,2026-05-07,603738.SH,泰晶科技,电子,1.38,20.05,6.18,,7,24797.03,6G、AI眼镜、MCU芯片、元件、光刻机、共封装光学(CPO)、芯片,27.0,23.96,26.35,10.27,30.04,6,2026-05-15,-12.49,10.01,,unknown,2026-05-14,光刻机,1,1,0,1
E005-2026-05-06,2026-05-06,2026-05-07,002583.SZ,海能达,通信,1.01,2.7,1.66,,4,17111.47,6G、星闪、芯片、通信设备,-0.3,-2.89,-6.37,-11.45,1.39,1,2026-05-08,-12.25,0.0,,unknown,2026-05-11,星闪,-1,1,0,0
E005-2026-05-06,2026-05-06,2026-05-07,301191.SZ,菲菱科思,通信,7.6,9.99,24.02,,3,16559.4,6G、芯片、通信设备,0.52,1.42,0.54,-3.05,8.48,9,2026-05-20,-1.95,0.93,,unknown,2026-05-19,6G,1,2,0,1
E005-2026-05-06,2026-05-06,2026-05-07,300739.SZ,明阳电路,电子,3.21,5.31,7.4,,7,33343.28,6G、PCB、储能、元件、先进封装、共封装光学(CPO)、芯片,3.31,-0.07,0.2,4.94,13.47,11,2026-05-22,0.0,4.75,,unknown,2026-05-22,元件,0,1,0,1
E005-2026-05-06,2026-05-06,2026-05-07,603236.SH,DR移远通,通信,1.24,5.23,2.84,,8,29636.18,6G、AI眼镜、MCU芯片、储能、星闪、芯片、英伟达、通信设备,-0.69,-1.2,0.42,0.16,2.08,8,2026-05-19,-1.32,1.63,,unknown,2026-05-19,6G,0,1,0,1
E005-2026-05-06,2026-05-06,2026-05-07,002815.SZ,崇达技术,电子,3.88,6.89,10.18,,8,27888.75,6G、AI PC、PCB、元件、先进封装、共封装光学(CPO)、华为手机、芯片,4.73,4.54,2.14,-2.72,9.27,4,2026-05-13,-3.5,6.86,,unknown,2026-05-11,先进封装,2,1,0,0
E005-2026-05-06,2026-05-06,2026-05-07,688182.SH,灿勤科技,通信,1.25,2.96,2.15,,3,16559.4,6G、芯片、通信设备,14.56,19.13,19.22,23.53,46.7,9,2026-05-20,-18.6,-0.33,,unknown,2026-05-19,6G,1,1,0,1
E005-2026-05-06,2026-05-06,2026-05-07,002796.SZ,世嘉科技,通信,-1.8,9.26,-1,,4,15756.31,6G、储能、共封装光学(CPO)、通信设备,2.17,-12.76,-21.33,-9.61,2.17,3,2026-05-12,-16.52,7.56,,unknown,2026-05-11,储能,1,1,0,1
E005-2026-05-06,2026-05-06,2026-05-07,603220.SH,中贝通信,通信,4.88,15.85,19.43,,5,20553.16,6G、储能、光伏、光纤、共封装光学(CPO),-4.25,-2.43,2.46,-4.29,6.69,8,2026-05-19,-8.73,5.47,,unknown,2026-05-19,6G,0,2,0,1
E005-2026-05-06,2026-05-06,2026-05-07,600498.SH,烽火通信,通信,4.09,55.62,30.5,,8,29240.58,6G、MCU芯片、光纤、共封装光学(CPO)、液冷服务器、特高压、芯片、通信设备,13.87,14.18,8.39,4.28,17.37,4,2026-05-13,-10.94,6.65,,unknown,2026-05-11,光纤,2,2,0,0
E005-2026-05-06,2026-05-06,2026-05-07,000070.SZ,特发信息,通信,1.11,15.52,4.37,,6,16836.81,6G、光伏、光纤、共封装光学(CPO)、特高压、通信设备,7.16,1.69,-3.08,-10.54,7.16,3,2026-05-12,-15.27,10.01,,unknown,2026-05-11,光纤,1,1,0,1
E005-2026-05-06,2026-05-06,2026-05-07,002897.SZ,意华股份,通信,3.67,9.11,11.08,,6,17586.48,6G、光伏、共封装光学(CPO)、液冷服务器、通信设备、铜缆高速连接,13.2,9.46,6.0,2.5,17.18,4,2026-05-13,-4.42,7.42,,unknown,2026-05-11,6G,2,1,0,0
E005-2026-05-06,2026-05-06,2026-05-07,300711.SZ,广哈通信,通信,-0.05,1.38,-0.06,,3,10944.34,6G、储能、通信设备,1.33,-0.67,-1.76,-5.47,3.28,2,2026-05-11,-7.75,0.86,,unknown,2026-05-11,储能,0,1,0,1
E005-2026-05-06,2026-05-06,2026-05-07,688270.SH,ST臻镭,电子,2.32,15.54,9.15,,4,23677.65,6G、共封装光学(CPO)、半导体、芯片,13.5,5.76,3.27,-2.05,14.99,4,2026-05-13,-18.89,0.78,,unknown,2026-05-15,半导体,-2,1,0,0
E005-2026-05-06,2026-05-06,2026-05-07,688110.SH,东芯股份,电子,6.42,61.57,50.38,20日新高,4,22105.88,AI PC、半导体、存储芯片、芯片,-0.24,2.68,1.51,-10.76,6.35,2,2026-05-11,-17.03,1.59,,unknown,2026-05-11,AI PC,0,2,0,1
E005-2026-05-06,2026-05-06,2026-05-07,301308.SZ,江波龙,电子,20.0,123.64,222.39,历史新高,7,29084.63,AI PC、AI手机、AI眼镜、先进封装、半导体、存储芯片、芯片,16.2,23.93,22.53,11.52,26.6,4,2026-05-13,-12.91,0.41,,unknown,2026-05-15,半导体,-2,2,0,0
E005-2026-05-06,2026-05-06,2026-05-07,001309.SZ,德明利,电子,10.0,45.19,67.22,历史新高,5,26917.85,AI PC、共封装光学(CPO)、半导体、存储芯片、芯片,0.24,17.05,19.23,6.42,19.23,7,2026-05-18,-9.9,6.79,,unknown,2026-05-15,存储芯片,1,2,0,1
E005-2026-05-06,2026-05-06,2026-05-07,002156.SZ,通富微电,电子,10.01,25.62,50.67,60日新高,6,30164.83,AI PC、先进封装、共封装光学(CPO)、半导体、存储芯片、芯片,0.68,-2.84,-1.71,4.54,7.38,11,2026-05-22,0.0,3.74,,unknown,2026-05-20,存储芯片,2,2,0,0
E005-2026-05-06,2026-05-06,2026-05-07,688525.SH,佰维存储,电子,17.37,181.43,233.97,历史新高,7,29084.63,AI PC、AI手机、AI眼镜、先进封装、半导体、存储芯片、芯片,3.04,7.84,10.42,0.38,10.42,7,2026-05-18,-6.29,-3.62,,unknown,2026-05-15,半导体,1,2,0,1
E005-2026-05-06,2026-05-06,2026-05-07,603626.SH,科森科技,电子,1.11,12.03,3.85,,3,8892.29,AI PC、储能、消费电子,-1.95,-6.19,-1.55,0.92,3.43,11,2026-05-22,0.0,6.64,,unknown,2026-05-13,消费电子,7,1,0,0
E005-2026-05-06,2026-05-06,2026-05-07,603031.SH,安孚科技,电力设备,2.14,7.75,5.96,20日新高,5,27173.79,AI PC、储能、共封装光学(CPO)、电池、芯片,4.14,10.44,17.71,9.74,22.2,8,2026-05-19,-2.29,10.0,,unknown,2026-05-20,电池,-1,1,0,0
E005-2026-05-06,2026-05-06,2026-05-07,002993.SZ,奥海科技,电子,7.26,5.19,16.54,,5,16135.3,AI PC、AI眼镜、储能、光伏、消费电子,1.66,11.96,12.87,18.29,30.12,11,2026-05-22,0.0,2.93,,unknown,2026-05-13,消费电子,7,2,0,0
E005-2026-05-06,2026-05-06,2026-05-07,001314.SZ,亿道信息,电子,2.8,2.99,4.84,120日新高,6,10882.12,AI PC、AI眼镜、MR(混合现实)、PCB、先进封装、消费电子,1.39,-0.59,-2.84,-5.67,5.33,2,2026-05-11,-7.0,6.54,,unknown,2026-05-11,消费电子,0,1,0,1
E005-2026-05-06,2026-05-06,2026-05-07,301489.SZ,思泉新材,电子,-0.24,9.05,-0.72,120日新高,5,14920.84,AI PC、AI手机、AI眼镜、储能、液冷服务器,-4.77,-0.67,8.11,10.89,15.99,8,2026-05-19,-4.35,5.42,,unknown,2026-05-11,AI眼镜,6,1,0,0
E005-2026-05-06,2026-05-06,2026-05-07,300956.SZ,英力股份,电子,-0.7,0.75,-0.61,20日新高,5,14369.24,AI PC、TOPCON电池、储能、光伏、消费电子,-1.2,-1.26,-1.9,-8.34,2.72,1,2026-05-08,-8.28,1.15,,unknown,2026-05-11,消费电子,-1,1,0,0
E005-2026-05-06,2026-05-06,2026-05-07,300602.SZ,飞荣达,电子,1.93,9.87,6.06,,9,25425.45,AI PC、AI眼镜、MR(混合现实)、储能、光伏、共封装光学(CPO)、华为手机、消费电子、液冷服务器,-3.52,-1.79,1.97,1.08,10.3,9,2026-05-20,-5.6,4.45,,unknown,2026-05-20,华为手机,0,1,0,1
E005-2026-05-06,2026-05-06,2026-05-07,300752.SZ,隆利科技,电子,2.48,1.46,3.0,,4,4742.82,AI PC、AI眼镜、MR(混合现实)、光学光电子,0.55,-0.1,-0.6,-5.29,3.0,2,2026-05-11,-4.5,0.81,,unknown,2026-05-11,光学光电子,0,1,0,1
E005-2026-05-06,2026-05-06,2026-05-07,300331.SZ,苏大维格,电子,2.32,7.74,6.45,,5,19532.95,AI PC、光伏、光刻机、光学光电子、芯片,1.76,-5.02,-1.79,-2.62,6.85,9,2026-05-20,-9.39,2.88,,unknown,2026-05-20,光刻机,0,1,0,1
E005-2026-05-06,2026-05-06,2026-05-07,001389.SZ,广合科技,电子,10.0,19.63,44.31,,4,9523.64,AI PC、PCB、元件、共封装光学(CPO),5.75,3.15,-0.84,-0.79,8.15,11,2026-05-22,0.0,0.41,,unknown,2026-05-22,元件,0,2,0,1
E005-2026-05-06,2026-05-06,2026-05-07,002938.SZ,鹏鼎控股,电子,4.27,39.15,26.72,,6,13255.41,AI PC、AI手机、AI眼镜、PCB、元件、共封装光学(CPO),4.58,11.0,17.67,24.59,37.06,11,2026-05-22,0.0,0.93,,unknown,2026-05-22,元件,0,2,0,1
E005-2026-05-06,2026-05-06,2026-05-07,300115.SZ,长盈精密,电子,2.11,16.59,8.59,,10,32894.82,AI PC、AI手机、AI眼镜、MR(混合现实)、储能、氢能源、消费电子、液冷服务器、芯片、铜缆高速连接,2.78,4.79,11.03,7.85,11.03,7,2026-05-18,-2.58,2.8,,unknown,2026-05-13,消费电子,3,1,0,0
E005-2026-05-06,2026-05-06,2026-05-07,001283.SZ,豪鹏科技,电力设备,1.36,4.85,3.0,,5,12893.01,AI PC、AI眼镜、储能、电池、锂电池,0.32,-5.1,-3.52,2.4,9.72,11,2026-05-22,0.0,-1.28,,unknown,2026-05-20,电池,2,1,0,0
E005-2026-05-06,2026-05-06,2026-05-07,300476.SZ,胜宏科技,电子,-0.78,172.51,-1,,9,36900.04,AI PC、AI手机、PCB、储能、元件、光伏、共封装光学(CPO)、芯片、英伟达,11.05,4.96,2.41,-1.97,14.6,4,2026-05-13,-3.52,3.72,,unknown,2026-05-13,英伟达,0,1,0,1
E005-2026-05-06,2026-05-06,2026-05-07,300657.SZ,弘信电子,电子,2.91,16.83,11.94,,10,25775.72,AI PC、AI手机、AI眼镜、PCB、储能、元件、共封装光学(CPO)、华为手机、液冷服务器、英伟达,-6.93,-6.83,7.08,20.85,28.5,8,2026-05-19,-4.52,10.14,,unknown,2026-05-19,元件,0,1,0,1
E005-2026-05-06,2026-05-06,2026-05-07,603296.SH,华勤技术,电子,5.97,27.17,31.12,历史新高,8,23031.21,AI PC、AI眼镜、华为手机、星闪、消费电子、液冷服务器、芯片、英伟达,-2.27,2.25,0.12,-6.36,5.72,1,2026-05-08,-8.61,2.17,,unknown,2026-05-11,消费电子,-1,2,0,0
E005-2026-05-06,2026-05-06,2026-05-07,000725.SZ,京东方Ａ,电子,2.45,34.37,14.36,,10,35841.63,AI PC、AI眼镜、储能、先进封装、光伏、光学光电子、光纤、芯片、虚拟电厂、钙钛矿电池,-0.95,0.24,0.0,11.4,22.57,11,2026-05-22,0.0,0.72,,unknown,2026-05-19,钙钛矿电池,3,1,0,0
E005-2026-05-06,2026-05-06,2026-05-07,603341.SH,龙旗科技,电子,-0.03,4.12,-0.06,,5,7512.71,AI PC、AI眼镜、PCB、星闪、消费电子,5.25,5.31,3.84,-1.76,7.31,2,2026-05-11,-6.88,1.88,,unknown,2026-05-11,消费电子,0,1,0,1
E005-2026-05-06,2026-05-06,2026-05-07,603890.SH,春秋电子,电子,0.42,4.74,0.91,,3,4343.77,AI PC、AI眼镜、消费电子,0.45,4.07,0.25,4.98,15.49,11,2026-05-22,0.0,4.96,,unknown,2026-05-13,消费电子,7,1,0,0
E005-2026-05-06,2026-05-06,2026-05-07,002426.SZ,胜利精密,电子,2.69,5.79,6.47,,4,4897.14,AI PC、AI眼镜、PET铜箔、消费电子,-2.75,-8.25,-6.75,-11.5,0.75,1,2026-05-08,-9.25,4.71,,unknown,2026-05-11,消费电子,-1,1,0,0
E005-2026-05-06,2026-05-06,2026-05-07,002600.SZ,领益智造,电子,0.43,15.51,1.69,,10,27761.0,AI PC、AI手机、AI眼镜、MR(混合现实)、储能、光伏、共封装光学(CPO)、消费电子、液冷服务器、英伟达,2.96,12.87,17.48,6.81,17.48,7,2026-05-18,-5.23,2.9,,unknown,2026-05-13,消费电子,3,1,0,0
E005-2026-05-06,2026-05-06,2026-05-07,002947.SZ,恒铭达,电子,1.29,13.43,4.73,历史新高,3,8892.29,AI PC、储能、消费电子,-3.36,-3.73,1.45,4.4,10.13,9,2026-05-20,-5.69,3.98,,unknown,2026-05-13,消费电子,5,1,0,0
E005-2026-05-06,2026-05-06,2026-05-07,688595.SH,芯海科技,电子,2.48,2.09,3.59,,6,22322.45,AI PC、AI眼镜、MCU芯片、半导体、星闪、芯片,6.8,4.6,2.98,-1.9,6.8,3,2026-05-12,-5.55,2.19,,unknown,2026-05-11,半导体,1,1,0,1
E005-2026-05-06,2026-05-06,2026-05-07,300684.SZ,中石科技,电子,5.46,9.04,16.42,,6,21439.96,AI PC、MR(混合现实)、储能、光伏、共封装光学(CPO)、液冷服务器,5.15,2.23,-1.36,0.96,8.67,2,2026-05-11,-1.96,4.99,,unknown,2026-05-11,液冷服务器,0,1,0,1
E005-2026-05-06,2026-05-06,2026-05-07,002866.SZ,传艺科技,电子,-1.93,7.68,-1,,4,11509.16,AI PC、PCB、储能、消费电子,-6.67,-13.09,-15.64,-20.21,10.01,1,2026-05-08,-27.52,5.17,,unknown,2026-05-11,消费电子,-1,1,0,0
E005-2026-05-06,2026-05-06,2026-05-07,600745.SH,*ST闻泰,电子,-5.01,0.15,-1,,7,27348.51,AI PC、AI手机、先进封装、半导体、液冷服务器、芯片、英伟达,-14.23,-22.59,-30.11,-33.78,-5.01,1,2026-05-08,-31.14,-5.02,,unknown,2026-05-11,先进封装,-1,1,0,0
E005-2026-05-06,2026-05-06,2026-05-07,688521.SH,芯原股份,电子,-0.81,136.97,-1,历史新高,6,25305.11,AI手机、AI眼镜、MCU芯片、先进封装、半导体、芯片,-1.09,-3.31,-5.64,-0.53,9.06,8,2026-05-19,-8.79,-1.29,,unknown,2026-05-20,半导体,-1,1,0,0
E005-2026-05-06,2026-05-06,2026-05-07,688173.SH,希荻微,电子,2.74,4.13,5.57,20日新高,4,20728.64,AI手机、AI眼镜、半导体、芯片,1.43,1.16,2.26,-0.55,7.45,9,2026-05-20,-4.3,5.04,,unknown,2026-05-20,半导体,0,1,0,1
E005-2026-05-06,2026-05-06,2026-05-07,688381.SH,帝奥微,电子,4.82,10.72,15.78,,5,25540.61,AI手机、AI眼镜、共封装光学(CPO)、半导体、芯片,-0.12,8.41,9.73,25.58,28.36,11,2026-05-22,0.0,2.18,,unknown,2026-05-20,半导体,2,1,0,0
E005-2026-05-06,2026-05-06,2026-05-07,688230.SH,芯导科技,电子,2.07,2.05,2.96,20日新高,4,20728.64,AI手机、AI眼镜、半导体、芯片,0.7,-0.21,0.48,-3.02,3.93,9,2026-05-20,-2.35,0.55,,unknown,2026-05-20,半导体,0,1,0,1
E005-2026-05-06,2026-05-06,2026-05-07,603327.SH,福蓉科技,电子,1.3,4.48,2.75,,5,12333.13,AI手机、AI眼镜、MR(混合现实)、储能、消费电子,-1.9,-3.62,-2.81,-5.8,1.09,1,2026-05-08,-2.81,0.91,,unknown,2026-05-08,MR(混合现实),0,1,0,1
E005-2026-05-06,2026-05-06,2026-05-07,688036.SH,传音控股,电子,0.62,9.16,1.88,,4,11658.63,AI手机、AI眼镜、储能、消费电子,1.27,3.39,8.48,9.33,14.68,8,2026-05-19,-4.62,-0.93,,unknown,2026-05-13,消费电子,4,1,0,0
E005-2026-05-06,2026-05-06,2026-05-07,688601.SH,力芯微,电子,1.8,5.17,4.09,,4,20728.64,AI手机、AI眼镜、半导体、芯片,18.42,18.7,22.53,18.87,28.74,6,2026-05-15,-5.86,-1.1,,unknown,2026-05-15,半导体,0,1,0,1
E005-2026-05-06,2026-05-06,2026-05-07,002654.SZ,万润科技,电子,3.79,11.12,12.64,,5,21838.23,AI手机、光学光电子、存储芯片、芯片、风电,2.39,9.81,20.89,20.03,27.85,9,2026-05-20,-10.15,0.07,,unknown,2026-05-20,存储芯片,0,1,0,1
E005-2026-05-06,2026-05-06,2026-05-07,002273.SZ,水晶光电,电子,0.58,21.01,2.66,,6,16802.3,AI手机、AI眼镜、储能、光学光电子、共封装光学(CPO)、华为手机,8.36,10.7,6.39,4.59,15.06,11,2026-05-22,0.0,5.63,,unknown,2026-05-20,华为手机,2,1,0,0
E005-2026-05-06,2026-05-06,2026-05-07,688484.SH,南芯科技,电子,2.21,5.14,5.01,20日新高,7,32281.77,AI手机、AI眼镜、MCU芯片、储能、半导体、液冷服务器、芯片,3.51,7.57,1.75,1.14,9.39,9,2026-05-20,-6.08,11.77,,unknown,2026-05-20,半导体,0,1,0,1
E005-2026-05-06,2026-05-06,2026-05-07,300433.SZ,蓝思科技,电子,3.62,23.98,17.73,,6,13305.0,AI手机、AI眼镜、TOPCON电池、光伏、消费电子、液冷服务器,10.35,16.98,40.12,32.19,40.12,7,2026-05-18,-1.09,3.76,,unknown,2026-05-13,消费电子,3,2,0,0
E005-2026-05-06,2026-05-06,2026-05-07,002384.SZ,东山精密,电子,2.76,197.49,38.79,历史新高,7,25671.16,AI手机、PCB、元件、光纤、共封装光学(CPO)、芯片、高压快充,3.97,1.81,0.09,-1.94,5.65,9,2026-05-20,-1.16,10.0,,unknown,2026-05-19,高压快充,1,2,0,1
E005-2026-05-06,2026-05-06,2026-05-07,688458.SH,美芯晟,电子,0.84,1.41,1.0,20日新高,5,22058.13,AI手机、AI眼镜、MCU芯片、半导体、芯片,3.83,20.68,11.26,10.76,24.65,11,2026-05-22,0.0,2.5,,unknown,2026-05-20,半导体,2,1,0,0
E005-2026-05-06,2026-05-06,2026-05-07,603160.SH,汇顶科技,电子,1.45,4.87,3.2,,6,22610.2,AI手机、AI眼镜、MCU芯片、半导体、星闪、芯片,0.55,0.41,-1.74,-3.86,2.76,4,2026-05-13,-4.89,0.27,,unknown,2026-05-15,半导体,-2,1,0,0
E005-2026-05-06,2026-05-06,2026-05-07,300968.SZ,格林精密,电子,1.19,0.54,0.87,,4,5306.02,AI手机、AI眼镜、MR(混合现实)、消费电子,7.88,4.52,4.27,-2.63,7.88,3,2026-05-12,-8.37,2.1,,unknown,2026-05-13,消费电子,-1,1,0,0
E005-2026-05-06,2026-05-06,2026-05-07,300088.SZ,长信科技,电子,5.95,13.16,21.58,,4,13669.01,AI手机、储能、光伏、光学光电子,0.28,0.41,-0.41,-2.07,3.87,4,2026-05-13,-4.56,4.32,,unknown,2026-05-11,光学光电子,2,2,0,0
E005-2026-05-06,2026-05-06,2026-05-07,300632.SZ,光莆股份,电子,0.41,21.04,1.88,历史新高,8,34001.36,AI眼镜、PCB、PET铜箔、储能、先进封装、光学光电子、共封装光学(CPO)、芯片,14.9,28.58,42.11,43.96,70.53,8,2026-05-19,-22.45,0.81,,unknown,2026-05-11,光学光电子,6,1,0,0
E005-2026-05-06,2026-05-06,2026-05-07,688371.SH,菲沃泰,电子,11.65,4.5,24.71,3年新高,3,10487.09,AI眼镜、共封装光学(CPO)、液冷服务器,12.9,22.58,15.81,25.81,35.16,11,2026-05-22,0.0,12.32,,unknown,2026-05-11,液冷服务器,9,2,0,0
E005-2026-05-06,2026-05-06,2026-05-07,300853.SZ,申昊科技,电力设备,10.31,4.25,21.25,1年新高,2,9505.7,AI眼镜、储能,2.33,0.32,-0.8,3.33,5.04,9,2026-05-20,-6.63,2.97,,unknown,2026-05-11,储能,7,2,0,0
E005-2026-05-06,2026-05-06,2026-05-07,300975.SZ,商络电子,电子,11.88,21.51,55.1,历史新高,5,23790.36,AI眼镜、MCU芯片、存储芯片、液冷服务器、芯片,-4.19,-3.22,1.02,-8.39,3.09,4,2026-05-13,-6.48,3.1,,unknown,2026-05-15,存储芯片,-2,2,0,0
E005-2026-05-06,2026-05-06,2026-05-07,688378.SH,奥来德,电子,4.13,5.15,9.37,3年新高,3,3951.06,AI眼镜、光刻胶、钙钛矿电池,3.18,5.38,7.5,3.37,9.96,11,2026-05-22,0.0,0.35,,unknown,2026-05-20,光刻胶,2,1,0,0
E005-2026-05-06,2026-05-06,2026-05-07,301099.SZ,雅创电子,电子,6.48,8.26,18.62,3年新高,6,32385.36,AI眼镜、MCU芯片、储能、光伏、存储芯片、芯片,-1.27,-1.4,-1.55,-4.5,3.26,2,2026-05-11,-3.49,3.44,,unknown,2026-05-11,存储芯片,0,2,0,1
E005-2026-05-06,2026-05-06,2026-05-07,300223.SZ,北京君正,电子,10.07,72.65,85.83,20日新高,5,24948.53,AI眼镜、MCU芯片、半导体、存储芯片、芯片,6.9,3.3,0.33,-4.83,8.23,4,2026-05-13,-7.46,0.48,,unknown,2026-05-15,存储芯片,-2,2,0,0
E005-2026-05-06,2026-05-06,2026-05-07,300323.SZ,华灿光电,电子,1.57,17.85,6.63,20日新高,4,20557.03,AI眼镜、光学光电子、共封装光学(CPO)、芯片,16.0,28.63,29.8,46.9,46.9,10,2026-05-21,-0.24,3.74,,unknown,2026-05-11,光学光电子,8,1,0,0
E005-2026-05-06,2026-05-06,2026-05-07,001298.SZ,好上好,电子,3.02,9.57,9.34,60日新高,5,21145.9,AI眼镜、MCU芯片、存储芯片、星闪、芯片,-4.7,-3.04,-2.12,-6.86,0.42,2,2026-05-11,-5.2,0.8,,unknown,2026-05-11,存储芯片,0,1,0,1
E005-2026-05-06,2026-05-06,2026-05-07,688781.SH,视涯科技-UW,电子,5.74,2.98,9.91,20日新高,3,15745.06,AI眼镜、光学光电子、芯片,8.03,5.44,17.66,13.22,17.66,7,2026-05-18,-6.03,3.11,,unknown,2026-05-11,光学光电子,5,1,0,0
E005-2026-05-06,2026-05-06,2026-05-07,301421.SZ,波长光电,电子,2.07,10.71,6.77,60日新高,5,18898.56,AI眼镜、PCB、光刻机、光学光电子、芯片,1.95,-4.18,-3.13,10.95,22.07,11,2026-05-22,0.0,2.03,,unknown,2026-05-20,光刻机,2,1,0,0
E005-2026-05-06,2026-05-06,2026-05-07,688593.SH,新相微,电子,4.25,6.0,10.41,20日新高,3,19475.46,AI眼镜、半导体、芯片,-2.7,-2.33,-2.55,0.2,6.66,9,2026-05-20,-1.55,16.31,,unknown,2026-05-20,半导体,0,1,0,1
E005-2026-05-06,2026-05-06,2026-05-07,301479.SZ,弘景光电,电子,4.06,4.29,8.41,历史新高,2,3102.89,AI眼镜、光学光电子,-1.79,-3.1,-7.74,-11.28,5.73,2,2026-05-11,-10.41,6.79,,unknown,2026-05-11,光学光电子,0,1,0,1
E005-2026-05-06,2026-05-06,2026-05-07,688620.SH,安凯微,电子,-0.52,3.22,-0.93,120日新高,3,19475.46,AI眼镜、半导体、芯片,-0.51,-0.44,0.59,-2.56,3.66,9,2026-05-20,-2.85,2.24,,unknown,2026-05-20,半导体,0,1,0,1
E005-2026-05-06,2026-05-06,2026-05-07,688045.SH,必易微,电子,0.63,3.5,1.18,2年新高,5,27832.06,AI眼镜、MCU芯片、储能、半导体、芯片,3.78,11.13,11.02,5.42,15.43,9,2026-05-20,-2.4,4.03,,unknown,2026-05-20,半导体,0,1,0,1
E005-2026-05-06,2026-05-06,2026-05-07,000636.SZ,风华高科,电子,-1.12,21.56,-1,,7,24544.74,AI眼镜、储能、元件、光伏、共封装光学(CPO)、液冷服务器、高压快充,17.1,12.17,17.02,35.98,49.58,11,2026-05-22,0.0,1.37,,unknown,2026-05-22,元件,0,1,0,1
E005-2026-05-06,2026-05-06,2026-05-07,300709.SZ,精研科技,电子,-0.14,2.56,-0.22,,3,6574.87,AI眼镜、消费电子、液冷服务器,4.52,6.67,13.02,10.31,15.61,8,2026-05-19,-2.18,4.0,,unknown,2026-05-13,消费电子,4,1,0,0
E005-2026-05-06,2026-05-06,2026-05-07,300504.SZ,天邑股份,通信,1.27,1.95,1.77,,4,7159.93,AI眼镜、光纤、星闪、通信设备,3.79,7.24,5.18,-3.18,8.02,4,2026-05-13,-4.9,2.69,,unknown,2026-05-11,星闪,2,1,0,0
E005-2026-05-06,2026-05-06,2026-05-07,688123.SH,聚辰股份,电子,6.08,24.26,29.95,20日新高,5,28431.01,AI眼镜、共封装光学(CPO)、半导体、存储芯片、芯片,17.73,27.37,18.38,14.17,27.37,5,2026-05-14,-11.22,2.9,,unknown,2026-05-15,存储芯片,-1,2,0,0
E005-2026-05-06,2026-05-06,2026-05-07,603068.SH,博通集成,电子,2.54,2.41,3.94,20日新高,5,21357.02,AI眼镜、MCU芯片、半导体、星闪、芯片,0.27,1.53,3.58,0.57,5.06,8,2026-05-19,-1.37,0.49,,unknown,2026-05-20,半导体,-1,1,0,0
E005-2026-05-06,2026-05-06,2026-05-07,300566.SZ,激智科技,电子,4.51,2.29,6.82,20日新高,4,8579.84,AI眼镜、TOPCON电池、光伏、光学光电子,2.11,2.06,-0.15,9.99,15.91,11,2026-05-22,0.0,0.05,,unknown,2026-05-11,光学光电子,9,1,0,0
E005-2026-05-06,2026-05-06,2026-05-07,300319.SZ,麦捷科技,电子,2.73,4.54,5.82,,7,33922.31,AI眼镜、储能、元件、共封装光学(CPO)、存储芯片、芯片、英伟达,3.05,1.15,2.52,1.91,7.86,11,2026-05-22,0.0,2.34,,unknown,2026-05-22,元件,0,1,0,1
E005-2026-05-06,2026-05-06,2026-05-07,002861.SZ,瀛通通讯,电子,0.67,0.85,0.62,20日新高,3,3930.41,AI眼镜、星闪、消费电子,3.06,7.77,9.48,8.72,12.19,9,2026-05-20,-1.53,3.22,,unknown,2026-05-13,消费电子,5,1,0,0
E005-2026-05-06,2026-05-06,2026-05-07,300857.SZ,协创数据,电子,8.36,97.34,82.48,历史新高,6,26665.58,AI眼镜、共封装光学(CPO)、存储芯片、消费电子、芯片、英伟达,-5.06,1.07,-4.52,-9.47,5.61,4,2026-05-13,-10.17,1.27,,unknown,2026-05-13,消费电子,0,2,0,1
E005-2026-05-06,2026-05-06,2026-05-07,300545.SZ,联得装备,电子,0.41,3.1,0.72,,8,25943.18,AI眼镜、MR(混合现实)、先进封装、光伏、光学光电子、华为手机、芯片、钙钛矿电池,0.38,-0.84,1.88,0.61,7.13,9,2026-05-20,-3.44,1.67,,unknown,2026-05-20,华为手机,0,1,0,1
E005-2026-05-06,2026-05-06,2026-05-07,300613.SZ,富瀚微,电子,0.88,19.08,3.84,,3,19475.46,AI眼镜、半导体、芯片,0.12,2.39,4.52,0.26,7.99,9,2026-05-20,-2.69,1.66,,unknown,2026-05-20,半导体,0,1,0,1
E005-2026-05-06,2026-05-06,2026-05-07,603501.SH,豪威集团,电子,2.65,46.72,18.11,,6,23101.62,AI眼镜、MCU芯片、半导体、华为手机、芯片、英伟达,3.04,0.24,-0.47,2.39,3.98,11,2026-05-22,0.0,-0.63,,unknown,2026-05-20,半导体,2,2,0,0
E005-2026-05-06,2026-05-06,2026-05-07,301536.SZ,星宸科技,电子,4.84,12.45,17.08,,4,20027.53,AI眼镜、半导体、星闪、芯片,1.56,2.16,2.59,-1.06,5.98,8,2026-05-19,-5.33,2.48,,unknown,2026-05-20,半导体,-1,2,0,0
E005-2026-05-06,2026-05-06,2026-05-07,603297.SH,永新光学,电子,5.89,4.2,12.07,20日新高,5,18898.56,AI眼镜、PCB、光刻机、光学光电子、芯片,9.99,12.62,12.15,15.7,20.51,9,2026-05-20,-3.1,3.38,,unknown,2026-05-20,光刻机,0,1,0,1
E005-2026-05-06,2026-05-06,2026-05-07,300493.SZ,润欣科技,电子,2.41,3.39,4.44,20日新高,4,22511.32,AI眼镜、先进封装、存储芯片、芯片,-0.83,-1.95,0.0,-2.25,2.37,8,2026-05-19,-1.72,1.81,,unknown,2026-05-20,存储芯片,-1,1,0,0
E005-2026-05-06,2026-05-06,2026-05-07,688728.SH,格科微,电子,1.6,4.89,3.54,20日新高,3,19475.46,AI眼镜、半导体、芯片,3.26,2.84,2.91,3.33,9.15,9,2026-05-20,-2.98,0.64,,unknown,2026-05-20,半导体,0,1,0,1
E005-2026-05-06,2026-05-06,2026-05-07,301121.SZ,紫建电子,电力设备,0.62,0.56,0.46,20日新高,4,11927.58,AI眼镜、储能、电池、锂电池,-2.14,-0.33,1.27,0.23,5.15,9,2026-05-20,-0.18,0.13,,unknown,2026-05-20,电池,0,1,0,1
E005-2026-05-06,2026-05-06,2026-05-07,301567.SZ,贝隆精密,电子,0.46,0.61,0.36,20日新高,2,3378.34,AI眼镜、消费电子,0.55,1.18,3.93,2.44,6.21,11,2026-05-22,0.0,2.85,,unknown,2026-05-13,消费电子,7,1,0,0
E005-2026-05-06,2026-05-06,2026-05-07,600330.SH,天通股份,电子,-3.16,74.23,-1,,6,32776.14,AI眼镜、PCB、储能、先进封装、光伏、芯片,16.73,17.23,7.51,-1.72,25.34,4,2026-05-13,-20.76,3.59,,unknown,2026-05-11,先进封装,2,1,0,0
E005-2026-05-06,2026-05-06,2026-05-07,301180.SZ,万祥科技,电子,2.65,0.93,2.56,,4,11542.2,AI眼镜、储能、消费电子、高压快充,-1.58,-3.21,-7.74,-15.9,0.53,1,2026-05-08,-13.9,4.28,,unknown,2026-05-11,消费电子,-1,1,0,0
E005-2026-05-06,2026-05-06,2026-05-07,688469.SH,芯联集成-U,电子,0.58,12.51,2.05,20日新高,7,33858.82,AI眼镜、MCU芯片、储能、光伏、半导体、特高压、芯片,5.31,15.93,10.19,6.46,15.93,5,2026-05-14,-6.6,0.58,,unknown,2026-05-15,半导体,-1,1,0,0
E005-2026-05-06,2026-05-06,2026-05-07,688234.SH,天岳先进,电子,8.57,18.83,37.19,60日新高,3,19475.46,AI眼镜、半导体、芯片,17.0,52.09,34.85,25.64,52.09,5,2026-05-14,-13.73,1.33,,unknown,2026-05-15,半导体,-1,2,0,0
E005-2026-05-06,2026-05-06,2026-05-07,688608.SH,恒玄科技,电子,2.25,14.62,8.6,20日新高,4,20027.53,AI眼镜、半导体、星闪、芯片,-0.64,4.73,8.31,2.46,12.85,8,2026-05-19,-9.57,3.26,,unknown,2026-05-20,半导体,-1,1,0,0
E005-2026-05-06,2026-05-06,2026-05-07,688049.SH,炬芯科技,电子,1.12,4.91,2.48,20日新高,5,21357.02,AI眼镜、MCU芯片、半导体、星闪、芯片,3.24,1.99,3.75,-0.47,6.12,8,2026-05-19,-4.21,1.56,,unknown,2026-05-20,半导体,-1,1,0,0
E005-2026-05-06,2026-05-06,2026-05-07,300458.SZ,全志科技,电子,0.59,25.95,3.01,20日新高,5,24948.53,AI眼镜、MCU芯片、半导体、存储芯片、芯片,0.11,-0.9,0.0,-2.48,3.84,9,2026-05-20,-4.0,1.97,,unknown,2026-05-20,存储芯片,0,1,0,1
E005-2026-05-06,2026-05-06,2026-05-07,002241.SZ,歌尔股份,电子,2.04,26.57,10.52,,5,17247.08,AI眼镜、MR(混合现实)、星闪、消费电子、芯片,-0.32,-0.04,1.85,-1.58,3.16,4,2026-05-13,-2.29,1.36,,unknown,2026-05-13,消费电子,0,1,0,1
E005-2026-05-06,2026-05-06,2026-05-07,300793.SZ,佳禾智能,电子,1.42,0.87,1.32,,5,23599.69,AI眼镜、储能、星闪、消费电子、芯片,-0.55,2.49,0.83,0.0,4.01,9,2026-05-20,-2.21,1.19,,unknown,2026-05-13,消费电子,5,1,0,0
E005-2026-05-06,2026-05-06,2026-05-07,300316.SZ,晶盛机电,电力设备,4.67,13.76,17.32,,7,28573.39,AI眼镜、TOPCON电池、先进封装、光伏、光伏设备、存储芯片、芯片,3.86,19.06,11.13,13.66,23.29,9,2026-05-20,-3.82,3.36,,unknown,2026-05-20,存储芯片,0,2,0,1
E005-2026-05-06,2026-05-06,2026-05-07,001308.SZ,康冠科技,电子,0.59,0.59,0.45,,2,3102.89,AI眼镜、光学光电子,0.73,0.48,-0.19,2.42,3.05,11,2026-05-22,0.0,0.93,,unknown,2026-05-11,光学光电子,9,0,0,0
E005-2026-05-06,2026-05-06,2026-05-07,002045.SZ,国光电器,电子,-0.71,1.88,-0.97,,4,13022.32,AI眼镜、PCB、储能、消费电子,-1.04,-0.69,-2.17,-6.51,0.87,1,2026-05-08,-5.73,2.86,,unknown,2026-05-11,消费电子,-1,1,0,0
E005-2026-05-06,2026-05-06,2026-05-07,301383.SZ,天键股份,电子,-0.59,0.38,-0.36,,3,4052.84,AI眼镜、MR(混合现实)、消费电子,-1.96,9.56,15.68,7.57,18.6,8,2026-05-19,-11.69,1.64,,unknown,2026-05-13,消费电子,4,1,0,0
E005-2026-05-06,2026-05-06,2026-05-07,300868.SZ,杰美特,电子,0.29,3.08,0.51,,2,3378.34,AI眼镜、消费电子,10.12,6.73,3.99,2.57,12.45,11,2026-05-22,0.0,20.0,,unknown,2026-05-13,消费电子,7,0,0,0
E005-2026-05-06,2026-05-06,2026-05-07,002475.SZ,立讯精密,电子,0.12,146.08,1.45,,8,26206.99,AI眼镜、MR(混合现实)、共封装光学(CPO)、华为手机、消费电子、液冷服务器、芯片、铜缆高速连接,11.03,8.46,4.86,-2.37,15.29,4,2026-05-13,-11.15,3.64,,unknown,2026-05-13,消费电子,0,1,0,1
E005-2026-05-06,2026-05-06,2026-05-07,000049.SZ,德赛电池,电力设备,1.21,5.37,2.8,,6,15781.71,AI眼镜、储能、先进封装、华为手机、电池、锂电池,-3.22,-4.78,-6.06,-8.49,-0.73,2,2026-05-11,-4.3,-1.77,,unknown,2026-05-11,先进封装,0,1,0,1
E005-2026-05-06,2026-05-06,2026-05-07,603893.SH,瑞芯微,电子,-0.79,25.99,-1,20日新高,4,20804.95,AI眼镜、MCU芯片、半导体、芯片,-0.9,-3.35,0.08,3.34,7.83,11,2026-05-22,0.0,-0.21,,unknown,2026-05-20,半导体,2,1,0,0
E005-2026-05-06,2026-05-06,2026-05-07,002449.SZ,国星光电,电子,1.13,1.13,1.2,,5,26019.15,AI眼镜、储能、先进封装、光学光电子、芯片,-1.58,1.46,-0.73,2.43,8.38,11,2026-05-22,0.0,2.62,,unknown,2026-05-11,光学光电子,9,1,0,0
E005-2026-05-06,2026-05-06,2026-05-07,000100.SZ,TCL科技,电子,0.47,25.65,2.38,,4,20509.48,AI眼镜、光伏、光学光电子、芯片,-0.7,-0.47,-1.86,1.63,1.86,11,2026-05-22,0.0,0.23,,unknown,2026-05-11,光学光电子,9,1,0,0
E005-2026-05-06,2026-05-06,2026-05-07,300866.SZ,安克创新,电子,-1.91,10.47,-1,,4,23047.62,AI眼镜、储能、消费电子、芯片,3.53,8.37,11.81,6.4,11.81,7,2026-05-18,-6.98,-0.86,,unknown,2026-05-13,消费电子,3,1,0,0
E005-2026-05-06,2026-05-06,2026-05-07,002881.SZ,美格智能,通信,1.89,2.03,2.69,,4,18498.67,AI眼镜、MCU芯片、芯片、通信设备,0.81,-0.37,9.63,12.6,16.6,11,2026-05-22,0.0,2.29,,unknown,2026-05-11,MCU芯片,9,1,0,0
E005-2026-05-06,2026-05-06,2026-05-07,300207.SZ,欣旺达,电力设备,1.9,21.38,8.79,,8,15330.26,AI眼镜、储能、华为手机、星闪、电池、虚拟电厂、锂电池、高压快充,-3.24,-6.18,-7.69,-10.45,-0.66,2,2026-05-11,-9.27,-2.72,,unknown,2026-05-11,高压快充,0,1,0,1
E005-2026-05-06,2026-05-06,2026-05-07,300131.SZ,英唐智控,电子,0.8,20.44,3.62,,4,24076.31,AI眼镜、共封装光学(CPO)、存储芯片、芯片,7.71,20.4,23.23,12.63,29.97,8,2026-05-19,-17.79,7.75,,unknown,2026-05-20,存储芯片,-1,1,0,0
E005-2026-05-06,2026-05-06,2026-05-07,000823.SZ,超声电子,电子,5.78,4.35,12.06,,4,11036.8,AI眼镜、PCB、元件、共封装光学(CPO),-2.08,-2.72,-6.07,-12.02,1.56,1,2026-05-08,-6.87,9.97,,unknown,2026-05-11,共封装光学(CPO),-1,1,0,0
E005-2026-05-06,2026-05-06,2026-05-07,002841.SZ,视源股份,电子,0.54,2.41,0.84,,3,3930.41,AI眼镜、星闪、消费电子,5.06,4.1,4.61,2.41,6.4,4,2026-05-13,-3.48,0.57,,unknown,2026-05-13,消费电子,0,1,0,1
E005-2026-05-06,2026-05-06,2026-05-07,688181.SH,八亿时空,电子,1.71,2.45,2.68,,5,10113.8,AI眼镜、先进封装、光刻胶、光学光电子、液冷服务器,1.98,4.07,8.33,8.27,12.42,11,2026-05-22,0.0,0.55,,unknown,2026-05-20,光刻胶,2,1,0,0
E005-2026-05-06,2026-05-06,2026-05-07,688007.SH,光峰科技,电子,0.34,1.32,0.39,,3,3930.41,AI眼镜、星闪、消费电子,-1.87,-2.32,-2.65,-0.32,2.0,1,2026-05-08,-1.94,3.75,,unknown,2026-05-11,星闪,-1,1,0,0
E005-2026-05-06,2026-05-06,2026-05-07,300638.SZ,广和通,通信,0.71,4.32,1.48,,3,5633.72,AI眼镜、虚拟电厂、通信设备,0.04,2.82,5.72,-0.21,7.56,8,2026-05-19,-7.35,3.54,,unknown,2026-05-19,虚拟电厂,0,1,0,1
E005-2026-05-06,2026-05-06,2026-05-07,603920.SH,世运电路,电子,4.24,16.85,17.4,,6,22828.33,AI眼镜、PCB、储能、元件、光伏、共封装光学(CPO),12.76,7.23,8.39,7.3,12.91,11,2026-05-22,0.0,7.56,,unknown,2026-05-22,元件,0,2,0,1
E005-2026-05-06,2026-05-06,2026-05-07,301067.SZ,显盈科技,电子,1.22,1.05,1.25,,3,4274.67,AI眼镜、消费电子、铜缆高速连接,-6.89,-8.37,-6.8,-13.93,0.95,1,2026-05-08,-11.35,2.3,,unknown,2026-05-11,消费电子,-1,1,0,0
E005-2026-05-06,2026-05-06,2026-05-07,688213.SH,思特威-W,电子,3.29,13.55,12.11,,3,19475.46,AI眼镜、半导体、芯片,8.98,16.1,20.35,19.19,26.73,9,2026-05-20,-0.69,0.55,,unknown,2026-05-20,半导体,0,1,0,1
E005-2026-05-06,2026-05-06,2026-05-07,688210.SH,统联精密,电子,-0.2,1.47,-0.24,,2,3378.34,AI眼镜、消费电子,6.29,4.41,8.1,6.82,9.98,2,2026-05-11,-1.2,2.12,,unknown,2026-05-11,消费电子,0,0,0,1
E005-2026-05-06,2026-05-06,2026-05-07,300560.SZ,中富通,通信,7.77,2.64,12.62,,2,4168.11,AI眼镜、英伟达,3.74,0.8,6.13,-0.06,7.17,8,2026-05-19,-2.14,5.09,,unknown,2026-05-13,英伟达,4,0,0,0
E005-2026-05-06,2026-05-06,2026-05-07,688079.SH,美迪凯,电子,1.96,2.27,2.95,,6,20203.17,AI眼镜、MR(混合现实)、先进封装、光刻机、光学光电子、芯片,9.98,17.64,12.84,28.62,44.01,11,2026-05-22,0.0,6.23,,unknown,2026-05-20,光刻机,2,1,0,0
E005-2026-05-06,2026-05-06,2026-05-07,300460.SZ,ST惠伦,电子,2.98,0.68,2.46,,5,21614.17,AI眼镜、元件、共封装光学(CPO)、星闪、芯片,8.81,5.37,5.67,0.1,8.81,3,2026-05-12,-4.15,2.07,,unknown,2026-05-11,星闪,1,1,0,1
E005-2026-05-06,2026-05-06,2026-05-07,601231.SH,环旭电子,电子,3.12,17.35,13.0,,4,20832.48,AI眼镜、共封装光学(CPO)、消费电子、芯片,1.74,0.24,-4.62,-11.28,5.76,4,2026-05-13,-11.9,7.82,,unknown,2026-05-13,消费电子,0,1,0,1
E005-2026-05-06,2026-05-06,2026-05-07,688195.SH,腾景科技,电子,1.78,25.86,9.05,,6,23174.51,AI眼镜、光刻机、光学光电子、光纤、共封装光学(CPO)、芯片,1.11,1.39,-3.56,-11.33,3.76,2,2026-05-11,-12.02,7.13,,unknown,2026-05-11,光学光电子,0,1,0,1
E005-2026-05-06,2026-05-06,2026-05-07,002992.SZ,宝明科技,电子,0.11,1.63,0.14,,3,3656.26,AI眼镜、PET铜箔、光学光电子,-7.06,-8.71,-10.63,-11.75,-1.61,1,2026-05-08,-9.78,1.45,,unknown,2026-05-11,光学光电子,-1,1,0,0
E005-2026-05-06,2026-05-06,2026-05-07,600703.SH,三安光电,电子,7.39,48.4,51.41,,6,28568.43,AI眼镜、先进封装、光伏、光学光电子、共封装光学(CPO)、芯片,10.44,15.26,6.87,3.7,15.26,5,2026-05-14,-8.26,3.13,,unknown,2026-05-11,光学光电子,3,2,0,0
E005-2026-05-06,2026-05-06,2026-05-07,002983.SZ,芯瑞达,电子,-1.42,1.05,-1,,2,3102.89,AI眼镜、光学光电子,-0.09,5.74,6.97,6.04,11.86,9,2026-05-20,-2.3,2.39,,unknown,2026-05-11,光学光电子,7,0,0,0
E005-2026-05-06,2026-05-06,2026-05-07,300296.SZ,利亚德,电子,1.57,7.12,4.19,,3,15745.06,AI眼镜、光学光电子、芯片,2.28,1.37,4.86,-0.46,5.17,8,2026-05-19,-4.41,1.86,,unknown,2026-05-11,光学光电子,6,1,0,0
E005-2026-05-06,2026-05-06,2026-05-07,002456.SZ,欧菲光,电子,0.8,5.45,1.87,,4,4329.46,AI眼镜、MR(混合现实)、光学光电子、星闪,-2.34,-1.22,-1.45,-3.89,1.56,4,2026-05-13,-2.67,2.39,,unknown,2026-05-11,星闪,2,1,0,0
E005-2026-05-06,2026-05-06,2026-05-07,688798.SH,艾为电子,电子,1.8,2.76,2.99,,4,20804.95,AI眼镜、MCU芯片、半导体、芯片,1.34,3.66,2.63,-0.23,6.16,9,2026-05-20,-3.06,3.12,,unknown,2026-05-20,半导体,0,1,0,1
E005-2026-05-06,2026-05-06,2026-05-07,688286.SH,敏芯股份,电子,1.93,2.32,2.94,,3,19475.46,AI眼镜、半导体、芯片,2.35,4.33,6.28,1.65,9.45,8,2026-05-19,-5.06,3.89,,unknown,2026-05-20,半导体,-1,1,0,0
E005-2026-05-06,2026-05-06,2026-05-07,300373.SZ,扬杰科技,电子,3.4,17.23,14.11,,7,34093.26,AI眼镜、储能、光伏、半导体、芯片、英伟达、高压快充,-0.71,6.38,3.09,-1.71,9.4,11,2026-05-22,0.0,0.64,,unknown,2026-05-20,半导体,2,1,0,0
E005-2026-05-06,2026-05-06,2026-05-07,002980.SZ,华盛昌,电力设备,-5.15,13.59,-1,,5,19718.54,AI眼镜、储能、光伏、共封装光学(CPO)、电网设备,-1.08,13.51,26.98,26.86,39.54,11,2026-05-22,0.0,10.0,,unknown,2026-05-19,电网设备,3,1,0,0
E005-2026-05-06,2026-05-06,2026-05-07,688332.SH,中科蓝讯,电子,1.06,3.35,1.94,,5,24839.5,AI眼镜、共封装光学(CPO)、半导体、星闪、芯片,10.72,15.89,-19.86,-21.41,16.8,4,2026-05-13,-38.23,0.16,,unknown,2026-05-15,半导体,-2,1,0,0
E005-2026-05-06,2026-05-06,2026-05-07,002036.SZ,联创电子,电子,2.86,3.06,5.0,,6,22921.05,AI眼镜、MR(混合现实)、光学光电子、共封装光学(CPO)、芯片、英伟达,6.77,6.16,6.53,15.27,26.85,11,2026-05-22,0.0,2.78,,unknown,2026-05-13,英伟达,7,1,0,0
E005-2026-05-06,2026-05-06,2026-05-07,688496.SH,*ST清越,电子,-6.73,0.96,-1,,2,3102.89,AI眼镜、光学光电子,-16.75,-46.89,-65.79,-64.11,4.07,1,2026-05-08,-70.33,0.48,,unknown,2026-05-11,光学光电子,-1,0,0,0
E005-2026-05-06,2026-05-06,2026-05-07,688766.SH,普冉股份,电子,17.5,33.77,101.7,历史新高,4,22469.94,MCU芯片、半导体、存储芯片、芯片,25.03,32.22,29.47,21.42,38.24,4,2026-05-13,-10.56,0.15,,unknown,2026-05-15,存储芯片,-2,2,0,0
E005-2026-05-06,2026-05-06,2026-05-07,688691.SH,灿芯股份,电子,1.03,26.59,5.31,20日新高,4,22469.94,MCU芯片、半导体、存储芯片、芯片,-3.8,-7.49,-14.14,-5.74,2.03,9,2026-05-20,-4.58,1.48,,unknown,2026-05-20,存储芯片,0,1,0,1
E005-2026-05-06,2026-05-06,2026-05-07,688536.SH,思瑞浦,电子,-3.14,27.5,-1,2年新高,5,30165.44,MCU芯片、储能、共封装光学(CPO)、半导体、芯片,13.33,12.81,12.23,10.73,20.13,9,2026-05-20,-5.85,0.75,,unknown,2026-05-20,半导体,0,1,0,1
E005-2026-05-06,2026-05-06,2026-05-07,603933.SH,睿能科技,电子,5.4,6.53,13.8,60日新高,4,25142.35,MCU芯片、储能、存储芯片、芯片,1.49,-1.49,0.34,-2.22,2.75,2,2026-05-11,-3.82,1.63,,unknown,2026-05-11,MCU芯片,0,1,0,1
E005-2026-05-06,2026-05-06,2026-05-07,688047.SH,龙芯中科,电子,8.83,47.87,61.09,60日新高,3,18326.36,MCU芯片、半导体、芯片,-4.56,-10.05,-13.57,-14.25,-2.38,2,2026-05-11,-10.19,1.41,,unknown,2026-05-11,MCU芯片,0,2,0,1
E005-2026-05-06,2026-05-06,2026-05-07,688783.SH,西安奕材-U,电子,12.7,10.75,41.64,60日新高,4,22469.94,MCU芯片、半导体、存储芯片、芯片,24.65,23.77,21.67,18.29,29.22,8,2026-05-19,-8.06,3.14,,unknown,2026-05-20,存储芯片,-1,2,0,0
E005-2026-05-06,2026-05-06,2026-05-07,603986.SH,兆易创新,电子,10.0,144.65,120.27,历史新高,5,27234.36,MCU芯片、光伏、半导体、存储芯片、芯片,0.97,1.72,14.23,23.34,33.86,11,2026-05-22,0.0,1.7,,unknown,2026-05-20,存储芯片,2,2,0,0
E005-2026-05-06,2026-05-06,2026-05-07,688262.SH,国芯科技,电子,4.36,9.96,13.76,20日新高,6,26268.99,MCU芯片、先进封装、半导体、存储芯片、星闪、芯片,-2.48,-2.43,-5.52,-5.93,-0.1,4,2026-05-13,-2.41,2.02,,unknown,2026-05-15,存储芯片,-2,1,0,0
E005-2026-05-06,2026-05-06,2026-05-07,688416.SH,恒烁股份,电子,10.8,8.47,31.43,20日新高,4,22469.94,MCU芯片、半导体、存储芯片、芯片,11.63,9.37,13.49,3.51,16.62,2,2026-05-11,-5.81,3.8,,unknown,2026-05-11,MCU芯片,0,2,0,1
E005-2026-05-06,2026-05-06,2026-05-07,688249.SH,晶合集成,电子,-1.45,24.32,-1,20日新高,3,18326.36,MCU芯片、半导体、芯片,4.96,14.8,20.08,14.45,25.9,9,2026-05-20,-11.39,2.25,,unknown,2026-05-20,半导体,0,1,0,1
E005-2026-05-06,2026-05-06,2026-05-07,688368.SH,晶丰明源,电子,6.38,7.96,18.0,20日新高,4,20015.88,MCU芯片、半导体、芯片、英伟达,3.03,13.21,16.32,19.33,27.21,9,2026-05-20,-3.65,1.11,,unknown,2026-05-20,半导体,0,2,0,1
E005-2026-05-06,2026-05-06,2026-05-07,688216.SH,气派科技,电子,3.66,1.67,4.73,20日新高,5,25716.92,MCU芯片、先进封装、半导体、存储芯片、芯片,7.83,9.06,10.97,6.41,15.74,9,2026-05-20,-4.84,2.2,,unknown,2026-05-20,存储芯片,0,1,0,1
E005-2026-05-06,2026-05-06,2026-05-07,002049.SZ,紫光国微,电子,2.24,41.32,14.4,20日新高,5,27281.91,MCU芯片、共封装光学(CPO)、半导体、存储芯片、芯片,0.73,-0.27,-0.86,-1.42,3.78,4,2026-05-13,-2.87,-0.05,,unknown,2026-05-15,存储芯片,-2,1,0,0
E005-2026-05-06,2026-05-06,2026-05-07,688052.SH,纳芯微,电子,0.71,10.73,2.33,60日新高,4,21573.34,MCU芯片、先进封装、半导体、芯片,10.96,8.37,9.59,18.9,25.64,9,2026-05-20,-7.49,0.39,,unknown,2026-05-20,半导体,0,1,0,1
E005-2026-05-06,2026-05-06,2026-05-07,300053.SZ,航宇微,电子,8.83,15.62,34.9,20日新高,5,25716.92,MCU芯片、先进封装、半导体、存储芯片、芯片,0.92,0.21,-0.41,-10.32,4.98,4,2026-05-13,-13.86,0.0,,unknown,2026-05-15,存储芯片,-2,2,0,0
E005-2026-05-06,2026-05-06,2026-05-07,688372.SH,伟测科技,电子,2.68,18.0,11.37,历史新高,5,25716.92,MCU芯片、先进封装、半导体、存储芯片、芯片,-0.08,-0.77,-3.62,-4.24,5.3,9,2026-05-20,-4.94,5.49,,unknown,2026-05-20,存储芯片,0,1,0,1
E005-2026-05-06,2026-05-06,2026-05-07,688380.SH,中微半导,电子,2.97,8.93,8.88,20日新高,4,22469.94,MCU芯片、半导体、存储芯片、芯片,-1.48,-0.1,1.27,0.34,9.38,9,2026-05-20,-9.44,2.51,,unknown,2026-05-20,存储芯片,0,1,0,1
E005-2026-05-06,2026-05-06,2026-05-07,600460.SH,士兰微,电子,2.63,22.8,12.56,20日新高,7,36539.87,MCU芯片、储能、先进封装、光伏、半导体、芯片、风电,1.89,5.83,4.72,4.35,9.92,9,2026-05-20,-1.45,-0.03,,unknown,2026-05-20,半导体,0,1,0,1
E005-2026-05-06,2026-05-06,2026-05-07,001287.SZ,中电港,电子,10.02,24.96,50.06,120日新高,6,27383.94,MCU芯片、储能、存储芯片、星闪、芯片、英伟达,-0.48,2.96,-2.68,-7.87,5.85,2,2026-05-11,-11.31,-0.1,,unknown,2026-05-11,存储芯片,0,2,0,1
E005-2026-05-06,2026-05-06,2026-05-07,688589.SH,力合微,电子,1.48,1.11,1.56,20日新高,4,23090.78,MCU芯片、光伏、半导体、芯片,0.75,1.55,1.67,-3.01,3.51,9,2026-05-20,-1.92,2.35,,unknown,2026-05-20,半导体,0,1,0,1
E005-2026-05-06,2026-05-06,2026-05-07,600171.SH,上海贝岭,电子,4.15,9.19,12.58,20日新高,5,27281.91,MCU芯片、共封装光学(CPO)、半导体、存储芯片、芯片,-0.3,-1.27,-1.81,-4.79,1.44,2,2026-05-11,-2.48,-0.1,,unknown,2026-05-11,存储芯片,0,1,0,1
E005-2026-05-06,2026-05-06,2026-05-07,600198.SH,大唐电信,通信,1.9,2.93,3.25,,4,20374.78,MCU芯片、半导体、芯片、通信设备,16.23,9.32,6.9,-0.58,16.92,4,2026-05-13,-15.88,1.52,,unknown,2026-05-15,半导体,-2,1,0,0
E005-2026-05-06,2026-05-06,2026-05-07,688391.SH,钜泉科技,电子,2.22,0.74,1.91,20日新高,4,25353.47,MCU芯片、储能、半导体、芯片,0.74,2.71,2.81,-0.06,5.98,9,2026-05-20,-3.3,1.89,,unknown,2026-05-20,半导体,0,1,0,1
E005-2026-05-06,2026-05-06,2026-05-07,300077.SZ,国民技术,电子,4.73,23.11,22.74,20日新高,6,34929.86,MCU芯片、储能、光伏、共封装光学(CPO)、半导体、芯片,1.17,2.06,11.72,5.34,14.75,8,2026-05-19,-8.41,2.49,,unknown,2026-05-20,半导体,-1,2,0,0
E005-2026-05-06,2026-05-06,2026-05-07,688362.SH,甬矽电子,电子,-0.81,11.04,-1,60日新高,4,21573.34,MCU芯片、先进封装、半导体、芯片,1.2,2.24,-4.98,5.76,12.62,11,2026-05-22,0.0,2.42,,unknown,2026-05-20,半导体,2,1,0,0
E005-2026-05-06,2026-05-06,2026-05-07,688172.SH,燕东微,电子,2.17,11.37,7.32,20日新高,3,18326.36,MCU芯片、半导体、芯片,1.02,10.15,6.08,6.43,20.51,9,2026-05-20,-8.98,12.55,,unknown,2026-05-20,半导体,0,1,0,1
E005-2026-05-06,2026-05-06,2026-05-07,688061.SH,灿瑞科技,电子,1.16,0.62,0.91,20日新高,4,21573.34,MCU芯片、先进封装、半导体、芯片,5.82,7.86,15.32,10.5,19.15,9,2026-05-20,-6.56,3.23,,unknown,2026-05-20,半导体,0,1,0,1
E005-2026-05-06,2026-05-06,2026-05-07,301563.SZ,云汉芯城,电子,3.9,4.49,8.26,20日新高,4,20732.11,MCU芯片、PCB、存储芯片、芯片,-1.11,-2.52,-0.02,-5.71,3.18,9,2026-05-20,-3.66,0.96,,unknown,2026-05-20,存储芯片,0,1,0,1
E005-2026-05-06,2026-05-06,2026-05-07,688396.SH,华润微,电子,0.11,25.33,0.55,20日新高,7,37556.0,MCU芯片、储能、先进封装、共封装光学(CPO)、半导体、存储芯片、芯片,6.8,10.61,8.82,4.86,15.04,9,2026-05-20,-5.63,0.56,,unknown,2026-05-20,半导体,0,1,0,1
E005-2026-05-06,2026-05-06,2026-05-07,688591.SH,泰凌微,电子,2.04,2.7,3.35,,5,20567.95,MCU芯片、半导体、星闪、芯片、英伟达,-0.3,0.39,0.67,8.56,11.2,9,2026-05-20,-2.83,1.78,,unknown,2026-05-20,半导体,0,1,0,1
E005-2026-05-06,2026-05-06,2026-05-07,688352.SH,颀中科技,电子,1.0,2.14,1.46,20日新高,4,21573.34,MCU芯片、先进封装、半导体、芯片,6.62,13.69,13.54,9.51,19.7,8,2026-05-19,-5.63,0.38,,unknown,2026-05-20,半导体,-1,1,0,0
E005-2026-05-06,2026-05-06,2026-05-07,603421.SH,鼎信通讯,通信,2.2,1.25,2.46,,6,28918.32,MCU芯片、储能、光伏、芯片、虚拟电厂、通信设备,1.98,-0.23,-2.44,-11.28,2.56,4,2026-05-13,-10.58,2.75,,unknown,2026-05-13,虚拟电厂,0,1,0,1
E005-2026-05-06,2026-05-06,2026-05-07,688018.SH,乐鑫科技,电子,1.56,12.06,5.42,20日新高,4,18878.43,MCU芯片、半导体、星闪、芯片,-3.1,-2.5,2.4,-0.99,5.3,8,2026-05-19,-3.34,2.68,,unknown,2026-05-20,半导体,-1,1,0,0
E005-2026-05-06,2026-05-06,2026-05-07,300327.SZ,中颖电子,电子,0.91,4.03,1.83,20日新高,4,25353.47,MCU芯片、储能、半导体、芯片,0.25,1.48,0.0,-2.49,3.79,9,2026-05-20,-3.21,0.36,,unknown,2026-05-20,半导体,0,1,0,1
E005-2026-05-06,2026-05-06,2026-05-07,688385.SH,复旦微电,电子,6.14,19.56,27.16,,5,24159.46,MCU芯片、半导体、存储芯片、芯片、英伟达,0.37,-2.29,-3.5,-10.62,1.9,2,2026-05-11,-9.97,1.51,,unknown,2026-05-11,存储芯片,0,2,0,1
E005-2026-05-06,2026-05-06,2026-05-07,300671.SZ,富满微,电子,1.23,9.6,3.81,,5,25716.92,MCU芯片、先进封装、半导体、存储芯片、芯片,9.7,10.39,7.37,3.24,11.76,1,2026-05-08,-7.64,2.21,,unknown,2026-05-11,先进封装,-1,1,0,0
E005-2026-05-06,2026-05-06,2026-05-07,300183.SZ,东软载波,通信,1.15,1.63,1.47,,7,32093.32,MCU芯片、储能、光伏、芯片、虚拟电厂、通信设备、风电,1.41,0.6,-1.04,-5.51,3.27,4,2026-05-13,-6.99,2.05,,unknown,2026-05-13,虚拟电厂,0,1,0,1
E005-2026-05-06,2026-05-06,2026-05-07,300001.SZ,特锐德,电力设备,3.49,9.0,10.47,,6,14411.51,MCU芯片、储能、电网设备、虚拟电厂、风电、高压快充,7.14,21.62,23.94,24.2,30.5,9,2026-05-20,-0.03,0.43,,unknown,2026-05-19,高压快充,1,1,0,1
E005-2026-05-06,2026-05-06,2026-05-07,603290.SH,斯达半导,电子,1.17,9.58,3.62,,6,31254.64,MCU芯片、储能、光伏、半导体、芯片、高压快充,6.73,17.42,16.6,15.31,24.29,11,2026-05-22,0.0,0.82,,unknown,2026-05-20,半导体,2,1,0,0
E005-2026-05-06,2026-05-06,2026-05-07,300735.SZ,光弘科技,电子,1.59,3.25,2.87,,6,17824.45,MCU芯片、储能、光伏、华为手机、消费电子、液冷服务器,-1.58,-3.16,-3.34,-5.85,1.02,2,2026-05-11,-5.2,1.94,,unknown,2026-05-11,消费电子,0,1,0,1
E005-2026-05-06,2026-05-06,2026-05-07,688807.SH,优迅股份,电子,0.75,7.47,2.05,,4,23138.33,MCU芯片、共封装光学(CPO)、半导体、芯片,7.81,8.24,18.84,20.71,27.25,8,2026-05-19,-0.78,4.7,,unknown,2026-05-20,半导体,-1,1,0,0
E005-2026-05-06,2026-05-06,2026-05-07,688709.SH,成都华微,电子,2.39,5.78,5.75,,4,22469.94,MCU芯片、半导体、存储芯片、芯片,-1.77,2.2,-1.75,-5.64,2.2,5,2026-05-14,-3.17,3.89,,unknown,2026-05-15,存储芯片,-1,1,0,0
E005-2026-05-06,2026-05-06,2026-05-07,301486.SZ,致尚科技,电子,6.61,21.78,30.85,20日新高,6,23157.66,MR(混合现实)、光纤、共封装光学(CPO)、消费电子、芯片、通信设备,-2.6,-0.71,13.83,-1.55,13.83,7,2026-05-18,-5.55,3.17,,unknown,2026-05-13,消费电子,3,2,0,0
E005-2026-05-06,2026-05-06,2026-05-07,002929.SZ,润建股份,通信,8.33,18.32,35.65,1年新高,4,13572.74,MR(混合现实)、储能、光伏、虚拟电厂,12.2,22.19,34.97,13.67,37.49,8,2026-05-19,-18.91,10.01,,unknown,2026-05-19,虚拟电厂,0,2,0,1
E005-2026-05-06,2026-05-06,2026-05-07,002587.SZ,奥拓电子,电子,0.86,2.14,1.26,20日新高,3,2988.32,MR(混合现实)、光学光电子、英伟达,0.84,-0.28,-2.23,-5.45,1.82,2,2026-05-11,-4.05,1.42,,unknown,2026-05-11,光学光电子,0,1,0,1
E005-2026-05-06,2026-05-06,2026-05-07,300128.SZ,锦富技术,电力设备,5.58,3.94,11.08,20日新高,6,19079.19,MR(混合现实)、储能、光伏、液冷服务器、电池、英伟达,6.42,5.69,17.81,14.45,17.96,11,2026-05-22,0.0,0.59,,unknown,2026-05-20,电池,2,1,0,0
E005-2026-05-06,2026-05-06,2026-05-07,688035.SH,德邦科技,电子,2.94,6.88,7.71,,9,39024.69,MR(混合现实)、PCB、TOPCON电池、储能、先进封装、光伏、存储芯片、液冷服务器、芯片,2.51,6.95,9.49,1.92,13.86,9,2026-05-20,-7.2,3.95,,unknown,2026-05-20,存储芯片,0,1,0,1
E005-2026-05-06,2026-05-06,2026-05-07,300219.SZ,鸿利智汇,电子,1.83,1.83,2.48,,4,14477.6,MR(混合现实)、光刻机、光学光电子、芯片,0.25,2.39,0.88,3.65,6.04,11,2026-05-22,0.0,1.92,,unknown,2026-05-20,光刻机,2,1,0,0
E005-2026-05-06,2026-05-06,2026-05-07,002962.SZ,五方光电,电子,3.4,3.99,6.79,,2,1298.8,MR(混合现实)、光学光电子,5.9,8.26,3.15,10.62,10.62,10,2026-05-21,-3.99,4.52,,unknown,2026-05-11,光学光电子,8,0,0,0
E005-2026-05-06,2026-05-06,2026-05-07,300232.SZ,洲明科技,电子,0.94,1.92,1.3,,3,2988.32,MR(混合现实)、光学光电子、英伟达,-1.54,-2.0,-4.16,-4.62,0.31,1,2026-05-08,-3.39,1.25,,unknown,2026-05-08,MR(混合现实),0,1,0,1
E005-2026-05-06,2026-05-06,2026-05-07,002635.SZ,安洁科技,电子,0.3,2.96,0.52,,5,12599.34,MR(混合现实)、储能、氢能源、消费电子、高压快充,-0.59,0.18,9.37,3.32,12.1,11,2026-05-22,0.0,1.87,,unknown,2026-05-19,高压快充,3,1,0,0
E005-2026-05-06,2026-05-06,2026-05-07,003021.SZ,兆威机电,电力设备,0.97,3.77,1.88,,1,674.5,MR(混合现实),0.63,-1.07,11.22,10.81,11.3,8,2026-05-19,-0.29,3.15,,unknown,2026-05-11,MR(混合现实),6,0,0,0
E005-2026-05-06,2026-05-06,2026-05-07,300081.SZ,ST恒信,通信,-1.69,0.76,-1,,1,674.5,MR(混合现实),2.76,2.01,6.27,3.26,11.53,8,2026-05-19,-8.77,-1.97,,unknown,2026-05-11,MR(混合现实),6,0,0,0
E005-2026-05-06,2026-05-06,2026-05-07,688167.SH,炬光科技,电子,-1.68,20.09,-1,,9,33542.78,MR(混合现实)、先进封装、光刻机、光纤、共封装光学(CPO)、半导体、可控核聚变、存储芯片、芯片,12.47,19.33,17.41,9.03,22.34,4,2026-05-13,-11.77,20.0,,unknown,2026-05-14,光刻机,-1,1,0,0
E005-2026-05-06,2026-05-06,2026-05-07,300812.SZ,易天股份,电子,4.11,3.06,7.19,,5,22275.37,MR(混合现实)、先进封装、共封装光学(CPO)、消费电子、芯片,1.76,3.65,1.58,-0.75,6.14,6,2026-05-15,-1.41,9.02,,unknown,2026-05-13,消费电子,2,1,0,0
E005-2026-05-06,2026-05-06,2026-05-07,600525.SH,ST长园,电力设备,-1.73,0.85,-1,,8,30730.57,MR(混合现实)、PCB、储能、光伏、特高压、电网设备、芯片、虚拟电厂,1.79,5.77,5.37,8.35,10.74,9,2026-05-20,-0.4,-1.37,,unknown,2026-05-19,电网设备,1,1,0,1
E005-2026-05-06,2026-05-06,2026-05-07,300269.SZ,联建光电,电子,-0.32,1.45,-0.39,,2,1298.8,MR(混合现实)、光学光电子,-1.11,-4.76,-3.97,-1.59,2.54,1,2026-05-08,-10.32,0.32,,unknown,2026-05-08,MR(混合现实),0,0,0,1
E005-2026-05-06,2026-05-06,2026-05-07,301217.SZ,铜冠铜箔,电力设备,13.03,57.93,99.17,历史新高,5,12619.23,PCB、PET铜箔、储能、电池、锂电池,8.88,-1.06,0.36,-4.46,14.07,4,2026-05-13,-9.31,-1.98,,unknown,2026-05-11,PCB,2,2,0,0
E005-2026-05-06,2026-05-06,2026-05-07,301511.SZ,德福科技,电力设备,20.0,36.7,121.16,历史新高,7,21574.78,PCB、PET铜箔、储能、共封装光学(CPO)、存储芯片、电池、锂电池,1.23,1.23,4.39,5.94,18.18,9,2026-05-20,-1.19,2.77,,unknown,2026-05-20,存储芯片,0,2,0,1
E005-2026-05-06,2026-05-06,2026-05-07,301176.SZ,逸豪新材,电子,13.49,6.29,33.83,历史新高,2,3746.24,PCB、元件,-1.37,-7.32,-9.51,-0.27,13.34,11,2026-05-22,0.0,-3.28,,unknown,2026-05-22,元件,0,2,0,1
E005-2026-05-06,2026-05-06,2026-05-07,688020.SH,方邦股份,电子,13.19,14.36,49.98,历史新高,4,7024.37,PCB、PET铜箔、先进封装、华为手机,-5.23,-4.8,-14.5,-16.74,-0.09,11,2026-05-22,0.0,-0.6,,unknown,2026-05-20,华为手机,2,2,0,0
E005-2026-05-06,2026-05-06,2026-05-07,688655.SH,迅捷兴,电子,-1.38,7.61,-1,历史新高,3,8558.21,PCB、元件、共封装光学(CPO),33.27,39.51,36.13,28.19,41.72,9,2026-05-20,-8.09,3.56,,unknown,2026-05-19,元件,1,1,0,1
E005-2026-05-06,2026-05-06,2026-05-07,300903.SZ,科翔股份,电子,4.69,16.84,19.25,历史新高,7,35618.05,PCB、储能、元件、先进封装、共封装光学(CPO)、存储芯片、芯片,17.84,34.9,28.11,21.21,35.15,11,2026-05-22,0.0,12.96,,unknown,2026-05-22,元件,0,2,0,1
E005-2026-05-06,2026-05-06,2026-05-07,301150.SZ,中一科技,电力设备,9.75,14.75,37.45,历史新高,5,12619.23,PCB、PET铜箔、储能、电池、锂电池,7.97,6.21,-0.13,-7.34,14.01,4,2026-05-13,-15.35,-4.73,,unknown,2026-05-11,PCB,2,2,0,0
E005-2026-05-06,2026-05-06,2026-05-07,300814.SZ,中富电路,电子,7.59,16.27,30.62,历史新高,5,12701.52,PCB、元件、先进封装、共封装光学(CPO)、铜缆高速连接,4.47,5.6,10.49,9.41,16.93,9,2026-05-20,-4.15,-0.01,,unknown,2026-05-19,元件,1,2,0,1
E005-2026-05-06,2026-05-06,2026-05-07,002217.SZ,合力泰,电子,10.03,17.82,42.34,,3,3848.32,PCB、光学光电子、华为手机,-0.86,-4.0,-14.0,-22.29,2.0,2,2026-05-11,-21.43,10.06,,unknown,2026-05-11,光学光电子,0,2,0,1
E005-2026-05-06,2026-05-06,2026-05-07,002134.SZ,天津普林,电子,5.69,5.35,13.16,60日新高,2,3746.24,PCB、元件,6.62,8.01,8.91,3.51,9.73,8,2026-05-19,-3.69,4.45,,unknown,2026-05-19,元件,0,1,0,1
E005-2026-05-06,2026-05-06,2026-05-07,600110.SH,诺德股份,电力设备,6.51,22.65,30.98,3年新高,5,12619.23,PCB、PET铜箔、储能、电池、锂电池,-3.99,-7.62,-11.43,-17.71,-1.95,1,2026-05-08,-9.65,-1.4,,unknown,2026-05-11,PCB,-1,2,0,0
E005-2026-05-06,2026-05-06,2026-05-07,688519.SH,南亚新材,电子,7.93,16.21,31.93,历史新高,4,12701.79,PCB、元件、共封装光学(CPO)、存储芯片,4.08,-4.95,-4.24,-3.68,6.28,11,2026-05-22,0.0,1.06,,unknown,2026-05-22,元件,0,2,0,1
E005-2026-05-06,2026-05-06,2026-05-07,688388.SH,嘉元科技,电力设备,4.17,28.44,22.24,3年新高,7,22195.62,PCB、PET铜箔、储能、光伏、共封装光学(CPO)、电池、锂电池,-6.59,-10.68,-13.37,-18.09,-3.96,1,2026-05-08,-9.99,-0.4,,unknown,2026-05-11,PCB,-1,2,0,0
E005-2026-05-06,2026-05-06,2026-05-07,002636.SZ,金安国纪,电子,3.7,28.84,19.87,,2,3746.24,PCB、元件,-6.02,-8.52,-11.59,-13.8,-2.04,2,2026-05-11,-4.5,6.34,,unknown,2026-05-11,PCB,0,1,0,1
E005-2026-05-06,2026-05-06,2026-05-07,300283.SZ,温州宏丰,电力设备,6.1,13.26,22.21,3年新高,5,27687.02,PCB、储能、光伏、电网设备、芯片,22.61,13.07,21.98,24.17,36.75,8,2026-05-19,-5.87,7.12,,unknown,2026-05-19,电网设备,0,2,0,1
E005-2026-05-06,2026-05-06,2026-05-07,603459.SH,红板科技,电子,8.5,18.36,36.42,,6,25951.11,PCB、元件、共封装光学(CPO)、华为手机、存储芯片、芯片,26.49,16.12,22.22,30.31,43.34,11,2026-05-22,0.0,10.0,,unknown,2026-05-22,元件,0,2,0,1
E005-2026-05-06,2026-05-06,2026-05-07,600183.SH,生益科技,电子,5.62,49.12,39.39,历史新高,6,28590.94,PCB、元件、先进封装、共封装光学(CPO)、存储芯片、芯片,4.41,13.8,20.67,19.74,31.72,11,2026-05-22,0.0,1.47,,unknown,2026-05-22,元件,0,2,0,1
E005-2026-05-06,2026-05-06,2026-05-07,688603.SH,天承科技,电子,6.52,6.73,16.91,,3,18506.02,PCB、先进封装、芯片,27.33,43.02,38.96,37.56,65.08,11,2026-05-22,0.0,4.21,,unknown,2026-05-11,PCB,9,2,0,0
E005-2026-05-06,2026-05-06,2026-05-07,688299.SH,长阳科技,电子,5.09,2.86,8.61,20日新高,3,10268.28,PCB、储能、光学光电子,-1.89,0.1,1.79,-3.68,5.06,9,2026-05-20,-5.32,4.1,,unknown,2026-05-11,光学光电子,7,1,0,0
E005-2026-05-06,2026-05-06,2026-05-07,301366.SZ,一博科技,电子,6.62,3.99,13.22,120日新高,5,22889.9,PCB、元件、共封装光学(CPO)、芯片、英伟达,-1.26,-3.1,-4.53,-1.67,3.05,11,2026-05-22,0.0,2.49,,unknown,2026-05-22,元件,0,1,0,1
E005-2026-05-06,2026-05-06,2026-05-07,002741.SZ,光华科技,电子,3.32,7.63,9.17,20日新高,5,23871.36,PCB、PET铜箔、先进封装、共封装光学(CPO)、芯片,0.22,1.52,6.51,2.72,13.01,11,2026-05-22,0.0,0.09,,unknown,2026-05-11,先进封装,9,1,0,0
E005-2026-05-06,2026-05-06,2026-05-07,688359.SH,三孚新科,电子,4.13,5.25,9.46,历史新高,4,8647.19,PCB、PET铜箔、TOPCON电池、光伏,7.4,15.54,22.58,14.78,27.02,11,2026-05-22,0.0,3.84,,unknown,2026-05-11,TOPCON电池,9,1,0,0
E005-2026-05-06,2026-05-06,2026-05-07,301630.SZ,同宇新材,电子,0.95,4.28,1.97,,1,2616.87,PCB,-1.06,-0.56,-2.91,-6.44,2.7,4,2026-05-13,-2.43,4.9,,unknown,2026-05-11,PCB,2,0,0,0
E005-2026-05-06,2026-05-06,2026-05-07,002213.SZ,大为股份,电子,4.83,17.98,20.48,历史新高,4,23757.32,PCB、半导体、存储芯片、芯片,8.88,3.8,0.85,-4.08,12.89,2,2026-05-11,-15.34,2.2,,unknown,2026-05-11,存储芯片,0,2,0,1
E005-2026-05-06,2026-05-06,2026-05-07,688733.SH,壹石通,电力设备,5.69,3.27,10.29,20日新高,6,29141.13,PCB、先进封装、光伏、存储芯片、电池、芯片,3.56,11.42,16.47,4.41,16.47,7,2026-05-18,-6.33,3.96,,unknown,2026-05-15,存储芯片,1,1,0,1
E005-2026-05-06,2026-05-06,2026-05-07,002745.SZ,木林森,电子,1.26,4.82,2.77,20日新高,4,15032.7,PCB、储能、光伏、光学光电子,-3.25,2.13,-2.03,-1.73,2.64,9,2026-05-20,-2.74,2.5,,unknown,2026-05-11,光学光电子,7,1,0,0
E005-2026-05-06,2026-05-06,2026-05-07,002859.SZ,洁美科技,电子,-2.1,7.0,-1,历史新高,3,4221.64,PCB、PET铜箔、可控核聚变,3.18,7.0,4.12,8.57,19.43,11,2026-05-22,0.0,0.7,,unknown,2026-05-11,可控核聚变,9,1,0,0
E005-2026-05-06,2026-05-06,2026-05-07,300713.SZ,英可瑞,电力设备,3.7,0.91,3.53,20日新高,4,15545.15,PCB、储能、光伏、高压快充,-0.5,1.82,1.87,-4.18,2.86,8,2026-05-19,-4.29,1.23,,unknown,2026-05-19,高压快充,0,1,0,1
E005-2026-05-06,2026-05-06,2026-05-07,603806.SH,福斯特,电力设备,1.65,11.15,5.51,,4,14993.52,PCB、储能、光伏、光伏设备,-0.26,-0.63,-14.1,-15.85,1.48,2,2026-05-11,-8.93,-0.63,,unknown,2026-05-11,PCB,0,1,0,1
E005-2026-05-06,2026-05-06,2026-05-07,301106.SZ,骏成科技,电子,-1.51,1.54,-1,,3,3793.24,PCB、光学光电子、星闪,0.97,2.56,0.0,-4.15,3.58,4,2026-05-13,-5.34,-0.11,,unknown,2026-05-11,星闪,2,1,0,0
E005-2026-05-06,2026-05-06,2026-05-07,000727.SZ,冠捷科技,电子,3.4,3.55,6.41,,2,3241.17,PCB、光学光电子,-1.03,-3.45,-1.72,-2.07,1.03,1,2026-05-08,-1.72,5.84,,unknown,2026-05-11,光学光电子,-1,0,0,0
E005-2026-05-06,2026-05-06,2026-05-07,002916.SZ,深南电路,电子,2.0,38.98,12.49,历史新高,5,23778.97,PCB、元件、先进封装、存储芯片、芯片,1.94,2.43,3.84,6.3,16.93,11,2026-05-22,0.0,1.49,,unknown,2026-05-22,元件,0,1,0,1
E005-2026-05-06,2026-05-06,2026-05-07,600552.SH,凯盛科技,电子,2.45,10.36,7.89,,5,23894.74,PCB、先进封装、光伏、光学光电子、芯片,6.76,10.37,8.62,10.37,11.88,11,2026-05-22,0.0,4.15,,unknown,2026-05-11,光学光电子,9,1,0,0
E005-2026-05-06,2026-05-06,2026-05-07,300410.SZ,正业科技,电力设备,2.52,2.18,3.72,,6,32024.66,PCB、储能、先进封装、光伏、电池、芯片,-1.64,1.16,-1.93,-6.47,5.6,11,2026-05-22,0.0,1.87,,unknown,2026-05-20,电池,2,1,0,0
E005-2026-05-06,2026-05-06,2026-05-07,301379.SZ,天山电子,电子,3.51,2.93,6.01,,3,7384.75,PCB、光学光电子、存储芯片,2.29,7.28,12.51,15.78,35.03,8,2026-05-19,-16.96,1.64,,unknown,2026-05-20,存储芯片,-1,1,0,0
E005-2026-05-06,2026-05-06,2026-05-07,002927.SZ,泰永长征,电力设备,0.33,1.42,0.39,,6,17288.31,PCB、储能、光伏、电网设备、虚拟电厂、高压快充,4.35,4.35,17.11,17.11,23.3,8,2026-05-19,-5.65,0.6,,unknown,2026-05-19,高压快充,0,1,0,1
E005-2026-05-06,2026-05-06,2026-05-07,301123.SZ,奕东电子,电子,0.97,9.23,2.95,,6,19448.56,PCB、储能、共封装光学(CPO)、消费电子、液冷服务器、铜缆高速连接,6.09,0.83,9.83,3.21,15.97,11,2026-05-22,0.0,4.98,,unknown,2026-05-13,消费电子,7,1,0,0
E005-2026-05-06,2026-05-06,2026-05-07,002584.SZ,西陇科学,电子,0.87,1.55,1.08,,3,7948.69,PCB、光伏、光刻胶,-1.22,-1.71,0.37,-1.1,3.42,9,2026-05-20,-1.96,0.74,,unknown,2026-05-20,光刻胶,0,1,0,1
E005-2026-05-06,2026-05-06,2026-05-07,688720.SH,艾森股份,电子,0.6,4.23,1.23,60日新高,6,27571.7,PCB、先进封装、光刻胶、半导体、存储芯片、芯片,7.66,9.01,12.48,8.38,27.37,9,2026-05-20,-14.93,3.01,,unknown,2026-05-20,存储芯片,0,1,0,1
E005-2026-05-06,2026-05-06,2026-05-07,603175.SH,超颖电子,电子,2.72,5.1,6.14,,4,20531.99,PCB、元件、存储芯片、芯片,-7.53,-4.39,-12.0,-12.75,-2.65,4,2026-05-13,-6.32,5.76,,unknown,2026-05-15,存储芯片,-2,1,0,0
E005-2026-05-06,2026-05-06,2026-05-07,300936.SZ,中英科技,电子,8.32,3.25,15.0,3年新高,4,23415.52,PCB、储能、元件、芯片,6.95,9.45,7.9,8.89,17.85,11,2026-05-22,0.0,1.25,,unknown,2026-05-22,元件,0,1,0,1
E005-2026-05-06,2026-05-06,2026-05-07,600601.SH,方正科技,电子,1.63,23.75,7.94,,3,8558.21,PCB、元件、共封装光学(CPO),18.66,9.45,5.31,-3.57,18.66,3,2026-05-12,-12.6,1.69,,unknown,2026-05-11,PCB,1,1,0,1
E005-2026-05-06,2026-05-06,2026-05-07,300724.SZ,捷佳伟创,电力设备,-0.92,15.56,-1,,8,26026.53,PCB、PET铜箔、TOPCON电池、先进封装、光伏、光伏设备、芯片、钙钛矿电池,-0.82,-2.32,-5.44,-7.25,1.46,2,2026-05-11,-7.45,1.24,,unknown,2026-05-11,TOPCON电池,0,1,0,1
E005-2026-05-06,2026-05-06,2026-05-07,002463.SZ,沪电股份,电子,2.16,69.66,18.03,,3,16388.41,PCB、元件、芯片,0.74,-0.8,-3.36,-3.87,5.74,11,2026-05-22,0.0,2.95,,unknown,2026-05-22,元件,0,2,0,1
E005-2026-05-06,2026-05-06,2026-05-07,300679.SZ,电连技术,电子,0.4,12.13,1.39,,2,3516.62,PCB、消费电子,7.27,6.41,9.64,0.87,11.62,8,2026-05-19,-5.11,11.8,,unknown,2026-05-13,消费电子,4,0,0,0
E005-2026-05-06,2026-05-06,2026-05-07,301628.SZ,强达电路,电子,2.55,2.38,3.93,,3,8558.21,PCB、元件、共封装光学(CPO),2.0,1.18,2.02,1.54,21.85,11,2026-05-22,0.0,3.1,,unknown,2026-05-22,元件,0,1,0,1
E005-2026-05-06,2026-05-06,2026-05-07,301251.SZ,威尔高,电子,2.61,3.91,5.16,,3,8558.21,PCB、元件、共封装光学(CPO),2.37,2.37,2.41,2.04,9.0,11,2026-05-22,0.0,3.44,,unknown,2026-05-22,元件,0,1,0,1
E005-2026-05-06,2026-05-06,2026-05-07,300576.SZ,容大感光,电子,1.59,5.5,3.73,,4,19073.42,PCB、先进封装、光刻胶、芯片,2.45,6.52,16.99,9.49,18.59,8,2026-05-19,-0.54,3.03,,unknown,2026-05-20,光刻胶,-1,1,0,0
E005-2026-05-06,2026-05-06,2026-05-07,688401.SH,路维光电,电子,0.21,7.22,0.56,,4,22860.72,PCB、先进封装、半导体、芯片,-2.1,-0.41,-3.77,-0.6,6.28,9,2026-05-20,-0.24,6.91,,unknown,2026-05-20,半导体,0,1,0,1
E005-2026-05-06,2026-05-06,2026-05-07,001388.SZ,信通电子,电力设备,0.48,0.5,0.34,,5,20332.83,PCB、特高压、电网设备、芯片、风电,3.17,1.61,2.48,-1.14,4.83,4,2026-05-13,-4.59,0.45,,unknown,2026-05-13,电网设备,0,1,0,1
E005-2026-05-06,2026-05-06,2026-05-07,300429.SZ,强力新材,电子,1.56,2.44,2.44,,4,19073.42,PCB、先进封装、光刻胶、芯片,1.16,-1.56,5.51,2.31,10.88,9,2026-05-20,-6.05,2.58,,unknown,2026-05-20,光刻胶,0,1,0,1
E005-2026-05-06,2026-05-06,2026-05-07,603685.SH,晨丰科技,电子,-2.89,1.63,-1,,4,7522.88,PCB、光学光电子、虚拟电厂、风电,8.24,2.57,-0.28,-2.79,8.58,2,2026-05-11,-7.8,1.35,,unknown,2026-05-11,光学光电子,0,1,0,1
E005-2026-05-06,2026-05-06,2026-05-07,300450.SZ,先导智能,电力设备,3.24,43.19,21.29,,8,21167.71,PCB、PET铜箔、TOPCON电池、储能、光伏、氢能源、电池、钙钛矿电池,-4.0,-6.94,-6.04,-11.03,0.43,2,2026-05-11,-9.41,-1.23,,unknown,2026-05-11,TOPCON电池,0,2,0,1
E005-2026-05-06,2026-05-06,2026-05-07,603386.SH,骏亚科技,电子,4.94,1.56,6.17,,4,10639.06,PCB、元件、光纤、共封装光学(CPO),12.16,7.48,15.51,8.67,18.24,6,2026-05-15,-6.36,2.0,,unknown,2026-05-19,元件,-2,1,0,0
E005-2026-05-06,2026-05-06,2026-05-07,300537.SZ,广信材料,电子,2.4,1.54,2.98,,5,21198.01,PCB、光伏、光刻胶、华为手机、芯片,9.0,7.55,25.1,17.59,31.37,8,2026-05-19,-5.73,4.51,,unknown,2026-05-20,光刻胶,-1,1,0,0
E005-2026-05-06,2026-05-06,2026-05-07,300852.SZ,四会富仕,电子,1.95,3.51,3.65,,3,8558.21,PCB、元件、共封装光学(CPO),8.52,11.73,10.74,1.05,15.97,2,2026-05-11,-6.26,2.04,,unknown,2026-05-11,PCB,0,1,0,1
E005-2026-05-06,2026-05-06,2026-05-07,301132.SZ,满坤科技,电子,4.58,3.19,8.18,,3,8558.21,PCB、元件、共封装光学(CPO),-2.96,-7.02,-8.37,-13.33,0.5,1,2026-05-08,-8.64,4.04,,unknown,2026-05-11,PCB,-1,1,0,0
E005-2026-05-06,2026-05-06,2026-05-07,688183.SH,生益电子,电子,-1.96,33.61,-1,,3,8558.21,PCB、元件、共封装光学(CPO),-4.96,-6.34,-1.69,-8.07,0.49,11,2026-05-22,0.0,0.47,,unknown,2026-05-22,元件,0,1,0,1
E005-2026-05-06,2026-05-06,2026-05-07,605058.SH,澳弘电子,电子,3.02,1.28,3.42,,4,15585.32,PCB、储能、元件、共封装光学(CPO),3.37,2.54,1.98,-2.57,6.18,4,2026-05-13,-1.34,5.26,,unknown,2026-05-11,PCB,2,1,0,0
E005-2026-05-06,2026-05-06,2026-05-07,603002.SH,宏昌电子,电子,0.8,10.68,2.61,,4,20195.54,PCB、先进封装、芯片、英伟达,-1.44,6.72,-2.22,-1.31,6.72,5,2026-05-14,-0.39,9.98,,unknown,2026-05-13,英伟达,1,1,0,1
E005-2026-05-06,2026-05-06,2026-05-07,300776.SZ,帝尔激光,电力设备,1.25,11.32,4.21,,7,25473.16,PCB、TOPCON电池、先进封装、光伏、光伏设备、芯片、钙钛矿电池,4.72,26.44,26.26,30.33,38.54,11,2026-05-22,0.0,6.71,,unknown,2026-05-20,光伏设备,2,1,0,0
E005-2026-05-06,2026-05-06,2026-05-07,605258.SH,协和电子,电子,1.9,1.02,1.92,,2,3746.24,PCB、元件,-1.85,-4.44,-4.91,-9.07,0.15,2,2026-05-11,-4.44,10.0,,unknown,2026-05-11,PCB,0,0,0,1
E005-2026-05-06,2026-05-06,2026-05-07,301282.SZ,金禄电子,电子,2.68,4.16,5.47,,4,15585.32,PCB、储能、元件、共封装光学(CPO),-29.79,-33.3,-34.89,-37.81,-25.59,1,2026-05-08,-5.86,3.77,,unknown,2026-05-11,PCB,-1,1,0,0
E005-2026-05-06,2026-05-06,2026-05-07,688150.SH,莱特光电,电子,-2.24,7.73,-1,,2,3521.94,PCB、钙钛矿电池,11.43,6.03,17.11,18.94,26.06,11,2026-05-22,0.0,5.34,,unknown,2026-05-19,钙钛矿电池,3,0,0,0
E005-2026-05-06,2026-05-06,2026-05-07,603328.SH,依顿电子,电子,4.37,6.18,10.86,,4,13322.63,PCB、元件、光伏、共封装光学(CPO),1.49,-2.44,-3.86,-8.18,2.28,4,2026-05-13,-5.19,6.36,,unknown,2026-05-11,共封装光学(CPO),2,1,0,0
E005-2026-05-06,2026-05-06,2026-05-07,300035.SZ,中科电气,电力设备,1.05,9.19,3.18,,4,12507.84,PCB、储能、电池、高压快充,-4.01,-7.73,-10.45,-7.73,-1.77,1,2026-05-08,-5.63,-1.23,,unknown,2026-05-11,高压快充,-1,1,0,0
E005-2026-05-06,2026-05-06,2026-05-07,688530.SH,欧莱新材,电子,4.3,11.23,14.41,历史新高,5,23219.73,PET铜箔、光伏、半导体、芯片、钙钛矿电池,-3.46,-5.03,-3.93,-13.46,3.69,2,2026-05-11,-13.2,3.08,,unknown,2026-05-11,半导体,0,1,0,1
E005-2026-05-06,2026-05-06,2026-05-07,300706.SZ,阿石创,电子,8.94,13.46,32.8,120日新高,6,27363.31,PET铜箔、光伏、半导体、存储芯片、芯片、钙钛矿电池,-4.1,0.28,-0.02,-0.16,7.93,9,2026-05-20,-5.63,8.12,,unknown,2026-05-20,存储芯片,0,2,0,1
E005-2026-05-06,2026-05-06,2026-05-07,301389.SZ,隆扬电子,电子,5.82,8.88,17.34,,2,1453.12,PET铜箔、消费电子,2.69,0.04,-0.23,-4.92,9.04,4,2026-05-13,-4.27,11.89,,unknown,2026-05-13,消费电子,0,1,0,1
E005-2026-05-06,2026-05-06,2026-05-07,600869.SH,远东股份,电力设备,7.36,20.38,33.23,历史新高,12,37916.88,PET铜箔、储能、光伏、光纤、可控核聚变、液冷服务器、特高压、电网设备、芯片、铜缆高速连接、雅下水电、风电,17.02,10.53,8.74,7.31,17.88,4,2026-05-13,-9.66,7.29,,unknown,2026-05-13,电网设备,0,2,0,1
E005-2026-05-06,2026-05-06,2026-05-07,300120.SZ,经纬辉开,电子,1.32,1.01,1.33,20日新高,5,18257.18,PET铜箔、光学光电子、特高压、芯片、风电,-1.31,-3.14,-5.1,-8.24,0.52,1,2026-05-08,-7.32,0.0,,unknown,2026-05-11,光学光电子,-1,1,0,0
E005-2026-05-06,2026-05-06,2026-05-07,688499.SH,利元亨,电力设备,2.49,3.85,4.89,,6,17838.31,PET铜箔、储能、光伏、氢能源、电池、钙钛矿电池,-4.48,-6.5,0.14,-1.25,2.28,9,2026-05-20,-0.83,2.69,,unknown,2026-05-20,电池,0,1,0,1
E005-2026-05-06,2026-05-06,2026-05-07,603618.SH,杭电股份,电力设备,10.01,8.1,28.49,,7,19499.54,PET铜箔、储能、光伏、光纤、特高压、电网设备、风电,18.27,10.53,12.87,17.75,24.5,9,2026-05-20,-5.99,10.0,,unknown,2026-05-19,电网设备,1,2,0,1
E005-2026-05-06,2026-05-06,2026-05-07,603659.SH,璞泰来,电力设备,2.48,25.84,12.61,,5,24810.99,PET铜箔、储能、氢能源、电池、芯片,-7.1,-10.04,-11.52,-11.32,-4.98,1,2026-05-08,-4.56,-3.77,,unknown,2026-05-11,氢能源,-1,1,0,0
E005-2026-05-06,2026-05-06,2026-05-07,600237.SH,XD铜峰电,电子,2.48,1.82,3.35,,6,11810.31,PET铜箔、元件、光伏、可控核聚变、风电、高压快充,2.5,-1.63,-2.61,3.04,8.79,11,2026-05-22,0.0,1.21,,unknown,2026-05-22,元件,0,1,0,1
E005-2026-05-06,2026-05-06,2026-05-07,688392.SH,XD骄成超,电力设备,-0.17,3.75,-0.33,,5,21366.16,PET铜箔、先进封装、液冷服务器、电池、芯片,13.54,13.03,14.08,9.65,23.87,9,2026-05-20,-12.99,1.75,,unknown,2026-05-20,电池,0,1,0,1
E005-2026-05-06,2026-05-06,2026-05-07,003015.SZ,日久光电,电子,0.07,1.14,0.07,,2,1177.67,PET铜箔、光学光电子,-3.16,-3.89,-4.94,-8.77,0.0,1,2026-05-08,-7.12,0.07,,unknown,2026-05-11,光学光电子,-1,0,0,0
E005-2026-05-06,2026-05-06,2026-05-07,688147.SH,微导纳米,电力设备,-1.25,11.37,-1,20日新高,7,30769.45,TOPCON电池、先进封装、光伏、半导体、存储芯片、芯片、钙钛矿电池,1.45,8.4,5.81,9.74,22.83,9,2026-05-20,-15.73,3.59,,unknown,2026-05-20,半导体,0,1,0,1
E005-2026-05-06,2026-05-06,2026-05-07,688503.SH,聚和材料,电力设备,7.31,17.24,30.35,历史新高,6,22468.17,TOPCON电池、光伏、光伏设备、光刻胶、液冷服务器、芯片,0.66,0.86,-1.81,-3.58,2.79,9,2026-05-20,-6.63,2.31,,unknown,2026-05-20,光刻胶,0,2,0,1
E005-2026-05-06,2026-05-06,2026-05-07,300842.SZ,帝科股份,电力设备,4.63,11.38,15.62,20日新高,6,23752.89,TOPCON电池、光伏、光伏设备、存储芯片、芯片、钙钛矿电池,-0.94,-2.83,-1.23,-6.15,1.85,2,2026-05-11,-2.76,1.02,,unknown,2026-05-11,TOPCON电池,0,1,0,1
E005-2026-05-06,2026-05-06,2026-05-07,002079.SZ,苏州固锝,电力设备,2.05,9.51,6.32,20日新高,7,29883.4,TOPCON电池、储能、先进封装、光伏、光伏设备、芯片、钙钛矿电池,4.54,5.7,4.54,1.65,6.94,2,2026-05-11,-2.89,1.42,,unknown,2026-05-11,TOPCON电池,0,1,0,1
E005-2026-05-06,2026-05-06,2026-05-07,002309.SZ,中利集团,电力设备,7.23,22.65,34.41,,7,19301.43,TOPCON电池、储能、光伏、光纤、电网设备、钙钛矿电池、风电,0.21,10.71,-7.71,-19.27,10.71,5,2026-05-14,-28.69,1.52,,unknown,2026-05-13,电网设备,1,2,0,1
E005-2026-05-06,2026-05-06,2026-05-07,603398.SH,*ST沐邦,电力设备,4.98,0.21,2.28,,3,6062.07,TOPCON电池、光伏、光伏设备,8.53,3.79,7.29,8.53,11.44,8,2026-05-19,-4.01,4.97,,unknown,2026-05-20,光伏设备,-1,1,0,0
E005-2026-05-06,2026-05-06,2026-05-07,688726.SH,拉普拉斯,电力设备,4.92,14.17,18.52,,5,19609.31,TOPCON电池、光伏、光伏设备、芯片、钙钛矿电池,3.26,3.32,2.63,-9.44,5.66,2,2026-05-11,-5.68,7.61,,unknown,2026-05-11,TOPCON电池,0,2,0,1
E005-2026-05-06,2026-05-06,2026-05-07,688472.SH,阿特斯,电力设备,1.04,13.12,3.77,20日新高,5,13994.25,TOPCON电池、储能、光伏、光伏设备、钙钛矿电池,7.21,6.24,3.33,-2.56,7.21,3,2026-05-12,-7.14,-1.03,,unknown,2026-05-11,TOPCON电池,1,1,0,1
E005-2026-05-06,2026-05-06,2026-05-07,688599.SH,天合光能,电力设备,3.34,12.81,11.95,20日新高,7,17962.19,TOPCON电池、储能、光伏、光伏设备、氢能源、虚拟电厂、钙钛矿电池,1.29,0.5,-4.47,-7.83,2.46,4,2026-05-13,-7.33,-0.33,,unknown,2026-05-13,虚拟电厂,0,1,0,1
E005-2026-05-06,2026-05-06,2026-05-07,300118.SZ,东方日升,电力设备,0.0,11.4,0.0,20日新高,5,13994.25,TOPCON电池、储能、光伏、光伏设备、钙钛矿电池,1.47,3.05,-1.74,-9.08,5.44,4,2026-05-13,-13.65,3.66,,unknown,2026-05-11,TOPCON电池,2,1,0,0
E005-2026-05-06,2026-05-06,2026-05-07,688516.SH,奥特维,电力设备,3.24,15.95,12.94,20日新高,7,31448.39,TOPCON电池、储能、光伏、光伏设备、共封装光学(CPO)、芯片、钙钛矿电池,-0.32,2.07,-9.83,-12.18,2.07,5,2026-05-14,-12.7,3.21,,unknown,2026-05-19,钙钛矿电池,-3,1,0,0
E005-2026-05-06,2026-05-06,2026-05-07,002865.SZ,钧达股份,电力设备,1.51,13.09,5.46,20日新高,4,6967.14,TOPCON电池、光伏、光伏设备、钙钛矿电池,18.43,14.28,13.39,11.29,21.0,2,2026-05-11,-7.74,7.18,,unknown,2026-05-11,钙钛矿电池,0,1,0,1
E005-2026-05-06,2026-05-06,2026-05-07,300393.SZ,中来股份,电力设备,10.08,10.47,32.62,20日新高,5,8073.85,TOPCON电池、光伏、光伏设备、虚拟电厂、钙钛矿电池,5.49,3.78,-2.4,-12.36,6.87,4,2026-05-13,-18.71,4.58,,unknown,2026-05-13,虚拟电厂,0,2,0,1
E005-2026-05-06,2026-05-06,2026-05-07,300820.SZ,英杰电气,电力设备,0.53,3.36,0.97,20日新高,6,29058.86,TOPCON电池、储能、光伏、可控核聚变、氢能源、芯片,8.94,16.86,32.73,34.44,44.06,9,2026-05-20,-8.96,1.45,,unknown,2026-05-11,可控核聚变,7,1,0,0
E005-2026-05-06,2026-05-06,2026-05-07,688560.SH,明冠新材,电力设备,3.79,1.61,4.81,,4,13089.18,TOPCON电池、储能、光伏、光伏设备,-3.73,-3.68,-7.86,-11.6,-1.64,1,2026-05-08,-6.17,0.97,,unknown,2026-05-11,TOPCON电池,-1,1,0,0
E005-2026-05-06,2026-05-06,2026-05-07,688678.SH,福立旺,电子,0.63,5.87,1.53,120日新高,3,6376.7,TOPCON电池、光伏、消费电子,-1.89,-2.21,1.58,-1.85,2.96,1,2026-05-08,-4.69,6.2,,unknown,2026-05-11,消费电子,-1,1,0,0
E005-2026-05-06,2026-05-06,2026-05-07,603396.SH,金辰股份,电力设备,1.28,1.28,1.45,,5,9828.37,TOPCON电池、光伏、光伏设备、氢能源、钙钛矿电池,1.53,2.67,-1.28,-5.75,2.67,5,2026-05-14,-5.5,2.74,,unknown,2026-05-19,钙钛矿电池,-3,1,0,0
E005-2026-05-06,2026-05-06,2026-05-07,002129.SZ,TCL中环,电力设备,2.77,8.23,7.95,,4,18704.24,TOPCON电池、光伏、光伏设备、芯片,8.58,13.88,5.64,2.93,15.01,4,2026-05-13,-9.37,-0.45,,unknown,2026-05-11,TOPCON电池,2,1,0,0
E005-2026-05-06,2026-05-06,2026-05-07,002056.SZ,横店东磁,电力设备,3.48,6.29,8.73,,6,16855.48,TOPCON电池、储能、光伏、光伏设备、氢能源、钙钛矿电池,-0.35,0.05,-0.66,-0.05,3.19,11,2026-05-22,0.0,0.71,,unknown,2026-05-20,光伏设备,2,1,0,0
E005-2026-05-06,2026-05-06,2026-05-07,600151.SH,航天机电,电力设备,4.62,12.82,16.54,20日新高,3,6062.07,TOPCON电池、光伏、光伏设备,-1.72,-4.1,-0.86,-1.32,4.37,9,2026-05-20,-3.9,-0.4,,unknown,2026-05-20,光伏设备,0,2,0,1
E005-2026-05-06,2026-05-06,2026-05-07,300080.SZ,易成新能,电力设备,0.67,0.99,0.67,,4,13089.18,TOPCON电池、储能、光伏、光伏设备,-1.77,10.84,4.2,-7.96,10.84,5,2026-05-14,-16.59,-0.22,,unknown,2026-05-11,TOPCON电池,3,1,0,0
E005-2026-05-06,2026-05-06,2026-05-07,300345.SZ,华民股份,电力设备,1.86,1.09,1.94,,4,13089.18,TOPCON电池、储能、光伏、光伏设备,3.34,3.34,-0.29,-8.56,6.53,2,2026-05-11,-13.35,5.03,,unknown,2026-05-11,TOPCON电池,0,1,0,1
E005-2026-05-06,2026-05-06,2026-05-07,688429.SH,时创能源,电力设备,0.71,0.38,0.44,,3,6062.07,TOPCON电池、光伏、光伏设备,-0.35,2.35,-2.7,-8.37,2.35,5,2026-05-14,-8.09,1.4,,unknown,2026-05-11,TOPCON电池,3,1,0,0
E005-2026-05-06,2026-05-06,2026-05-07,688223.SH,晶科能源,电力设备,0.9,12.04,3.12,,5,13994.25,TOPCON电池、储能、光伏、光伏设备、钙钛矿电池,9.76,9.02,-0.44,-6.66,12.57,4,2026-05-13,-13.46,0.75,,unknown,2026-05-11,TOPCON电池,2,1,0,0
E005-2026-05-06,2026-05-06,2026-05-07,002506.SZ,协鑫集成,电力设备,3.78,15.69,14.97,,5,13994.25,TOPCON电池、储能、光伏、光伏设备、钙钛矿电池,-3.14,9.87,-2.47,-15.7,9.87,5,2026-05-14,-23.99,1.59,,unknown,2026-05-19,钙钛矿电池,-3,1,0,0
E005-2026-05-06,2026-05-06,2026-05-07,603212.SH,赛伍技术,电力设备,2.04,2.49,3.22,,9,34195.15,TOPCON电池、储能、先进封装、光伏、光伏设备、芯片、钙钛矿电池、风电、高压快充,3.78,4.98,3.78,-1.4,6.38,4,2026-05-13,-4.48,2.07,,unknown,2026-05-11,TOPCON电池,2,1,0,0
E005-2026-05-06,2026-05-06,2026-05-07,002459.SZ,晶澳科技,电力设备,0.37,6.49,0.94,,6,17169.25,TOPCON电池、储能、光伏、光伏设备、钙钛矿电池、风电,2.39,0.74,-5.52,-10.96,2.95,4,2026-05-13,-12.43,-0.46,,unknown,2026-05-11,TOPCON电池,2,1,0,0
E005-2026-05-06,2026-05-06,2026-05-07,300051.SZ,琏升科技,电力设备,1.76,3.17,3.13,,5,13994.25,TOPCON电池、储能、光伏、光伏设备、钙钛矿电池,-2.15,-9.18,-8.16,-20.86,-2.15,1,2026-05-08,-19.9,0.24,,unknown,2026-05-11,TOPCON电池,-1,1,0,0
E005-2026-05-06,2026-05-06,2026-05-07,000821.SZ,ST京机,电力设备,-0.1,1.19,-0.11,,5,13994.25,TOPCON电池、储能、光伏、光伏设备、钙钛矿电池,1.23,0.19,-9.49,-8.16,3.13,4,2026-05-13,-9.58,2.43,,unknown,2026-05-11,TOPCON电池,2,1,0,0
E005-2026-05-06,2026-05-06,2026-05-07,600732.SH,爱旭股份,电力设备,-2.67,8.72,-1,,4,9237.07,TOPCON电池、光伏、光伏设备、风电,-1.21,-5.05,-12.79,-16.16,0.27,1,2026-05-08,-14.68,-0.8,,unknown,2026-05-11,TOPCON电池,-1,1,0,0
E005-2026-05-06,2026-05-06,2026-05-07,300716.SZ,*ST泉为,电力设备,-2.81,1.06,-1,,5,13994.25,TOPCON电池、储能、光伏、光伏设备、钙钛矿电池,27.62,25.1,27.01,13.39,30.3,2,2026-05-11,-14.0,-0.46,,unknown,2026-05-11,TOPCON电池,0,1,0,1
E005-2026-05-06,2026-05-06,2026-05-07,600438.SH,通威股份,电力设备,-0.06,9.83,-0.19,,6,26636.42,TOPCON电池、储能、光伏、光伏设备、芯片、钙钛矿电池,-2.86,-3.14,-8.12,-10.86,-1.54,1,2026-05-08,-6.4,0.75,,unknown,2026-05-11,TOPCON电池,-1,1,0,0
E005-2026-05-06,2026-05-06,2026-05-07,601012.SH,隆基绿能,电力设备,0.55,24.08,2.7,,6,16855.48,TOPCON电池、储能、光伏、光伏设备、氢能源、钙钛矿电池,0.91,-1.51,-8.52,-10.63,1.39,4,2026-05-13,-10.51,0.0,,unknown,2026-05-11,TOPCON电池,2,1,0,0
E005-2026-05-06,2026-05-06,2026-05-07,603185.SH,弘元绿能,电力设备,1.34,5.81,3.23,,4,13089.18,TOPCON电池、储能、光伏、光伏设备,-0.64,3.93,0.78,-6.34,3.93,5,2026-05-14,-9.45,-0.41,,unknown,2026-05-11,TOPCON电池,3,1,0,0
E005-2026-05-06,2026-05-06,2026-05-07,600537.SH,*ST亿晶,电力设备,-5.0,0.52,-1,,4,6967.14,TOPCON电池、光伏、光伏设备、钙钛矿电池,8.78,9.09,0.63,-1.25,9.09,5,2026-05-14,-10.34,4.93,,unknown,2026-05-19,钙钛矿电池,-3,1,0,0
E005-2026-05-06,2026-05-06,2026-05-07,300769.SZ,德方纳米,电力设备,11.4,49.43,80.15,2年新高,2,8754.22,储能、电池,-4.47,-7.12,-10.12,-8.36,-0.57,2,2026-05-11,-8.06,0.75,,unknown,2026-05-11,储能,0,2,0,1
E005-2026-05-06,2026-05-06,2026-05-07,600379.SH,宝光股份,电力设备,10.01,4.92,22.2,3年新高,7,28711.01,储能、氢能源、特高压、电网设备、芯片、虚拟电厂、风电,-3.7,6.11,-5.94,-25.43,6.11,5,2026-05-14,-30.25,-3.3,,unknown,2026-05-13,电网设备,1,2,0,1
E005-2026-05-06,2026-05-06,2026-05-07,002805.SZ,丰元股份,电力设备,10.02,16.59,40.81,3年新高,2,8754.22,储能、电池,1.22,0.2,-0.73,-6.69,11.34,4,2026-05-13,-16.07,-2.47,,unknown,2026-05-11,储能,2,2,0,0
E005-2026-05-06,2026-05-06,2026-05-07,300477.SZ,ST合纵,电力设备,-0.72,2.96,-1,20日新高,3,12427.98,储能、光伏、电网设备,12.95,18.71,0.36,0.72,18.71,5,2026-05-14,-16.91,1.46,,unknown,2026-05-13,电网设备,1,1,0,1
E005-2026-05-06,2026-05-06,2026-05-07,300656.SZ,民德电子,电子,15.38,3.66,29.42,20日新高,4,25696.04,储能、光伏、特高压、芯片,1.62,7.11,5.58,7.61,11.68,9,2026-05-20,-2.5,1.27,,unknown,2026-05-11,特高压,7,2,0,0
E005-2026-05-06,2026-05-06,2026-05-07,300438.SZ,鹏辉能源,电力设备,1.97,44.84,13.19,3年新高,4,10555.7,储能、电池、虚拟电厂、锂电池,-0.04,-5.82,-4.25,-5.12,3.06,9,2026-05-20,-8.28,1.82,,unknown,2026-05-20,电池,0,1,0,1
E005-2026-05-06,2026-05-06,2026-05-07,300390.SZ,天华新能,电力设备,3.8,95.98,37.23,历史新高,4,25539.97,储能、存储芯片、电池、芯片,-8.41,-13.11,-16.84,-20.14,-5.02,2,2026-05-11,-14.73,-3.16,,unknown,2026-05-11,存储芯片,0,2,0,1
E005-2026-05-06,2026-05-06,2026-05-07,301358.SZ,湖南裕能,电力设备,7.49,52.73,54.39,历史新高,2,8754.22,储能、电池,-5.06,-11.01,-12.11,-13.77,-5.06,3,2026-05-12,-8.94,-3.53,,unknown,2026-05-11,储能,1,2,0,1
E005-2026-05-06,2026-05-06,2026-05-07,688390.SH,固德威,电力设备,1.54,17.61,6.46,2年新高,4,13483.36,储能、光伏、光伏设备、虚拟电厂,6.57,5.76,13.27,23.8,29.93,9,2026-05-20,-1.61,0.52,,unknown,2026-05-20,光伏设备,0,1,0,1
E005-2026-05-06,2026-05-06,2026-05-07,603050.SH,科林电气,电力设备,8.85,5.28,20.34,20日新高,5,14671.44,储能、光伏、电网设备、虚拟电厂、高压快充,0.33,2.3,-2.14,-5.51,3.9,2,2026-05-11,-9.53,3.05,,unknown,2026-05-11,高压快充,0,2,0,1
E005-2026-05-06,2026-05-06,2026-05-07,002902.SZ,铭普光磁,通信,4.61,12.39,16.23,,6,32190.42,储能、光伏、共封装光学(CPO)、芯片、通信设备、铜缆高速连接,13.04,18.94,17.88,8.76,21.47,4,2026-05-13,-12.16,3.46,,unknown,2026-05-11,通信设备,2,1,0,0
E005-2026-05-06,2026-05-06,2026-05-07,300843.SZ,胜蓝股份,电子,1.18,7.74,3.28,,5,13156.47,储能、消费电子、液冷服务器、铜缆高速连接、高压快充,3.93,11.69,12.32,7.66,23.21,9,2026-05-20,-9.45,4.25,,unknown,2026-05-19,高压快充,1,1,0,1
E005-2026-05-06,2026-05-06,2026-05-07,002709.SZ,天赐材料,电力设备,5.77,107.43,59.81,3年新高,2,8754.22,储能、电池,-6.7,-11.61,-10.88,-8.11,-5.16,2,2026-05-11,-2.36,-1.88,,unknown,2026-05-11,储能,0,2,0,1
E005-2026-05-06,2026-05-06,2026-05-07,601126.SH,四方股份,电力设备,6.78,25.9,34.5,历史新高,8,21464.17,储能、光伏、氢能源、特高压、电网设备、虚拟电厂、雅下水电、风电,22.28,22.24,38.88,34.77,42.71,9,2026-05-20,-6.83,1.25,,unknown,2026-05-19,电网设备,1,2,0,1
E005-2026-05-06,2026-05-06,2026-05-07,688719.SH,爱科赛博,电力设备,10.01,3.68,19.2,历史新高,2,8078.51,储能、可控核聚变,14.67,13.85,11.7,12.26,18.48,9,2026-05-20,-0.18,2.0,,unknown,2026-05-11,可控核聚变,7,2,0,0
E005-2026-05-06,2026-05-06,2026-05-07,603063.SH,禾望电气,电力设备,10.0,18.51,43.02,历史新高,4,17827.76,储能、光伏、氢能源、风电,10.82,21.28,14.09,12.02,21.89,4,2026-05-13,-7.35,5.14,,unknown,2026-05-11,风电,2,2,0,0
E005-2026-05-06,2026-05-06,2026-05-07,002484.SZ,江海股份,电子,5.42,23.44,26.24,历史新高,3,9207.88,储能、元件、可控核聚变,0.8,4.32,21.25,26.16,37.5,11,2026-05-22,0.0,8.83,,unknown,2026-05-22,元件,0,2,0,1
E005-2026-05-06,2026-05-06,2026-05-07,688411.SH,海博思创,电力设备,4.1,20.7,18.65,20日新高,1,7027.11,储能,-2.63,-6.18,-1.2,-4.88,2.4,2,2026-05-11,-6.23,-2.11,,unknown,2026-05-11,储能,0,2,0,1
E005-2026-05-06,2026-05-06,2026-05-07,300670.SZ,大烨智能,电力设备,2.21,1.28,2.5,20日新高,3,10838.56,储能、电网设备、风电,-3.11,-1.08,-3.11,-10.55,-0.27,1,2026-05-08,-4.6,-0.14,,unknown,2026-05-11,电网设备,-1,1,0,0
E005-2026-05-06,2026-05-06,2026-05-07,600884.SH,杉杉股份,电力设备,6.25,40.39,39.72,3年新高,4,14142.94,储能、光伏、光学光电子、电池,-5.12,-9.36,-10.59,-14.89,-1.77,1,2026-05-08,-10.65,-3.96,,unknown,2026-05-11,光学光电子,-1,2,0,0
E005-2026-05-06,2026-05-06,2026-05-07,301210.SZ,金杨精密,电力设备,5.64,3.04,9.83,20日新高,3,9448.99,储能、电池、锂电池,2.03,0.0,6.51,3.0,7.69,11,2026-05-22,0.0,0.34,,unknown,2026-05-20,电池,2,1,0,0
E005-2026-05-06,2026-05-06,2026-05-07,300870.SZ,欧陆通,电力设备,0.32,21.03,1.47,历史新高,3,14988.06,储能、光伏、液冷服务器,-0.24,6.56,6.49,-1.1,11.3,4,2026-05-13,-7.29,-2.46,,unknown,2026-05-11,液冷服务器,2,1,0,0
E005-2026-05-06,2026-05-06,2026-05-07,688130.SH,晶华微,电子,-1.14,1.44,-1,120日新高,3,24023.98,储能、半导体、芯片,-0.66,1.66,8.77,3.31,12.82,9,2026-05-20,-7.07,1.34,,unknown,2026-05-20,半导体,0,1,0,1
E005-2026-05-06,2026-05-06,2026-05-07,600885.SH,宏发股份,电力设备,7.35,19.47,32.43,60日新高,4,15602.98,储能、光伏、电网设备、风电,-2.83,-4.94,-6.35,1.32,1.32,10,2026-05-21,0.0,-0.63,,unknown,2026-05-19,电网设备,2,2,0,0
E005-2026-05-06,2026-05-06,2026-05-07,600152.SH,维科技术,电力设备,1.62,22.36,7.66,,3,9448.99,储能、电池、锂电池,-5.89,-11.98,-13.37,-17.34,1.99,1,2026-05-08,-15.35,0.13,,unknown,2026-05-11,储能,-1,1,0,0
E005-2026-05-06,2026-05-06,2026-05-07,300582.SZ,英飞特,电子,1.2,2.44,1.87,,2,7651.41,储能、光学光电子,2.22,7.31,15.8,7.7,19.65,8,2026-05-19,-10.97,0.52,,unknown,2026-05-11,光学光电子,6,0,0,0
E005-2026-05-06,2026-05-06,2026-05-07,688141.SH,杰华特,电子,3.35,30.01,18.35,历史新高,3,24023.98,储能、半导体、芯片,14.17,7.31,-1.68,-1.45,14.17,3,2026-05-12,-14.12,0.48,,unknown,2026-05-11,半导体,1,2,0,1
E005-2026-05-06,2026-05-06,2026-05-07,002851.SZ,麦格米特,电力设备,0.1,37.07,0.61,,6,30434.97,储能、光伏、芯片、英伟达、风电、高压快充,1.89,8.25,1.56,-5.13,12.08,4,2026-05-13,-14.25,2.22,,unknown,2026-05-13,英伟达,0,1,0,1
E005-2026-05-06,2026-05-06,2026-05-07,300153.SZ,科泰电源,电力设备,-0.63,12.46,-1,,1,7027.11,储能,-2.71,1.05,3.12,-8.85,6.3,4,2026-05-13,-11.81,-0.13,,unknown,2026-05-11,储能,2,0,0,0
E005-2026-05-06,2026-05-06,2026-05-07,688717.SH,艾罗能源,电力设备,-0.8,8.31,-1,,4,13483.36,储能、光伏、光伏设备、虚拟电厂,-1.84,-2.07,1.94,1.66,8.19,9,2026-05-20,-7.08,0.7,,unknown,2026-05-20,光伏设备,0,1,0,1
E005-2026-05-06,2026-05-06,2026-05-07,301152.SZ,天力锂能,电力设备,3.01,4.36,6.29,60日新高,3,21396.39,储能、电池、芯片,-4.83,-7.35,-7.18,-13.19,-1.72,1,2026-05-08,-8.96,-0.43,,unknown,2026-05-11,储能,-1,1,0,0
E005-2026-05-06,2026-05-06,2026-05-07,002812.SZ,恩捷股份,电力设备,5.55,43.23,36.49,2年新高,2,8754.22,储能、电池,-2.22,-11.17,-11.62,-10.58,-2.22,3,2026-05-12,-11.9,-2.56,,unknown,2026-05-11,储能,1,2,0,1
E005-2026-05-06,2026-05-06,2026-05-07,002706.SZ,良信股份,电力设备,1.47,8.48,4.28,20日新高,4,15602.98,储能、光伏、电网设备、风电,3.73,4.66,6.94,6.94,14.14,8,2026-05-19,-5.25,0.6,,unknown,2026-05-19,电网设备,0,1,0,1
E005-2026-05-06,2026-05-06,2026-05-07,300222.SZ,科大智能,电力设备,10.54,7.11,28.1,20日新高,5,14671.44,储能、光伏、电网设备、虚拟电厂、高压快充,-1.56,-2.03,7.19,10.09,17.75,9,2026-05-20,-7.19,3.31,,unknown,2026-05-19,高压快充,1,2,0,1
E005-2026-05-06,2026-05-06,2026-05-07,301275.SZ,汉朔科技,电子,0.33,4.9,0.73,,3,24433.7,储能、光伏、芯片,4.72,-1.32,2.18,4.83,8.14,8,2026-05-19,-5.21,0.33,,unknown,2026-05-11,储能,6,1,0,0
E005-2026-05-06,2026-05-06,2026-05-07,001301.SZ,尚太科技,电力设备,1.46,5.63,3.46,20日新高,2,8754.22,储能、电池,-4.8,-3.96,-6.45,8.12,8.12,10,2026-05-21,-0.67,-4.88,,unknown,2026-05-20,电池,1,1,0,1
E005-2026-05-06,2026-05-06,2026-05-07,301516.SZ,中远通,电力设备,2.92,2.47,4.59,1年新高,4,15789.51,储能、光伏、氢能源、高压快充,-3.72,-2.11,-1.19,-4.96,3.76,8,2026-05-19,-6.01,2.93,,unknown,2026-05-19,高压快充,0,1,0,1
E005-2026-05-06,2026-05-06,2026-05-07,301031.SZ,中熔电气,电子,-0.42,8.12,-1,,4,16103.28,储能、光伏、风电、高压快充,-0.76,5.32,6.82,2.89,11.39,11,2026-05-22,0.0,0.23,,unknown,2026-05-19,高压快充,3,1,0,0
E005-2026-05-06,2026-05-06,2026-05-07,603679.SH,华体科技,电子,1.47,0.83,1.34,20日新高,3,8758.12,储能、光学光电子、虚拟电厂,3.61,15.73,13.99,7.48,15.73,5,2026-05-14,-1.87,2.24,,unknown,2026-05-13,虚拟电厂,1,1,0,1
E005-2026-05-06,2026-05-06,2026-05-07,688005.SH,容百科技,电力设备,9.59,25.97,48.87,2年新高,2,8754.22,储能、电池,-2.14,-7.53,-10.52,-10.52,1.85,1,2026-05-08,-10.91,0.58,,unknown,2026-05-11,储能,-1,2,0,0
E005-2026-05-06,2026-05-06,2026-05-07,002388.SZ,新亚制程,电子,2.95,1.46,3.56,20日新高,2,11791.53,储能、光伏,-1.62,-3.6,-2.7,-8.09,0.54,1,2026-05-08,-4.86,-0.36,,unknown,2026-05-11,储能,-1,1,0,0
E005-2026-05-06,2026-05-06,2026-05-07,688275.SH,万润新能,电力设备,3.5,19.1,15.3,,2,8754.22,储能、电池,4.12,-3.25,-5.29,-6.3,4.12,3,2026-05-12,-8.9,-4.8,,unknown,2026-05-11,储能,1,0,0,1
E005-2026-05-06,2026-05-06,2026-05-07,688551.SH,科威尔,电力设备,7.78,2.32,11.85,,4,27294.93,储能、光伏、氢能源、芯片,19.88,33.01,26.97,22.09,34.64,8,2026-05-19,-5.9,4.94,,unknown,2026-05-11,氢能源,6,1,0,0
E005-2026-05-06,2026-05-06,2026-05-07,301329.SZ,信音电子,电子,2.42,1.89,3.33,60日新高,4,14772.13,储能、光伏、光纤、消费电子,1.66,2.63,1.12,1.62,4.56,11,2026-05-22,0.0,0.08,,unknown,2026-05-13,消费电子,7,1,0,0
E005-2026-05-06,2026-05-06,2026-05-07,002340.SZ,格林美,电力设备,2.3,33.68,13.35,,3,11615.45,储能、氢能源、电池,-4.49,-5.48,-8.32,-11.61,1.31,1,2026-05-08,-10.73,-2.35,,unknown,2026-05-11,氢能源,-1,1,0,0
E005-2026-05-06,2026-05-06,2026-05-07,300491.SZ,通合科技,电力设备,5.12,3.22,9.19,,2,8163.86,储能、高压快充,2.35,3.33,2.64,-3.51,7.34,4,2026-05-13,-7.7,1.99,,unknown,2026-05-11,高压快充,2,0,0,0
E005-2026-05-06,2026-05-06,2026-05-07,002202.SZ,金风科技,电力设备,1.42,85.6,13.14,20日新高,4,14325.68,储能、氢能源、特高压、风电,-4.18,-8.54,-9.38,-13.11,0.11,1,2026-05-08,-11.56,1.86,,unknown,2026-05-11,特高压,-1,1,0,0
E005-2026-05-06,2026-05-06,2026-05-07,301139.SZ,*ST元道,通信,4.1,1.32,4.71,,2,11791.53,储能、光伏,-20.43,-49.06,-67.39,-64.1,-0.54,1,2026-05-08,-66.68,-1.33,,unknown,2026-05-11,储能,-1,0,0,0
E005-2026-05-06,2026-05-06,2026-05-07,300617.SZ,安靠智电,电力设备,8.9,11.13,29.69,20日新高,6,17972.03,储能、光伏、特高压、电网设备、虚拟电厂、风电,-1.93,-4.1,-5.71,-12.06,2.38,4,2026-05-13,-8.61,2.37,,unknown,2026-05-13,电网设备,0,2,0,1
E005-2026-05-06,2026-05-06,2026-05-07,002491.SZ,通鼎互联,通信,8.04,25.12,40.3,,3,11156.38,储能、光纤、通信设备,33.12,31.26,26.14,15.76,43.5,4,2026-05-13,-22.1,10.02,,unknown,2026-05-11,光纤,2,2,0,0
E005-2026-05-06,2026-05-06,2026-05-07,688248.SH,南网科技,电力设备,11.98,6.18,29.78,20日新高,4,14170.05,储能、氢能源、虚拟电厂、风电,3.69,-3.07,0.96,-3.68,3.69,3,2026-05-12,-5.52,1.32,,unknown,2026-05-13,虚拟电厂,-1,2,0,0
E005-2026-05-06,2026-05-06,2026-05-07,300568.SZ,星源材质,电力设备,6.03,18.35,25.83,60日新高,4,24257.62,储能、氢能源、电池、芯片,6.74,-3.72,-3.6,3.2,6.74,3,2026-05-12,-0.76,-1.26,,unknown,2026-05-11,氢能源,1,2,0,1
E005-2026-05-06,2026-05-06,2026-05-07,002245.SZ,蔚蓝锂芯,电力设备,10.02,25.51,50.61,3年新高,4,22091.16,储能、电池、芯片、锂电池,0.88,18.0,23.53,-17.96,23.53,7,2026-05-18,-33.26,-0.53,,unknown,2026-05-20,电池,-2,2,0,0
E005-2026-05-06,2026-05-06,2026-05-07,605117.SH,德业股份,电力设备,5.72,24.37,28.24,历史新高,3,12376.65,储能、光伏、光伏设备,2.9,-2.05,3.21,9.27,9.95,9,2026-05-20,-31.75,-3.08,,unknown,2026-05-20,光伏设备,0,2,0,1
E005-2026-05-06,2026-05-06,2026-05-07,002885.SZ,京泉华,电子,7.26,10.32,23.32,60日新高,3,12928.28,储能、光伏、高压快充,4.85,21.37,25.14,32.4,45.63,11,2026-05-22,0.0,9.99,,unknown,2026-05-19,高压快充,3,2,0,0
E005-2026-05-06,2026-05-06,2026-05-07,301086.SZ,鸿富瀚,电子,4.03,5.92,9.81,历史新高,3,11123.39,储能、消费电子、液冷服务器,2.97,10.7,11.7,12.78,18.2,11,2026-05-22,0.0,2.33,,unknown,2026-05-13,消费电子,7,1,0,0
E005-2026-05-06,2026-05-06,2026-05-07,000695.SZ,滨海能源,电力设备,2.52,2.25,3.78,,3,13518.64,储能、光伏、电池,-5.34,-6.18,-4.16,0.0,5.34,9,2026-05-20,-0.46,-3.27,,unknown,2026-05-20,电池,0,1,0,1
E005-2026-05-06,2026-05-06,2026-05-07,002227.SZ,*ST特迅,电力设备,-1.94,0.85,-1,,5,13707.91,储能、特高压、虚拟电厂、风电、高压快充,6.68,5.3,3.8,-1.96,6.68,3,2026-05-12,-7.49,0.81,,unknown,2026-05-13,虚拟电厂,-1,1,0,0
E005-2026-05-06,2026-05-06,2026-05-07,688681.SH,科汇股份,电力设备,0.88,0.82,0.8,20日新高,4,10032.61,储能、特高压、电网设备、虚拟电厂,-1.09,-3.38,-3.38,-6.75,0.95,2,2026-05-11,-4.71,2.34,,unknown,2026-05-11,特高压,0,1,0,1
E005-2026-05-06,2026-05-06,2026-05-07,300073.SZ,当升科技,电力设备,2.7,20.85,12.33,60日新高,2,8754.22,储能、电池,-3.04,-7.58,-8.07,-8.01,-1.56,1,2026-05-08,-4.03,-2.41,,unknown,2026-05-11,储能,-1,1,0,0
E005-2026-05-06,2026-05-06,2026-05-07,301291.SZ,明阳电气,电力设备,2.68,8.72,7.91,,5,18464.21,储能、光伏、氢能源、电网设备、风电,-9.05,-16.89,-17.63,-12.89,-4.02,1,2026-05-08,-7.19,2.43,,unknown,2026-05-11,电网设备,-1,1,0,0
E005-2026-05-06,2026-05-06,2026-05-07,002855.SZ,捷荣技术,电子,-0.95,0.73,-0.81,,3,11101.86,储能、消费电子、风电,0.16,-1.28,-0.72,-5.19,2.72,1,2026-05-08,-5.51,0.48,,unknown,2026-05-11,消费电子,-1,1,0,0
E005-2026-05-06,2026-05-06,2026-05-07,002364.SZ,中恒电气,电力设备,10.0,31.22,55.87,,6,16569.14,储能、氢能源、特高压、虚拟电厂、风电、高压快充,-4.97,5.27,6.18,6.2,14.19,8,2026-05-19,-1.68,3.19,,unknown,2026-05-19,高压快充,0,2,0,1
E005-2026-05-06,2026-05-06,2026-05-07,002857.SZ,三晖电气,电力设备,-0.73,0.99,-0.73,,3,8770.27,储能、电网设备、虚拟电厂,2.36,0.59,0.77,-3.76,4.49,2,2026-05-11,-5.94,0.96,,unknown,2026-05-11,虚拟电厂,0,1,0,1
E005-2026-05-06,2026-05-06,2026-05-07,002580.SZ,圣阳股份,电力设备,8.37,33.42,48.39,,3,11950.75,储能、液冷服务器、电池,14.24,4.71,-11.57,-10.03,16.35,4,2026-05-13,-29.15,0.44,,unknown,2026-05-11,液冷服务器,2,2,0,0
E005-2026-05-06,2026-05-06,2026-05-07,300490.SZ,华自科技,电力设备,1.36,6.26,3.4,,5,17209.99,储能、光伏、虚拟电厂、风电、高压快充,-2.69,-1.27,-5.29,-16.94,0.1,4,2026-05-13,-14.83,1.29,,unknown,2026-05-13,虚拟电厂,0,1,0,1
E005-2026-05-06,2026-05-06,2026-05-07,301012.SZ,扬电科技,电力设备,4.03,5.51,9.46,,3,12427.98,储能、光伏、电网设备,-0.43,-0.76,0.68,8.7,12.36,9,2026-05-20,-0.54,0.68,,unknown,2026-05-19,电网设备,1,1,0,1
E005-2026-05-06,2026-05-06,2026-05-07,301238.SZ,瑞泰新材,电力设备,2.6,4.64,5.6,60日新高,3,9890.97,储能、电池、高压快充,-1.97,-4.88,-6.18,-3.18,2.33,11,2026-05-22,0.0,-2.32,,unknown,2026-05-20,电池,2,1,0,0
E005-2026-05-06,2026-05-06,2026-05-07,002090.SZ,金智科技,电力设备,0.27,0.95,0.26,,5,14806.5,储能、氢能源、电网设备、虚拟电厂、风电,0.53,-0.62,-1.06,-4.93,2.46,4,2026-05-13,-5.19,0.89,,unknown,2026-05-13,电网设备,0,1,0,1
E005-2026-05-06,2026-05-06,2026-05-07,301439.SZ,泓淋电力,电力设备,1.76,1.24,1.96,20日新高,4,9696.64,储能、电网设备、铜缆高速连接、高压快充,1.49,1.73,2.33,-1.67,4.06,4,2026-05-13,-2.39,-0.06,,unknown,2026-05-13,电网设备,0,1,0,1
E005-2026-05-06,2026-05-06,2026-05-07,002606.SZ,大连电瓷,电力设备,3.73,8.84,11.09,,4,10032.61,储能、特高压、电网设备、虚拟电厂,9.08,5.28,0.9,-3.73,10.88,4,2026-05-13,-4.96,3.33,,unknown,2026-05-13,虚拟电厂,0,1,0,1
E005-2026-05-06,2026-05-06,2026-05-07,603333.SH,尚纬股份,电力设备,1.3,2.5,2.06,,5,16865.32,储能、光伏、特高压、电网设备、风电,-0.12,2.93,7.75,13.38,19.37,9,2026-05-20,-7.63,-0.35,,unknown,2026-05-19,电网设备,1,1,0,1
E005-2026-05-06,2026-05-06,2026-05-07,688063.SH,派能科技,电力设备,4.65,11.65,15.87,,3,9448.99,储能、电池、锂电池,-1.91,-6.62,1.17,-6.4,4.39,9,2026-05-20,-7.48,-1.55,,unknown,2026-05-20,电池,0,1,0,1
E005-2026-05-06,2026-05-06,2026-05-07,000021.SZ,深科技,电子,5.13,38.97,32.02,20日新高,7,33878.27,储能、先进封装、共封装光学(CPO)、存储芯片、消费电子、芯片、虚拟电厂,2.44,8.88,17.41,15.31,20.01,9,2026-05-20,-0.38,2.67,,unknown,2026-05-20,存储芯片,0,2,0,1
E005-2026-05-06,2026-05-06,2026-05-07,688707.SH,振华新材,电力设备,7.81,7.3,21.1,,2,8754.22,储能、电池,-2.8,-7.38,-7.95,-6.41,0.29,1,2026-05-08,-6.06,-1.85,,unknown,2026-05-11,储能,-1,1,0,0
E005-2026-05-06,2026-05-06,2026-05-07,688339.SH,亿华通-U,电力设备,0.38,2.35,0.58,20日新高,3,11615.45,储能、氢能源、电池,0.27,6.1,1.51,-7.03,6.1,4,2026-05-13,-9.46,-1.37,,unknown,2026-05-11,氢能源,2,1,0,0
E005-2026-05-06,2026-05-06,2026-05-07,301307.SZ,美利信,通信,4.9,8.17,14.01,历史新高,4,24914.23,储能、液冷服务器、芯片、通信设备,7.39,10.35,6.96,12.94,20.94,9,2026-05-20,-9.98,9.66,,unknown,2026-05-11,液冷服务器,7,1,0,0
E005-2026-05-06,2026-05-06,2026-05-07,301606.SZ,绿联科技,电子,1.2,4.07,2.42,,2,7926.86,储能、消费电子,4.29,9.64,7.69,2.56,9.97,4,2026-05-13,-7.57,-2.2,,unknown,2026-05-13,消费电子,0,0,0,1
E005-2026-05-06,2026-05-06,2026-05-07,300919.SZ,中伟新材,电力设备,2.23,17.32,9.28,3年新高,2,8754.22,储能、电池,-5.0,-7.99,-11.58,-14.27,-2.8,2,2026-05-11,-10.71,-2.41,,unknown,2026-05-11,储能,0,1,0,1
E005-2026-05-06,2026-05-06,2026-05-07,002560.SZ,通达股份,电力设备,3.07,15.28,12.0,,6,17496.23,储能、光伏、特高压、电网设备、雅下水电、风电,2.74,-27.71,-37.11,-42.84,2.74,3,2026-05-12,-43.65,6.22,,unknown,2026-05-12,电网设备,0,1,0,1
E005-2026-05-06,2026-05-06,2026-05-07,300513.SZ,恒实科技,通信,0.22,0.75,0.19,20日新高,4,25540.41,储能、光伏、芯片、虚拟电厂,-0.75,-0.75,0.43,-4.74,2.8,8,2026-05-19,-5.6,1.98,,unknown,2026-05-19,虚拟电厂,0,1,0,1
E005-2026-05-06,2026-05-06,2026-05-07,300772.SZ,运达股份,电力设备,3.7,5.11,8.36,,3,13063.34,储能、氢能源、风电,-1.72,-2.49,-3.02,-5.69,0.71,1,2026-05-08,-5.04,0.36,,unknown,2026-05-11,氢能源,-1,1,0,0
E005-2026-05-06,2026-05-06,2026-05-07,300976.SZ,达瑞电子,电子,2.39,2.74,3.96,60日新高,5,28529.98,储能、光伏、消费电子、液冷服务器、芯片,2.97,11.89,15.13,17.53,26.67,8,2026-05-19,-7.22,2.41,,unknown,2026-05-13,消费电子,4,1,0,0
E005-2026-05-06,2026-05-06,2026-05-07,300953.SZ,震裕科技,电力设备,4.26,16.6,17.36,历史新高,3,9448.99,储能、电池、锂电池,-2.19,-5.97,2.06,4.62,7.24,11,2026-05-22,0.0,3.81,,unknown,2026-05-20,电池,2,2,0,0
E005-2026-05-06,2026-05-06,2026-05-07,605066.SH,天正电气,电力设备,-0.62,1.2,-0.68,,4,15602.98,储能、光伏、电网设备、风电,-2.74,-5.23,-2.86,-8.59,-0.5,8,2026-05-19,-6.6,0.25,,unknown,2026-05-19,电网设备,0,1,0,1
E005-2026-05-06,2026-05-06,2026-05-07,300932.SZ,三友联众,电力设备,2.64,1.97,3.71,20日新高,3,12427.98,储能、光伏、电网设备,-30.96,-33.74,-33.48,-35.75,-30.12,1,2026-05-08,-3.1,4.81,,unknown,2026-05-11,电网设备,-1,1,0,0
E005-2026-05-06,2026-05-06,2026-05-07,002296.SZ,辉煌科技,通信,3.89,2.46,6.1,20日新高,2,9075.53,储能、通信设备,1.02,-2.21,-2.97,-8.06,2.29,2,2026-05-11,-8.82,0.43,,unknown,2026-05-11,通信设备,0,1,0,1
E005-2026-05-06,2026-05-06,2026-05-07,300909.SZ,汇创达,电子,-1.58,1.61,-1,20日新高,2,7651.41,储能、光学光电子,-0.76,0.86,1.56,-2.9,4.08,6,2026-05-15,-4.35,3.08,,unknown,2026-05-11,光学光电子,4,1,0,0
E005-2026-05-06,2026-05-06,2026-05-07,600072.SH,中船科技,电力设备,1.17,7.48,3.2,,3,13063.34,储能、氢能源、风电,-0.66,-0.15,-5.09,-7.01,2.58,4,2026-05-13,-10.18,-2.1,,unknown,2026-05-11,氢能源,2,1,0,0
E005-2026-05-06,2026-05-06,2026-05-07,301226.SZ,祥明智能,电力设备,1.84,1.83,2.49,,4,27608.7,储能、光伏、芯片、风电,4.13,2.12,2.39,-5.08,5.08,4,2026-05-13,-9.51,2.21,,unknown,2026-05-11,风电,2,1,0,0
E005-2026-05-06,2026-05-06,2026-05-07,002369.SZ,卓翼科技,电子,1.5,1.19,1.64,20日新高,2,7926.86,储能、消费电子,-1.88,-1.47,-2.41,-9.12,0.8,1,2026-05-08,-6.97,0.13,,unknown,2026-05-11,消费电子,-1,1,0,0
E005-2026-05-06,2026-05-06,2026-05-07,300274.SZ,阳光电源,电力设备,2.27,102.1,22.94,20日新高,6,19519.59,储能、光伏、光伏设备、氢能源、虚拟电厂、风电,0.25,-3.2,9.14,18.55,19.86,9,2026-05-20,-1.93,-0.73,,unknown,2026-05-20,光伏设备,0,2,0,1
E005-2026-05-06,2026-05-06,2026-05-07,688567.SH,孚能科技,电力设备,3.3,3.0,5.72,20日新高,4,10585.74,储能、电池、锂电池、高压快充,-3.58,-6.54,-3.79,1.83,3.3,11,2026-05-22,0.0,-1.04,,unknown,2026-05-20,电池,2,1,0,0
E005-2026-05-06,2026-05-06,2026-05-07,300062.SZ,中能电气,电力设备,2.09,1.46,2.53,,4,13564.73,储能、光伏、电网设备、高压快充,6.74,4.71,3.69,2.16,11.96,4,2026-05-13,-13.23,0.38,,unknown,2026-05-13,电网设备,0,1,0,1
E005-2026-05-06,2026-05-06,2026-05-07,002451.SZ,摩恩电气,电力设备,3.36,1.6,4.25,,4,15602.98,储能、光伏、电网设备、风电,2.32,-1.51,-2.02,-11.0,3.73,4,2026-05-13,-12.92,0.61,,unknown,2026-05-13,电网设备,0,1,0,1
E005-2026-05-06,2026-05-06,2026-05-07,688116.SH,天奈科技,电力设备,1.14,6.98,3.01,20日新高,3,9890.97,储能、电池、高压快充,-5.33,-6.14,-0.56,-0.58,2.3,9,2026-05-20,-3.44,-0.83,,unknown,2026-05-20,电池,0,1,0,1
E005-2026-05-06,2026-05-06,2026-05-07,300510.SZ,金冠股份,电力设备,1.2,0.74,1.03,,6,15933.78,储能、光伏、特高压、电网设备、虚拟电厂、高压快充,1.19,-0.24,-0.24,-7.14,4.29,4,2026-05-13,-9.52,-0.71,,unknown,2026-05-13,电网设备,0,1,0,1
E005-2026-05-06,2026-05-06,2026-05-07,002350.SZ,北京科锐,电力设备,2.84,3.53,5.34,,8,21970.01,储能、光伏、氢能源、特高压、电网设备、虚拟电厂、风电、高压快充,4.33,4.08,3.7,-1.0,10.72,4,2026-05-13,-10.28,10.0,,unknown,2026-05-13,电网设备,0,1,0,1
E005-2026-05-06,2026-05-06,2026-05-07,002313.SZ,日海智能,通信,4.99,4.06,10.05,60日新高,3,12272.06,储能、液冷服务器、通信设备,-1.67,-0.59,-0.29,-5.49,0.69,8,2026-05-19,-3.53,1.09,,unknown,2026-05-11,液冷服务器,6,1,0,0
E005-2026-05-06,2026-05-06,2026-05-07,301051.SZ,信濠光电,电子,-0.51,1.08,-0.53,,2,7926.86,储能、消费电子,4.56,5.01,-0.57,5.9,7.94,4,2026-05-13,-1.18,5.23,,unknown,2026-05-13,消费电子,0,0,0,1
E005-2026-05-06,2026-05-06,2026-05-07,301328.SZ,维峰电子,电子,1.79,1.38,2.1,3年新高,3,12687.86,储能、光伏、铜缆高速连接,22.14,27.72,21.16,27.35,32.45,11,2026-05-22,0.0,2.86,,unknown,2026-05-11,铜缆高速连接,9,1,0,0
E005-2026-05-06,2026-05-06,2026-05-07,688616.SH,西力科技,电力设备,-0.83,0.52,-0.6,20日新高,2,7663.56,储能、电网设备,-1.17,-2.14,-1.94,-7.12,0.9,2,2026-05-11,-4.98,0.91,,unknown,2026-05-11,电网设备,0,1,0,1
E005-2026-05-06,2026-05-06,2026-05-07,300423.SZ,昇辉科技,电力设备,2.55,0.81,2.29,,7,20622.32,储能、光伏、可控核聚变、氢能源、电网设备、虚拟电厂、风电,-1.24,-4.45,-5.32,-14.59,0.87,1,2026-05-08,-12.98,0.75,,unknown,2026-05-11,可控核聚变,-1,1,0,0
E005-2026-05-06,2026-05-06,2026-05-07,002112.SZ,三变科技,电力设备,3.82,4.51,8.11,,4,15602.98,储能、光伏、电网设备、风电,3.34,0.71,-3.86,-11.61,8.56,4,2026-05-13,-18.19,1.72,,unknown,2026-05-13,电网设备,0,1,0,1
E005-2026-05-06,2026-05-06,2026-05-07,301023.SZ,奕帆传动,电力设备,1.13,0.7,0.95,,3,13053.87,储能、光伏、特高压,1.77,-0.21,8.05,13.77,19.21,11,2026-05-22,0.0,2.07,,unknown,2026-05-11,特高压,9,1,0,0
E005-2026-05-06,2026-05-06,2026-05-07,301163.SZ,宏德股份,电力设备,0.65,0.82,0.59,,2,10202.11,储能、风电,1.71,-3.01,-2.19,-9.31,6.59,2,2026-05-11,-12.39,1.51,,unknown,2026-05-11,储能,0,0,0,1
E005-2026-05-06,2026-05-06,2026-05-07,603989.SH,艾华集团,电子,2.11,2.2,3.13,,4,12489.76,储能、元件、液冷服务器、高压快充,-0.85,-3.44,3.63,21.71,33.87,11,2026-05-22,0.0,4.68,,unknown,2026-05-22,元件,0,1,0,1
E005-2026-05-06,2026-05-06,2026-05-07,300444.SZ,双杰电气,电力设备,6.34,15.6,25.04,,7,19108.78,储能、光伏、特高压、电网设备、虚拟电厂、风电、高压快充,3.98,-1.31,-3.62,-13.61,5.53,4,2026-05-13,-16.93,0.36,,unknown,2026-05-13,电网设备,0,2,0,1
E005-2026-05-06,2026-05-06,2026-05-07,300827.SZ,上能电气,电力设备,1.82,12.22,6.36,,5,16289.28,储能、光伏、光伏设备、可控核聚变、氢能源,2.33,-1.53,0.52,-2.93,5.29,4,2026-05-13,-7.29,0.1,,unknown,2026-05-11,可控核聚变,2,1,0,0
E005-2026-05-06,2026-05-06,2026-05-07,300046.SZ,台基股份,电子,1.95,3.06,3.41,20日新高,5,30050.74,储能、光伏、半导体、特高压、芯片,1.03,4.61,6.98,-0.76,6.98,7,2026-05-18,-4.8,0.24,,unknown,2026-05-15,半导体,1,1,0,1
E005-2026-05-06,2026-05-06,2026-05-07,300787.SZ,海能实业,电子,-0.28,0.77,-0.25,,2,7926.86,储能、消费电子,-1.08,-1.98,-2.96,-5.66,0.36,2,2026-05-11,-2.88,2.3,,unknown,2026-05-11,消费电子,0,0,0,1
E005-2026-05-06,2026-05-06,2026-05-07,605222.SH,起帆电缆,电力设备,-4.37,11.92,-1,历史新高,6,17916.72,储能、光伏、可控核聚变、特高压、电网设备、风电,16.15,12.46,4.19,3.34,18.5,4,2026-05-13,-15.04,1.5,,unknown,2026-05-13,电网设备,0,1,0,1
E005-2026-05-06,2026-05-06,2026-05-07,002681.SZ,奋达科技,电子,1.92,2.15,2.82,,3,8478.93,储能、星闪、消费电子,-1.29,1.84,0.92,-0.18,7.35,11,2026-05-22,0.0,2.26,,unknown,2026-05-13,消费电子,7,1,0,0
E005-2026-05-06,2026-05-06,2026-05-07,300916.SZ,朗特智能,电子,0.08,2.05,0.11,60日新高,2,7926.86,储能、消费电子,1.57,-3.5,0.99,1.77,3.5,2,2026-05-11,-7.62,2.46,,unknown,2026-05-11,消费电子,0,1,0,1
E005-2026-05-06,2026-05-06,2026-05-07,600268.SH,国电南自,电力设备,4.21,5.3,9.69,,6,13838.52,储能、特高压、电网设备、虚拟电厂、雅下水电、风电,2.8,-0.25,-2.86,-12.21,5.85,4,2026-05-13,-16.92,0.77,,unknown,2026-05-13,电网设备,0,1,0,1
E005-2026-05-06,2026-05-06,2026-05-07,300014.SZ,亿纬锂能,电力设备,4.06,80.77,36.49,60日新高,4,12310.22,储能、氢能源、电池、锂电池,-5.18,-9.07,-9.3,-10.95,-2.44,2,2026-05-11,-7.91,-4.94,,unknown,2026-05-11,氢能源,0,2,0,1
E005-2026-05-06,2026-05-06,2026-05-07,301658.SZ,首航新能,电力设备,0.93,3.4,1.71,,3,12376.65,储能、光伏、光伏设备,-4.63,-6.27,-4.39,-7.56,1.01,1,2026-05-08,-6.04,0.21,,unknown,2026-05-11,储能,-1,1,0,0
E005-2026-05-06,2026-05-06,2026-05-07,600847.SH,万里股份,电力设备,0.14,0.73,0.12,,2,8754.22,储能、电池,-1.61,2.34,13.12,12.65,18.61,9,2026-05-20,-7.1,1.01,,unknown,2026-05-20,电池,0,0,0,1
E005-2026-05-06,2026-05-06,2026-05-07,002358.SZ,森源电气,电力设备,2.43,2.37,3.74,,6,18002.07,储能、光伏、特高压、电网设备、风电、高压快充,1.04,-2.61,-3.78,-13.82,3.26,4,2026-05-13,-15.78,1.05,,unknown,2026-05-13,电网设备,0,1,0,1
E005-2026-05-06,2026-05-06,2026-05-07,002660.SZ,茂硕电源,电子,-0.45,0.57,-0.34,20日新高,3,12691.28,储能、光伏、消费电子,-0.45,-0.67,-0.56,-5.92,1.01,2,2026-05-11,-4.13,0.56,,unknown,2026-05-11,消费电子,0,1,0,1
E005-2026-05-06,2026-05-06,2026-05-07,688345.SH,博力威,电力设备,6.0,2.82,10.08,,3,9448.99,储能、电池、锂电池,-4.3,5.11,-3.12,-1.63,6.39,8,2026-05-19,-6.04,-2.17,,unknown,2026-05-20,电池,-1,1,0,0
E005-2026-05-06,2026-05-06,2026-05-07,301002.SZ,崧盛股份,电力设备,1.67,3.66,3.19,3年新高,3,12415.83,储能、光伏、光学光电子,6.61,22.49,8.43,14.65,22.49,5,2026-05-14,-10.1,4.74,,unknown,2026-05-11,光学光电子,3,1,0,0
E005-2026-05-06,2026-05-06,2026-05-07,688611.SH,杭州柯林,电力设备,7.52,1.39,8.87,历史新高,8,32487.85,储能、光伏、存储芯片、特高压、电网设备、芯片、虚拟电厂、钙钛矿电池,10.59,6.25,5.46,11.1,11.1,10,2026-05-21,-1.21,0.28,,unknown,2026-05-20,存储芯片,1,1,0,1
E005-2026-05-06,2026-05-06,2026-05-07,300750.SZ,宁德时代,电力设备,5.5,216.8,80.98,历史新高,3,9448.99,储能、电池、锂电池,-4.51,-5.46,-7.62,-8.86,-1.22,2,2026-05-11,-7.74,-1.82,,unknown,2026-05-11,储能,0,2,0,1
E005-2026-05-06,2026-05-06,2026-05-07,002801.SZ,微光股份,电力设备,0.77,0.92,0.74,,1,7027.11,储能,-0.84,-3.11,-0.54,1.9,4.86,11,2026-05-22,0.0,1.28,,unknown,2026-05-11,储能,9,0,0,0
E005-2026-05-06,2026-05-06,2026-05-07,301587.SZ,中瑞股份,电力设备,2.52,2.98,4.35,,3,9448.99,储能、电池、锂电池,-4.14,-9.2,-4.35,-8.76,-1.22,11,2026-05-22,0.0,-0.94,,unknown,2026-05-20,电池,2,1,0,0
E005-2026-05-06,2026-05-06,2026-05-07,600405.SH,动力源,电力设备,0.95,0.58,0.72,,4,15789.51,储能、光伏、氢能源、高压快充,-4.35,-4.16,-6.81,-11.91,-0.76,1,2026-05-08,-8.88,0.0,,unknown,2026-05-11,高压快充,-1,1,0,0
E005-2026-05-06,2026-05-06,2026-05-07,603906.SH,龙蟠科技,电力设备,1.3,23.6,6.32,,4,14811.98,储能、氢能源、液冷服务器、电池,-6.74,-11.9,-12.66,-7.28,-4.68,1,2026-05-08,-4.87,-5.95,,unknown,2026-05-11,液冷服务器,-1,1,0,0
E005-2026-05-06,2026-05-06,2026-05-07,003043.SZ,华亚智能,电子,-0.35,2.58,-0.56,,4,24560.61,储能、光刻机、半导体、芯片,5.0,2.61,6.55,8.79,15.46,9,2026-05-20,-1.82,-1.13,,unknown,2026-05-20,半导体,0,1,0,1
E005-2026-05-06,2026-05-06,2026-05-07,300660.SZ,江苏雷利,电力设备,1.9,2.77,3.16,,3,22865.81,储能、液冷服务器、芯片,0.25,-1.33,7.77,7.4,8.49,11,2026-05-22,0.0,2.22,,unknown,2026-05-11,液冷服务器,9,1,0,0
E005-2026-05-06,2026-05-06,2026-05-07,688662.SH,富信科技,电子,-3.15,4.6,-1,,3,24481.25,储能、共封装光学(CPO)、芯片,9.07,2.61,14.99,13.24,23.87,9,2026-05-20,-9.8,10.82,,unknown,2026-05-11,芯片,7,1,0,0
E005-2026-05-06,2026-05-06,2026-05-07,600089.SH,特变电工,电力设备,3.58,59.3,27.57,,7,19103.24,储能、光伏、特高压、虚拟电厂、雅下水电、风电、高压快充,4.1,-0.14,-3.74,-6.8,4.78,4,2026-05-13,-11.19,0.07,,unknown,2026-05-13,虚拟电厂,0,2,0,1
E005-2026-05-06,2026-05-06,2026-05-07,300457.SZ,赢合科技,电力设备,1.72,8.47,5.01,20日新高,3,11615.45,储能、氢能源、电池,0.76,-4.58,-4.03,-4.82,1.62,11,2026-05-22,0.0,-1.56,,unknown,2026-05-20,电池,2,1,0,0
E005-2026-05-06,2026-05-06,2026-05-07,688517.SH,金冠电气,电力设备,1.06,0.83,0.97,,4,10062.65,储能、特高压、电网设备、高压快充,2.34,2.12,-0.13,-2.21,5.15,2,2026-05-11,-3.76,5.43,,unknown,2026-05-11,特高压,0,1,0,1
E005-2026-05-06,2026-05-06,2026-05-07,002249.SZ,大洋电机,电力设备,1.07,4.78,2.34,,3,13063.34,储能、氢能源、风电,-0.31,-1.67,3.85,2.6,5.94,8,2026-05-19,-3.44,1.27,,unknown,2026-05-11,氢能源,6,1,0,0
E005-2026-05-06,2026-05-06,2026-05-07,301202.SZ,朗威股份,通信,4.21,1.56,5.26,20日新高,4,14352.91,储能、光纤、液冷服务器、通信设备,-1.92,-2.86,-2.98,-6.43,1.33,2,2026-05-11,-5.01,5.37,,unknown,2026-05-11,光纤,0,1,0,1
E005-2026-05-06,2026-05-06,2026-05-07,601727.SH,上海电气,电力设备,0.87,12.85,3.12,,7,21248.21,储能、光伏、可控核聚变、氢能源、特高压、虚拟电厂、风电,4.17,7.98,10.67,6.5,12.15,4,2026-05-13,-2.45,0.0,,unknown,2026-05-13,虚拟电厂,0,1,0,1
E005-2026-05-06,2026-05-06,2026-05-07,603988.SH,中电电机,电力设备,2.33,1.51,2.86,,2,10202.11,储能、风电,-0.12,-5.05,-7.15,-14.52,3.11,1,2026-05-08,-17.01,1.02,,unknown,2026-05-11,储能,-1,0,0,0
E005-2026-05-06,2026-05-06,2026-05-07,688261.SH,东微半导,电子,1.96,4.36,4.09,20日新高,6,33121.68,储能、光伏、半导体、液冷服务器、芯片、高压快充,8.95,17.09,10.04,2.24,17.09,5,2026-05-14,-13.42,1.47,,unknown,2026-05-15,半导体,-1,1,0,0
E005-2026-05-06,2026-05-06,2026-05-07,603206.SH,嘉环科技,通信,3.73,1.13,3.97,,1,7027.11,储能,0.69,0.75,10.14,16.82,21.14,8,2026-05-19,-11.46,0.81,,unknown,2026-05-11,储能,6,0,0,0
E005-2026-05-06,2026-05-06,2026-05-07,002402.SZ,和而泰,电子,2.05,15.77,8.14,,2,19669.28,储能、芯片,-0.88,-3.54,-4.09,-8.27,1.36,2,2026-05-11,-7.75,2.23,,unknown,2026-05-11,储能,0,0,0,1
E005-2026-05-06,2026-05-06,2026-05-07,300050.SZ,世纪鼎利,通信,-1.1,3.17,-1,,1,7027.11,储能,6.74,9.22,10.32,-2.61,11.14,8,2026-05-19,-10.04,0.69,,unknown,2026-05-11,储能,6,0,0,0
E005-2026-05-06,2026-05-06,2026-05-07,600563.SH,法拉电子,电子,3.92,11.66,13.39,,5,15319.99,储能、元件、光伏、特高压、高压快充,1.53,5.43,8.1,27.58,40.34,11,2026-05-22,0.0,1.21,,unknown,2026-05-22,元件,0,1,0,1
E005-2026-05-06,2026-05-06,2026-05-07,601877.SH,正泰电器,电力设备,1.25,11.96,4.32,,5,16709.69,储能、光伏、电网设备、虚拟电厂、风电,-0.18,1.27,-2.84,-7.0,4.37,4,2026-05-13,-12.1,0.03,,unknown,2026-05-13,电网设备,0,1,0,1
E005-2026-05-06,2026-05-06,2026-05-07,300432.SZ,富临精工,电力设备,-0.46,15.9,-1,,1,7027.11,储能,-0.76,-11.55,-13.0,-10.43,-0.76,3,2026-05-12,-10.14,-1.04,,unknown,2026-05-11,储能,1,0,0,1
E005-2026-05-06,2026-05-06,2026-05-07,600580.SH,卧龙电驱,电力设备,1.74,13.67,6.43,,3,13063.34,储能、氢能源、风电,2.4,-1.47,3.62,2.86,3.95,8,2026-05-19,0.0,2.65,,unknown,2026-05-11,氢能源,6,1,0,0
E005-2026-05-06,2026-05-06,2026-05-07,688032.SH,禾迈股份,电力设备,2.12,2.08,3.06,,3,12376.65,储能、光伏、光伏设备,-4.55,-4.56,-3.58,-7.4,1.16,1,2026-05-08,-6.8,0.5,,unknown,2026-05-11,储能,-1,1,0,0
E005-2026-05-06,2026-05-06,2026-05-07,688772.SH,珠海冠宇,电力设备,2.05,10.64,6.69,,4,10056.14,储能、华为手机、电池、锂电池,-5.81,-7.9,-3.95,-4.07,2.75,11,2026-05-22,0.0,-1.42,,unknown,2026-05-20,电池,2,1,0,0
E005-2026-05-06,2026-05-06,2026-05-07,603381.SH,永臻股份,电力设备,-1.82,1.39,-1,,4,15573.18,储能、光伏、光伏设备、液冷服务器,1.02,-0.53,-4.29,-9.98,2.13,4,2026-05-13,-8.26,3.16,,unknown,2026-05-11,液冷服务器,2,1,0,0
E005-2026-05-06,2026-05-06,2026-05-07,300693.SZ,盛弘股份,电力设备,7.12,14.3,26.92,,3,9270.57,储能、虚拟电厂、高压快充,21.1,23.67,15.31,11.07,34.7,4,2026-05-13,-21.56,3.8,,unknown,2026-05-13,虚拟电厂,0,2,0,1
E005-2026-05-06,2026-05-06,2026-05-07,300185.SZ,通裕重工,电力设备,1.89,4.8,4.14,,2,10202.11,储能、风电,-1.49,-2.39,-5.67,-12.24,1.79,4,2026-05-13,-13.73,3.72,,unknown,2026-05-11,储能,2,0,0,0
E005-2026-05-06,2026-05-06,2026-05-07,002169.SZ,智光电气,电力设备,0.38,3.36,0.7,,6,27439.2,储能、光伏、特高压、电网设备、芯片、虚拟电厂,2.49,8.16,13.61,34.54,42.63,11,2026-05-22,0.0,0.61,,unknown,2026-05-19,电网设备,3,1,0,0
E005-2026-05-06,2026-05-06,2026-05-07,300286.SZ,安科瑞,电力设备,2.07,1.37,2.42,,3,8770.27,储能、电网设备、虚拟电厂,0.91,0.99,-1.5,2.92,16.59,11,2026-05-22,0.0,2.55,,unknown,2026-05-19,虚拟电厂,3,1,0,0
E005-2026-05-06,2026-05-06,2026-05-07,600312.SH,平高电气,电力设备,1.46,7.2,3.92,,4,12100.9,储能、特高压、电网设备、风电,1.49,0.09,-1.76,-5.04,5.58,4,2026-05-13,-9.86,-0.31,,unknown,2026-05-13,电网设备,0,1,0,1
E005-2026-05-06,2026-05-06,2026-05-07,002981.SZ,朝阳科技,电子,0.49,0.74,0.42,,2,7926.86,储能、消费电子,4.41,2.75,2.07,3.2,6.16,11,2026-05-22,0.0,-0.04,,unknown,2026-05-13,消费电子,7,0,0,0
E005-2026-05-06,2026-05-06,2026-05-07,603312.SH,西典新能,电力设备,3.82,0.99,3.8,,4,15602.98,储能、光伏、电网设备、风电,-4.51,-5.69,-3.4,-4.56,0.37,9,2026-05-20,-2.09,-1.0,,unknown,2026-05-19,电网设备,1,1,0,1
E005-2026-05-06,2026-05-06,2026-05-07,301609.SZ,山大电力,电力设备,3.01,1.01,3.03,,4,10032.61,储能、特高压、电网设备、虚拟电厂,5.54,4.98,8.18,2.09,12.71,8,2026-05-19,-8.92,0.92,,unknown,2026-05-19,虚拟电厂,0,1,0,1
E005-2026-05-06,2026-05-06,2026-05-07,002452.SZ,长高电新,电力设备,2.28,3.18,4.07,,5,16865.32,储能、光伏、特高压、电网设备、风电,0.98,-1.52,3.49,0.98,6.54,8,2026-05-19,-3.22,-0.36,,unknown,2026-05-19,电网设备,0,1,0,1
E005-2026-05-06,2026-05-06,2026-05-07,300565.SZ,科信技术,通信,1.02,1.34,1.18,,4,14352.91,储能、光纤、液冷服务器、通信设备,-0.15,14.51,18.59,7.11,18.59,7,2026-05-18,-7.11,3.04,,unknown,2026-05-11,光纤,5,1,0,0
E005-2026-05-06,2026-05-06,2026-05-07,601179.SH,中国西电,电力设备,3.01,33.03,17.3,,7,30558.89,储能、光伏、可控核聚变、特高压、电网设备、芯片、风电,9.71,0.63,-2.17,-7.89,9.71,3,2026-05-12,-16.86,0.4,,unknown,2026-05-12,电网设备,0,2,0,1
E005-2026-05-06,2026-05-06,2026-05-07,301179.SZ,泽宇智能,电力设备,4.45,3.09,7.82,,6,17972.03,储能、光伏、特高压、电网设备、虚拟电厂、风电,5.52,2.44,0.0,-1.8,11.36,8,2026-05-19,-10.36,3.39,,unknown,2026-05-19,电网设备,0,1,0,1
E005-2026-05-06,2026-05-06,2026-05-07,600416.SH,湘电股份,电力设备,2.99,3.89,5.9,20日新高,2,10202.11,储能、风电,0.55,-2.97,-6.18,-7.74,2.35,2,2026-05-11,-0.86,0.39,,unknown,2026-05-11,储能,0,1,0,1
E005-2026-05-06,2026-05-06,2026-05-07,300939.SZ,秋田微,电子,2.04,1.79,2.73,,2,7651.41,储能、光学光电子,11.57,14.95,18.5,30.39,39.61,11,2026-05-22,0.0,3.47,,unknown,2026-05-11,光学光电子,9,0,0,0
E005-2026-05-06,2026-05-06,2026-05-07,603556.SH,海兴电力,电力设备,3.73,2.17,5.49,,3,12427.98,储能、光伏、电网设备,0.81,-3.58,-5.56,-6.21,1.75,2,2026-05-11,-9.01,-0.47,,unknown,2026-05-11,电网设备,0,1,0,1
E005-2026-05-06,2026-05-06,2026-05-07,688663.SH,新风光,电力设备,0.03,3.0,0.05,,5,16654.38,储能、光伏、可控核聚变、电网设备、风电,11.83,28.91,40.93,33.73,48.57,9,2026-05-20,-8.96,-0.37,,unknown,2026-05-19,电网设备,1,1,0,1
E005-2026-05-06,2026-05-06,2026-05-07,301278.SZ,快可电子,电力设备,2.42,0.93,2.33,,4,13281.72,储能、光伏、光伏设备、钙钛矿电池,0.49,0.02,-1.62,-7.16,2.75,1,2026-05-08,-4.67,2.01,,unknown,2026-05-11,钙钛矿电池,-1,1,0,0
E005-2026-05-06,2026-05-06,2026-05-07,001382.SZ,新亚电缆,电力设备,1.65,0.85,1.52,,5,16865.32,储能、光伏、特高压、电网设备、风电,4.89,6.49,5.57,-1.02,11.19,4,2026-05-13,-10.75,1.28,,unknown,2026-05-13,电网设备,0,1,0,1
E005-2026-05-06,2026-05-06,2026-05-07,301361.SZ,众智科技,电力设备,2.2,0.73,1.88,,3,8770.27,储能、电网设备、虚拟电厂,9.62,3.66,14.97,18.81,21.96,11,2026-05-22,0.0,2.95,,unknown,2026-05-19,虚拟电厂,3,1,0,0
E005-2026-05-06,2026-05-06,2026-05-07,603191.SH,望变电气,电力设备,4.13,2.78,6.89,,5,16233.89,储能、光伏、电网设备、雅下水电、风电,0.92,-0.1,7.1,5.31,12.41,9,2026-05-20,-7.48,1.47,,unknown,2026-05-19,电网设备,1,1,0,1
E005-2026-05-06,2026-05-06,2026-05-07,002953.SZ,日丰股份,电力设备,1.01,0.74,0.87,,4,11975.31,储能、电网设备、风电、高压快充,-1.25,-4.82,-5.07,-9.64,0.42,1,2026-05-08,-8.23,0.59,,unknown,2026-05-11,高压快充,-1,1,0,0
E005-2026-05-06,2026-05-06,2026-05-07,002630.SZ,*ST华西,电力设备,2.51,1.63,3.2,,1,7027.11,储能,1.03,1.03,0.51,-5.64,3.59,6,2026-05-15,-10.26,-4.41,,unknown,2026-05-11,储能,4,0,0,0
E005-2026-05-06,2026-05-06,2026-05-07,002339.SZ,积成电子,电力设备,3.34,1.96,4.68,,7,19108.78,储能、光伏、特高压、电网设备、虚拟电厂、风电、高压快充,-1.17,-2.93,-4.3,-12.4,2.15,4,2026-05-13,-12.01,0.2,,unknown,2026-05-13,电网设备,0,1,0,1
E005-2026-05-06,2026-05-06,2026-05-07,603633.SH,徕木股份,电子,1.81,1.21,1.99,,1,7027.11,储能,-4.12,-4.0,-4.12,-9.78,0.47,1,2026-05-08,-5.65,0.71,,unknown,2026-05-11,储能,-1,0,0,0
E005-2026-05-06,2026-05-06,2026-05-07,301157.SZ,华塑科技,电力设备,2.82,2.51,4.47,,2,10223.64,储能、液冷服务器,5.4,16.83,4.44,-1.74,16.83,5,2026-05-14,-16.18,3.68,,unknown,2026-05-11,液冷服务器,3,0,0,0
E005-2026-05-06,2026-05-06,2026-05-07,002729.SZ,好利科技,电子,-0.16,1.96,-0.22,,3,14966.53,储能、光伏、风电,-0.54,-6.03,4.15,-0.1,6.67,8,2026-05-19,-3.61,10.01,,unknown,2026-05-11,风电,6,1,0,0
E005-2026-05-06,2026-05-06,2026-05-07,000533.SZ,顺钠股份,电力设备,5.62,8.92,16.78,,5,16654.38,储能、光伏、可控核聚变、电网设备、风电,-3.59,3.02,-4.24,-13.07,6.03,4,2026-05-13,-17.59,4.42,,unknown,2026-05-13,电网设备,0,2,0,1
E005-2026-05-06,2026-05-06,2026-05-07,000400.SZ,许继电气,电力设备,2.74,7.13,7.32,,8,19846.41,储能、光伏、可控核聚变、氢能源、特高压、电网设备、虚拟电厂、高压快充,3.69,0.95,0.76,-1.33,5.4,4,2026-05-13,-6.77,1.55,,unknown,2026-05-13,电网设备,0,1,0,1
E005-2026-05-06,2026-05-06,2026-05-07,301120.SZ,新特电气,电力设备,3.67,2.24,5.49,,4,15602.98,储能、光伏、电网设备、风电,-0.87,0.05,-0.1,10.93,19.88,8,2026-05-19,-6.26,2.06,,unknown,2026-05-19,电网设备,0,1,0,1
E005-2026-05-06,2026-05-06,2026-05-07,600775.SH,南京熊猫,通信,4.05,4.04,8.14,,2,9075.53,储能、通信设备,0.3,-2.56,-4.6,-9.42,2.11,2,2026-05-11,-12.43,3.27,,unknown,2026-05-11,通信设备,0,0,0,1
E005-2026-05-06,2026-05-06,2026-05-07,301590.SZ,优优绿能,电力设备,3.21,1.24,3.57,,2,8163.86,储能、高压快充,4.78,13.66,9.28,6.0,19.96,6,2026-05-15,-11.3,0.08,,unknown,2026-05-19,高压快充,-2,0,0,0
E005-2026-05-06,2026-05-06,2026-05-07,300880.SZ,迦南智能,电力设备,2.37,1.87,3.24,,4,9907.02,储能、电网设备、虚拟电厂、高压快充,9.29,1.98,1.46,-9.21,10.67,4,2026-05-13,-17.81,1.57,,unknown,2026-05-13,虚拟电厂,0,1,0,1
E005-2026-05-06,2026-05-06,2026-05-07,301349.SZ,信德新材,电力设备,1.99,1.93,2.76,,5,16736.24,储能、光伏、光纤、电池、高压快充,7.11,-18.66,-20.57,-17.95,7.11,2,2026-05-11,-19.74,0.47,,unknown,2026-05-11,光纤,0,1,0,1
E005-2026-05-06,2026-05-06,2026-05-07,300292.SZ,吴通控股,通信,2.94,3.58,5.56,,3,13919.93,储能、光纤、共封装光学(CPO),26.85,23.06,16.22,3.6,26.85,3,2026-05-12,-19.28,5.51,,unknown,2026-05-11,光纤,1,1,0,1
E005-2026-05-06,2026-05-06,2026-05-07,688186.SH,广大特材,电力设备,5.32,2.37,8.19,,5,24526.59,储能、可控核聚变、芯片、雅下水电、风电,-2.27,-5.2,-7.99,-11.49,1.8,1,2026-05-08,-8.79,1.83,,unknown,2026-05-08,雅下水电,0,1,0,1
E005-2026-05-06,2026-05-06,2026-05-07,600478.SH,科力远,电力设备,1.71,5.9,4.15,,5,13416.93,储能、氢能源、电池、虚拟电厂、锂电池,-6.35,-9.26,-10.32,-13.36,-1.06,1,2026-05-08,-12.17,-2.07,,unknown,2026-05-11,氢能源,-1,1,0,0
E005-2026-05-06,2026-05-06,2026-05-07,300310.SZ,宜通世纪,通信,1.75,1.65,2.25,,3,16603.5,储能、光伏、共封装光学(CPO),8.16,3.4,2.72,8.84,8.84,10,2026-05-21,-4.42,1.03,,unknown,2026-05-11,储能,8,1,0,0
E005-2026-05-06,2026-05-06,2026-05-07,300173.SZ,ST福能,电力设备,0.0,0.45,0.0,,3,12001.2,储能、先进封装、电池,-1.67,-4.78,-2.39,-6.94,1.44,1,2026-05-08,-7.89,-2.34,,unknown,2026-05-11,先进封装,-1,1,0,0
E005-2026-05-06,2026-05-06,2026-05-07,300353.SZ,东土科技,通信,1.62,2.83,2.73,,5,25999.41,储能、芯片、虚拟电厂、通信设备、风电,1.93,-2.55,2.34,2.24,6.57,11,2026-05-22,0.0,1.8,,unknown,2026-05-19,虚拟电厂,3,1,0,0
E005-2026-05-06,2026-05-06,2026-05-07,605277.SH,新亚电子,电子,1.97,1.5,2.41,,5,16784.14,储能、光伏、消费电子、液冷服务器、铜缆高速连接,1.38,-0.63,-2.51,-8.33,2.51,4,2026-05-13,-6.61,2.66,,unknown,2026-05-13,消费电子,0,1,0,1
E005-2026-05-06,2026-05-06,2026-05-07,300890.SZ,翔丰华,电力设备,4.61,11.0,15.29,,2,8754.22,储能、电池,-3.72,-8.82,-10.13,-12.69,-0.57,1,2026-05-08,-10.43,-0.71,,unknown,2026-05-11,储能,-1,0,0,0
E005-2026-05-06,2026-05-06,2026-05-07,688348.SH,昱能科技,电力设备,-0.7,1.55,-0.87,,4,25018.82,储能、光伏、光伏设备、芯片,-1.83,-3.48,-5.83,-10.08,0.1,2,2026-05-11,-8.06,1.36,,unknown,2026-05-11,芯片,0,1,0,1
E005-2026-05-06,2026-05-06,2026-05-07,688779.SH,五矿新能,电力设备,3.52,7.84,9.86,,3,9890.97,储能、电池、高压快充,-7.87,-9.22,-10.31,-14.01,-3.62,1,2026-05-08,-8.86,-1.07,,unknown,2026-05-11,高压快充,-1,1,0,0
E005-2026-05-06,2026-05-06,2026-05-07,300648.SZ,星云股份,电力设备,0.65,1.14,0.69,,4,10997.68,储能、电池、虚拟电厂、高压快充,-3.15,-2.84,1.42,2.46,9.2,11,2026-05-22,0.0,1.95,,unknown,2026-05-20,电池,2,1,0,0
E005-2026-05-06,2026-05-06,2026-05-07,002623.SZ,亚玛顿,电力设备,0.99,1.06,1.02,,4,13281.72,储能、光伏、光伏设备、钙钛矿电池,10.74,10.14,1.06,-5.49,12.17,2,2026-05-11,-13.55,1.36,,unknown,2026-05-11,钙钛矿电池,0,1,0,1
E005-2026-05-06,2026-05-06,2026-05-07,300593.SZ,新雷能,电力设备,2.41,6.52,6.15,,2,19669.28,储能、芯片,-2.82,-1.21,3.93,0.2,12.0,11,2026-05-22,0.0,1.61,,unknown,2026-05-11,储能,9,0,0,0
E005-2026-05-06,2026-05-06,2026-05-07,002951.SZ,金时科技,电力设备,1.54,0.64,1.23,,2,10202.11,储能、风电,1.92,1.08,3.0,-6.71,3.0,7,2026-05-18,-6.95,10.02,,unknown,2026-05-11,储能,5,0,0,0
E005-2026-05-06,2026-05-06,2026-05-07,300301.SZ,ST长方,电子,-1.08,0.52,-0.78,,2,7651.41,储能、光学光电子,3.76,2.6,1.16,-0.29,5.78,1,2026-05-08,-6.94,-5.21,,unknown,2026-05-11,光学光电子,-1,0,0,0
E005-2026-05-06,2026-05-06,2026-05-07,688226.SH,威腾电气,电力设备,0.47,6.01,1.15,,5,20414.95,储能、光伏、共封装光学(CPO)、电网设备、风电,-0.31,3.75,5.4,0.05,11.6,9,2026-05-20,-7.27,4.23,,unknown,2026-05-19,电网设备,1,1,0,1
E005-2026-05-06,2026-05-06,2026-05-07,600406.SH,国电南瑞,电力设备,0.96,35.14,5.69,,8,30931.34,储能、光伏、氢能源、特高压、电网设备、芯片、虚拟电厂、雅下水电,1.74,3.14,0.19,-2.95,5.98,4,2026-05-13,-8.28,0.84,,unknown,2026-05-13,电网设备,0,1,0,1
E005-2026-05-06,2026-05-06,2026-05-07,002922.SZ,伊戈尔,电子,4.5,9.13,13.6,,3,12928.28,储能、光伏、高压快充,-3.02,3.66,0.35,-3.96,6.68,4,2026-05-13,-11.88,3.29,,unknown,2026-05-11,高压快充,2,1,0,0
E005-2026-05-06,2026-05-06,2026-05-07,002733.SZ,雄韬股份,电力设备,7.12,14.16,26.79,,3,11615.45,储能、氢能源、电池,-6.08,-10.29,-13.01,-16.24,-3.05,1,2026-05-08,-4.81,1.65,,unknown,2026-05-11,氢能源,-1,2,0,0
E005-2026-05-06,2026-05-06,2026-05-07,688711.SH,宏微科技,电子,0.59,2.07,0.85,,5,29839.8,储能、光伏、半导体、可控核聚变、芯片,8.07,22.39,11.76,15.74,27.01,9,2026-05-20,-7.78,3.49,,unknown,2026-05-20,半导体,0,1,0,1
E005-2026-05-06,2026-05-06,2026-05-07,600468.SH,百利电气,电力设备,2.82,2.33,4.3,,5,14751.19,储能、可控核聚变、氢能源、电网设备、风电,-0.25,-3.18,-5.48,-14.52,0.89,4,2026-05-13,-13.63,2.61,,unknown,2026-05-13,电网设备,0,1,0,1
E005-2026-05-06,2026-05-06,2026-05-07,688080.SH,映翰通,通信,0.83,0.93,0.8,,2,9075.53,储能、通信设备,-0.5,-0.87,0.92,-1.31,4.96,8,2026-05-19,-2.56,1.31,,unknown,2026-05-11,通信设备,6,0,0,0
E005-2026-05-06,2026-05-06,2026-05-07,300141.SZ,和顺电气,电力设备,1.26,0.68,1.04,,5,16425.96,储能、光伏、氢能源、电网设备、高压快充,1.13,-2.87,-2.79,-8.68,2.49,4,2026-05-13,-8.23,3.19,,unknown,2026-05-13,电网设备,0,1,0,1
E005-2026-05-06,2026-05-06,2026-05-07,002518.SZ,科士达,电力设备,1.33,6.92,3.5,,4,18163.06,储能、光伏、液冷服务器、风电,0.0,17.83,29.42,24.09,31.71,8,2026-05-19,-4.23,3.77,,unknown,2026-05-11,液冷服务器,6,1,0,0
E005-2026-05-06,2026-05-06,2026-05-07,000009.SZ,中国宝安,电力设备,1.04,3.74,2.01,,5,15948.73,储能、氢能源、液冷服务器、电池、高压快充,-2.09,-6.97,-8.94,-9.99,0.12,1,2026-05-08,-9.99,-1.49,,unknown,2026-05-11,高压快充,-1,1,0,0
E005-2026-05-06,2026-05-06,2026-05-07,688676.SH,金盘科技,电力设备,3.36,12.54,11.9,,5,16233.89,储能、光伏、电网设备、雅下水电、风电,-8.47,0.47,0.57,-2.12,6.74,9,2026-05-20,-6.4,5.15,,unknown,2026-05-19,电网设备,1,1,0,1
E005-2026-05-06,2026-05-06,2026-05-07,002533.SZ,金杯电工,电力设备,1.73,1.64,2.22,,8,19684.38,储能、光伏、可控核聚变、特高压、电网设备、雅下水电、风电、高压快充,-0.57,-1.86,1.36,-5.44,2.87,8,2026-05-19,-7.74,3.18,,unknown,2026-05-19,高压快充,0,1,0,1
E005-2026-05-06,2026-05-06,2026-05-07,600482.SH,中国动力,电力设备,2.83,20.07,12.68,,3,13063.34,储能、氢能源、风电,-3.51,0.1,-7.74,-9.82,6.13,4,2026-05-13,-14.26,-1.66,,unknown,2026-05-11,氢能源,2,1,0,0
E005-2026-05-06,2026-05-06,2026-05-07,603370.SH,华新精科,电力设备,1.51,0.27,0.78,,2,10223.64,储能、液冷服务器,2.23,-0.02,10.33,7.91,11.33,8,2026-05-19,-2.37,1.34,,unknown,2026-05-11,液冷服务器,6,0,0,0
E005-2026-05-06,2026-05-06,2026-05-07,600875.SH,东方电气,电力设备,4.18,43.04,27.42,,6,19510.07,储能、光伏、可控核聚变、氢能源、雅下水电、风电,-4.04,-4.09,-0.37,-9.97,1.82,4,2026-05-13,-11.96,-1.28,,unknown,2026-05-13,雅下水电,0,2,0,1
E005-2026-05-06,2026-05-06,2026-05-07,301082.SZ,久盛电气,电力设备,1.94,0.61,1.52,,4,9851.71,储能、可控核聚变、电网设备、高压快充,-0.55,-2.85,-5.07,-11.08,1.03,4,2026-05-13,-9.98,0.32,,unknown,2026-05-13,电网设备,0,1,0,1
E005-2026-05-06,2026-05-06,2026-05-07,601615.SH,明阳智能,电力设备,0.0,12.1,0.0,,6,31375.0,储能、光伏、氢能源、芯片、钙钛矿电池、风电,3.07,-0.88,1.51,4.71,7.47,2,2026-05-11,-2.13,0.63,,unknown,2026-05-11,钙钛矿电池,0,1,0,1
E005-2026-05-06,2026-05-06,2026-05-07,600481.SH,双良节能,电力设备,1.81,3.94,3.59,,5,18434.41,储能、光伏、光伏设备、氢能源、液冷服务器,1.11,10.48,3.97,23.81,23.81,10,2026-05-21,-2.38,1.78,,unknown,2026-05-20,光伏设备,1,1,0,1
E005-2026-05-06,2026-05-06,2026-05-07,600071.SH,凤凰光学,电子,1.24,0.75,1.07,,3,20293.58,储能、光学光电子、芯片,0.15,-3.04,-4.53,-7.96,1.59,2,2026-05-11,-7.37,2.19,,unknown,2026-05-11,光学光电子,0,1,0,1
E005-2026-05-06,2026-05-06,2026-05-07,301327.SZ,华宝新能,电力设备,0.08,2.31,0.12,,4,14213.41,储能、光伏、电池、锂电池,-4.2,-3.85,-4.98,-9.06,-1.93,1,2026-05-08,-6.93,3.42,,unknown,2026-05-11,储能,-1,1,0,0
E005-2026-05-06,2026-05-06,2026-05-07,002335.SZ,科华数据,电力设备,3.25,17.94,13.77,,4,17849.29,储能、光伏、氢能源、液冷服务器,-1.84,-4.86,-2.14,-10.03,3.01,4,2026-05-13,-10.34,10.0,,unknown,2026-05-11,液冷服务器,2,1,0,0
E005-2026-05-06,2026-05-06,2026-05-07,300376.SZ,易事特,电力设备,1.55,1.48,1.89,,6,28284.27,储能、液冷服务器、芯片、虚拟电厂、风电、高压快充,-1.32,-3.62,-1.97,-11.18,0.82,4,2026-05-13,-12.5,2.88,,unknown,2026-05-13,虚拟电厂,0,1,0,1
E005-2026-05-06,2026-05-06,2026-05-07,300889.SZ,爱克股份,电子,0.5,1.09,0.52,,3,10847.94,储能、光学光电子、液冷服务器,-4.02,-6.01,5.56,-4.6,5.81,8,2026-05-19,-7.42,0.0,,unknown,2026-05-11,光学光电子,6,1,0,0
E005-2026-05-06,2026-05-06,2026-05-07,600207.SH,安彩高科,电力设备,1.25,1.19,1.36,,4,25018.82,储能、光伏、光伏设备、芯片,3.05,9.47,3.69,7.54,9.47,5,2026-05-14,-1.44,10.07,,unknown,2026-05-11,芯片,3,1,0,0
E005-2026-05-06,2026-05-06,2026-05-07,603829.SH,洛凯股份,电力设备,0.59,2.42,0.92,,3,12427.98,储能、光伏、电网设备,-0.45,-6.75,-9.44,-15.33,1.41,1,2026-05-08,-13.92,0.69,,unknown,2026-05-11,电网设备,-1,1,0,0
E005-2026-05-06,2026-05-06,2026-05-07,002168.SZ,ST惠程,电力设备,-2.11,0.4,-1,,4,13564.73,储能、光伏、电网设备、高压快充,0.0,-2.44,-2.44,-4.16,4.89,2,2026-05-11,-8.31,-2.15,,unknown,2026-05-11,高压快充,0,1,0,1
E005-2026-05-06,2026-05-06,2026-05-07,301325.SZ,曼恩斯特,电力设备,-0.66,1.37,-0.77,,7,33174.09,储能、先进封装、光伏、氢能源、电池、芯片、钙钛矿电池,-0.73,-0.87,-1.97,-1.28,7.08,11,2026-05-22,0.0,0.6,,unknown,2026-05-20,电池,2,1,0,0
E005-2026-05-06,2026-05-06,2026-05-07,002534.SZ,西子洁能,电力设备,1.88,2.31,2.86,,3,12696.6,储能、光伏、钙钛矿电池,-3.08,-4.13,-5.84,0.83,3.08,9,2026-05-20,-1.05,1.28,,unknown,2026-05-19,钙钛矿电池,1,1,0,1
E005-2026-05-06,2026-05-06,2026-05-07,002074.SZ,国轩高科,电力设备,4.95,24.93,24.72,,5,13760.74,储能、电池、锂电池、风电、高压快充,-3.85,-3.8,-5.43,-8.62,-1.99,4,2026-05-13,-5.48,-1.06,,unknown,2026-05-11,高压快充,2,2,0,0
E005-2026-05-06,2026-05-06,2026-05-07,000682.SZ,东方电子,电力设备,0.92,3.86,1.81,,4,11945.27,储能、电网设备、虚拟电厂、风电,-0.44,-1.85,0.96,-2.14,4.21,8,2026-05-19,-2.8,2.89,,unknown,2026-05-19,虚拟电厂,0,1,0,1
E005-2026-05-06,2026-05-06,2026-05-07,300763.SZ,锦浪科技,电力设备,3.01,17.83,12.71,,4,25018.82,储能、光伏、光伏设备、芯片,3.01,0.35,6.78,10.99,16.51,11,2026-05-22,0.0,-0.43,,unknown,2026-05-20,光伏设备,2,1,0,0
E005-2026-05-06,2026-05-06,2026-05-07,601311.SH,骆驼股份,电力设备,0.0,4.05,0.0,,3,11615.45,储能、氢能源、电池,-2.84,-5.18,-5.38,-6.9,-0.3,1,2026-05-08,-5.99,-1.01,,unknown,2026-05-11,氢能源,-1,1,0,0
E005-2026-05-06,2026-05-06,2026-05-07,002276.SZ,万马股份,电力设备,2.64,3.24,4.75,,6,18820.58,储能、光伏、光纤、电网设备、风电、高压快充,0.15,-3.07,-2.63,-5.85,1.02,4,2026-05-13,-5.92,3.32,,unknown,2026-05-13,电网设备,0,1,0,1
E005-2026-05-06,2026-05-06,2026-05-07,603861.SH,白云电器,电力设备,1.88,1.89,2.58,,4,13690.32,储能、光伏、特高压、电网设备,-2.41,-4.64,-4.82,-7.81,1.06,4,2026-05-13,-6.93,4.99,,unknown,2026-05-13,电网设备,0,1,0,1
E005-2026-05-06,2026-05-06,2026-05-07,688408.SH,中信博,电力设备,-0.81,2.5,-1,,3,12376.65,储能、光伏、光伏设备,-2.54,-3.14,-6.1,-7.0,-0.55,9,2026-05-20,-2.91,-0.1,,unknown,2026-05-20,光伏设备,0,1,0,1
E005-2026-05-06,2026-05-06,2026-05-07,600212.SH,绿能慧充,电力设备,3.26,1.36,3.8,,2,8163.86,储能、高压快充,-2.72,-2.04,-2.04,-8.99,1.63,4,2026-05-13,-9.26,0.69,,unknown,2026-05-11,高压快充,2,0,0,0
E005-2026-05-06,2026-05-06,2026-05-07,603628.SH,清源股份,电力设备,0.65,0.71,0.55,,3,12376.65,储能、光伏、光伏设备,-1.56,-3.76,-6.34,-10.33,0.47,1,2026-05-08,-9.39,2.4,,unknown,2026-05-11,储能,-1,1,0,0
E005-2026-05-06,2026-05-06,2026-05-07,688353.SH,华盛锂电,电力设备,3.05,10.02,9.65,,2,8754.22,储能、电池,-4.82,-8.41,-8.15,-13.74,-2.36,2,2026-05-11,-10.74,-3.0,,unknown,2026-05-11,储能,0,0,0,1
E005-2026-05-06,2026-05-06,2026-05-07,002121.SZ,科陆电子,电力设备,1.15,2.07,1.65,,3,8770.27,储能、电网设备、虚拟电厂,-1.82,-5.73,5.17,-3.08,6.57,11,2026-05-22,0.0,1.71,,unknown,2026-05-19,虚拟电厂,3,1,0,0
E005-2026-05-06,2026-05-06,2026-05-07,603097.SH,江苏华辰,电力设备,1.37,1.01,1.38,,5,16865.32,储能、光伏、特高压、电网设备、风电,0.22,0.18,-0.04,5.13,7.04,11,2026-05-22,0.0,1.49,,unknown,2026-05-19,电网设备,3,1,0,0
E005-2026-05-06,2026-05-06,2026-05-07,002028.SZ,思源电气,电力设备,5.64,32.01,31.91,,4,21568.07,储能、特高压、电网设备、芯片,-4.03,-1.88,-6.83,-3.8,0.25,4,2026-05-13,-4.87,0.33,,unknown,2026-05-13,电网设备,0,2,0,1
E005-2026-05-06,2026-05-06,2026-05-07,002692.SZ,远程股份,电力设备,1.6,1.44,1.92,,5,28245.15,储能、光伏、电网设备、芯片、风电,-3.75,-6.66,-8.02,-13.82,-1.19,1,2026-05-08,-10.07,2.81,,unknown,2026-05-11,电网设备,-1,1,0,0
E005-2026-05-06,2026-05-06,2026-05-07,002850.SZ,科达利,电力设备,1.14,12.72,4.07,,3,9448.99,储能、电池、锂电池,-3.02,-5.57,0.04,1.97,2.38,9,2026-05-20,-0.88,5.39,,unknown,2026-05-20,电池,0,1,0,1
E005-2026-05-06,2026-05-06,2026-05-07,002782.SZ,可立克,电子,1.66,1.7,2.16,,3,12928.28,储能、光伏、高压快充,7.22,29.71,21.57,36.69,47.12,9,2026-05-20,-7.17,5.09,,unknown,2026-05-19,高压快充,1,1,0,1
E005-2026-05-06,2026-05-06,2026-05-07,688618.SH,三旺通信,通信,1.17,1.2,1.28,,6,27525.62,储能、光纤、星闪、芯片、通信设备、风电,17.46,11.65,10.05,1.65,22.51,2,2026-05-11,-19.61,4.92,,unknown,2026-05-11,光纤,0,1,0,1
E005-2026-05-06,2026-05-06,2026-05-07,002139.SZ,拓邦股份,电子,1.59,2.12,2.32,,4,13828.03,储能、光伏、消费电子、高压快充,-0.81,-2.08,0.09,-0.18,2.44,1,2026-05-08,-1.27,1.65,,unknown,2026-05-11,消费电子,-1,1,0,0
E005-2026-05-06,2026-05-06,2026-05-07,603070.SH,万控智造,电力设备,-0.79,0.75,-0.68,,2,7663.56,储能、电网设备,12.03,20.43,20.51,20.0,23.26,4,2026-05-13,-0.8,0.44,,unknown,2026-05-13,电网设备,0,0,0,1
E005-2026-05-06,2026-05-06,2026-05-07,600067.SH,冠城新材,电力设备,-2.75,1.69,-1,,3,10524.79,储能、氢能源、电网设备,-4.51,-5.07,-6.76,-11.27,0.85,1,2026-05-08,-10.7,0.28,,unknown,2026-05-11,电网设备,-1,1,0,0
E005-2026-05-06,2026-05-06,2026-05-07,300882.SZ,万胜智能,电力设备,1.7,0.99,1.69,,3,8770.27,储能、电网设备、虚拟电厂,-0.84,-2.52,-1.31,-5.68,1.73,4,2026-05-13,-5.62,2.59,,unknown,2026-05-13,虚拟电厂,0,1,0,1
E005-2026-05-06,2026-05-06,2026-05-07,688597.SH,煜邦电力,电力设备,-0.24,0.78,-0.21,,5,11169.36,储能、特高压、电网设备、虚拟电厂、高压快充,0.83,4.61,3.31,-2.13,8.39,8,2026-05-19,-8.27,1.44,,unknown,2026-05-19,高压快充,0,1,0,1
E005-2026-05-06,2026-05-06,2026-05-07,300389.SZ,艾比森,电子,-0.18,2.15,-0.26,,2,7651.41,储能、光学光电子,-4.16,-6.2,-8.07,-8.55,0.0,1,2026-05-08,-8.73,1.59,,unknown,2026-05-11,光学光电子,-1,0,0,0
E005-2026-05-06,2026-05-06,2026-05-07,002879.SZ,长缆科技,电力设备,-1.11,1.91,-1,,4,14035.09,储能、液冷服务器、电网设备、风电,1.66,1.16,-1.82,-7.9,5.02,4,2026-05-13,-10.82,1.86,,unknown,2026-05-13,电网设备,0,1,0,1
E005-2026-05-06,2026-05-06,2026-05-07,688819.SH,天能股份,电力设备,-2.79,3.13,-1,,3,11615.45,储能、氢能源、电池,-5.88,-7.97,-8.56,-10.33,-1.04,1,2026-05-08,-7.55,-2.97,,unknown,2026-05-11,氢能源,-1,1,0,0
E005-2026-05-06,2026-05-06,2026-05-07,601567.SH,三星电气,电力设备,0.6,4.87,1.32,,4,15602.98,储能、光伏、电网设备、风电,-5.13,-7.55,-9.52,-11.15,-2.52,2,2026-05-11,-9.32,0.45,,unknown,2026-05-11,风电,0,1,0,1
E005-2026-05-06,2026-05-06,2026-05-07,300068.SZ,ST南都,电力设备,-20.0,0.33,-1,,6,16591.93,储能、氢能源、电池、虚拟电厂、锂电池、风电,-7.71,-11.38,-14.89,-16.46,-2.8,2,2026-05-11,-14.89,-19.35,,unknown,2026-05-11,氢能源,0,1,0,1
E005-2026-05-06,2026-05-06,2026-05-07,002199.SZ,*ST东晶,电子,5.02,1.33,5.79,120日新高,1,1129.37,元件,15.72,27.6,15.2,12.84,27.6,5,2026-05-14,-9.08,3.25,,unknown,2026-05-19,元件,-3,1,0,0
E005-2026-05-06,2026-05-06,2026-05-07,300408.SZ,三环集团,电子,-0.82,35.69,-1,,3,8022.19,元件、光纤、共封装光学(CPO),1.41,1.62,1.06,13.21,32.21,11,2026-05-22,0.0,2.33,,unknown,2026-05-22,元件,0,1,0,1
E005-2026-05-06,2026-05-06,2026-05-07,301566.SZ,达利凯普,电子,2.44,4.53,5.19,,1,1129.37,元件,6.72,6.1,7.47,10.44,22.83,11,2026-05-22,0.0,3.35,,unknown,2026-05-22,元件,0,0,0,1
E005-2026-05-06,2026-05-06,2026-05-07,301458.SZ,钧崴电子,电子,0.35,3.59,0.66,,3,3955.64,元件、英伟达、高压快充,5.91,1.2,-1.69,-4.59,5.91,3,2026-05-12,-0.82,5.91,,unknown,2026-05-13,英伟达,-1,1,0,0
E005-2026-05-06,2026-05-06,2026-05-07,688699.SH,明微电子,电子,11.13,10.3,35.72,20日新高,3,20243.85,先进封装、半导体、芯片,0.48,-1.08,-0.17,-2.95,9.99,9,2026-05-20,-8.79,4.12,,unknown,2026-05-20,半导体,0,2,0,1
E005-2026-05-06,2026-05-06,2026-05-07,688256.SH,寒武纪,电子,7.36,368.53,141.29,历史新高,3,20243.85,先进封装、半导体、芯片,-31.59,-32.52,-34.85,-30.89,-27.07,9,2026-05-20,-4.09,2.36,,unknown,2026-05-20,半导体,0,2,0,1
E005-2026-05-06,2026-05-06,2026-05-07,688037.SH,芯源微,电子,0.38,31.24,2.12,历史新高,5,24954.83,先进封装、光刻胶、半导体、存储芯片、芯片,14.97,8.36,20.25,19.77,29.28,9,2026-05-20,-8.01,2.18,,unknown,2026-05-20,存储芯片,0,1,0,1
E005-2026-05-06,2026-05-06,2026-05-07,688549.SH,中巨芯-U,电子,0.49,12.54,1.74,2年新高,3,20032.73,先进封装、存储芯片、芯片,2.66,12.91,50.28,27.12,50.28,7,2026-05-18,-18.72,0.32,,unknown,2026-05-15,存储芯片,1,1,0,1
E005-2026-05-06,2026-05-06,2026-05-07,688072.SH,拓荆科技,电子,4.31,38.58,26.77,历史新高,4,24387.43,先进封装、半导体、存储芯片、芯片,5.73,2.8,9.52,26.41,32.39,9,2026-05-20,-3.73,3.32,,unknown,2026-05-20,存储芯片,0,2,0,1
E005-2026-05-06,2026-05-06,2026-05-07,688535.SH,华海诚科,电子,5.79,9.35,17.7,60日新高,5,29151.85,先进封装、光伏、半导体、存储芯片、芯片,6.34,14.77,36.07,33.94,40.71,8,2026-05-19,-7.93,5.38,,unknown,2026-05-20,存储芯片,-1,2,0,0
E005-2026-05-06,2026-05-06,2026-05-07,688012.SH,中微公司,电子,1.86,93.84,18.02,历史新高,4,24387.43,先进封装、半导体、存储芯片、芯片,1.0,0.67,14.08,23.71,27.49,9,2026-05-20,-5.39,0.34,,unknown,2026-05-20,存储芯片,0,2,0,1
E005-2026-05-06,2026-05-06,2026-05-07,688361.SH,中科飞测,电子,-2.13,18.2,-1,20日新高,4,24387.43,先进封装、半导体、存储芯片、芯片,0.61,3.04,2.35,22.03,30.78,9,2026-05-20,-6.81,2.9,,unknown,2026-05-20,存储芯片,0,1,0,1
E005-2026-05-06,2026-05-06,2026-05-07,688820.SH,盛合晶微,电子,3.98,73.16,34.04,历史新高,4,24387.43,先进封装、半导体、存储芯片、芯片,15.38,30.08,58.07,48.57,59.03,9,2026-05-20,-1.08,11.11,,unknown,2026-05-20,存储芯片,0,2,0,1
E005-2026-05-06,2026-05-06,2026-05-07,300054.SZ,鼎龙股份,电子,3.72,34.62,21.89,历史新高,4,20600.13,先进封装、光刻胶、存储芯片、芯片,-5.68,0.99,5.6,6.08,11.93,8,2026-05-19,-5.83,6.37,,unknown,2026-05-20,存储芯片,-1,2,0,0
E005-2026-05-06,2026-05-06,2026-05-07,688802.SH,沐曦股份-U,电子,7.0,39.12,43.78,60日新高,3,20243.85,先进封装、半导体、芯片,-7.84,-12.11,-13.58,-14.16,-6.58,2,2026-05-11,-7.0,3.93,,unknown,2026-05-11,先进封装,0,2,0,1
E005-2026-05-06,2026-05-06,2026-05-07,300037.SZ,新宙邦,电力设备,2.92,25.76,14.82,3年新高,4,20812.79,先进封装、液冷服务器、电池、芯片,-7.15,-9.76,-9.83,-4.27,4.92,11,2026-05-22,0.0,-2.28,,unknown,2026-05-20,电池,2,1,0,0
E005-2026-05-06,2026-05-06,2026-05-07,603078.SH,江化微,电子,5.8,9.2,17.59,20日新高,4,20600.13,先进封装、光刻胶、存储芯片、芯片,3.22,0.59,18.14,27.8,28.9,9,2026-05-20,-3.62,4.15,,unknown,2026-05-20,存储芯片,0,2,0,1
E005-2026-05-06,2026-05-06,2026-05-07,002185.SZ,华天科技,电子,3.89,38.83,24.24,20日新高,5,29199.4,先进封装、共封装光学(CPO)、半导体、存储芯片、芯片,3.52,2.3,5.38,8.97,13.92,9,2026-05-20,-3.23,2.35,,unknown,2026-05-20,存储芯片,0,2,0,1
E005-2026-05-06,2026-05-06,2026-05-07,300236.SZ,上海新阳,电子,-0.25,22.54,-1,历史新高,4,20600.13,先进封装、光刻胶、存储芯片、芯片,4.11,-0.08,5.1,3.95,10.23,9,2026-05-20,-7.03,1.32,,unknown,2026-05-20,存储芯片,0,1,0,1
E005-2026-05-06,2026-05-06,2026-05-07,300751.SZ,迈为股份,电力设备,3.4,32.94,19.51,20日新高,6,26287.34,先进封装、光伏、光伏设备、存储芯片、芯片、钙钛矿电池,4.36,3.27,-3.75,4.76,8.17,2,2026-05-11,-0.26,7.0,,unknown,2026-05-11,先进封装,0,2,0,1
E005-2026-05-06,2026-05-06,2026-05-07,603991.SH,领先股份,电子,4.59,3.85,9.01,,4,24387.43,先进封装、半导体、存储芯片、芯片,2.65,1.9,1.67,-4.87,4.32,2,2026-05-11,-8.75,4.2,,unknown,2026-05-11,存储芯片,0,1,0,1
E005-2026-05-06,2026-05-06,2026-05-07,002077.SZ,大港股份,电子,3.21,7.43,8.75,20日新高,4,24387.43,先进封装、半导体、存储芯片、芯片,1.69,0.88,0.82,3.79,7.0,9,2026-05-20,-2.22,0.59,,unknown,2026-05-20,存储芯片,0,1,0,1
E005-2026-05-06,2026-05-06,2026-05-07,300489.SZ,光智科技,电子,14.19,14.98,54.92,1年新高,3,6732.51,先进封装、光学光电子、氢能源,10.96,9.05,12.45,13.48,18.84,11,2026-05-22,0.0,2.77,,unknown,2026-05-11,光学光电子,9,2,0,0
E005-2026-05-06,2026-05-06,2026-05-07,301348.SZ,蓝箭电子,电子,2.19,5.49,5.13,20日新高,4,24387.43,先进封装、半导体、存储芯片、芯片,3.62,3.58,5.56,15.04,17.02,9,2026-05-20,-3.05,2.46,,unknown,2026-05-20,存储芯片,0,1,0,1
E005-2026-05-06,2026-05-06,2026-05-07,688403.SH,汇成股份,电子,1.53,14.53,5.83,20日新高,4,24387.43,先进封装、半导体、存储芯片、芯片,-1.61,2.9,11.7,4.08,11.7,7,2026-05-18,-5.74,7.93,,unknown,2026-05-15,存储芯片,1,1,0,1
E005-2026-05-06,2026-05-06,2026-05-07,600584.SH,长电科技,电子,5.79,72.7,49.37,20日新高,5,29199.4,先进封装、共封装光学(CPO)、半导体、存储芯片、芯片,13.29,11.38,19.63,37.08,49.47,11,2026-05-22,0.0,1.16,,unknown,2026-05-20,存储芯片,2,2,0,0
E005-2026-05-06,2026-05-06,2026-05-07,688545.SH,兴福电子,电子,0.49,6.44,1.24,20日新高,4,20600.13,先进封装、光刻胶、存储芯片、芯片,35.59,50.92,59.15,32.86,59.15,7,2026-05-18,-20.17,6.96,,unknown,2026-05-15,存储芯片,1,1,0,1
E005-2026-05-06,2026-05-06,2026-05-07,002119.SZ,康强电子,电子,4.71,8.06,13.37,,4,24387.43,先进封装、半导体、存储芯片、芯片,2.01,1.43,3.84,1.56,9.38,8,2026-05-19,-4.24,1.73,,unknown,2026-05-20,存储芯片,-1,1,0,0
E005-2026-05-06,2026-05-06,2026-05-07,605111.SH,新洁能,电子,1.62,12.23,5.67,20日新高,4,25008.27,先进封装、光伏、半导体、芯片,15.11,18.81,20.11,26.89,37.39,11,2026-05-22,0.0,1.19,,unknown,2026-05-20,半导体,2,1,0,0
E005-2026-05-06,2026-05-06,2026-05-07,600353.SH,旭光电子,电子,3.13,7.24,8.42,,7,23021.23,先进封装、光刻机、可控核聚变、特高压、芯片、虚拟电厂、风电,9.45,17.94,18.05,21.24,33.65,9,2026-05-20,-2.12,0.68,,unknown,2026-05-20,光刻机,0,1,0,1
E005-2026-05-06,2026-05-06,2026-05-07,688019.SH,安集科技,电子,3.86,19.49,17.04,,4,20600.13,先进封装、光刻胶、存储芯片、芯片,2.06,1.88,8.48,14.58,21.74,9,2026-05-20,-4.76,2.37,,unknown,2026-05-20,存储芯片,0,2,0,1
E005-2026-05-06,2026-05-06,2026-05-07,600360.SH,华微电子,电子,3.63,2.65,5.91,3年新高,3,20243.85,先进封装、半导体、芯片,3.73,6.27,4.64,9.73,9.73,10,2026-05-21,-1.36,4.27,,unknown,2026-05-20,半导体,1,1,0,1
E005-2026-05-06,2026-05-06,2026-05-07,600206.SH,有研新材,电子,2.59,33.65,15.02,历史新高,5,26468.28,先进封装、光纤、半导体、存储芯片、芯片,8.83,10.09,4.4,-1.4,12.07,2,2026-05-11,-10.6,4.45,,unknown,2026-05-11,光纤,0,1,0,1
E005-2026-05-06,2026-05-06,2026-05-07,688120.SH,华海清科,电子,-2.08,21.81,-1,历史新高,4,24387.43,先进封装、半导体、存储芯片、芯片,17.2,24.86,36.07,39.56,48.53,9,2026-05-20,-10.83,3.78,,unknown,2026-05-20,存储芯片,0,1,0,1
E005-2026-05-06,2026-05-06,2026-05-07,688135.SH,利扬芯片,电子,2.41,9.51,7.43,20日新高,4,24387.43,先进封装、半导体、存储芯片、芯片,-1.93,1.78,1.29,0.0,15.88,9,2026-05-20,-12.5,2.7,,unknown,2026-05-20,存储芯片,0,1,0,1
E005-2026-05-06,2026-05-06,2026-05-07,300398.SZ,飞凯材料,电子,3.81,14.0,14.26,,6,27445.4,先进封装、光伏、光刻胶、光纤、存储芯片、芯片,8.43,9.21,7.26,2.62,16.72,4,2026-05-13,-10.69,13.46,,unknown,2026-05-15,存储芯片,-2,1,0,0
E005-2026-05-06,2026-05-06,2026-05-07,002137.SZ,实益达,电子,1.33,0.85,1.23,,4,21277.87,先进封装、光伏、光学光电子、芯片,1.54,1.66,2.85,2.73,4.15,8,2026-05-19,-1.78,0.72,,unknown,2026-05-11,光学光电子,6,1,0,0
E005-2026-05-06,2026-05-06,2026-05-07,003022.SZ,联泓新科,电力设备,4.98,8.74,14.72,,5,21806.09,先进封装、光伏、光伏设备、光刻胶、芯片,1.43,9.0,-3.61,-4.04,9.0,5,2026-05-14,-8.21,-0.28,,unknown,2026-05-11,先进封装,3,1,0,0
E005-2026-05-06,2026-05-06,2026-05-07,002106.SZ,莱宝高科,电子,1.62,1.19,1.77,,2,3871.28,先进封装、光学光电子,1.1,0.92,-0.18,-0.74,4.87,11,2026-05-22,0.0,2.16,,unknown,2026-05-11,光学光电子,9,0,0,0
E005-2026-05-06,2026-05-06,2026-05-07,002409.SZ,雅克科技,电子,6.49,19.7,28.81,20日新高,6,26217.17,先进封装、光刻胶、半导体、存储芯片、特高压、芯片,1.93,16.09,24.01,23.7,30.93,9,2026-05-20,-4.41,2.07,,unknown,2026-05-20,存储芯片,0,2,0,1
E005-2026-05-06,2026-05-06,2026-05-07,301319.SZ,唯特偶,电子,10.78,5.48,25.24,,3,20653.57,先进封装、光伏、芯片,9.39,14.39,32.3,-3.77,51.89,9,2026-05-20,-50.67,12.45,,unknown,2026-05-11,先进封装,7,2,0,0
E005-2026-05-06,2026-05-06,2026-05-07,603005.SH,晶方科技,电子,1.51,17.14,6.25,,5,21347.88,先进封装、光刻机、光刻胶、半导体、芯片,-0.12,1.08,1.91,11.32,20.77,11,2026-05-22,0.0,2.66,,unknown,2026-05-20,半导体,2,1,0,0
E005-2026-05-06,2026-05-06,2026-05-07,300162.SZ,雷曼光电,电子,0.44,2.64,0.71,,2,3871.28,先进封装、光学光电子,3.15,4.45,0.76,8.36,8.36,10,2026-05-21,-2.82,1.21,,unknown,2026-05-11,光学光电子,8,0,0,0
E005-2026-05-06,2026-05-06,2026-05-07,688082.SH,盛美上海,电子,2.01,10.24,6.43,,4,24387.43,先进封装、半导体、存储芯片、芯片,8.77,9.2,15.48,32.66,32.94,11,2026-05-22,0.0,2.0,,unknown,2026-05-20,存储芯片,2,1,0,0
E005-2026-05-06,2026-05-06,2026-05-07,002845.SZ,同兴达,电子,6.29,2.28,9.5,,3,16513.45,先进封装、光学光电子、芯片,0.88,0.2,-0.48,5.09,9.5,8,2026-05-19,-3.53,1.38,,unknown,2026-05-11,光学光电子,6,1,0,0
E005-2026-05-06,2026-05-06,2026-05-07,603690.SH,至纯科技,电子,1.81,3.84,3.55,,5,26468.28,先进封装、光纤、半导体、存储芯片、芯片,3.95,10.75,9.79,16.75,20.12,9,2026-05-20,-4.68,2.09,,unknown,2026-05-20,存储芯片,0,1,0,1
E005-2026-05-06,2026-05-06,2026-05-07,300394.SZ,天孚通信,通信,2.82,175.5,37.36,,5,13877.74,先进封装、光纤、共封装光学(CPO)、英伟达、通信设备,4.36,19.46,17.31,2.76,21.9,6,2026-05-15,-8.38,3.79,,unknown,2026-05-13,英伟达,2,2,0,0
E005-2026-05-06,2026-05-06,2026-05-07,688689.SH,银河微电,电子,-0.23,2.11,-0.33,,3,20243.85,先进封装、半导体、芯片,-0.57,4.97,6.19,1.05,10.15,9,2026-05-20,-5.36,2.77,,unknown,2026-05-20,半导体,0,1,0,1
E005-2026-05-06,2026-05-06,2026-05-07,300303.SZ,聚飞光电,电子,8.44,17.0,34.8,,4,21325.42,先进封装、光学光电子、共封装光学(CPO)、芯片,8.41,6.46,2.35,-4.6,8.41,3,2026-05-12,-11.35,6.02,,unknown,2026-05-11,光学光电子,1,2,0,1
E005-2026-05-06,2026-05-06,2026-05-07,688419.SH,耐科装备,电子,0.95,0.98,0.94,,3,20032.73,先进封装、存储芯片、芯片,5.1,1.0,4.17,23.33,37.02,11,2026-05-22,0.0,3.79,,unknown,2026-05-20,存储芯片,2,1,0,0
E005-2026-05-06,2026-05-06,2026-05-07,300666.SZ,江丰电子,电子,1.28,30.55,7.07,历史新高,5,26441.5,光伏、光刻机、半导体、存储芯片、芯片,-2.56,-3.51,7.89,2.4,14.68,8,2026-05-19,-9.29,2.49,,unknown,2026-05-20,存储芯片,-1,1,0,0
E005-2026-05-06,2026-05-06,2026-05-07,002371.SZ,北方华创,电子,1.56,88.98,14.72,历史新高,4,25904.87,光伏、半导体、存储芯片、芯片,5.31,2.22,8.3,20.08,21.16,11,2026-05-22,0.0,1.25,,unknown,2026-05-20,存储芯片,2,1,0,0
E005-2026-05-06,2026-05-06,2026-05-07,605358.SH,立昂微,电子,5.5,20.66,25.0,20日新高,5,30716.84,光伏、共封装光学(CPO)、半导体、存储芯片、芯片,12.3,13.45,10.37,12.81,22.76,9,2026-05-20,-7.81,4.89,,unknown,2026-05-20,存储芯片,0,2,0,1
E005-2026-05-06,2026-05-06,2026-05-07,300738.SZ,奥飞数据,通信,7.94,34.56,46.68,1年新高,2,17406.59,光伏、芯片,-5.88,-1.53,1.61,-10.66,2.34,8,2026-05-19,-9.6,1.75,,unknown,2026-05-11,芯片,6,2,0,0
E005-2026-05-06,2026-05-06,2026-05-07,601700.SH,风范股份,电力设备,2.58,1.64,3.3,20日新高,3,6663.21,光伏、特高压、电网设备,3.08,1.45,3.08,-3.08,5.43,4,2026-05-13,-5.98,-0.9,,unknown,2026-05-13,电网设备,0,1,0,1
E005-2026-05-06,2026-05-06,2026-05-07,300933.SZ,中辰股份,电力设备,3.55,1.68,4.6,20日新高,4,7799.96,光伏、特高压、电网设备、高压快充,1.87,1.17,3.62,-1.99,5.37,4,2026-05-13,-5.14,1.3,,unknown,2026-05-13,电网设备,0,1,0,1
E005-2026-05-06,2026-05-06,2026-05-07,002255.SZ,海陆重工,电力设备,0.89,3.09,1.56,20日新高,4,21319.22,光伏、可控核聚变、氢能源、芯片,-1.67,-2.73,-4.84,-9.41,0.53,2,2026-05-11,-9.06,-0.09,,unknown,2026-05-11,可控核聚变,0,1,0,1
E005-2026-05-06,2026-05-06,2026-05-07,688598.SH,金博股份,电力设备,0.93,1.39,1.1,,3,8210.77,光伏、光伏设备、氢能源,13.87,25.54,31.83,36.42,43.26,8,2026-05-19,-7.23,1.72,,unknown,2026-05-20,光伏设备,-1,1,0,0
E005-2026-05-06,2026-05-06,2026-05-07,688478.SH,晶升股份,电子,7.82,4.02,15.68,,4,25904.87,光伏、半导体、存储芯片、芯片,12.43,46.09,53.27,33.82,59.61,6,2026-05-15,-17.05,3.91,,unknown,2026-05-15,存储芯片,0,1,0,1
E005-2026-05-06,2026-05-06,2026-05-07,300619.SZ,金银河,电力设备,7.53,5.31,17.35,,2,6491.53,光伏、电池,10.64,3.43,8.32,0.0,10.64,3,2026-05-12,-7.91,0.52,,unknown,2026-05-11,光伏,1,1,0,1
E005-2026-05-06,2026-05-06,2026-05-07,002925.SZ,盈趣科技,电子,6.14,4.99,13.72,20日新高,2,5664.17,光伏、消费电子,-3.37,-1.28,-1.9,-4.51,1.0,4,2026-05-13,-3.27,3.33,,unknown,2026-05-13,消费电子,0,1,0,1
E005-2026-05-06,2026-05-06,2026-05-07,688638.SH,誉辰智能,电力设备,2.16,0.9,2.05,,3,19133.7,光伏、电池、芯片,1.33,-0.92,-0.83,-7.73,3.07,2,2026-05-11,-6.65,-2.11,,unknown,2026-05-11,芯片,0,1,0,1
E005-2026-05-06,2026-05-06,2026-05-07,301168.SZ,通灵股份,电力设备,2.92,1.44,3.5,,2,5349.54,光伏、光伏设备,-2.42,-2.0,0.31,1.95,8.45,11,2026-05-22,0.0,1.92,,unknown,2026-05-20,光伏设备,2,0,0,0
E005-2026-05-06,2026-05-06,2026-05-07,300102.SZ,乾照光电,电子,2.44,20.36,11.01,,4,22842.86,光伏、光学光电子、共封装光学(CPO)、芯片,2.62,-3.2,-9.63,-14.26,6.88,2,2026-05-11,-20.02,-6.99,,unknown,2026-05-11,光学光电子,0,1,0,1
E005-2026-05-06,2026-05-06,2026-05-07,301386.SZ,未来电器,电力设备,1.01,0.37,0.61,,2,5400.87,光伏、电网设备,0.08,-1.62,-0.58,-5.77,1.65,1,2026-05-08,-4.54,-0.19,,unknown,2026-05-11,电网设备,-1,0,0,0
E005-2026-05-06,2026-05-06,2026-05-07,603507.SH,振江股份,电力设备,-1.72,6.37,-1,,3,10800.65,光伏、氢能源、风电,-7.43,-5.31,-0.59,-9.23,-0.3,8,2026-05-19,-9.78,0.64,,unknown,2026-05-11,风电,6,1,0,0
E005-2026-05-06,2026-05-06,2026-05-07,688605.SH,先锋精科,电子,0.75,3.43,1.39,,4,22297.92,光伏、光刻机、半导体、芯片,4.32,7.98,13.95,13.79,25.02,9,2026-05-20,-6.13,0.61,,unknown,2026-05-20,半导体,0,1,0,1
E005-2026-05-06,2026-05-06,2026-05-07,688556.SH,高测股份,电力设备,1.72,4.7,3.73,,3,17991.71,光伏、光伏设备、芯片,2.63,4.85,-0.49,-6.31,4.85,5,2026-05-14,-8.66,6.1,,unknown,2026-05-11,芯片,3,1,0,0
E005-2026-05-06,2026-05-06,2026-05-07,301388.SZ,欣灵电气,电力设备,2.25,0.6,1.74,,2,5400.87,光伏、电网设备,1.2,-0.69,-1.17,-7.89,3.45,4,2026-05-13,-9.09,2.11,,unknown,2026-05-13,电网设备,0,0,0,1
E005-2026-05-06,2026-05-06,2026-05-07,300913.SZ,兆龙互连,通信,4.87,5.66,11.59,20日新高,5,14601.99,光伏、光纤、共封装光学(CPO)、通信设备、铜缆高速连接,0.93,-1.81,-4.63,-12.16,1.72,2,2026-05-11,-11.06,5.26,,unknown,2026-05-11,光纤,0,1,0,1
E005-2026-05-06,2026-05-06,2026-05-07,600192.SH,长城电工,电力设备,1.94,0.63,1.54,,3,8575.87,光伏、电网设备、风电,6.98,6.98,1.05,-5.82,6.98,3,2026-05-12,-12.46,2.02,,unknown,2026-05-12,电网设备,0,1,0,1
E005-2026-05-06,2026-05-06,2026-05-07,300129.SZ,泰胜风能,电力设备,0.09,3.73,0.17,,2,7939.42,光伏、风电,9.81,0.86,0.86,-5.68,9.81,3,2026-05-12,-14.37,2.2,,unknown,2026-05-11,风电,1,0,0,1
E005-2026-05-06,2026-05-06,2026-05-07,001269.SZ,欧晶科技,电力设备,2.13,0.78,1.88,,3,17991.71,光伏、光伏设备、芯片,0.4,1.95,-1.37,7.03,8.31,9,2026-05-20,-2.17,2.68,,unknown,2026-05-20,光伏设备,0,1,0,1
E005-2026-05-06,2026-05-06,2026-05-07,300563.SZ,神宇股份,通信,1.98,1.21,2.18,,5,21256.41,光伏、芯片、通信设备、钙钛矿电池、铜缆高速连接,0.06,-4.11,-4.97,-11.19,0.6,1,2026-05-08,-8.66,1.97,,unknown,2026-05-11,钙钛矿电池,-1,1,0,0
E005-2026-05-06,2026-05-06,2026-05-07,688680.SH,海优新材,电力设备,0.48,1.36,0.56,,3,6254.61,光伏、光伏设备、钙钛矿电池,-1.81,-1.08,-6.46,-11.85,-0.39,1,2026-05-08,-8.48,1.62,,unknown,2026-05-11,钙钛矿电池,-1,1,0,0
E005-2026-05-06,2026-05-06,2026-05-07,300346.SZ,南大光电,电子,4.95,32.47,28.21,,4,22117.57,光伏、光刻胶、存储芯片、芯片,-0.5,-0.57,1.65,-0.11,7.45,9,2026-05-20,-6.0,3.24,,unknown,2026-05-20,存储芯片,0,2,0,1
E005-2026-05-06,2026-05-06,2026-05-07,002643.SZ,万润股份,电子,1.39,2.56,2.22,,5,20959.91,光伏、光刻胶、光纤、芯片、钙钛矿电池,-0.23,1.17,4.67,-1.81,6.36,9,2026-05-20,-5.37,2.08,,unknown,2026-05-20,光刻胶,0,1,0,1
E005-2026-05-06,2026-05-06,2026-05-07,002471.SZ,中超控股,电力设备,1.77,9.09,5.34,,3,8575.87,光伏、电网设备、风电,0.7,-3.85,-6.99,-5.13,2.8,2,2026-05-11,-8.62,-0.35,,unknown,2026-05-11,风电,0,1,0,1
E005-2026-05-06,2026-05-06,2026-05-07,300265.SZ,通光线缆,电力设备,6.51,8.67,19.17,,5,11919.06,光伏、光纤、特高压、电网设备、风电,19.75,24.5,18.1,9.08,31.87,4,2026-05-13,-20.58,5.78,,unknown,2026-05-13,电网设备,0,2,0,1
E005-2026-05-06,2026-05-06,2026-05-07,300414.SZ,中光防雷,通信,1.97,1.49,2.4,,6,14857.75,光伏、光刻机、液冷服务器、通信设备、风电、高压快充,-3.65,-7.3,-7.85,-13.35,4.2,2,2026-05-11,-15.76,0.28,,unknown,2026-05-11,高压快充,0,1,0,1
E005-2026-05-06,2026-05-06,2026-05-07,603577.SH,汇金通,电力设备,1.36,0.63,1.08,,3,6663.21,光伏、特高压、电网设备,2.83,2.65,0.0,-6.27,4.33,4,2026-05-13,-5.92,1.25,,unknown,2026-05-13,电网设备,0,1,0,1
E005-2026-05-06,2026-05-06,2026-05-07,301266.SZ,宇邦新材,电力设备,-1.51,1.19,-1,,2,5349.54,光伏、光伏设备,-3.52,-6.71,-9.85,-13.55,-0.58,2,2026-05-11,-31.93,0.14,,unknown,2026-05-11,光伏,0,0,0,1
E005-2026-05-06,2026-05-06,2026-05-07,000159.SZ,国际实业,电力设备,0.92,1.05,0.94,,3,6611.88,光伏、光伏设备、特高压,-3.25,6.49,8.04,5.1,10.36,8,2026-05-19,-0.77,-1.37,,unknown,2026-05-20,光伏设备,-1,1,0,0
E005-2026-05-06,2026-05-06,2026-05-07,001208.SZ,华菱线缆,电力设备,1.93,4.05,3.88,,5,10889.61,光伏、可控核聚变、特高压、电网设备、风电,1.66,-3.02,-4.22,-13.47,3.72,4,2026-05-13,-15.78,1.89,,unknown,2026-05-13,电网设备,0,1,0,1
E005-2026-05-06,2026-05-06,2026-05-07,300569.SZ,天能重工,电力设备,0.16,1.54,0.2,,2,7939.42,光伏、风电,-1.27,-3.17,-3.65,-10.62,0.79,4,2026-05-13,-10.14,1.94,,unknown,2026-05-11,风电,2,0,0,0
E005-2026-05-06,2026-05-06,2026-05-07,603595.SH,ST东尼,电子,0.17,1.12,0.18,,2,5664.17,光伏、消费电子,4.85,15.58,19.6,17.68,23.57,11,2026-05-22,0.0,0.28,,unknown,2026-05-13,消费电子,7,0,0,0
E005-2026-05-06,2026-05-06,2026-05-07,300093.SZ,*ST金刚,电力设备,0.54,1.21,0.59,,3,6254.61,光伏、光伏设备、钙钛矿电池,-4.18,-3.83,-9.18,-9.0,-1.44,1,2026-05-08,-6.79,3.56,,unknown,2026-05-11,钙钛矿电池,-1,1,0,0
E005-2026-05-06,2026-05-06,2026-05-07,688303.SH,大全能源,电力设备,0.04,4.41,0.08,,3,17991.71,光伏、光伏设备、芯片,-2.92,-2.66,-6.92,-11.41,0.52,4,2026-05-13,-10.62,3.19,,unknown,2026-05-11,芯片,2,1,0,0
E005-2026-05-06,2026-05-06,2026-05-07,301295.SZ,美硕科技,电力设备,0.76,0.88,0.71,,2,5400.87,光伏、电网设备,7.74,8.68,10.08,8.97,15.59,9,2026-05-20,-8.44,1.83,,unknown,2026-05-19,电网设备,1,0,0,1
E005-2026-05-06,2026-05-06,2026-05-07,301636.SZ,泽润新能,电力设备,2.14,1.13,2.27,,3,6254.61,光伏、光伏设备、钙钛矿电池,-0.22,-2.55,-5.23,-12.64,3.82,2,2026-05-11,-13.0,1.98,,unknown,2026-05-11,钙钛矿电池,0,1,0,1
E005-2026-05-06,2026-05-06,2026-05-07,605196.SH,华通线缆,电力设备,0.12,5.02,0.27,,2,5400.87,光伏、电网设备,-5.68,-6.0,-7.93,-10.18,-0.7,1,2026-05-08,-5.07,2.9,,unknown,2026-05-11,电网设备,-1,0,0,0
E005-2026-05-06,2026-05-06,2026-05-07,301285.SZ,鸿日达,电子,-1.74,3.24,-1,,3,18306.34,光伏、消费电子、芯片,0.31,15.68,13.82,4.74,15.68,5,2026-05-14,-10.05,4.9,,unknown,2026-05-13,消费电子,1,1,0,1
E005-2026-05-06,2026-05-06,2026-05-07,601865.SH,福莱特,电力设备,0.15,3.56,0.28,,2,5349.54,光伏、光伏设备,-0.29,-1.98,-7.39,-11.41,1.32,2,2026-05-11,-11.12,0.96,,unknown,2026-05-11,光伏,0,0,0,1
E005-2026-05-06,2026-05-06,2026-05-07,688106.SH,金宏气体,电子,-2.32,25.27,-1,,5,25462.8,光伏、可控核聚变、存储芯片、氢能源、芯片,-5.74,-2.72,-2.15,-9.74,2.34,2,2026-05-11,-12.05,-5.99,,unknown,2026-05-11,可控核聚变,0,1,0,1
E005-2026-05-06,2026-05-06,2026-05-07,002300.SZ,太阳电缆,电力设备,2.45,3.17,4.36,,4,9838.21,光伏、特高压、电网设备、风电,7.56,5.85,2.82,-6.96,14.11,4,2026-05-13,-20.67,3.33,,unknown,2026-05-13,电网设备,0,1,0,1
E005-2026-05-06,2026-05-06,2026-05-07,600363.SH,联创光电,电子,-4.52,12.89,-1,,3,6715.57,光伏、可控核聚变、消费电子,-2.63,-6.88,-15.04,-17.46,0.97,1,2026-05-08,-17.42,3.71,,unknown,2026-05-11,消费电子,-1,1,0,0
E005-2026-05-06,2026-05-06,2026-05-07,688409.SH,富创精密,电子,-2.31,11.23,-1,历史新高,3,17533.5,光刻机、半导体、芯片,3.1,12.21,34.18,29.23,48.13,9,2026-05-20,-16.14,0.79,,unknown,2026-05-20,半导体,0,1,0,1
E005-2026-05-06,2026-05-06,2026-05-07,688502.SH,茂莱光学,电子,13.02,25.01,65.11,历史新高,4,14370.5,光刻机、光刻胶、光学光电子、芯片,1.86,0.05,-2.0,-4.92,6.24,9,2026-05-20,-8.74,2.7,,unknown,2026-05-20,光刻胶,0,2,0,1
E005-2026-05-06,2026-05-06,2026-05-07,688127.SH,蓝特光学,电子,1.94,9.94,6.12,历史新高,4,18615.07,光刻机、光学光电子、共封装光学(CPO)、芯片,12.86,21.1,22.96,19.31,30.07,11,2026-05-22,0.0,2.41,,unknown,2026-05-20,光刻机,2,1,0,0
E005-2026-05-06,2026-05-06,2026-05-07,301297.SZ,富乐德,电子,0.93,9.15,2.81,,3,17533.5,光刻机、半导体、芯片,2.37,2.94,7.53,4.63,13.61,6,2026-05-15,-7.93,9.38,,unknown,2026-05-15,半导体,0,1,0,1
E005-2026-05-06,2026-05-06,2026-05-07,688268.SH,华特气体,电子,2.81,21.49,13.03,,5,20751.01,光刻机、光刻胶、存储芯片、氢能源、芯片,-1.81,7.06,7.62,-5.08,14.34,6,2026-05-15,-16.33,-13.63,,unknown,2026-05-15,存储芯片,0,1,0,1
E005-2026-05-06,2026-05-06,2026-05-07,688146.SH,中船特气,电子,-3.86,21.72,-1,,2,13178.8,光刻机、芯片,25.64,80.92,74.23,63.94,86.6,6,2026-05-15,-19.01,0.97,,unknown,2026-05-14,光刻机,1,0,0,1
E005-2026-05-06,2026-05-06,2026-05-07,688010.SH,福光股份,电子,0.39,1.48,0.47,,2,1160.93,光刻机、光学光电子,0.9,-2.23,6.81,13.56,35.43,11,2026-05-22,0.0,2.8,,unknown,2026-05-20,光刻机,2,0,0,0
E005-2026-05-06,2026-05-06,2026-05-07,301611.SZ,珂玛科技,电子,2.25,17.53,9.42,,4,21677.08,光刻机、半导体、存储芯片、芯片,4.55,10.74,15.63,5.93,16.47,6,2026-05-15,-7.59,-0.05,,unknown,2026-05-15,存储芯片,0,1,0,1
E005-2026-05-06,2026-05-06,2026-05-07,603931.SH,格林达,电子,3.19,5.32,7.36,历史新高,2,13209.57,光刻胶、芯片,0.75,-0.14,2.97,12.73,24.01,11,2026-05-22,0.0,10.01,,unknown,2026-05-20,光刻胶,2,1,0,0
E005-2026-05-06,2026-05-06,2026-05-07,301599.SZ,理奇智能,电力设备,12.47,25.48,62.95,历史新高,3,14936.68,光刻胶、电池、芯片,-7.23,-20.1,-0.9,-0.07,11.66,9,2026-05-20,-11.52,1.45,,unknown,2026-05-20,电池,0,2,0,1
E005-2026-05-06,2026-05-06,2026-05-07,688727.SH,恒坤新材,电子,2.81,2.35,4.31,,4,21707.85,光刻胶、半导体、存储芯片、芯片,7.49,10.51,22.21,9.03,22.68,9,2026-05-20,-10.86,2.91,,unknown,2026-05-20,存储芯片,0,1,0,1
E005-2026-05-06,2026-05-06,2026-05-07,688550.SH,瑞联新材,电子,3.04,1.51,3.74,,2,1472.47,光刻胶、钙钛矿电池,1.62,9.74,8.4,16.29,18.56,11,2026-05-22,0.0,4.03,,unknown,2026-05-20,光刻胶,2,0,0,0
E005-2026-05-06,2026-05-06,2026-05-07,300655.SZ,晶瑞电材,电子,5.83,9.22,17.7,,3,17353.15,光刻胶、存储芯片、芯片,-0.51,1.4,4.27,6.75,10.83,9,2026-05-20,-3.89,2.88,,unknown,2026-05-20,存储芯片,0,2,0,1
E005-2026-05-06,2026-05-06,2026-05-07,002289.SZ,*ST宇顺,电子,5.01,0.1,1.58,120日新高,1,624.3,光学光电子,15.78,16.17,5.81,-1.54,16.17,5,2026-05-14,-13.67,5.0,,unknown,2026-05-11,光学光电子,3,1,0,0
E005-2026-05-06,2026-05-06,2026-05-07,301045.SZ,天禄科技,电子,1.65,2.89,2.8,,1,624.3,光学光电子,-2.7,3.59,4.69,1.42,11.41,11,2026-05-22,0.0,7.58,,unknown,2026-05-11,光学光电子,9,0,0,0
E005-2026-05-06,2026-05-06,2026-05-07,301321.SZ,翰博高新,电子,2.06,1.83,2.79,,1,624.3,光学光电子,9.01,7.37,12.44,8.61,12.88,11,2026-05-22,0.0,2.24,,unknown,2026-05-11,光学光电子,9,0,0,0
E005-2026-05-06,2026-05-06,2026-05-07,300808.SZ,久量股份,电子,1.36,0.75,1.18,,1,624.3,光学光电子,0.97,-3.28,-8.04,-4.4,3.32,1,2026-05-08,-8.29,6.08,,unknown,2026-05-11,光学光电子,-1,0,0,0
E005-2026-05-06,2026-05-06,2026-05-07,001373.SZ,翔腾新材,电子,1.52,1.03,1.54,20日新高,1,624.3,光学光电子,4.31,1.23,1.05,2.1,7.29,11,2026-05-22,0.0,2.36,,unknown,2026-05-11,光学光电子,9,1,0,0
E005-2026-05-06,2026-05-06,2026-05-07,002876.SZ,三利谱,电子,-0.29,2.12,-0.42,1年新高,1,624.3,光学光电子,-4.6,-3.74,-5.96,-7.7,-0.06,1,2026-05-08,-5.29,2.34,,unknown,2026-05-11,光学光电子,-1,1,0,0
E005-2026-05-06,2026-05-06,2026-05-07,002952.SZ,亚世光电,电子,4.06,3.41,7.5,,1,624.3,光学光电子,-3.35,-0.35,2.03,2.9,7.16,11,2026-05-22,0.0,-0.28,,unknown,2026-05-11,光学光电子,9,0,0,0
E005-2026-05-06,2026-05-06,2026-05-07,688322.SH,奥比中光-W,电子,2.31,7.6,6.37,,3,14955.99,光学光电子、芯片、英伟达,0.61,-1.84,10.29,26.71,36.59,11,2026-05-22,0.0,6.24,,unknown,2026-05-13,英伟达,7,1,0,0
E005-2026-05-06,2026-05-06,2026-05-07,000020.SZ,深华发Ａ,电子,-0.06,1.16,-0.06,,1,624.3,光学光电子,-11.99,-12.86,-15.79,-20.1,-9.55,2,2026-05-11,-7.99,0.44,,unknown,2026-05-11,光学光电子,0,0,0,1
E005-2026-05-06,2026-05-06,2026-05-07,002222.SZ,福晶科技,电子,6.73,44.39,44.84,,3,7517.12,光学光电子、光纤、共封装光学(CPO),15.2,15.61,6.43,2.22,18.21,4,2026-05-13,-10.93,6.19,,unknown,2026-05-11,光学光电子,2,2,0,0
E005-2026-05-06,2026-05-06,2026-05-07,603703.SH,盛洋科技,电子,1.02,1.54,1.27,,3,3601.48,光学光电子、光纤、铜缆高速连接,1.82,-1.19,-0.77,-4.19,2.87,2,2026-05-11,-3.21,3.55,,unknown,2026-05-11,铜缆高速连接,0,1,0,1
E005-2026-05-06,2026-05-06,2026-05-07,300241.SZ,瑞丰光电,电子,2.49,3.3,4.52,,1,624.3,光学光电子,1.68,0.0,-2.37,-3.91,1.68,3,2026-05-12,-3.91,2.43,,unknown,2026-05-11,光学光电子,1,0,0,1
E005-2026-05-06,2026-05-06,2026-05-07,300701.SZ,森霸传感,电子,0.5,0.7,0.42,20日新高,1,624.3,光学光电子,-1.15,0.16,1.07,-0.58,3.54,8,2026-05-19,-1.23,0.58,,unknown,2026-05-11,光学光电子,6,1,0,0
E005-2026-05-06,2026-05-06,2026-05-07,688538.SH,和辉光电-U,电子,1.33,2.02,1.89,,1,624.3,光学光电子,0.87,0.0,-1.73,2.6,3.03,11,2026-05-22,0.0,0.87,,unknown,2026-05-11,光学光电子,9,0,0,0
E005-2026-05-06,2026-05-06,2026-05-07,000509.SZ,华塑控股,电子,-0.56,0.67,-0.46,,1,624.3,光学光电子,-1.27,-3.31,0.25,-3.31,2.8,1,2026-05-08,-3.05,10.08,,unknown,2026-05-11,光学光电子,-1,0,0,0
E005-2026-05-06,2026-05-06,2026-05-07,000045.SZ,深纺织Ａ,电子,1.08,0.98,1.07,,1,624.3,光学光电子,0.9,0.49,-1.07,-3.04,1.48,4,2026-05-13,-1.31,0.33,,unknown,2026-05-11,光学光电子,2,0,0,0
E005-2026-05-06,2026-05-06,2026-05-07,000536.SZ,华映科技,电子,1.52,1.63,1.94,,3,13873.62,光学光电子、华为手机、芯片,-0.49,-1.48,-2.46,5.67,7.88,11,2026-05-22,0.0,1.5,,unknown,2026-05-20,华为手机,2,1,0,0
E005-2026-05-06,2026-05-06,2026-05-07,600707.SH,彩虹股份,电子,1.61,9.97,5.08,,1,624.3,光学光电子,5.09,19.14,20.24,26.33,26.33,10,2026-05-21,-3.54,9.98,,unknown,2026-05-11,光学光电子,8,0,0,0
E005-2026-05-06,2026-05-06,2026-05-07,300708.SZ,聚灿光电,电子,2.26,2.95,3.88,,2,13266.47,光学光电子、芯片,1.63,4.66,0.43,1.84,4.66,5,2026-05-14,-1.3,1.88,,unknown,2026-05-11,光学光电子,3,0,0,0
E005-2026-05-06,2026-05-06,2026-05-07,002387.SZ,维信诺,电子,0.49,0.98,0.49,,3,13873.62,光学光电子、华为手机、芯片,2.45,1.35,-0.98,5.75,6.61,9,2026-05-20,-0.86,0.62,,unknown,2026-05-20,华为手机,0,1,0,1
E005-2026-05-06,2026-05-06,2026-05-07,688055.SH,龙腾光电,电子,1.73,0.92,1.66,,2,13266.47,光学光电子、芯片,5.9,1.75,0.44,17.69,27.07,11,2026-05-22,0.0,11.44,,unknown,2026-05-11,光学光电子,9,0,0,0
E005-2026-05-06,2026-05-06,2026-05-07,003019.SZ,宸展光电,电子,1.9,2.27,2.86,,2,13266.47,光学光电子、芯片,-3.97,-5.12,-0.59,4.84,7.14,11,2026-05-22,0.0,-0.81,,unknown,2026-05-11,光学光电子,9,0,0,0
E005-2026-05-06,2026-05-06,2026-05-07,300076.SZ,*ST宁视,电子,-8.76,2.6,-1,,1,624.3,光学光电子,7.38,5.42,6.51,9.98,12.58,11,2026-05-22,0.0,0.66,,unknown,2026-05-11,光学光电子,9,0,0,0
E005-2026-05-06,2026-05-06,2026-05-07,002955.SZ,鸿合科技,电子,-0.19,0.75,-0.16,,1,624.3,光学光电子,-1.33,-3.53,-2.94,-3.88,-0.16,2,2026-05-11,-4.97,-0.97,,unknown,2026-05-11,光学光电子,0,0,0,1
E005-2026-05-06,2026-05-06,2026-05-07,605588.SH,冠石科技,电子,0.99,1.19,1.08,,3,13873.62,光学光电子、华为手机、芯片,-0.26,0.74,1.39,1.69,8.17,9,2026-05-20,-2.91,1.78,,unknown,2026-05-20,华为手机,0,1,0,1
E005-2026-05-06,2026-05-06,2026-05-07,605218.SH,伟时电子,电子,-2.76,1.18,-1,,1,624.3,光学光电子,0.38,-1.15,6.2,13.56,16.85,8,2026-05-19,-5.43,10.02,,unknown,2026-05-11,光学光电子,6,0,0,0
E005-2026-05-06,2026-05-06,2026-05-07,000050.SZ,深天马Ａ,电子,-0.26,2.56,-0.42,,2,13266.47,光学光电子、芯片,-0.39,0.13,-4.02,-1.43,3.11,11,2026-05-22,0.0,1.45,,unknown,2026-05-11,光学光电子,9,0,0,0
E005-2026-05-06,2026-05-06,2026-05-07,300940.SZ,南极光,电子,-1.26,1.64,-1,,1,624.3,光学光电子,-2.76,-0.15,-4.94,-0.92,0.87,1,2026-05-08,-0.44,5.79,,unknown,2026-05-11,光学光电子,-1,0,0,0
E005-2026-05-06,2026-05-06,2026-05-07,688260.SH,昀冢科技,电子,3.52,2.86,5.95,60日新高,2,2980.6,光纤、消费电子,33.54,33.23,29.29,59.03,90.84,11,2026-05-22,0.0,2.81,,unknown,2026-05-13,消费电子,7,1,0,0
E005-2026-05-06,2026-05-06,2026-05-07,300710.SZ,万隆光电,通信,2.17,1.73,2.85,20日新高,3,16771.44,光纤、芯片、通信设备,-1.36,3.61,1.9,10.69,13.1,11,2026-05-22,0.0,-0.9,,unknown,2026-05-11,光纤,9,1,0,0
E005-2026-05-06,2026-05-06,2026-05-07,688498.SH,源杰科技,电子,-2.55,61.88,-1,历史新高,4,23889.69,光纤、共封装光学(CPO)、半导体、芯片,6.26,0.37,-35.05,-36.28,6.26,3,2026-05-12,-40.8,6.4,,unknown,2026-05-11,光纤,1,1,0,1
E005-2026-05-06,2026-05-06,2026-05-07,300570.SZ,太辰光,通信,5.85,39.75,36.88,,5,22479.74,光纤、共封装光学(CPO)、芯片、通信设备、铜缆高速连接,17.77,16.99,6.85,-1.02,19.16,2,2026-05-11,-11.58,4.3,,unknown,2026-05-11,光纤,0,2,0,1
E005-2026-05-06,2026-05-06,2026-05-07,688205.SH,德科立,通信,0.52,39.08,3.25,,4,21583.41,光纤、共封装光学(CPO)、芯片、通信设备,14.33,11.44,6.29,-2.41,15.8,4,2026-05-13,-15.45,5.65,,unknown,2026-05-11,光纤,2,1,0,0
E005-2026-05-06,2026-05-06,2026-05-07,688313.SH,仕佳光子,通信,14.72,75.34,127.77,历史新高,4,21583.41,光纤、共封装光学(CPO)、芯片、通信设备,6.94,7.87,2.48,-0.79,9.27,9,2026-05-20,-6.02,11.9,,unknown,2026-05-11,光纤,7,2,0,0
E005-2026-05-06,2026-05-06,2026-05-07,300620.SZ,光库科技,通信,3.95,45.91,26.76,,4,21583.41,光纤、共封装光学(CPO)、芯片、通信设备,0.68,10.32,5.84,-3.81,10.32,5,2026-05-14,-7.87,5.03,,unknown,2026-05-11,光纤,3,2,0,0
E005-2026-05-06,2026-05-06,2026-05-07,300516.SZ,久之洋,电子,2.53,2.66,4.13,,2,14723.02,光纤、芯片,1.91,-28.56,-29.24,-32.3,5.33,1,2026-05-08,-36.45,3.59,,unknown,2026-05-11,光纤,-1,0,0,0
E005-2026-05-06,2026-05-06,2026-05-07,000720.SZ,新能泰山,电力设备,3.52,3.08,6.18,,2,2717.3,光纤、电网设备,10.06,12.77,5.03,-5.22,21.08,4,2026-05-13,-24.56,10.0,,unknown,2026-05-13,电网设备,0,0,0,1
E005-2026-05-06,2026-05-06,2026-05-07,603042.SH,华脉科技,通信,3.99,2.0,5.64,,4,17667.77,光纤、芯片、通信设备、铜缆高速连接,10.93,7.7,4.65,-3.57,11.83,4,2026-05-13,-10.7,6.18,,unknown,2026-05-11,铜缆高速连接,2,1,0,0
E005-2026-05-06,2026-05-06,2026-05-07,000586.SZ,汇源通信,通信,3.22,2.73,5.32,,3,5391.61,光纤、特高压、通信设备,-1.29,-2.42,-3.81,-7.51,5.81,8,2026-05-19,-15.17,6.35,,unknown,2026-05-11,特高压,6,1,0,0
E005-2026-05-06,2026-05-06,2026-05-07,300698.SZ,万马科技,通信,4.64,2.96,7.98,,4,9015.32,光纤、液冷服务器、英伟达、通信设备,0.16,-3.31,-2.22,3.88,3.88,10,2026-05-21,-1.58,-1.9,,unknown,2026-05-13,英伟达,6,1,0,0
E005-2026-05-06,2026-05-06,2026-05-07,601869.SH,长飞光纤,通信,2.02,62.86,16.02,,7,26917.08,光纤、共封装光学(CPO)、特高压、芯片、通信设备、铜缆高速连接、风电,5.72,3.98,2.64,-3.44,5.72,3,2026-05-12,-5.86,7.8,,unknown,2026-05-11,光纤,1,1,0,1
E005-2026-05-06,2026-05-06,2026-05-07,600345.SH,长江通信,通信,0.68,7.6,1.87,,2,4129.27,光纤、通信设备,13.34,12.96,5.92,-2.32,14.49,4,2026-05-13,-14.34,6.61,,unknown,2026-05-11,光纤,2,0,0,0
E005-2026-05-06,2026-05-06,2026-05-07,688143.SH,长盈通,通信,8.33,8.93,24.89,,5,22845.75,光纤、共封装光学(CPO)、特高压、芯片、通信设备,9.69,30.48,84.96,88.03,102.83,9,2026-05-20,-5.58,3.85,,unknown,2026-05-11,光纤,7,2,0,0
E005-2026-05-06,2026-05-06,2026-05-07,300548.SZ,长芯博创,通信,-1.64,58.51,-1,,5,22479.74,光纤、共封装光学(CPO)、芯片、通信设备、铜缆高速连接,-0.55,-2.31,-7.8,-15.3,0.87,2,2026-05-11,-12.94,8.24,,unknown,2026-05-11,光纤,0,1,0,1
E005-2026-05-06,2026-05-06,2026-05-07,688048.SH,长光华芯,电子,5.68,62.43,44.88,,5,24941.09,光纤、共封装光学(CPO)、半导体、可控核聚变、芯片,9.83,14.06,3.86,-9.14,14.06,5,2026-05-14,-18.33,5.61,,unknown,2026-05-15,半导体,-1,2,0,0
E005-2026-05-06,2026-05-06,2026-05-07,688668.SH,鼎通科技,通信,-1.12,13.24,-1,,5,9911.65,光纤、液冷服务器、英伟达、通信设备、铜缆高速连接,12.5,8.93,26.61,16.07,26.73,9,2026-05-20,-4.86,2.97,,unknown,2026-05-13,英伟达,5,1,0,0
E005-2026-05-06,2026-05-06,2026-05-07,600105.SH,永鼎股份,通信,2.99,64.7,24.05,,6,25809.81,光纤、共封装光学(CPO)、可控核聚变、芯片、通信设备、风电,10.1,13.62,8.48,-2.59,13.62,5,2026-05-14,-14.06,8.79,,unknown,2026-05-11,光纤,3,2,0,0
E005-2026-05-06,2026-05-06,2026-05-07,688099.SH,晶晨股份,电子,2.84,32.54,16.2,120日新高,3,21808.84,共封装光学(CPO)、半导体、芯片,1.89,0.84,-1.62,-0.61,10.28,8,2026-05-19,-6.39,1.93,,unknown,2026-05-20,半导体,-1,1,0,0
E005-2026-05-06,2026-05-06,2026-05-07,603083.SH,剑桥科技,通信,2.43,59.55,18.75,,3,10056.92,共封装光学(CPO)、液冷服务器、通信设备,2.91,4.24,0.12,-2.65,9.97,8,2026-05-19,-6.75,2.71,,unknown,2026-05-11,液冷服务器,6,2,0,0
E005-2026-05-06,2026-05-06,2026-05-07,301387.SZ,光大同创,电子,-0.63,2.38,-0.97,,2,5711.72,共封装光学(CPO)、消费电子,19.11,22.77,25.43,55.24,59.19,11,2026-05-22,0.0,8.13,,unknown,2026-05-13,消费电子,7,0,0,0
E005-2026-05-06,2026-05-06,2026-05-07,300285.SZ,国瓷材料,电子,4.61,20.94,21.1,20日新高,3,20315.37,共封装光学(CPO)、氢能源、芯片,6.02,6.31,0.57,7.37,25.13,11,2026-05-22,0.0,3.34,,unknown,2026-05-11,氢能源,9,2,0,0
E005-2026-05-06,2026-05-06,2026-05-07,301205.SZ,联特科技,通信,11.19,31.3,62.6,,3,19502.56,共封装光学(CPO)、芯片、通信设备,2.27,6.29,4.23,-10.87,7.41,4,2026-05-13,-14.11,5.16,,unknown,2026-05-11,通信设备,2,2,0,0
E005-2026-05-06,2026-05-06,2026-05-07,301419.SZ,阿莱德,通信,4.14,2.12,6.03,,4,14200.5,共封装光学(CPO)、存储芯片、液冷服务器、通信设备,5.08,0.23,-0.61,3.77,10.12,11,2026-05-22,0.0,2.28,,unknown,2026-05-20,存储芯片,2,1,0,0
E005-2026-05-06,2026-05-06,2026-05-07,300661.SZ,圣邦股份,电子,-3.8,40.65,-1,,4,25952.42,共封装光学(CPO)、半导体、存储芯片、芯片,14.93,17.55,17.12,21.87,29.84,9,2026-05-20,-6.43,1.7,,unknown,2026-05-20,存储芯片,0,1,0,1
E005-2026-05-06,2026-05-06,2026-05-07,002396.SZ,星网锐捷,通信,1.55,7.44,4.23,,2,6860.39,共封装光学(CPO)、通信设备,17.5,14.39,14.97,12.37,21.6,9,2026-05-20,-5.64,1.52,,unknown,2026-05-11,通信设备,7,0,0,0
E005-2026-05-06,2026-05-06,2026-05-07,300502.SZ,新易盛,通信,-0.63,221.91,-1,,3,19502.56,共封装光学(CPO)、芯片、通信设备,5.15,9.65,6.46,0.44,11.62,4,2026-05-13,-3.94,7.85,,unknown,2026-05-11,通信设备,2,1,0,0
E005-2026-05-06,2026-05-06,2026-05-07,601138.SH,工业富联,电子,0.32,167.37,4.14,,5,23239.94,共封装光学(CPO)、消费电子、液冷服务器、芯片、英伟达,0.34,6.89,7.48,2.06,10.38,4,2026-05-13,-5.73,1.74,,unknown,2026-05-13,消费电子,0,1,0,1
E005-2026-05-06,2026-05-06,2026-05-07,300308.SZ,中际旭创,通信,-0.17,267.57,-1,,4,22699.09,共封装光学(CPO)、液冷服务器、芯片、通信设备,16.01,22.85,19.09,13.21,22.85,5,2026-05-14,-4.56,2.51,,unknown,2026-05-11,液冷服务器,3,1,0,0
E005-2026-05-06,2026-05-06,2026-05-07,603052.SH,可川科技,电子,4.2,5.54,9.89,,3,18353.89,共封装光学(CPO)、消费电子、芯片,11.27,34.65,20.71,9.91,34.65,5,2026-05-14,-20.76,0.98,,unknown,2026-05-13,消费电子,1,1,0,1
E005-2026-05-06,2026-05-06,2026-05-07,301666.SZ,大普微-UW,电子,19.18,33.52,111.05,历史新高,3,10187.8,半导体、存储芯片、英伟达,21.68,45.97,88.77,,105.65,11,2026-05-22,0.0,14.06,,unknown,2026-05-20,存储芯片,2,2,0,0
E005-2026-05-06,2026-05-06,2026-05-07,003026.SZ,中晶科技,电子,4.6,12.79,16.45,3年新高,2,16996.87,半导体、芯片,1.28,-6.12,-6.87,-9.62,1.28,3,2026-05-12,-10.99,-2.56,,unknown,2026-05-11,半导体,1,1,0,1
E005-2026-05-06,2026-05-06,2026-05-07,688515.SH,裕太微-U,电子,-3.4,12.82,-1,,3,17893.2,半导体、芯片、铜缆高速连接,14.52,14.63,15.93,18.39,30.14,9,2026-05-20,-12.25,9.93,,unknown,2026-05-20,半导体,0,1,0,1
E005-2026-05-06,2026-05-06,2026-05-07,688449.SH,联芸科技,电子,4.49,20.29,20.22,120日新高,3,21140.45,半导体、存储芯片、芯片,13.01,13.02,14.32,41.97,49.46,9,2026-05-20,-1.37,3.06,,unknown,2026-05-20,存储芯片,0,2,0,1
E005-2026-05-06,2026-05-06,2026-05-07,688008.SH,澜起科技,电子,14.82,219.18,219.41,历史新高,3,21140.45,半导体、存储芯片、芯片,14.67,26.28,18.14,24.9,29.5,11,2026-05-22,0.0,5.49,,unknown,2026-05-20,存储芯片,2,2,0,0
E005-2026-05-06,2026-05-06,2026-05-07,300831.SZ,派瑞股份,电子,3.71,6.63,9.55,20日新高,3,18259.21,半导体、特高压、芯片,1.07,7.17,13.21,12.92,15.94,6,2026-05-15,-0.78,-2.19,,unknown,2026-05-15,半导体,0,1,0,1
E005-2026-05-06,2026-05-06,2026-05-07,688041.SH,海光信息,电子,16.26,212.4,236.97,历史新高,2,16996.87,半导体、芯片,2.22,-4.8,-11.12,-10.13,2.22,3,2026-05-12,-10.77,-0.82,,unknown,2026-05-11,半导体,1,2,0,1
E005-2026-05-06,2026-05-06,2026-05-07,688584.SH,上海合晶,电子,19.99,7.98,56.47,20日新高,2,16996.87,半导体、芯片,11.37,5.5,1.21,8.08,29.21,9,2026-05-20,-22.14,0.16,,unknown,2026-05-20,半导体,0,2,0,1
E005-2026-05-06,2026-05-06,2026-05-07,300672.SZ,国科微,电子,6.56,33.83,38.16,20日新高,4,21692.52,半导体、存储芯片、星闪、芯片,16.12,21.89,22.39,29.31,47.63,11,2026-05-22,0.0,5.79,,unknown,2026-05-20,存储芯片,2,2,0,0
E005-2026-05-06,2026-05-06,2026-05-07,688107.SH,安路科技,电子,5.52,8.47,16.07,1年新高,2,16996.87,半导体、芯片,4.9,7.82,20.4,21.75,30.95,9,2026-05-20,-4.41,4.02,,unknown,2026-05-20,半导体,0,1,0,1
E005-2026-05-06,2026-05-06,2026-05-07,688702.SH,盛科通信-U,电子,-0.67,40.88,-1,,2,16996.87,半导体、芯片,-4.36,-6.36,-8.43,-3.51,2.63,2,2026-05-11,-4.74,-2.56,,unknown,2026-05-11,半导体,0,0,0,1
E005-2026-05-06,2026-05-06,2026-05-07,688795.SH,摩尔线程-U,电子,3.27,44.49,21.81,60日新高,2,16996.87,半导体、芯片,-3.48,-8.21,-6.24,-6.81,-2.49,9,2026-05-20,-4.44,0.52,,unknown,2026-05-20,半导体,0,2,0,1
E005-2026-05-06,2026-05-06,2026-05-07,688200.SH,华峰测控,电子,-0.72,12.35,-1,历史新高,2,16996.87,半导体、芯片,6.53,13.21,17.65,23.19,36.3,9,2026-05-20,-8.0,1.06,,unknown,2026-05-20,半导体,0,1,0,1
E005-2026-05-06,2026-05-06,2026-05-07,688652.SH,京仪装备,电子,0.59,8.32,1.7,20日新高,3,21140.45,半导体、存储芯片、芯片,13.83,20.03,27.27,25.8,37.28,9,2026-05-20,-14.05,2.71,,unknown,2026-05-20,存储芯片,0,1,0,1
E005-2026-05-06,2026-05-06,2026-05-07,300604.SZ,长川科技,电子,1.15,61.27,9.0,,3,21140.45,半导体、存储芯片、芯片,14.68,12.42,12.58,26.36,30.01,9,2026-05-20,-2.98,5.45,,unknown,2026-05-20,存储芯片,0,1,0,1
E005-2026-05-06,2026-05-06,2026-05-07,688785.SH,恒运昌,电子,-0.0,4.93,0.0,20日新高,2,16996.87,半导体、芯片,24.93,28.83,36.15,31.3,48.74,9,2026-05-20,-19.83,1.46,,unknown,2026-05-20,半导体,0,1,0,1
E005-2026-05-06,2026-05-06,2026-05-07,688981.SH,中芯国际,电子,3.68,161.77,46.81,60日新高,3,21140.45,半导体、存储芯片、芯片,-2.68,-5.94,-6.16,1.5,6.76,9,2026-05-20,-1.98,1.82,,unknown,2026-05-20,存储芯片,0,2,0,1
E005-2026-05-06,2026-05-06,2026-05-07,688653.SH,康希通信,电子,0.53,2.79,0.89,60日新高,3,17548.94,半导体、星闪、芯片,3.0,4.96,3.59,-0.26,6.72,9,2026-05-20,-2.67,1.32,,unknown,2026-05-20,半导体,0,1,0,1
E005-2026-05-06,2026-05-06,2026-05-07,688693.SH,锴威特,电子,-4.27,9.83,-1,,2,16996.87,半导体、芯片,44.13,46.75,36.27,21.59,46.75,5,2026-05-14,-20.97,3.81,,unknown,2026-05-15,半导体,-1,0,0,0
E005-2026-05-06,2026-05-06,2026-05-07,688347.SH,华虹公司,电子,7.8,57.92,59.36,20日新高,3,21140.45,半导体、存储芯片、芯片,-3.17,-4.86,-10.92,1.86,7.88,11,2026-05-22,0.0,9.16,,unknown,2026-05-20,存储芯片,2,2,0,0
E005-2026-05-06,2026-05-06,2026-05-07,688508.SH,芯朋微,电子,-0.77,9.04,-1,3年新高,3,18133.62,半导体、芯片、高压快充,13.35,9.94,5.24,8.01,13.35,3,2026-05-12,-3.52,-0.47,,unknown,2026-05-11,高压快充,1,1,0,1
E005-2026-05-06,2026-05-06,2026-05-07,688432.SH,有研硅,电子,2.89,4.21,5.93,20日新高,3,21140.45,半导体、存储芯片、芯片,10.21,13.22,16.53,13.16,26.09,8,2026-05-19,-10.98,1.38,,unknown,2026-05-20,存储芯片,-1,1,0,0
E005-2026-05-06,2026-05-06,2026-05-07,603375.SH,盛景微,电子,0.13,4.76,0.28,1年新高,3,21140.45,半导体、存储芯片、芯片,0.71,5.14,3.16,9.61,13.36,9,2026-05-20,-0.17,2.6,,unknown,2026-05-20,存储芯片,0,1,0,1
E005-2026-05-06,2026-05-06,2026-05-07,688809.SH,强一股份,电子,3.27,12.82,11.71,历史新高,3,21140.45,半导体、存储芯片、芯片,-1.15,-4.53,3.86,9.07,19.46,9,2026-05-20,-6.54,1.71,,unknown,2026-05-20,存储芯片,0,1,0,1
E005-2026-05-06,2026-05-06,2026-05-07,688126.SH,沪硅产业,电子,8.35,30.07,45.79,20日新高,3,21140.45,半导体、存储芯片、芯片,12.07,10.78,9.14,22.8,30.97,8,2026-05-19,-7.59,0.94,,unknown,2026-05-20,存储芯片,-1,2,0,0
E005-2026-05-06,2026-05-06,2026-05-07,688721.SH,龙图光罩,电子,1.05,1.43,1.26,,2,16996.87,半导体、芯片,1.71,1.63,2.36,1.73,10.54,9,2026-05-20,-6.68,1.41,,unknown,2026-05-20,半导体,0,0,0,1
E005-2026-05-06,2026-05-06,2026-05-07,688138.SH,清溢光电,电子,2.07,2.66,3.38,20日新高,2,16996.87,半导体、芯片,-1.39,-0.3,0.39,-1.51,6.19,9,2026-05-20,-4.25,4.94,,unknown,2026-05-20,半导体,0,1,0,1
E005-2026-05-06,2026-05-06,2026-05-07,688209.SH,英集芯,电子,-0.87,5.98,-1,20日新高,2,16996.87,半导体、芯片,5.88,7.97,5.8,1.92,10.3,4,2026-05-13,-5.56,1.7,,unknown,2026-05-15,半导体,-2,1,0,0
E005-2026-05-06,2026-05-06,2026-05-07,300623.SZ,捷捷微电,电子,1.76,8.74,5.2,,3,18133.62,半导体、芯片、高压快充,5.0,5.7,5.4,9.19,13.99,9,2026-05-20,-1.11,1.19,,unknown,2026-05-20,半导体,0,1,0,1
E005-2026-05-06,2026-05-06,2026-05-07,688259.SH,创耀科技,电子,0.1,1.25,0.11,20日新高,3,17548.94,半导体、星闪、芯片,1.85,1.52,2.16,0.0,4.22,9,2026-05-20,0.0,1.3,,unknown,2026-05-20,半导体,0,1,0,1
E005-2026-05-06,2026-05-06,2026-05-07,688729.SH,屹唐股份,电子,2.08,3.12,3.67,20日新高,3,21140.45,半导体、存储芯片、芯片,5.17,3.77,7.38,15.58,15.58,10,2026-05-21,-0.94,1.2,,unknown,2026-05-20,存储芯片,1,1,0,1
E005-2026-05-06,2026-05-06,2026-05-07,301678.SZ,新恒汇,电子,4.51,2.01,6.39,,2,16996.87,半导体、芯片,1.45,1.3,-0.34,7.72,7.72,10,2026-05-21,-0.95,-0.91,,unknown,2026-05-20,半导体,1,0,0,1
E005-2026-05-06,2026-05-06,2026-05-07,603061.SH,金海通,电子,1.24,9.49,3.82,,2,16996.87,半导体、芯片,17.73,14.91,13.27,18.67,30.91,9,2026-05-20,-12.43,3.21,,unknown,2026-05-20,半导体,0,0,0,1
E005-2026-05-06,2026-05-06,2026-05-07,688512.SH,慧智微-U,电子,2.84,2.42,4.42,20日新高,2,16996.87,半导体、芯片,1.81,14.31,13.03,5.87,27.03,11,2026-05-22,0.0,1.84,,unknown,2026-05-20,半导体,2,1,0,0
E005-2026-05-06,2026-05-06,2026-05-07,301369.SZ,联动科技,电子,1.26,2.32,1.92,历史新高,2,16996.87,半导体、芯片,27.72,33.21,32.9,49.15,49.83,11,2026-05-22,0.0,6.45,,unknown,2026-05-20,半导体,2,1,0,0
E005-2026-05-06,2026-05-06,2026-05-07,688486.SH,龙迅股份,电子,-0.99,3.84,-1,60日新高,3,18686.39,半导体、芯片、英伟达,2.18,2.7,6.59,3.66,10.93,9,2026-05-20,-4.37,3.36,,unknown,2026-05-20,半导体,0,1,0,1
E005-2026-05-06,2026-05-06,2026-05-07,688325.SH,赛微微电,电子,-1.42,2.73,-1,,2,16996.87,半导体、芯片,2.0,-7.67,0.58,-1.3,6.52,9,2026-05-20,-8.82,1.81,,unknown,2026-05-20,半导体,0,0,0,1
E005-2026-05-06,2026-05-06,2026-05-07,688252.SH,天德钰,电子,1.81,1.97,2.54,,3,18133.62,半导体、芯片、高压快充,2.41,1.89,0.95,-0.86,4.99,9,2026-05-20,-1.85,0.95,,unknown,2026-05-20,半导体,0,1,0,1
E005-2026-05-06,2026-05-06,2026-05-07,688279.SH,峰岹科技,电子,0.72,3.64,1.37,,2,16996.87,半导体、芯片,12.11,11.87,17.94,16.64,22.1,11,2026-05-22,0.0,3.03,,unknown,2026-05-20,半导体,2,0,0,0
E005-2026-05-06,2026-05-06,2026-05-07,688233.SH,神工股份,电子,14.21,12.73,50.7,,3,21140.45,半导体、存储芯片、芯片,10.36,14.86,14.83,12.3,28.31,9,2026-05-20,-15.21,2.8,,unknown,2026-05-20,存储芯片,0,2,0,1
E005-2026-05-06,2026-05-06,2026-05-07,688582.SH,芯动联科,电子,3.74,4.43,7.87,,2,16996.87,半导体、芯片,-1.82,-0.45,-3.76,-7.05,0.15,4,2026-05-13,-4.4,4.56,,unknown,2026-05-15,半导体,-2,0,0,0
E005-2026-05-06,2026-05-06,2026-05-07,301629.SZ,矽电股份,电子,0.43,8.18,1.23,,3,21140.45,半导体、存储芯片、芯片,25.8,23.39,24.36,16.69,30.56,9,2026-05-20,-12.21,6.85,,unknown,2026-05-20,存储芯片,0,1,0,1
E005-2026-05-06,2026-05-06,2026-05-07,688153.SH,唯捷创芯,电子,-0.47,2.51,-0.74,,3,17548.94,半导体、星闪、芯片,0.55,3.39,0.7,-2.54,4.09,9,2026-05-20,-3.61,2.8,,unknown,2026-05-20,半导体,0,1,0,1
E005-2026-05-06,2026-05-06,2026-05-07,301382.SZ,蜂助手,通信,3.77,8.58,11.04,1年新高,1,607.15,华为手机,3.43,3.22,3.94,0.38,8.46,4,2026-05-13,-1.84,3.5,,unknown,2026-05-11,华为手机,2,1,0,0
E005-2026-05-06,2026-05-06,2026-05-07,600203.SH,福日电子,电子,5.49,6.5,14.0,60日新高,2,1506.9,华为手机、消费电子,-0.23,-2.08,-3.38,-7.92,2.0,1,2026-05-08,-7.23,0.93,,unknown,2026-05-11,消费电子,-1,1,0,0
E005-2026-05-06,2026-05-06,2026-05-07,300256.SZ,星星科技,电子,0.89,0.72,0.76,,2,1506.9,华为手机、消费电子,-0.58,-2.34,-2.05,-3.8,0.58,1,2026-05-08,-5.56,0.88,,unknown,2026-05-11,消费电子,-1,0,0,0
E005-2026-05-06,2026-05-06,2026-05-07,002366.SZ,融发核电,电力设备,2.0,5.6,4.73,20日新高,2,4226.4,可控核聚变、风电,0.53,0.4,-0.79,-6.59,3.69,4,2026-05-13,-10.01,-0.65,,unknown,2026-05-11,可控核聚变,2,1,0,0
E005-2026-05-06,2026-05-06,2026-05-07,600577.SH,精达股份,电力设备,2.07,7.43,5.64,,4,3720.93,可控核聚变、电网设备、铜缆高速连接、高压快充,0.22,0.37,4.27,4.57,9.58,11,2026-05-22,0.0,2.03,,unknown,2026-05-19,电网设备,3,1,0,0
E005-2026-05-06,2026-05-06,2026-05-07,600550.SH,保变电气,电力设备,3.68,8.88,10.97,,4,4056.9,可控核聚变、特高压、电网设备、虚拟电厂,4.56,-0.51,-4.06,-10.01,6.21,4,2026-05-13,-16.6,1.81,,unknown,2026-05-13,电网设备,0,1,0,1
E005-2026-05-06,2026-05-06,2026-05-07,600973.SH,宝胜股份,电力设备,1.92,2.22,2.86,,3,2584.18,可控核聚变、电网设备、铜缆高速连接,5.51,2.42,-0.4,-7.39,6.45,4,2026-05-13,-9.95,0.27,,unknown,2026-05-13,电网设备,0,1,0,1
E005-2026-05-06,2026-05-06,2026-05-07,688103.SH,国力电子,电子,-1.23,1.38,-1,20日新高,4,16092.66,可控核聚变、特高压、芯片、高压快充,5.68,7.58,9.56,9.41,14.06,11,2026-05-22,0.0,0.12,,unknown,2026-05-19,高压快充,3,1,0,0
E005-2026-05-06,2026-05-06,2026-05-07,300475.SZ,香农芯创,电子,11.43,131.66,131.15,60日新高,2,16785.75,存储芯片、芯片,-2.42,5.98,2.73,-6.04,5.98,5,2026-05-14,-6.77,-2.82,,unknown,2026-05-15,存储芯片,-1,2,0,0
E005-2026-05-06,2026-05-06,2026-05-07,688159.SH,有方科技,通信,6.4,4.66,13.82,20日新高,3,6744.07,存储芯片、星闪、通信设备,18.9,33.81,24.11,5.07,33.81,5,2026-05-14,-24.96,-0.02,,unknown,2026-05-15,存储芯片,-1,1,0,0
E005-2026-05-06,2026-05-06,2026-05-07,300650.SZ,太龙股份,电子,3.52,1.77,4.68,20日新高,2,16785.75,存储芯片、芯片,-1.83,-2.12,-2.59,-8.78,0.65,2,2026-05-11,-6.07,2.97,,unknown,2026-05-11,存储芯片,0,1,0,1
E005-2026-05-06,2026-05-06,2026-05-07,688573.SH,信宇人,电力设备,5.07,1.22,5.6,20日新高,4,9636.99,存储芯片、氢能源、电池、钙钛矿电池,-0.63,-0.75,0.42,-2.93,2.89,9,2026-05-20,-1.26,3.82,,unknown,2026-05-20,电池,0,1,0,1
E005-2026-05-06,2026-05-06,2026-05-07,300991.SZ,创益通,电子,-1.14,1.89,-1,,2,5039.91,存储芯片、铜缆高速连接,-6.2,-9.16,-7.7,-13.46,-0.57,1,2026-05-08,-12.61,-1.24,,unknown,2026-05-11,铜缆高速连接,-1,0,0,0
E005-2026-05-06,2026-05-06,2026-05-07,002055.SZ,ST得润,电子,2.87,1.38,3.37,,4,7076.41,存储芯片、消费电子、铜缆高速连接、高压快充,-1.64,-3.62,0.33,12.34,17.93,11,2026-05-22,0.0,-0.33,,unknown,2026-05-20,存储芯片,2,1,0,0
E005-2026-05-06,2026-05-06,2026-05-07,000670.SZ,盈方微,电子,2.91,3.91,5.75,,2,16785.75,存储芯片、芯片,-2.07,0.85,-0.12,-1.34,8.54,11,2026-05-22,0.0,5.26,,unknown,2026-05-20,存储芯片,2,0,0,0
E005-2026-05-06,2026-05-06,2026-05-07,688548.SH,广钢气体,电子,-0.2,9.31,-0.61,,3,19646.98,存储芯片、氢能源、芯片,1.83,8.09,18.78,10.61,25.11,8,2026-05-19,-17.7,-7.33,,unknown,2026-05-20,存储芯片,-1,1,0,0
E005-2026-05-06,2026-05-06,2026-05-07,301189.SZ,奥尼电子,电子,5.78,7.85,16.19,,3,3141.34,星闪、消费电子、英伟达,-10.91,0.91,3.89,-4.82,4.75,6,2026-05-15,-5.77,10.3,,unknown,2026-05-13,英伟达,2,1,0,0
E005-2026-05-06,2026-05-06,2026-05-07,002888.SZ,惠威科技,电子,2.62,0.65,2.11,20日新高,2,1451.82,星闪、消费电子,5.73,5.33,22.71,28.19,28.19,10,2026-05-21,-12.8,2.55,,unknown,2026-05-13,消费电子,6,1,0,0
E005-2026-05-06,2026-05-06,2026-05-07,002351.SZ,漫步者,电子,0.99,0.76,0.86,,2,1451.82,星闪、消费电子,-3.28,0.53,0.53,-2.66,1.69,8,2026-05-19,-3.9,0.45,,unknown,2026-05-13,消费电子,4,0,0,0
E005-2026-05-06,2026-05-06,2026-05-07,000922.SZ,佳电股份,电力设备,3.18,2.54,5.07,20日新高,2,6036.23,氢能源、风电,7.38,3.37,2.01,-14.89,10.55,2,2026-05-11,-20.52,1.31,,unknown,2026-05-11,氢能源,0,1,0,1
E005-2026-05-06,2026-05-06,2026-05-07,300409.SZ,道氏技术,电力设备,5.2,14.61,19.88,20日新高,3,17230.51,氢能源、电池、芯片,-7.09,-12.27,-11.1,-12.94,-0.85,1,2026-05-08,-9.22,-0.46,,unknown,2026-05-11,氢能源,-1,2,0,0
E005-2026-05-06,2026-05-06,2026-05-07,002498.SZ,汉缆股份,电力设备,3.44,16.74,14.07,,4,7935.02,氢能源、特高压、电网设备、风电,7.75,9.26,3.88,-5.71,18.51,4,2026-05-13,-22.6,2.99,,unknown,2026-05-13,电网设备,0,1,0,1
E005-2026-05-06,2026-05-06,2026-05-07,688349.SH,三一重能,电力设备,1.17,2.39,1.81,,2,6036.23,氢能源、风电,-6.16,-9.69,-12.04,-12.59,-1.03,2,2026-05-11,-11.2,0.32,,unknown,2026-05-11,氢能源,0,0,0,1
E005-2026-05-06,2026-05-06,2026-05-07,688778.SH,厦钨新能,电力设备,2.94,7.74,8.18,,2,4588.34,氢能源、电池,-9.95,-16.48,-16.2,-18.92,-4.87,1,2026-05-08,-12.9,0.61,,unknown,2026-05-11,氢能源,-1,0,0,0
E005-2026-05-06,2026-05-06,2026-05-07,300340.SZ,科恒股份,电力设备,2.06,0.85,1.9,,3,5493.41,氢能源、电池、钙钛矿电池,-0.71,-3.71,-4.33,-9.89,2.39,2,2026-05-11,-9.45,-0.88,,unknown,2026-05-11,钙钛矿电池,0,1,0,1
E005-2026-05-06,2026-05-06,2026-05-07,300481.SZ,濮阳惠成,电子,-0.48,1.69,-0.62,,2,6036.23,氢能源、风电,0.14,1.77,3.61,2.24,5.71,11,2026-05-22,0.0,1.17,,unknown,2026-05-11,氢能源,9,0,0,0
E005-2026-05-06,2026-05-06,2026-05-07,002531.SZ,天顺风能,电力设备,-3.0,6.6,-1,,2,6036.23,氢能源、风电,-1.11,-0.17,3.08,-3.93,6.42,6,2026-05-15,-6.93,0.26,,unknown,2026-05-11,氢能源,4,0,0,0
E005-2026-05-06,2026-05-06,2026-05-07,603629.SH,利通电子,电子,10.0,51.1,71.48,历史新高,4,18427.97,消费电子、液冷服务器、芯片、英伟达,-0.8,7.66,10.3,13.48,23.61,11,2026-05-22,0.0,-0.36,,unknown,2026-05-13,消费电子,7,2,0,0
E005-2026-05-06,2026-05-06,2026-05-07,002655.SZ,共达电声,电子,3.27,16.19,13.16,历史新高,2,13541.92,消费电子、芯片,-2.62,3.16,-1.79,-3.97,10.0,1,2026-05-08,-11.98,10.02,,unknown,2026-05-11,消费电子,-1,1,0,0
E005-2026-05-06,2026-05-06,2026-05-07,301326.SZ,捷邦科技,电子,-1.67,5.07,-1,,3,16738.45,消费电子、液冷服务器、芯片,0.17,3.8,-6.98,-4.52,3.8,5,2026-05-14,-4.4,3.07,,unknown,2026-05-13,消费电子,1,1,0,1
E005-2026-05-06,2026-05-06,2026-05-07,600130.SH,波导股份,电子,9.96,2.21,14.81,1年新高,1,899.75,消费电子,13.06,5.37,18.78,-1.79,18.78,7,2026-05-18,-22.72,10.04,,unknown,2026-05-13,消费电子,3,1,0,0
E005-2026-05-06,2026-05-06,2026-05-07,301626.SZ,苏州天脉,电子,2.27,8.12,6.47,历史新高,2,4096.28,消费电子、液冷服务器,0.22,0.02,-6.15,-3.78,3.81,2,2026-05-11,-3.6,0.88,,unknown,2026-05-11,消费电子,0,1,0,1
E005-2026-05-06,2026-05-06,2026-05-07,300647.SZ,超频三,电子,1.13,1.31,1.29,20日新高,2,4096.28,消费电子、液冷服务器,-2.25,-1.55,-1.97,-6.06,-0.28,4,2026-05-13,-2.54,-0.7,,unknown,2026-05-13,消费电子,0,1,0,1
E005-2026-05-06,2026-05-06,2026-05-07,300822.SZ,贝仕达克,电子,0.86,0.7,0.72,20日新高,1,899.75,消费电子,-1.43,-2.92,-1.95,-3.51,2.08,1,2026-05-08,-4.87,0.79,,unknown,2026-05-11,消费电子,-1,1,0,0
E005-2026-05-06,2026-05-06,2026-05-07,688661.SH,和林微纳,电子,-4.13,10.24,-1,,3,15231.44,消费电子、芯片、英伟达,-0.61,-4.63,-1.66,-7.51,5.04,9,2026-05-20,-7.15,7.9,,unknown,2026-05-13,消费电子,5,1,0,0
E005-2026-05-06,2026-05-06,2026-05-07,300784.SZ,利安科技,电子,0.93,0.52,0.67,20日新高,1,899.75,消费电子,2.83,4.99,6.57,0.45,6.57,7,2026-05-18,-4.39,0.71,,unknown,2026-05-13,消费电子,3,1,0,0
E005-2026-05-06,2026-05-06,2026-05-07,603380.SH,易德龙,电子,-0.19,0.81,-0.17,20日新高,1,899.75,消费电子,-0.38,-0.48,5.49,14.97,16.1,11,2026-05-22,0.0,0.9,,unknown,2026-05-13,消费电子,7,1,0,0
E005-2026-05-06,2026-05-06,2026-05-07,301491.SZ,汉桑科技,电子,3.21,0.72,2.72,20日新高,1,899.75,消费电子,0.02,1.54,0.45,-3.65,2.35,2,2026-05-11,-6.53,-0.12,,unknown,2026-05-11,消费电子,0,1,0,1
E005-2026-05-06,2026-05-06,2026-05-07,688775.SH,影石创新,电子,1.84,3.5,3.44,,2,13541.92,消费电子、芯片,5.68,7.1,5.33,-2.07,10.94,4,2026-05-13,-15.87,1.17,,unknown,2026-05-13,消费电子,0,0,0,1
E005-2026-05-06,2026-05-06,2026-05-07,300951.SZ,博硕科技,电子,-1.37,0.97,-1,,1,899.75,消费电子,4.23,8.97,8.91,9.3,14.31,11,2026-05-22,0.0,3.55,,unknown,2026-05-13,消费电子,7,0,0,0
E005-2026-05-06,2026-05-06,2026-05-07,300032.SZ,金龙机电,电子,-1.34,2.23,-1,,1,899.75,消费电子,-4.26,-6.3,-6.11,-9.81,-1.11,1,2026-05-08,-7.96,4.65,,unknown,2026-05-11,消费电子,-1,0,0,0
E005-2026-05-06,2026-05-06,2026-05-07,300686.SZ,智动力,电子,0.56,1.95,0.78,,1,899.75,消费电子,-4.33,-7.0,-2.46,-6.57,0.59,9,2026-05-20,-6.89,4.53,,unknown,2026-05-13,消费电子,5,0,0,0
E005-2026-05-06,2026-05-06,2026-05-07,300689.SZ,澄天伟业,通信,1.0,2.04,1.43,20日新高,3,17887.12,液冷服务器、芯片、通信设备,7.16,2.59,9.89,1.22,11.3,9,2026-05-20,-6.87,1.53,,unknown,2026-05-11,液冷服务器,7,1,0,0
E005-2026-05-06,2026-05-06,2026-05-07,300603.SZ,立昂技术,通信,5.59,4.19,11.44,,1,3196.53,液冷服务器,-2.48,-5.34,4.69,0.46,10.67,8,2026-05-19,-8.37,0.93,,unknown,2026-05-11,液冷服务器,6,0,0,0
E005-2026-05-06,2026-05-06,2026-05-07,300442.SZ,润泽科技,通信,8.03,85.53,74.26,20日新高,1,3196.53,液冷服务器,-6.23,2.28,1.99,-6.02,5.14,6,2026-05-15,-9.35,1.29,,unknown,2026-05-11,液冷服务器,4,2,0,0
E005-2026-05-06,2026-05-06,2026-05-07,603881.SH,数据港,通信,4.31,19.75,19.15,,1,3196.53,液冷服务器,1.72,4.12,4.98,-4.48,9.76,4,2026-05-13,-12.16,2.73,,unknown,2026-05-11,液冷服务器,2,1,0,0
E005-2026-05-06,2026-05-06,2026-05-07,300383.SZ,光环新网,通信,8.74,35.73,52.24,,1,3196.53,液冷服务器,-5.19,-2.85,-4.62,-12.94,1.48,4,2026-05-13,-12.2,1.45,,unknown,2026-05-11,液冷服务器,2,1,0,0
E005-2026-05-06,2026-05-06,2026-05-07,688191.SH,智洋创新,电力设备,5.77,4.58,12.35,20日新高,2,4437.34,特高压、风电,4.3,3.51,8.77,2.97,15.63,9,2026-05-20,-0.67,4.28,,unknown,2026-05-11,特高压,7,1,0,0
E005-2026-05-06,2026-05-06,2026-05-07,002576.SZ,通达动力,电力设备,1.73,1.21,1.9,,2,4437.34,特高压、风电,-0.11,-2.53,1.05,-0.32,3.58,11,2026-05-22,0.0,0.64,,unknown,2026-05-11,特高压,9,0,0,0
E005-2026-05-06,2026-05-06,2026-05-07,603530.SH,神马电力,电力设备,2.63,3.54,4.95,,3,5073.79,特高压、电网设备、风电,5.13,-1.42,-8.72,-9.24,6.95,4,2026-05-13,-18.75,2.81,,unknown,2026-05-13,电网设备,0,1,0,1
E005-2026-05-06,2026-05-06,2026-05-07,300427.SZ,红相股份,电力设备,2.48,2.25,3.72,,4,17715.96,特高压、电网设备、芯片、风电,4.36,-1.6,-5.87,-15.21,5.07,4,2026-05-13,-17.79,0.72,,unknown,2026-05-13,电网设备,0,1,0,1
E005-2026-05-06,2026-05-06,2026-05-07,300018.SZ,中元股份,电力设备,4.62,3.51,8.66,,2,1898.79,特高压、电网设备,-1.82,5.04,7.56,1.61,12.75,8,2026-05-19,-7.91,0.07,,unknown,2026-05-19,电网设备,0,0,0,1
E005-2026-05-06,2026-05-06,2026-05-07,603016.SH,新宏泰,电力设备,-3.46,3.73,-1,,2,1898.79,特高压、电网设备,-7.7,0.95,-12.6,-13.85,0.95,5,2026-05-14,-13.73,5.05,,unknown,2026-05-13,电网设备,1,0,0,1
E005-2026-05-06,2026-05-06,2026-05-07,002270.SZ,华明装备,电力设备,0.73,6.15,1.81,,2,1898.79,特高压、电网设备,4.57,1.59,-1.02,-6.53,6.32,4,2026-05-13,-12.73,-0.65,,unknown,2026-05-13,电网设备,0,0,0,1
E005-2026-05-06,2026-05-06,2026-05-07,688184.SH,ST帕瓦,电力设备,3.69,0.67,3.02,,1,1727.11,电池,3.86,3.94,5.13,-0.15,6.32,1,2026-05-08,-3.57,-0.3,,unknown,2026-05-20,电池,-8,0,0,0
E005-2026-05-06,2026-05-06,2026-05-07,002759.SZ,天际股份,电力设备,8.45,42.65,55.18,20日新高,1,1727.11,电池,-3.17,-8.04,-8.2,-6.37,-1.55,2,2026-05-11,-4.77,-6.1,,unknown,2026-05-20,电池,-7,2,0,0
E005-2026-05-06,2026-05-06,2026-05-07,688155.SH,先惠技术,电力设备,0.42,12.06,1.46,3年新高,2,2421.88,电池、锂电池,-0.75,-3.93,-5.13,-10.02,-0.75,3,2026-05-12,-8.22,0.63,,unknown,2026-05-20,电池,-6,1,0,0
E005-2026-05-06,2026-05-06,2026-05-07,301662.SZ,宏工科技,电力设备,2.35,5.34,5.43,20日新高,1,1727.11,电池,0.7,-5.1,-6.08,-16.6,0.7,3,2026-05-12,-10.6,-1.63,,unknown,2026-05-20,电池,-6,1,0,0
E005-2026-05-06,2026-05-06,2026-05-07,603026.SH,石大胜华,电力设备,4.77,32.13,27.04,,1,1727.11,电池,-4.33,-10.3,-7.99,-9.74,-3.61,2,2026-05-11,-6.86,-9.82,,unknown,2026-05-20,电池,-7,1,0,0
E005-2026-05-06,2026-05-06,2026-05-07,301222.SZ,浙江恒威,电力设备,1.84,2.37,2.83,3年新高,1,1727.11,电池,-1.03,-5.65,-14.68,-9.92,2.08,2,2026-05-11,-8.63,2.27,,unknown,2026-05-20,电池,-7,1,0,0
E005-2026-05-06,2026-05-06,2026-05-07,301487.SZ,盟固利,电力设备,5.46,6.44,13.86,60日新高,1,1727.11,电池,-0.36,-1.94,0.0,0.63,2.97,11,2026-05-22,0.0,-1.75,,unknown,2026-05-20,电池,2,1,0,0
E005-2026-05-06,2026-05-06,2026-05-07,688006.SH,杭可科技,电力设备,4.04,5.97,9.87,60日新高,2,14369.28,电池、芯片,0.6,-4.4,1.85,0.68,4.76,11,2026-05-22,0.0,1.24,,unknown,2026-05-20,电池,2,1,0,0
E005-2026-05-06,2026-05-06,2026-05-07,002125.SZ,湘潭电化,电力设备,2.16,5.96,5.27,20日新高,1,1727.11,电池,-3.72,-6.99,-8.65,-10.06,-2.12,1,2026-05-08,-3.46,0.0,,unknown,2026-05-20,电池,-8,1,0,0
E005-2026-05-06,2026-05-06,2026-05-07,688148.SH,芳源股份,电力设备,3.5,4.78,7.65,60日新高,2,14369.28,电池、芯片,-5.31,-5.85,-8.36,-13.67,-2.43,4,2026-05-13,-8.81,-0.98,,unknown,2026-05-11,芯片,2,1,0,0
E005-2026-05-06,2026-05-06,2026-05-07,301292.SZ,海科新源,电力设备,8.11,19.45,35.77,,1,1727.11,电池,-3.67,-8.38,-9.88,-16.04,-3.53,2,2026-05-11,-11.83,-3.83,,unknown,2026-05-20,电池,-7,1,0,0
E005-2026-05-06,2026-05-06,2026-05-07,301513.SZ,尚水智能,电力设备,3.88,4.11,7.87,,2,2632.18,电池、钙钛矿电池,-2.5,-8.92,0.98,-6.39,2.54,1,2026-05-08,-6.05,3.47,,unknown,2026-05-11,钙钛矿电池,-1,0,0,0
E005-2026-05-06,2026-05-06,2026-05-07,603032.SH,德新科技,电力设备,1.46,3.89,2.88,,1,1727.11,电池,1.03,-6.62,-6.91,-5.05,9.18,2,2026-05-11,-13.03,2.24,,unknown,2026-05-20,电池,-7,0,0,0
E005-2026-05-06,2026-05-06,2026-05-07,600241.SH,时代万恒,电力设备,0.41,0.86,0.38,,2,2421.88,电池、锂电池,-4.5,-6.24,-8.39,-15.05,-0.82,1,2026-05-08,-12.18,-0.31,,unknown,2026-05-20,电池,-8,0,0,0
E005-2026-05-06,2026-05-06,2026-05-07,605378.SH,野马电池,电力设备,0.3,0.36,0.18,,1,1727.11,电池,-3.83,-8.6,-8.45,-11.63,0.8,1,2026-05-08,-11.08,-1.18,,unknown,2026-05-20,电池,-8,0,0,0
E005-2026-05-06,2026-05-06,2026-05-07,002441.SZ,众业达,电力设备,1.97,1.33,2.27,20日新高,2,3811.45,电网设备、风电,-1.55,-2.61,-1.35,-2.9,2.13,8,2026-05-19,-3.67,0.0,,unknown,2026-05-19,电网设备,0,1,0,1
E005-2026-05-06,2026-05-06,2026-05-07,603897.SH,长城科技,电力设备,0.27,7.77,0.75,历史新高,1,636.45,电网设备,1.13,-5.94,3.38,-0.48,3.38,7,2026-05-18,-1.09,6.42,,unknown,2026-05-19,电网设备,-1,1,0,0
E005-2026-05-06,2026-05-06,2026-05-07,300514.SZ,友讯达,电力设备,0.88,0.61,0.69,,3,14385.33,电网设备、芯片、虚拟电厂,-0.94,-2.28,-1.73,-7.0,-0.16,1,2026-05-08,-4.17,1.11,,unknown,2026-05-11,虚拟电厂,-1,1,0,0
E005-2026-05-06,2026-05-06,2026-05-07,300407.SZ,凯发电气,电力设备,1.9,1.17,2.06,,1,636.45,电网设备,1.63,-0.22,-0.59,-7.43,2.08,2,2026-05-11,-3.27,0.22,,unknown,2026-05-11,电网设备,0,0,0,1
E005-2026-05-06,2026-05-06,2026-05-07,002546.SZ,新联电子,电力设备,1.46,1.28,1.65,,2,1743.16,电网设备、虚拟电厂,0.47,-0.24,-2.95,-7.91,4.6,4,2026-05-13,-11.22,1.56,,unknown,2026-05-13,电网设备,0,0,0,1
E005-2026-05-06,2026-05-06,2026-05-07,002882.SZ,金龙羽,电力设备,1.52,1.06,1.56,,1,636.45,电网设备,-2.94,-4.95,-7.56,-10.2,-1.1,2,2026-05-11,-8.11,-0.37,,unknown,2026-05-11,电网设备,0,0,0,1
E005-2026-05-06,2026-05-06,2026-05-07,601616.SH,广电电气,电力设备,0.86,1.0,0.86,,2,3811.45,电网设备、风电,-0.21,-2.95,-1.47,-8.21,2.74,4,2026-05-13,-8.21,1.5,,unknown,2026-05-13,电网设备,0,0,0,1
E005-2026-05-06,2026-05-06,2026-05-07,002346.SZ,柘中股份,电力设备,1.8,0.71,1.52,,1,636.45,电网设备,11.8,11.96,13.89,11.69,18.99,9,2026-05-20,-7.3,0.89,,unknown,2026-05-19,电网设备,1,0,0,1
E005-2026-05-06,2026-05-06,2026-05-07,603606.SH,东方电缆,电力设备,0.43,10.14,1.37,,2,3811.45,电网设备、风电,-1.46,-2.49,-6.72,-9.11,1.6,4,2026-05-13,-11.14,0.95,,unknown,2026-05-13,电网设备,0,0,0,1
E005-2026-05-06,2026-05-06,2026-05-07,300360.SZ,炬华科技,电力设备,1.66,1.36,1.94,,3,2879.91,电网设备、虚拟电厂、高压快充,-1.73,-3.2,-5.27,-4.67,0.2,2,2026-05-11,-4.47,1.9,,unknown,2026-05-11,高压快充,0,1,0,1
E005-2026-05-06,2026-05-06,2026-05-07,301668.SZ,昊创瑞通,电力设备,0.38,0.57,0.29,,2,3811.45,电网设备、风电,-0.91,-2.97,-2.95,-9.55,2.77,4,2026-05-13,-10.21,1.3,,unknown,2026-05-13,电网设备,0,0,0,1
E005-2026-05-06,2026-05-06,2026-05-07,688330.SH,宏力达,电力设备,0.25,1.37,0.29,,1,636.45,电网设备,-1.27,-1.7,-2.22,-6.72,1.41,4,2026-05-13,-3.77,1.38,,unknown,2026-05-13,电网设备,0,0,0,1
E005-2026-05-06,2026-05-06,2026-05-07,300590.SZ,移为通信,通信,3.61,7.62,9.97,1年新高,2,14690.59,芯片、通信设备,-1.74,-2.97,-3.16,-2.45,-0.71,2,2026-05-11,-0.84,1.91,,unknown,2026-05-11,通信设备,0,1,0,1
E005-2026-05-06,2026-05-06,2026-05-07,688027.SH,国盾量子,通信,3.78,21.97,17.72,,2,14690.59,芯片、通信设备,1.19,-1.83,-2.51,-9.57,4.63,2,2026-05-11,-5.22,0.35,,unknown,2026-05-11,通信设备,0,1,0,1
E005-2026-05-06,2026-05-06,2026-05-07,002148.SZ,北纬科技,通信,2.41,1.14,2.57,20日新高,1,12642.17,芯片,0.62,-3.59,-3.34,-8.91,1.98,2,2026-05-11,-10.4,0.0,,unknown,2026-05-11,芯片,0,1,0,1
E005-2026-05-06,2026-05-06,2026-05-07,300211.SZ,*ST亿通,通信,-0.11,0.36,-0.07,20日新高,1,12642.17,芯片,2.22,0.89,-0.89,-3.88,2.88,1,2026-05-08,-1.44,1.46,,unknown,2026-05-11,芯片,-1,1,0,0
E005-2026-05-06,2026-05-06,2026-05-07,002104.SZ,恒宝股份,通信,6.82,13.63,25.18,,2,14690.59,芯片、通信设备,-2.5,-6.09,-7.44,-10.35,0.68,1,2026-05-08,-11.57,-2.76,,unknown,2026-05-11,通信设备,-1,1,0,0
E005-2026-05-06,2026-05-06,2026-05-07,688592.SH,司南导航,通信,1.51,0.77,1.33,,2,14690.59,芯片、通信设备,0.88,-1.33,-2.01,-7.66,3.98,1,2026-05-08,-10.48,0.04,,unknown,2026-05-11,通信设备,-1,0,0,0
E005-2026-05-06,2026-05-06,2026-05-07,688100.SH,威胜信息,通信,0.0,1.56,0.0,,3,15797.3,芯片、虚拟电厂、通信设备,-0.37,3.58,1.84,0.29,4.11,9,2026-05-20,-2.79,1.55,,unknown,2026-05-19,虚拟电厂,1,1,0,1
E005-2026-05-06,2026-05-06,2026-05-07,688683.SH,莱尔科技,电子,1.55,0.94,1.5,,1,12642.17,芯片,-2.27,-3.45,-0.98,-6.01,2.4,9,2026-05-20,-6.95,2.39,,unknown,2026-05-11,芯片,7,0,0,0
E005-2026-05-06,2026-05-06,2026-05-07,300627.SZ,华测导航,通信,2.81,6.12,6.95,,3,15321.5,芯片、通信设备、雅下水电,-1.19,-3.16,-4.92,-9.97,2.16,1,2026-05-08,-12.34,0.98,,unknown,2026-05-08,雅下水电,0,1,0,1
E005-2026-05-06,2026-05-06,2026-05-07,603322.SH,超讯通信,通信,3.69,2.82,6.2,,1,12642.17,芯片,-0.91,-0.64,4.99,-1.55,8.01,8,2026-05-19,-7.26,7.12,,unknown,2026-05-11,芯片,6,0,0,0
E005-2026-05-06,2026-05-06,2026-05-07,002161.SZ,远望谷,电子,1.78,2.19,2.63,,1,12642.17,芯片,-0.85,-3.82,-0.71,-8.49,2.83,2,2026-05-11,-10.33,3.06,,unknown,2026-05-11,芯片,0,0,0,1
E005-2026-05-06,2026-05-06,2026-05-07,688539.SH,高华科技,电子,1.85,1.43,2.21,,1,12642.17,芯片,2.17,-5.13,-3.47,-9.06,6.08,2,2026-05-11,-12.28,7.67,,unknown,2026-05-11,芯片,0,0,0,1
E005-2026-05-06,2026-05-06,2026-05-07,603985.SH,恒润股份,电力设备,9.99,16.33,40.37,,2,4864.52,英伟达、风电,-10.14,-8.93,-5.36,-14.05,-1.51,1,2026-05-08,-9.11,1.29,,unknown,2026-05-11,英伟达,-1,1,0,0
E005-2026-05-06,2026-05-06,2026-05-07,600734.SH,*ST实达,通信,-4.93,1.55,-1,,1,1106.71,虚拟电厂,15.84,13.37,7.92,8.91,18.32,4,2026-05-13,-8.42,-4.72,,unknown,2026-05-13,虚拟电厂,0,0,0,1
E005-2026-05-06,2026-05-06,2026-05-07,300213.SZ,佳讯飞鸿,通信,1.55,1.19,1.69,20日新高,1,2048.42,通信设备,-1.52,-1.75,-1.4,-7.13,0.82,1,2026-05-08,-5.96,0.71,,unknown,2026-05-11,通信设备,-1,1,0,0
E005-2026-05-06,2026-05-06,2026-05-07,300098.SZ,高新兴,通信,3.63,4.93,8.06,,1,2048.42,通信设备,6.15,0.51,1.03,-2.05,6.15,3,2026-05-12,-6.67,2.45,,unknown,2026-05-11,通信设备,1,0,0,1
E005-2026-05-06,2026-05-06,2026-05-07,002017.SZ,东信和平,通信,3.96,4.32,8.23,,1,2048.42,通信设备,-1.36,-3.82,-5.77,-11.04,1.31,1,2026-05-08,-10.79,1.22,,unknown,2026-05-11,通信设备,-1,0,0,0
E005-2026-05-06,2026-05-06,2026-05-07,300615.SZ,欣天科技,通信,4.45,1.12,4.71,,1,2048.42,通信设备,-1.65,-0.07,3.3,-4.67,4.26,8,2026-05-19,-7.01,1.54,,unknown,2026-05-11,通信设备,6,0,0,0
E005-2026-05-06,2026-05-06,2026-05-07,600776.SH,东方通信,通信,2.53,6.47,6.44,,1,2048.42,通信设备,6.83,-2.2,-5.25,-12.03,6.83,3,2026-05-12,-18.01,3.93,,unknown,2026-05-11,通信设备,1,0,0,1
E005-2026-05-06,2026-05-06,2026-05-07,301314.SZ,科瑞思,通信,2.04,0.8,1.82,,1,2048.42,通信设备,0.62,0.02,-0.53,-7.22,5.39,2,2026-05-11,-7.58,0.67,,unknown,2026-05-11,通信设备,0,0,0,1
E005-2026-05-06,2026-05-06,2026-05-07,301577.SZ,美信科技,通信,1.65,1.29,1.87,20日新高,2,3185.17,通信设备、高压快充,0.58,2.41,3.86,-1.43,5.56,9,2026-05-20,-2.32,4.49,,unknown,2026-05-19,高压快充,1,1,0,1
E005-2026-05-06,2026-05-06,2026-05-07,300555.SZ,ST路通,通信,-0.52,0.34,-0.3,,1,2048.42,通信设备,7.66,4.71,3.83,1.03,7.66,3,2026-05-12,-1.91,1.34,,unknown,2026-05-11,通信设备,1,0,0,1
E005-2026-05-06,2026-05-06,2026-05-07,300628.SZ,亿联网络,通信,0.85,4.26,1.75,,1,2048.42,通信设备,4.07,4.66,1.56,0.7,7.06,4,2026-05-13,-4.66,0.76,,unknown,2026-05-11,通信设备,2,0,0,0
E005-2026-05-06,2026-05-06,2026-05-07,003040.SZ,楚天龙,通信,2.03,1.06,2.09,,1,2048.42,通信设备,-0.66,-3.59,-4.12,-8.78,1.0,1,2026-05-08,-7.58,-0.33,,unknown,2026-05-11,通信设备,-1,0,0,0
E005-2026-05-06,2026-05-06,2026-05-07,300205.SZ,*ST天喻,通信,0.0,0.28,0.0,,1,2048.42,通信设备,-1.64,-6.09,-5.76,-0.99,-0.82,9,2026-05-20,-2.47,-0.49,,unknown,2026-05-11,通信设备,7,0,0,0
E005-2026-05-06,2026-05-06,2026-05-07,688283.SH,坤恒顺维,通信,-0.29,1.1,-0.3,,1,2048.42,通信设备,10.32,5.81,11.55,3.38,14.4,9,2026-05-20,-8.84,4.44,,unknown,2026-05-11,通信设备,7,0,0,0
E005-2026-05-06,2026-05-06,2026-05-07,002130.SZ,沃尔核材,电子,2.77,13.05,10.01,,3,5208.08,铜缆高速连接、风电、高压快充,0.29,-3.95,-8.62,-13.96,0.29,3,2026-05-12,-12.03,1.75,,unknown,2026-05-11,铜缆高速连接,1,1,0,1
E005-2026-05-06,2026-05-06,2026-05-07,002176.SZ,江特电机,电力设备,-2.18,40.0,-1,,1,3175.0,风电,-4.9,-10.76,-14.56,-17.98,-1.35,2,2026-05-11,-15.72,-1.15,,unknown,2026-05-11,风电,0,0,0,1
E005-2026-05-06,2026-05-06,2026-05-07,603248.SH,锡华科技,电力设备,10.0,3.56,18.87,,1,3175.0,风电,-2.93,-3.4,4.74,-1.55,8.98,9,2026-05-20,-9.48,5.57,,unknown,2026-05-11,风电,7,1,0,0
E005-2026-05-06,2026-05-06,2026-05-07,301456.SZ,盘古智能,电力设备,1.53,0.79,1.36,20日新高,1,3175.0,风电,-2.34,-3.5,0.06,-4.87,0.75,8,2026-05-19,-2.78,0.57,,unknown,2026-05-11,风电,6,1,0,0
E005-2026-05-06,2026-05-06,2026-05-07,301232.SZ,飞沃科技,电力设备,2.57,15.13,10.0,,1,3175.0,风电,-0.79,-2.58,-10.26,-38.78,8.7,2,2026-05-11,-44.87,2.55,,unknown,2026-05-11,风电,0,0,0,1
E005-2026-05-06,2026-05-06,2026-05-07,300904.SZ,威力传动,电力设备,1.72,0.58,1.31,,1,3175.0,风电,-0.89,-2.71,0.24,-3.61,1.33,1,2026-05-08,-6.3,3.08,,unknown,2026-05-11,风电,-1,0,0,0
E005-2026-05-06,2026-05-06,2026-05-07,301557.SZ,常友科技,电力设备,1.11,1.29,1.26,,1,3175.0,风电,-1.47,-5.08,-4.32,-6.68,-0.94,2,2026-05-11,-1.69,7.82,,unknown,2026-05-11,风电,0,0,0,1
E005-2026-05-06,2026-05-06,2026-05-07,300850.SZ,新强联,电力设备,-0.49,8.35,-1,,1,3175.0,风电,-5.67,-9.05,-13.73,-18.64,-0.09,1,2026-05-08,-16.62,-0.21,,unknown,2026-05-11,风电,-1,0,0,0
E005-2026-05-06,2026-05-06,2026-05-07,601218.SH,吉鑫科技,电力设备,1.24,4.69,2.69,,1,3175.0,风电,-3.88,-5.22,-8.21,-19.25,-1.04,4,2026-05-13,-16.12,2.29,,unknown,2026-05-11,风电,2,0,0,0
E005-2026-05-06,2026-05-06,2026-05-07,688660.SH,电气风电,电力设备,1.72,2.47,2.7,,1,3175.0,风电,-0.87,-4.51,-4.51,-8.54,1.9,4,2026-05-13,-8.78,1.53,,unknown,2026-05-11,风电,2,0,0,0
E005-2026-05-06,2026-05-06,2026-05-07,002823.SZ,凯中精密,电力设备,0.0,1.17,0.0,,1,3175.0,风电,-1.84,-3.02,-2.07,-4.68,4.86,11,2026-05-22,0.0,3.88,,unknown,2026-05-11,风电,9,0,0,0
E005-2026-05-06,2026-05-06,2026-05-07,301040.SZ,中环海陆,电力设备,0.34,1.6,0.43,,1,3175.0,风电,1.56,-0.12,14.47,-3.54,14.47,7,2026-05-18,-16.03,1.08,,unknown,2026-05-11,风电,5,0,0,0
E005-2026-05-06,2026-05-06,2026-05-07,603092.SH,德力佳,电力设备,3.42,2.07,4.92,,1,3175.0,风电,-1.92,-3.38,0.35,-5.09,2.42,1,2026-05-08,-6.65,-0.87,,unknown,2026-05-11,风电,-1,0,0,0
E005-2026-05-06,2026-05-06,2026-05-07,300690.SZ,双一科技,电力设备,1.88,1.59,2.37,,1,3175.0,风电,-0.94,-5.1,-5.2,-10.7,1.28,1,2026-05-08,-10.5,1.37,,unknown,2026-05-11,风电,-1,0,0,0
E005-2026-05-06,2026-05-06,2026-05-07,300443.SZ,金雷股份,电力设备,1.29,4.02,2.59,,1,3175.0,风电,-2.28,-8.68,-11.51,-15.7,0.64,2,2026-05-11,-11.29,1.37,,unknown,2026-05-11,风电,0,0,0,1
E005-2026-05-06,2026-05-06,2026-05-07,603819.SH,神力股份,电力设备,1.42,1.65,1.82,,1,3175.0,风电,-0.86,-4.59,-5.98,-7.25,1.73,1,2026-05-08,-3.99,0.2,,unknown,2026-05-11,风电,-1,0,0,0
E005-2026-05-06,2026-05-06,2026-05-07,301155.SZ,海力风电,电力设备,-0.53,3.3,-0.96,,1,3175.0,风电,1.06,9.68,15.75,6.63,15.75,7,2026-05-18,-0.29,-1.85,,unknown,2026-05-11,风电,5,0,0,0
E005-2026-05-06,2026-05-06,2026-05-07,002487.SZ,大金重工,电力设备,2.56,17.1,10.59,,1,3175.0,风电,-1.94,-4.83,-6.99,-10.68,0.16,2,2026-05-11,-11.88,-1.5,,unknown,2026-05-11,风电,0,0,0,1
E005-2026-05-06,2026-05-06,2026-05-07,603218.SH,日月股份,电力设备,-0.86,2.12,-1,,1,3175.0,风电,0.87,1.67,-1.59,-3.89,4.92,4,2026-05-13,-7.61,-0.24,,unknown,2026-05-11,风电,2,0,0,0
