sector_ts_code,sector_name,sw_l1,cycle_no,cycle_phase,start_date,confirm_date,reflow_date,top3_industries_start,code,name,role_at_reflow,pct_event,amount_event,weighted_event,high_event,double_red_hits,confirm_path,rel_confirm,buy_start_to_reflow_pct,buy_confirm_to_reflow_pct,sell_price_estimated,selection_reason,all_event_sectors
885537.TI,3D打印,机械设备,1,周期首发,2026-05-25,2026-05-26,2026-06-05,电子/电力设备/机械设备,600114.SH,东睦股份,回流日无法确认新核心,4.3,18.42,18.45,历史新高,2,抗住且相对强,2.07,3.41,2.88,1,加权Top20+新高+抗住且相对强,3D打印、共封装光学(CPO)
885537.TI,3D打印,机械设备,1,周期首发,2026-05-25,2026-05-26,2026-06-05,电子/电力设备/机械设备,688433.SH,华曙高科,回流日无法确认新核心,7.18,9.18,21.75,历史新高,1,补跌但相对强,0.03,-11.41,-10.04,1,加权Top20+新高+补跌但相对强,3D打印
885537.TI,3D打印,机械设备,1,周期首发,2026-05-25,2026-05-26,2026-06-05,电子/电力设备/机械设备,000988.SZ,华工科技,回流日无法确认新核心,10.0,178.98,133.78,历史新高,8,补跌但相对强,0.62,-8.57,-7.7,1,加权Top20+新高+补跌但相对强,3D打印、PCB、先进封装、共封装光学(CPO)、存储芯片、芯片、铜缆高速连接、高压快充
885537.TI,3D打印,机械设备,1,周期首发,2026-05-25,2026-05-26,2026-06-05,电子/电力设备/机械设备,300606.SZ,金太阳,回流日无法确认新核心,7.9,7.53,21.68,,4,补跌但相对强,1.0,-14.96,-14.48,1,加权Top20+双红>=3+补跌但相对强,3D打印、PCB、存储芯片、芯片
885537.TI,3D打印,机械设备,1,周期首发,2026-05-25,2026-05-26,2026-06-05,电子/电力设备/机械设备,300223.SZ,北京君正,回流日无法确认新核心,2.54,41.58,16.38,,5,抗住且相对强,6.19,-1.81,-6.85,1,加权Top20+双红>=3+抗住且相对强,3D打印、MCU芯片、半导体、存储芯片、芯片
886069.TI,人形机器人,机械设备,1,周期首发,2026-05-15,2026-05-18,2026-06-05,电子/电力设备/机械设备,688003.SH,天准科技,回流日无法确认新核心,6.42,11.61,21.88,历史新高,3,抗住且相对强,7.67,9.38,1.53,1,加权Top20+新高+抗住且相对强,人形机器人、新型工业化、自动化设备
886069.TI,人形机器人,机械设备,1,周期首发,2026-05-15,2026-05-18,2026-06-05,电子/电力设备/机械设备,002979.SZ,雷赛智能,回流日无法确认新核心,10.01,11.9,34.53,历史新高,3,抗住且相对强,8.8,-6.87,-14.44,1,加权Top20+新高+抗住且相对强,人形机器人、新型工业化、自动化设备
886069.TI,人形机器人,机械设备,1,周期首发,2026-05-15,2026-05-18,2026-06-05,电子/电力设备/机械设备,300433.SZ,蓝思科技,回流日无法确认新核心,5.88,89.43,55.61,20日新高,3,抗住且相对强,11.56,33.32,17.85,1,加权Top20+新高+抗住且相对强,人形机器人、减速器、新型工业化
886069.TI,人形机器人,机械设备,1,周期首发,2026-05-15,2026-05-18,2026-06-05,电子/电力设备/机械设备,603082.SH,北自科技,回流日无法确认新核心,10.01,5.27,22.98,120日新高,3,抗住且相对强,9.95,-11.13,-19.21,1,加权Top20+新高+抗住且相对强,人形机器人、新型工业化、通用设备
886069.TI,人形机器人,机械设备,1,周期首发,2026-05-15,2026-05-18,2026-06-05,电子/电力设备/机械设备,688017.SH,绿的谐波,回流日无法确认新核心,15.28,58.46,116.83,历史新高,4,抗住且相对强,5.64,28.64,21.72,1,加权Top20+新高+抗住且相对强,人形机器人、减速器、新型工业化、自动化设备
886069.TI,人形机器人,机械设备,1,周期首发,2026-05-15,2026-05-18,2026-06-05,电子/电力设备/机械设备,603278.SH,大业股份,回流日无法确认新核心,9.99,12.42,35.21,60日新高,2,抗住且相对强,0.6,-24.23,-24.72,1,加权Top20+新高+抗住且相对强,人形机器人、通用设备
886069.TI,人形机器人,机械设备,1,周期首发,2026-05-15,2026-05-18,2026-06-05,电子/电力设备/机械设备,002484.SZ,江海股份,回流日无法确认新核心,6.01,31.1,33.52,历史新高,1,抗住且相对强,8.08,84.96,68.7,1,加权Top20+新高+抗住且相对强,人形机器人
886069.TI,人形机器人,机械设备,1,周期首发,2026-05-15,2026-05-18,2026-06-05,电子/电力设备/机械设备,603986.SH,兆易创新,回流日无法确认新核心,5.38,227.92,81.22,历史新高,3,抗住且相对强,5.01,30.02,22.01,1,加权Top20+新高+抗住且相对强,人形机器人、半导体、存储芯片
886069.TI,人形机器人,机械设备,1,周期首发,2026-05-15,2026-05-18,2026-06-05,电子/电力设备/机械设备,301596.SZ,瑞迪智驱,回流日无法确认新核心,11.92,3.76,23.11,60日新高,4,抗住且相对强,1.69,-0.92,-2.62,1,加权Top20+新高+抗住且相对强,人形机器人、减速器、新型工业化、通用设备
886069.TI,人形机器人,机械设备,1,周期首发,2026-05-15,2026-05-18,2026-06-05,电子/电力设备/机械设备,300809.SZ,华辰装备,回流日无法确认新核心,10.58,8.71,31.22,60日新高,4,抗住且相对强,0.62,-2.55,-3.2,1,加权Top20+新高+抗住且相对强,人形机器人、工业母机、新型工业化、通用设备
886069.TI,人形机器人,机械设备,1,周期首发,2026-05-15,2026-05-18,2026-06-05,电子/电力设备/机械设备,300128.SZ,锦富技术,回流日无法确认新核心,4.01,9.01,12.04,60日新高,2,抗住且相对强,7.1,-1.33,-7.93,1,加权Top20+新高+抗住且相对强,人形机器人、新型工业化
886069.TI,人形机器人,机械设备,1,周期首发,2026-05-15,2026-05-18,2026-06-05,电子/电力设备/机械设备,301696.SZ,三瑞智能,回流日无法确认新核心,20.0,14.48,76.11,历史新高,2,抗住且相对强,12.55,-6.0,-16.53,1,加权Top20+新高+抗住且相对强,人形机器人、减速器
886069.TI,人形机器人,机械设备,1,周期首发,2026-05-15,2026-05-18,2026-06-05,电子/电力设备/机械设备,301413.SZ,安培龙,回流日无法确认新核心,10.61,13.52,39.01,20日新高,2,抗住且相对强,0.74,-31.03,-31.57,1,加权Top20+新高+抗住且相对强,人形机器人、通用设备
886069.TI,人形机器人,机械设备,1,周期首发,2026-05-15,2026-05-18,2026-06-05,电子/电力设备/机械设备,603667.SH,五洲新春,回流日无法确认新核心,9.72,65.74,78.81,,3,抗住且相对强,0.63,-11.95,-12.54,1,加权Top20+双红>=3+抗住且相对强,人形机器人、减速器、通用设备
886069.TI,人形机器人,机械设备,1,周期首发,2026-05-15,2026-05-18,2026-06-05,电子/电力设备/机械设备,002896.SZ,中大力德,回流日无法确认新核心,3.92,14.51,14.93,,4,抗住且相对强,0.17,7.65,7.41,1,加权Top20+双红>=3+抗住且相对强,人形机器人、减速器、新型工业化、通用设备
886069.TI,人形机器人,机械设备,1,周期首发,2026-05-15,2026-05-18,2026-06-05,电子/电力设备/机械设备,002747.SZ,埃斯顿,回流日无法确认新核心,7.12,22.36,33.67,60日新高,4,抗住且相对强,2.47,21.98,18.99,1,加权Top20+新高+抗住且相对强,人形机器人、工业母机、新型工业化、自动化设备
886069.TI,人形机器人,机械设备,1,周期首发,2026-05-15,2026-05-18,2026-06-05,电子/电力设备/机械设备,300115.SZ,长盈精密,回流日无法确认新核心,4.18,49.31,29.35,20日新高,3,抗住且相对强,0.15,-11.66,-13.14,1,加权Top20+新高+抗住且相对强,人形机器人、减速器、新型工业化
886069.TI,人形机器人,机械设备,1,周期首发,2026-05-15,2026-05-18,2026-06-05,电子/电力设备/机械设备,688160.SH,步科股份,回流日无法确认新核心,8.69,7.52,23.83,20日新高,4,抗住且相对强,0.53,-4.69,-5.24,1,加权Top20+新高+抗住且相对强,人形机器人、减速器、新型工业化、自动化设备
886069.TI,人形机器人,机械设备,1,周期首发,2026-05-15,2026-05-18,2026-06-05,电子/电力设备/机械设备,002009.SZ,天奇股份,回流日无法确认新核心,2.32,24.44,11.47,20日新高,2,抗住且相对强,1.23,-22.27,-23.25,1,加权Top20+新高+抗住且相对强,人形机器人、新型工业化
886069.TI,人形机器人,机械设备,1,周期首发,2026-05-15,2026-05-18,2026-06-05,电子/电力设备/机械设备,603662.SH,柯力传感,回流日无法确认新核心,6.01,8.26,17.27,20日新高,2,抗住且相对强,5.93,3.47,-2.37,1,加权Top20+新高+抗住且相对强,人形机器人、通用设备
886069.TI,人形机器人,机械设备,1,周期首发,2026-05-15,2026-05-18,2026-06-05,电子/电力设备/机械设备,300124.SZ,汇川技术,回流日无法确认新核心,3.9,55.85,29.15,60日新高,4,抗住且相对强,0.0,-2.9,-2.95,1,加权Top20+新高+抗住且相对强,人形机器人、工业母机、新型工业化、自动化设备
886069.TI,人形机器人,机械设备,1,周期首发,2026-05-15,2026-05-18,2026-06-05,电子/电力设备/机械设备,600577.SH,精达股份,回流日无法确认新核心,3.3,16.3,13.32,20日新高,1,抗住且相对强,0.5,-13.86,-14.34,1,加权Top20+新高+抗住且相对强,人形机器人
886069.TI,人形机器人,机械设备,1,周期首发,2026-05-15,2026-05-18,2026-06-05,电子/电力设备/机械设备,003021.SZ,兆威机电,回流日无法确认新核心,6.5,15.45,25.55,20日新高,3,抗住且相对强,5.5,-0.87,-6.1,1,加权Top20+新高+抗住且相对强,人形机器人、减速器、新型工业化
886069.TI,人形机器人,机械设备,1,周期首发,2026-05-15,2026-05-18,2026-06-05,电子/电力设备/机械设备,603728.SH,鸣志电器,回流日无法确认新核心,5.26,11.27,17.66,20日新高,2,抗住且相对强,3.25,1.28,-1.98,1,加权Top20+新高+抗住且相对强,人形机器人、减速器
886069.TI,人形机器人,机械设备,1,周期首发,2026-05-15,2026-05-18,2026-06-05,电子/电力设备/机械设备,300024.SZ,机器人,回流日无法确认新核心,7.7,18.21,32.86,20日新高,3,抗住且相对强,0.57,-3.23,-3.83,1,加权Top20+新高+抗住且相对强,人形机器人、新型工业化、自动化设备
886069.TI,人形机器人,机械设备,1,周期首发,2026-05-15,2026-05-18,2026-06-05,电子/电力设备/机械设备,301029.SZ,怡合达,回流日无法确认新核心,6.95,8.68,20.48,120日新高,5,抗住且相对强,0.74,-4.82,-5.57,1,加权Top20+新高+抗住且相对强,人形机器人、减速器、工业母机、新型工业化、自动化设备
886069.TI,人形机器人,机械设备,1,周期首发,2026-05-15,2026-05-18,2026-06-05,电子/电力设备/机械设备,688698.SH,伟创电气,回流日无法确认新核心,9.7,11.17,32.42,20日新高,2,抗住且相对强,1.78,-11.98,-13.55,1,加权Top20+新高+抗住且相对强,人形机器人、自动化设备
886069.TI,人形机器人,机械设备,1,周期首发,2026-05-15,2026-05-18,2026-06-05,电子/电力设备/机械设备,300660.SZ,江苏雷利,回流日无法确认新核心,5.86,9.37,17.94,20日新高,2,抗住且相对强,3.11,-26.86,-29.11,1,加权Top20+新高+抗住且相对强,人形机器人、减速器
886069.TI,人形机器人,机械设备,1,周期首发,2026-05-15,2026-05-18,2026-06-05,电子/电力设备/机械设备,688322.SH,奥比中光-W,回流日无法确认新核心,4.82,16.2,19.4,20日新高,2,抗住且相对强,5.63,41.64,32.14,1,加权Top20+新高+抗住且相对强,人形机器人、新型工业化
886069.TI,人形机器人,机械设备,1,周期首发,2026-05-15,2026-05-18,2026-06-05,电子/电力设备/机械设备,301368.SZ,丰立智能,回流日无法确认新核心,5.41,3.41,9.99,20日新高,3,抗住且相对强,1.07,-10.85,-11.84,1,加权Top20+新高+抗住且相对强,人形机器人、减速器、通用设备
886069.TI,人形机器人,机械设备,1,周期首发,2026-05-15,2026-05-18,2026-06-05,电子/电力设备/机械设备,300007.SZ,汉威科技,回流日无法确认新核心,6.5,13.49,23.87,20日新高,2,抗住且相对强,3.03,-8.99,-11.71,1,加权Top20+新高+抗住且相对强,人形机器人、通用设备
886069.TI,人形机器人,机械设备,1,周期首发,2026-05-15,2026-05-18,2026-06-05,电子/电力设备/机械设备,002527.SZ,新时达,回流日无法确认新核心,4.73,3.79,9.21,20日新高,5,抗住且相对强,1.19,12.39,11.01,1,加权Top20+新高+抗住且相对强,人形机器人、减速器、工业母机、新型工业化、自动化设备
886069.TI,人形机器人,机械设备,1,周期首发,2026-05-15,2026-05-18,2026-06-05,电子/电力设备/机械设备,300354.SZ,东华测试,回流日无法确认新核心,5.67,2.22,8.45,,3,抗住且相对强,1.01,-14.58,-15.48,1,加权Top20+双红>=3+抗住且相对强,人形机器人、新型工业化、通用设备
886069.TI,人形机器人,机械设备,1,周期首发,2026-05-15,2026-05-18,2026-06-05,电子/电力设备/机械设备,300421.SZ,力星股份,回流日无法确认新核心,5.4,6.68,13.96,,4,抗住且相对强,2.68,-16.11,-18.34,1,加权Top20+双红>=3+抗住且相对强,人形机器人、减速器、工业母机、通用设备
886069.TI,人形机器人,机械设备,1,周期首发,2026-05-15,2026-05-18,2026-06-05,电子/电力设备/机械设备,688777.SH,中控技术,回流日无法确认新核心,4.81,24.26,23.69,,3,抗住且相对强,6.26,26.49,18.98,1,加权Top20+双红>=3+抗住且相对强,人形机器人、新型工业化、自动化设备
886008.TI,减速器,机械设备,2,后续回流,2026-05-08,2026-05-11,2026-05-15,电子/电力设备/机械设备,002008.SZ,大族激光,兑现掉队,8.58,75.78,74.69,历史新高,2,抗住且相对强,7.85,17.4,6.73,0,加权Top20+新高+抗住且相对强,MR(混合现实)、减速器
886008.TI,减速器,机械设备,2,后续回流,2026-05-08,2026-05-11,2026-05-15,电子/电力设备/机械设备,688017.SH,绿的谐波,延续核心,14.11,41.89,91.32,历史新高,1,抗住且相对强,0.9,16.16,12.73,0,加权Top20+新高+抗住且相对强,减速器
886008.TI,减速器,机械设备,2,后续回流,2026-05-08,2026-05-11,2026-05-15,电子/电力设备/机械设备,002031.SZ,巨轮智能,兑现掉队,9.97,15.54,39.3,20日新高,1,抗住且相对强,0.68,18.98,15.7,0,加权Top20+新高+抗住且相对强,减速器
886008.TI,减速器,机械设备,2,后续回流,2026-05-08,2026-05-11,2026-05-15,电子/电力设备/机械设备,300780.SZ,德恩精工,兑现掉队,4.52,4.45,9.53,20日新高,1,抗住且相对强,1.04,14.32,10.78,0,加权Top20+新高+抗住且相对强,减速器
886008.TI,减速器,机械设备,2,后续回流,2026-05-08,2026-05-11,2026-05-15,电子/电力设备/机械设备,300503.SZ,昊志机电,兑现掉队,2.12,21.32,9.79,60日新高,1,抗住且相对强,4.14,3.87,-2.28,0,加权Top20+新高+抗住且相对强,减速器
886008.TI,减速器,机械设备,3,后续回流,2026-05-15,2026-05-18,2026-06-05,电子/电力设备/机械设备,300433.SZ,蓝思科技,回流日无法确认新核心,5.88,89.43,55.61,20日新高,3,抗住且相对强,11.56,33.32,17.85,1,加权Top20+新高+抗住且相对强,人形机器人、减速器、新型工业化
886008.TI,减速器,机械设备,3,后续回流,2026-05-15,2026-05-18,2026-06-05,电子/电力设备/机械设备,688017.SH,绿的谐波,回流日无法确认新核心,15.28,58.46,116.83,历史新高,4,抗住且相对强,5.64,28.64,21.72,1,加权Top20+新高+抗住且相对强,人形机器人、减速器、新型工业化、自动化设备
886008.TI,减速器,机械设备,3,后续回流,2026-05-15,2026-05-18,2026-06-05,电子/电力设备/机械设备,301596.SZ,瑞迪智驱,回流日无法确认新核心,11.92,3.76,23.11,60日新高,4,抗住且相对强,1.69,-0.92,-2.62,1,加权Top20+新高+抗住且相对强,人形机器人、减速器、新型工业化、通用设备
886008.TI,减速器,机械设备,3,后续回流,2026-05-15,2026-05-18,2026-06-05,电子/电力设备/机械设备,301696.SZ,三瑞智能,回流日无法确认新核心,20.0,14.48,76.11,历史新高,2,抗住且相对强,12.55,-6.0,-16.53,1,加权Top20+新高+抗住且相对强,人形机器人、减速器
886008.TI,减速器,机械设备,3,后续回流,2026-05-15,2026-05-18,2026-06-05,电子/电力设备/机械设备,603667.SH,五洲新春,回流日无法确认新核心,9.72,65.74,78.81,,3,抗住且相对强,0.63,-11.95,-12.54,1,加权Top20+双红>=3+抗住且相对强,人形机器人、减速器、通用设备
886008.TI,减速器,机械设备,3,后续回流,2026-05-15,2026-05-18,2026-06-05,电子/电力设备/机械设备,002896.SZ,中大力德,回流日无法确认新核心,3.92,14.51,14.93,,4,抗住且相对强,0.17,7.65,7.41,1,加权Top20+双红>=3+抗住且相对强,人形机器人、减速器、新型工业化、通用设备
886008.TI,减速器,机械设备,3,后续回流,2026-05-15,2026-05-18,2026-06-05,电子/电力设备/机械设备,300115.SZ,长盈精密,回流日无法确认新核心,4.18,49.31,29.35,20日新高,3,抗住且相对强,0.15,-11.66,-13.14,1,加权Top20+新高+抗住且相对强,人形机器人、减速器、新型工业化
886008.TI,减速器,机械设备,3,后续回流,2026-05-15,2026-05-18,2026-06-05,电子/电力设备/机械设备,688160.SH,步科股份,回流日无法确认新核心,8.69,7.52,23.83,20日新高,4,抗住且相对强,0.53,-4.69,-5.24,1,加权Top20+新高+抗住且相对强,人形机器人、减速器、新型工业化、自动化设备
886008.TI,减速器,机械设备,3,后续回流,2026-05-15,2026-05-18,2026-06-05,电子/电力设备/机械设备,003021.SZ,兆威机电,回流日无法确认新核心,6.5,15.45,25.55,20日新高,3,抗住且相对强,5.5,-0.87,-6.1,1,加权Top20+新高+抗住且相对强,人形机器人、减速器、新型工业化
886008.TI,减速器,机械设备,3,后续回流,2026-05-15,2026-05-18,2026-06-05,电子/电力设备/机械设备,603728.SH,鸣志电器,回流日无法确认新核心,5.26,11.27,17.66,20日新高,2,抗住且相对强,3.25,1.28,-1.98,1,加权Top20+新高+抗住且相对强,人形机器人、减速器
886008.TI,减速器,机械设备,3,后续回流,2026-05-15,2026-05-18,2026-06-05,电子/电力设备/机械设备,301029.SZ,怡合达,回流日无法确认新核心,6.95,8.68,20.48,120日新高,5,抗住且相对强,0.74,-4.82,-5.57,1,加权Top20+新高+抗住且相对强,人形机器人、减速器、工业母机、新型工业化、自动化设备
886008.TI,减速器,机械设备,3,后续回流,2026-05-15,2026-05-18,2026-06-05,电子/电力设备/机械设备,300660.SZ,江苏雷利,回流日无法确认新核心,5.86,9.37,17.94,20日新高,2,抗住且相对强,3.11,-26.86,-29.11,1,加权Top20+新高+抗住且相对强,人形机器人、减速器
886008.TI,减速器,机械设备,3,后续回流,2026-05-15,2026-05-18,2026-06-05,电子/电力设备/机械设备,301368.SZ,丰立智能,回流日无法确认新核心,5.41,3.41,9.99,20日新高,3,抗住且相对强,1.07,-10.85,-11.84,1,加权Top20+新高+抗住且相对强,人形机器人、减速器、通用设备
886008.TI,减速器,机械设备,3,后续回流,2026-05-15,2026-05-18,2026-06-05,电子/电力设备/机械设备,002527.SZ,新时达,回流日无法确认新核心,4.73,3.79,9.21,20日新高,5,抗住且相对强,1.19,12.39,11.01,1,加权Top20+新高+抗住且相对强,人形机器人、减速器、工业母机、新型工业化、自动化设备
886008.TI,减速器,机械设备,3,后续回流,2026-05-15,2026-05-18,2026-06-05,电子/电力设备/机械设备,300421.SZ,力星股份,回流日无法确认新核心,5.4,6.68,13.96,,4,抗住且相对强,2.68,-16.11,-18.34,1,加权Top20+双红>=3+抗住且相对强,人形机器人、减速器、工业母机、通用设备
885930.TI,工业母机,机械设备,1,周期首发,2026-05-15,2026-05-18,2026-06-05,电子/电力设备/机械设备,300809.SZ,华辰装备,回流日无法确认新核心,10.58,8.71,31.22,60日新高,4,抗住且相对强,0.62,-2.55,-3.2,1,加权Top20+新高+抗住且相对强,人形机器人、工业母机、新型工业化、通用设备
885930.TI,工业母机,机械设备,1,周期首发,2026-05-15,2026-05-18,2026-06-05,电子/电力设备/机械设备,002747.SZ,埃斯顿,回流日无法确认新核心,7.12,22.36,33.67,60日新高,4,抗住且相对强,2.47,21.98,18.99,1,加权Top20+新高+抗住且相对强,人形机器人、工业母机、新型工业化、自动化设备
885930.TI,工业母机,机械设备,1,周期首发,2026-05-15,2026-05-18,2026-06-05,电子/电力设备/机械设备,300124.SZ,汇川技术,回流日无法确认新核心,3.9,55.85,29.15,60日新高,4,抗住且相对强,0.0,-2.9,-2.95,1,加权Top20+新高+抗住且相对强,人形机器人、工业母机、新型工业化、自动化设备
885930.TI,工业母机,机械设备,1,周期首发,2026-05-15,2026-05-18,2026-06-05,电子/电力设备/机械设备,301029.SZ,怡合达,回流日无法确认新核心,6.95,8.68,20.48,120日新高,5,抗住且相对强,0.74,-4.82,-5.57,1,加权Top20+新高+抗住且相对强,人形机器人、减速器、工业母机、新型工业化、自动化设备
885930.TI,工业母机,机械设备,1,周期首发,2026-05-15,2026-05-18,2026-06-05,电子/电力设备/机械设备,002527.SZ,新时达,回流日无法确认新核心,4.73,3.79,9.21,20日新高,5,抗住且相对强,1.19,12.39,11.01,1,加权Top20+新高+抗住且相对强,人形机器人、减速器、工业母机、新型工业化、自动化设备
885930.TI,工业母机,机械设备,1,周期首发,2026-05-15,2026-05-18,2026-06-05,电子/电力设备/机械设备,300421.SZ,力星股份,回流日无法确认新核心,5.4,6.68,13.96,,4,抗住且相对强,2.68,-16.11,-18.34,1,加权Top20+双红>=3+抗住且相对强,人形机器人、减速器、工业母机、通用设备
885930.TI,工业母机,机械设备,1,周期首发,2026-05-15,2026-05-18,2026-06-05,电子/电力设备/机械设备,603370.SH,XD华新精,回流日无法确认新核心,10.01,1.16,10.78,20日新高,1,抗住且相对强,0.25,-9.88,-10.17,1,加权Top20+新高+抗住且相对强,工业母机
885930.TI,工业母机,机械设备,1,周期首发,2026-05-15,2026-05-18,2026-06-05,电子/电力设备/机械设备,301377.SZ,鼎泰高科,回流日无法确认新核心,9.6,21.08,44.08,历史新高,2,抗住且相对强,2.37,59.84,56.06,1,加权Top20+新高+抗住且相对强,工业母机、通用设备
885930.TI,工业母机,机械设备,1,周期首发,2026-05-15,2026-05-18,2026-06-05,电子/电力设备/机械设备,002892.SZ,科力尔,回流日无法确认新核心,9.99,2.97,17.22,20日新高,2,抗住且相对强,1.61,-4.06,-5.64,1,加权Top20+新高+抗住且相对强,工业母机、新型工业化
885930.TI,工业母机,机械设备,1,周期首发,2026-05-15,2026-05-18,2026-06-05,电子/电力设备/机械设备,301510.SZ,固高科技,回流日无法确认新核心,3.05,7.8,8.52,1年新高,3,抗住且相对强,1.1,-14.45,-15.42,1,加权Top20+新高+抗住且相对强,工业母机、新型工业化、自动化设备
886057.TI,新型工业化,机械设备,2,后续回流,2026-05-15,2026-05-18,2026-06-05,电子/电力设备/机械设备,688003.SH,天准科技,回流日无法确认新核心,6.42,11.61,21.88,历史新高,3,抗住且相对强,7.67,9.38,1.53,1,加权Top20+新高+抗住且相对强,人形机器人、新型工业化、自动化设备
886057.TI,新型工业化,机械设备,2,后续回流,2026-05-15,2026-05-18,2026-06-05,电子/电力设备/机械设备,002979.SZ,雷赛智能,回流日无法确认新核心,10.01,11.9,34.53,历史新高,3,抗住且相对强,8.8,-6.87,-14.44,1,加权Top20+新高+抗住且相对强,人形机器人、新型工业化、自动化设备
886057.TI,新型工业化,机械设备,2,后续回流,2026-05-15,2026-05-18,2026-06-05,电子/电力设备/机械设备,300433.SZ,蓝思科技,回流日无法确认新核心,5.88,89.43,55.61,20日新高,3,抗住且相对强,11.56,33.32,17.85,1,加权Top20+新高+抗住且相对强,人形机器人、减速器、新型工业化
886057.TI,新型工业化,机械设备,2,后续回流,2026-05-15,2026-05-18,2026-06-05,电子/电力设备/机械设备,603082.SH,北自科技,回流日无法确认新核心,10.01,5.27,22.98,120日新高,3,抗住且相对强,9.95,-11.13,-19.21,1,加权Top20+新高+抗住且相对强,人形机器人、新型工业化、通用设备
886057.TI,新型工业化,机械设备,2,后续回流,2026-05-15,2026-05-18,2026-06-05,电子/电力设备/机械设备,688017.SH,绿的谐波,回流日无法确认新核心,15.28,58.46,116.83,历史新高,4,抗住且相对强,5.64,28.64,21.72,1,加权Top20+新高+抗住且相对强,人形机器人、减速器、新型工业化、自动化设备
886057.TI,新型工业化,机械设备,2,后续回流,2026-05-15,2026-05-18,2026-06-05,电子/电力设备/机械设备,301596.SZ,瑞迪智驱,回流日无法确认新核心,11.92,3.76,23.11,60日新高,4,抗住且相对强,1.69,-0.92,-2.62,1,加权Top20+新高+抗住且相对强,人形机器人、减速器、新型工业化、通用设备
886057.TI,新型工业化,机械设备,2,后续回流,2026-05-15,2026-05-18,2026-06-05,电子/电力设备/机械设备,300809.SZ,华辰装备,回流日无法确认新核心,10.58,8.71,31.22,60日新高,4,抗住且相对强,0.62,-2.55,-3.2,1,加权Top20+新高+抗住且相对强,人形机器人、工业母机、新型工业化、通用设备
886057.TI,新型工业化,机械设备,2,后续回流,2026-05-15,2026-05-18,2026-06-05,电子/电力设备/机械设备,300128.SZ,锦富技术,回流日无法确认新核心,4.01,9.01,12.04,60日新高,2,抗住且相对强,7.1,-1.33,-7.93,1,加权Top20+新高+抗住且相对强,人形机器人、新型工业化
886057.TI,新型工业化,机械设备,2,后续回流,2026-05-15,2026-05-18,2026-06-05,电子/电力设备/机械设备,002896.SZ,中大力德,回流日无法确认新核心,3.92,14.51,14.93,,4,抗住且相对强,0.17,7.65,7.41,1,加权Top20+双红>=3+抗住且相对强,人形机器人、减速器、新型工业化、通用设备
886057.TI,新型工业化,机械设备,2,后续回流,2026-05-15,2026-05-18,2026-06-05,电子/电力设备/机械设备,002747.SZ,埃斯顿,回流日无法确认新核心,7.12,22.36,33.67,60日新高,4,抗住且相对强,2.47,21.98,18.99,1,加权Top20+新高+抗住且相对强,人形机器人、工业母机、新型工业化、自动化设备
886057.TI,新型工业化,机械设备,2,后续回流,2026-05-15,2026-05-18,2026-06-05,电子/电力设备/机械设备,300115.SZ,长盈精密,回流日无法确认新核心,4.18,49.31,29.35,20日新高,3,抗住且相对强,0.15,-11.66,-13.14,1,加权Top20+新高+抗住且相对强,人形机器人、减速器、新型工业化
886057.TI,新型工业化,机械设备,2,后续回流,2026-05-15,2026-05-18,2026-06-05,电子/电力设备/机械设备,688160.SH,步科股份,回流日无法确认新核心,8.69,7.52,23.83,20日新高,4,抗住且相对强,0.53,-4.69,-5.24,1,加权Top20+新高+抗住且相对强,人形机器人、减速器、新型工业化、自动化设备
886057.TI,新型工业化,机械设备,2,后续回流,2026-05-15,2026-05-18,2026-06-05,电子/电力设备/机械设备,002009.SZ,天奇股份,回流日无法确认新核心,2.32,24.44,11.47,20日新高,2,抗住且相对强,1.23,-22.27,-23.25,1,加权Top20+新高+抗住且相对强,人形机器人、新型工业化
886057.TI,新型工业化,机械设备,2,后续回流,2026-05-15,2026-05-18,2026-06-05,电子/电力设备/机械设备,300124.SZ,汇川技术,回流日无法确认新核心,3.9,55.85,29.15,60日新高,4,抗住且相对强,0.0,-2.9,-2.95,1,加权Top20+新高+抗住且相对强,人形机器人、工业母机、新型工业化、自动化设备
886057.TI,新型工业化,机械设备,2,后续回流,2026-05-15,2026-05-18,2026-06-05,电子/电力设备/机械设备,003021.SZ,兆威机电,回流日无法确认新核心,6.5,15.45,25.55,20日新高,3,抗住且相对强,5.5,-0.87,-6.1,1,加权Top20+新高+抗住且相对强,人形机器人、减速器、新型工业化
886057.TI,新型工业化,机械设备,2,后续回流,2026-05-15,2026-05-18,2026-06-05,电子/电力设备/机械设备,300024.SZ,机器人,回流日无法确认新核心,7.7,18.21,32.86,20日新高,3,抗住且相对强,0.57,-3.23,-3.83,1,加权Top20+新高+抗住且相对强,人形机器人、新型工业化、自动化设备
886057.TI,新型工业化,机械设备,2,后续回流,2026-05-15,2026-05-18,2026-06-05,电子/电力设备/机械设备,301029.SZ,怡合达,回流日无法确认新核心,6.95,8.68,20.48,120日新高,5,抗住且相对强,0.74,-4.82,-5.57,1,加权Top20+新高+抗住且相对强,人形机器人、减速器、工业母机、新型工业化、自动化设备
886057.TI,新型工业化,机械设备,2,后续回流,2026-05-15,2026-05-18,2026-06-05,电子/电力设备/机械设备,688322.SH,奥比中光-W,回流日无法确认新核心,4.82,16.2,19.4,20日新高,2,抗住且相对强,5.63,41.64,32.14,1,加权Top20+新高+抗住且相对强,人形机器人、新型工业化
886057.TI,新型工业化,机械设备,2,后续回流,2026-05-15,2026-05-18,2026-06-05,电子/电力设备/机械设备,002527.SZ,新时达,回流日无法确认新核心,4.73,3.79,9.21,20日新高,5,抗住且相对强,1.19,12.39,11.01,1,加权Top20+新高+抗住且相对强,人形机器人、减速器、工业母机、新型工业化、自动化设备
886057.TI,新型工业化,机械设备,2,后续回流,2026-05-15,2026-05-18,2026-06-05,电子/电力设备/机械设备,300354.SZ,东华测试,回流日无法确认新核心,5.67,2.22,8.45,,3,抗住且相对强,1.01,-14.58,-15.48,1,加权Top20+双红>=3+抗住且相对强,人形机器人、新型工业化、通用设备
886057.TI,新型工业化,机械设备,2,后续回流,2026-05-15,2026-05-18,2026-06-05,电子/电力设备/机械设备,688777.SH,中控技术,回流日无法确认新核心,4.81,24.26,23.69,,3,抗住且相对强,6.26,26.49,18.98,1,加权Top20+双红>=3+抗住且相对强,人形机器人、新型工业化、自动化设备
886057.TI,新型工业化,机械设备,2,后续回流,2026-05-15,2026-05-18,2026-06-05,电子/电力设备/机械设备,002892.SZ,科力尔,回流日无法确认新核心,9.99,2.97,17.22,20日新高,2,抗住且相对强,1.61,-4.06,-5.64,1,加权Top20+新高+抗住且相对强,工业母机、新型工业化
886057.TI,新型工业化,机械设备,2,后续回流,2026-05-15,2026-05-18,2026-06-05,电子/电力设备/机械设备,301510.SZ,固高科技,回流日无法确认新核心,3.05,7.8,8.52,1年新高,3,抗住且相对强,1.1,-14.45,-15.42,1,加权Top20+新高+抗住且相对强,工业母机、新型工业化、自动化设备
886057.TI,新型工业化,机械设备,2,后续回流,2026-05-15,2026-05-18,2026-06-05,电子/电力设备/机械设备,300276.SZ,三丰智能,回流日无法确认新核心,19.94,9.44,61.26,20日新高,2,抗住且相对强,4.58,1.54,-2.95,1,加权Top20+新高+抗住且相对强,新型工业化、自动化设备
886057.TI,新型工业化,机械设备,2,后续回流,2026-05-15,2026-05-18,2026-06-05,电子/电力设备/机械设备,001266.SZ,宏英智能,回流日无法确认新核心,5.48,3.72,10.57,历史新高,2,抗住且相对强,3.2,-4.76,-7.76,1,加权Top20+新高+抗住且相对强,新型工业化、自动化设备
886057.TI,新型工业化,机械设备,2,后续回流,2026-05-15,2026-05-18,2026-06-05,电子/电力设备/机械设备,301486.SZ,致尚科技,回流日无法确认新核心,8.52,36.07,51.17,历史新高,1,抗住且相对强,4.09,-12.36,-17.05,1,加权Top20+新高+抗住且相对强,新型工业化
886057.TI,新型工业化,机械设备,2,后续回流,2026-05-15,2026-05-18,2026-06-05,电子/电力设备/机械设备,002786.SZ,银宝山新,回流日无法确认新核心,6.32,3.0,10.95,20日新高,1,抗住且相对强,5.54,4.99,-0.57,1,加权Top20+新高+抗住且相对强,新型工业化
886057.TI,新型工业化,机械设备,2,后续回流,2026-05-15,2026-05-18,2026-06-05,电子/电力设备/机械设备,300907.SZ,康平科技,回流日无法确认新核心,6.44,2.31,9.79,60日新高,1,抗住且相对强,10.97,60.39,44.44,1,加权Top20+新高+抗住且相对强,新型工业化
881171.TI,自动化设备,机械设备,2,后续回流,2026-05-15,2026-05-18,2026-06-05,电子/电力设备/机械设备,688003.SH,天准科技,回流日无法确认新核心,6.42,11.61,21.88,历史新高,3,抗住且相对强,7.67,9.38,1.53,1,加权Top20+新高+抗住且相对强,人形机器人、新型工业化、自动化设备
881171.TI,自动化设备,机械设备,2,后续回流,2026-05-15,2026-05-18,2026-06-05,电子/电力设备/机械设备,002979.SZ,雷赛智能,回流日无法确认新核心,10.01,11.9,34.53,历史新高,3,抗住且相对强,8.8,-6.87,-14.44,1,加权Top20+新高+抗住且相对强,人形机器人、新型工业化、自动化设备
881171.TI,自动化设备,机械设备,2,后续回流,2026-05-15,2026-05-18,2026-06-05,电子/电力设备/机械设备,688017.SH,绿的谐波,回流日无法确认新核心,15.28,58.46,116.83,历史新高,4,抗住且相对强,5.64,28.64,21.72,1,加权Top20+新高+抗住且相对强,人形机器人、减速器、新型工业化、自动化设备
881171.TI,自动化设备,机械设备,2,后续回流,2026-05-15,2026-05-18,2026-06-05,电子/电力设备/机械设备,002747.SZ,埃斯顿,回流日无法确认新核心,7.12,22.36,33.67,60日新高,4,抗住且相对强,2.47,21.98,18.99,1,加权Top20+新高+抗住且相对强,人形机器人、工业母机、新型工业化、自动化设备
881171.TI,自动化设备,机械设备,2,后续回流,2026-05-15,2026-05-18,2026-06-05,电子/电力设备/机械设备,688160.SH,步科股份,回流日无法确认新核心,8.69,7.52,23.83,20日新高,4,抗住且相对强,0.53,-4.69,-5.24,1,加权Top20+新高+抗住且相对强,人形机器人、减速器、新型工业化、自动化设备
881171.TI,自动化设备,机械设备,2,后续回流,2026-05-15,2026-05-18,2026-06-05,电子/电力设备/机械设备,300124.SZ,汇川技术,回流日无法确认新核心,3.9,55.85,29.15,60日新高,4,抗住且相对强,0.0,-2.9,-2.95,1,加权Top20+新高+抗住且相对强,人形机器人、工业母机、新型工业化、自动化设备
881171.TI,自动化设备,机械设备,2,后续回流,2026-05-15,2026-05-18,2026-06-05,电子/电力设备/机械设备,300024.SZ,机器人,回流日无法确认新核心,7.7,18.21,32.86,20日新高,3,抗住且相对强,0.57,-3.23,-3.83,1,加权Top20+新高+抗住且相对强,人形机器人、新型工业化、自动化设备
881171.TI,自动化设备,机械设备,2,后续回流,2026-05-15,2026-05-18,2026-06-05,电子/电力设备/机械设备,301029.SZ,怡合达,回流日无法确认新核心,6.95,8.68,20.48,120日新高,5,抗住且相对强,0.74,-4.82,-5.57,1,加权Top20+新高+抗住且相对强,人形机器人、减速器、工业母机、新型工业化、自动化设备
881171.TI,自动化设备,机械设备,2,后续回流,2026-05-15,2026-05-18,2026-06-05,电子/电力设备/机械设备,688698.SH,伟创电气,回流日无法确认新核心,9.7,11.17,32.42,20日新高,2,抗住且相对强,1.78,-11.98,-13.55,1,加权Top20+新高+抗住且相对强,人形机器人、自动化设备
881171.TI,自动化设备,机械设备,2,后续回流,2026-05-15,2026-05-18,2026-06-05,电子/电力设备/机械设备,002527.SZ,新时达,回流日无法确认新核心,4.73,3.79,9.21,20日新高,5,抗住且相对强,1.19,12.39,11.01,1,加权Top20+新高+抗住且相对强,人形机器人、减速器、工业母机、新型工业化、自动化设备
881171.TI,自动化设备,机械设备,2,后续回流,2026-05-15,2026-05-18,2026-06-05,电子/电力设备/机械设备,688777.SH,中控技术,回流日无法确认新核心,4.81,24.26,23.69,,3,抗住且相对强,6.26,26.49,18.98,1,加权Top20+双红>=3+抗住且相对强,人形机器人、新型工业化、自动化设备
881171.TI,自动化设备,机械设备,2,后续回流,2026-05-15,2026-05-18,2026-06-05,电子/电力设备/机械设备,301510.SZ,固高科技,回流日无法确认新核心,3.05,7.8,8.52,1年新高,3,抗住且相对强,1.1,-14.45,-15.42,1,加权Top20+新高+抗住且相对强,工业母机、新型工业化、自动化设备
881171.TI,自动化设备,机械设备,2,后续回流,2026-05-15,2026-05-18,2026-06-05,电子/电力设备/机械设备,300276.SZ,三丰智能,回流日无法确认新核心,19.94,9.44,61.26,20日新高,2,抗住且相对强,4.58,1.54,-2.95,1,加权Top20+新高+抗住且相对强,新型工业化、自动化设备
881171.TI,自动化设备,机械设备,2,后续回流,2026-05-15,2026-05-18,2026-06-05,电子/电力设备/机械设备,001266.SZ,宏英智能,回流日无法确认新核心,5.48,3.72,10.57,历史新高,2,抗住且相对强,3.2,-4.76,-7.76,1,加权Top20+新高+抗住且相对强,新型工业化、自动化设备
881171.TI,自动化设备,机械设备,2,后续回流,2026-05-15,2026-05-18,2026-06-05,电子/电力设备/机械设备,688686.SH,奥普特,回流日无法确认新核心,4.79,3.33,8.74,60日新高,1,抗住且相对强,8.91,12.77,3.5,1,加权Top20+新高+抗住且相对强,自动化设备
881171.TI,自动化设备,机械设备,2,后续回流,2026-05-15,2026-05-18,2026-06-05,电子/电力设备/机械设备,688025.SH,杰普特,回流日无法确认新核心,5.56,23.23,26.8,历史新高,1,抗住且相对强,1.01,-5.26,-6.26,1,加权Top20+新高+抗住且相对强,自动化设备
881117.TI,通用设备,机械设备,1,周期首发,2026-05-15,2026-05-18,2026-06-05,电子/电力设备/机械设备,603082.SH,北自科技,回流日无法确认新核心,10.01,5.27,22.98,120日新高,3,抗住且相对强,9.95,-11.13,-19.21,1,加权Top20+新高+抗住且相对强,人形机器人、新型工业化、通用设备
881117.TI,通用设备,机械设备,1,周期首发,2026-05-15,2026-05-18,2026-06-05,电子/电力设备/机械设备,603278.SH,大业股份,回流日无法确认新核心,9.99,12.42,35.21,60日新高,2,抗住且相对强,0.6,-24.23,-24.72,1,加权Top20+新高+抗住且相对强,人形机器人、通用设备
881117.TI,通用设备,机械设备,1,周期首发,2026-05-15,2026-05-18,2026-06-05,电子/电力设备/机械设备,301596.SZ,瑞迪智驱,回流日无法确认新核心,11.92,3.76,23.11,60日新高,4,抗住且相对强,1.69,-0.92,-2.62,1,加权Top20+新高+抗住且相对强,人形机器人、减速器、新型工业化、通用设备
881117.TI,通用设备,机械设备,1,周期首发,2026-05-15,2026-05-18,2026-06-05,电子/电力设备/机械设备,300809.SZ,华辰装备,回流日无法确认新核心,10.58,8.71,31.22,60日新高,4,抗住且相对强,0.62,-2.55,-3.2,1,加权Top20+新高+抗住且相对强,人形机器人、工业母机、新型工业化、通用设备
881117.TI,通用设备,机械设备,1,周期首发,2026-05-15,2026-05-18,2026-06-05,电子/电力设备/机械设备,301413.SZ,安培龙,回流日无法确认新核心,10.61,13.52,39.01,20日新高,2,抗住且相对强,0.74,-31.03,-31.57,1,加权Top20+新高+抗住且相对强,人形机器人、通用设备
881117.TI,通用设备,机械设备,1,周期首发,2026-05-15,2026-05-18,2026-06-05,电子/电力设备/机械设备,603667.SH,五洲新春,回流日无法确认新核心,9.72,65.74,78.81,,3,抗住且相对强,0.63,-11.95,-12.54,1,加权Top20+双红>=3+抗住且相对强,人形机器人、减速器、通用设备
881117.TI,通用设备,机械设备,1,周期首发,2026-05-15,2026-05-18,2026-06-05,电子/电力设备/机械设备,002896.SZ,中大力德,回流日无法确认新核心,3.92,14.51,14.93,,4,抗住且相对强,0.17,7.65,7.41,1,加权Top20+双红>=3+抗住且相对强,人形机器人、减速器、新型工业化、通用设备
881117.TI,通用设备,机械设备,1,周期首发,2026-05-15,2026-05-18,2026-06-05,电子/电力设备/机械设备,603662.SH,柯力传感,回流日无法确认新核心,6.01,8.26,17.27,20日新高,2,抗住且相对强,5.93,3.47,-2.37,1,加权Top20+新高+抗住且相对强,人形机器人、通用设备
881117.TI,通用设备,机械设备,1,周期首发,2026-05-15,2026-05-18,2026-06-05,电子/电力设备/机械设备,301368.SZ,丰立智能,回流日无法确认新核心,5.41,3.41,9.99,20日新高,3,抗住且相对强,1.07,-10.85,-11.84,1,加权Top20+新高+抗住且相对强,人形机器人、减速器、通用设备
881117.TI,通用设备,机械设备,1,周期首发,2026-05-15,2026-05-18,2026-06-05,电子/电力设备/机械设备,300007.SZ,汉威科技,回流日无法确认新核心,6.5,13.49,23.87,20日新高,2,抗住且相对强,3.03,-8.99,-11.71,1,加权Top20+新高+抗住且相对强,人形机器人、通用设备
881117.TI,通用设备,机械设备,1,周期首发,2026-05-15,2026-05-18,2026-06-05,电子/电力设备/机械设备,300354.SZ,东华测试,回流日无法确认新核心,5.67,2.22,8.45,,3,抗住且相对强,1.01,-14.58,-15.48,1,加权Top20+双红>=3+抗住且相对强,人形机器人、新型工业化、通用设备
881117.TI,通用设备,机械设备,1,周期首发,2026-05-15,2026-05-18,2026-06-05,电子/电力设备/机械设备,300421.SZ,力星股份,回流日无法确认新核心,5.4,6.68,13.96,,4,抗住且相对强,2.68,-16.11,-18.34,1,加权Top20+双红>=3+抗住且相对强,人形机器人、减速器、工业母机、通用设备
881117.TI,通用设备,机械设备,1,周期首发,2026-05-15,2026-05-18,2026-06-05,电子/电力设备/机械设备,300567.SZ,精测电子,回流日无法确认新核心,10.06,26.2,51.49,历史新高,2,抗住且相对强,2.17,8.13,5.79,1,加权Top20+新高+抗住且相对强,存储芯片、通用设备
881117.TI,通用设备,机械设备,1,周期首发,2026-05-15,2026-05-18,2026-06-05,电子/电力设备/机械设备,688808.SH,联讯仪器,回流日无法确认新核心,6.84,44.39,45.57,历史新高,2,抗住且相对强,14.91,83.33,59.48,1,加权Top20+新高+抗住且相对强,存储芯片、通用设备
881117.TI,通用设备,机械设备,1,周期首发,2026-05-15,2026-05-18,2026-06-05,电子/电力设备/机械设备,301377.SZ,鼎泰高科,回流日无法确认新核心,9.6,21.08,44.08,历史新高,2,抗住且相对强,2.37,59.84,56.06,1,加权Top20+新高+抗住且相对强,工业母机、通用设备
881117.TI,通用设备,机械设备,1,周期首发,2026-05-15,2026-05-18,2026-06-05,电子/电力设备/机械设备,603269.SH,海鸥股份,回流日无法确认新核心,2.8,8.29,8.06,历史新高,1,抗住且相对强,2.07,1.34,-0.76,1,加权Top20+新高+抗住且相对强,通用设备
881117.TI,通用设备,机械设备,1,周期首发,2026-05-15,2026-05-18,2026-06-05,电子/电力设备/机械设备,301317.SZ,鑫磊股份,回流日无法确认新核心,8.18,7.95,23.06,历史新高,1,抗住且相对强,4.78,-18.02,-21.8,1,加权Top20+新高+抗住且相对强,通用设备
881117.TI,通用设备,机械设备,1,周期首发,2026-05-15,2026-05-18,2026-06-05,电子/电力设备/机械设备,300259.SZ,新天科技,回流日无法确认新核心,4.97,5.38,11.53,3年新高,1,抗住且相对强,19.27,15.91,-2.86,1,加权Top20+新高+抗住且相对强,通用设备
881117.TI,通用设备,机械设备,1,周期首发,2026-05-15,2026-05-18,2026-06-05,电子/电力设备/机械设备,300838.SZ,浙江力诺,回流日无法确认新核心,5.39,2.19,7.98,3年新高,1,抗住且相对强,4.72,-19.57,-23.23,1,加权Top20+新高+抗住且相对强,通用设备
881117.TI,通用设备,机械设备,1,周期首发,2026-05-15,2026-05-18,2026-06-05,电子/电力设备/机械设备,688112.SH,鼎阳科技,回流日无法确认新核心,8.89,5.08,20.04,3年新高,1,抗住且相对强,4.4,4.9,0.43,1,加权Top20+新高+抗住且相对强,通用设备
881117.TI,通用设备,机械设备,1,周期首发,2026-05-15,2026-05-18,2026-06-05,电子/电力设备/机械设备,603400.SH,华之杰,回流日无法确认新核心,4.91,2.7,8.07,120日新高,1,抗住且相对强,0.78,-21.74,-22.38,1,加权Top20+新高+抗住且相对强,通用设备
886053.TI,BC电池,电力设备,1,周期首发,2026-05-11,2026-05-12,2026-05-25,电子/电力设备/通信,300393.SZ,中来股份,兑现掉队,5.71,10.59,18.58,20日新高,6,补跌但相对强,0.08,-13.62,-12.77,0,加权Top20+新高+补跌但相对强,BC电池、TOPCON电池、光伏、光伏设备、虚拟电厂、钙钛矿电池
886053.TI,BC电池,电力设备,1,周期首发,2026-05-11,2026-05-12,2026-05-25,电子/电力设备/通信,300537.SZ,广信材料,兑现掉队,8.71,7.57,23.96,120日新高,6,抗住且相对强,1.56,20.6,18.58,0,加权Top20+新高+抗住且相对强,BC电池、PCB、光伏、光刻胶、华为手机、芯片
886053.TI,BC电池,电力设备,2,后续回流,2026-05-25,2026-05-26,2026-06-03,电子/电力设备/机械设备,002056.SZ,横店东磁,延续核心,10.01,20.69,45.53,20日新高,2,抗住且相对强,5.17,22.71,17.27,0,加权Top20+新高+抗住且相对强,BC电池、MLCC
886053.TI,BC电池,电力设备,2,后续回流,2026-05-25,2026-05-26,2026-06-03,电子/电力设备/机械设备,603806.SH,福斯特,兑现掉队,5.65,19.11,24.7,,3,抗住且相对强,3.07,-5.19,-7.53,0,加权Top20+双红>=3+抗住且相对强,BC电池、HJT电池、PCB
886020.TI,PET铜箔,电力设备,3,后续回流,2026-06-02,2026-06-03,2026-06-03,电子/电力设备/通信,002859.SZ,洁美科技,延续核心,7.13,25.29,35.86,历史新高,2,抗住且相对强,5.56,7.86,0.0,0,加权Top20+新高+抗住且相对强,MLCC、PET铜箔
886020.TI,PET铜箔,电力设备,3,后续回流,2026-06-02,2026-06-03,2026-06-03,电子/电力设备/通信,600869.SH,远东股份,延续核心,10.01,29.78,54.63,历史新高,1,抗住且相对强,7.39,6.41,0.0,0,加权Top20+新高+抗住且相对强,PET铜箔
886007.TI,TOPCON电池,电力设备,2,后续回流,2026-04-16,2026-04-17,2026-04-17,电子/电力设备/通信,688359.SH,三孚新科,兑现掉队,5.11,5.27,11.73,3年新高,1,抗住且相对强,2.63,4.16,0.0,0,加权Top20+新高+抗住且相对强,TOPCON电池
886007.TI,TOPCON电池,电力设备,2,后续回流,2026-04-16,2026-04-17,2026-04-17,电子/电力设备/通信,688503.SH,聚和材料,兑现掉队,3.58,11.22,11.99,20日新高,1,抗住且相对强,2.01,1.98,0.0,0,加权Top20+新高+抗住且相对强,TOPCON电池
886007.TI,TOPCON电池,电力设备,2,后续回流,2026-04-16,2026-04-17,2026-04-17,电子/电力设备/通信,688678.SH,福立旺,兑现掉队,10.86,9.48,33.44,60日新高,1,抗住且相对强,5.32,6.85,0.0,0,加权Top20+新高+抗住且相对强,TOPCON电池
886007.TI,TOPCON电池,电力设备,3,后续回流,2026-04-17,2026-04-20,2026-04-29,电子/电力设备/通信,300776.SZ,帝尔激光,兑现掉队,20.0,18.88,86.9,20日新高,5,抗住且相对强,9.16,8.22,0.82,0,加权Top20+新高+抗住且相对强,PCB、TOPCON电池、先进封装、光伏、芯片
886007.TI,TOPCON电池,电力设备,3,后续回流,2026-04-17,2026-04-20,2026-04-29,电子/电力设备/通信,300450.SZ,先导智能,兑现掉队,4.36,53.94,32.02,20日新高,3,抗住且相对强,3.06,-0.34,-1.57,0,加权Top20+新高+抗住且相对强,PCB、TOPCON电池、光伏
886007.TI,TOPCON电池,电力设备,3,后续回流,2026-04-17,2026-04-20,2026-04-29,电子/电力设备/通信,688516.SH,奥特维,兑现掉队,4.42,13.25,16.09,,4,抗住且相对强,2.41,-5.66,-6.22,0,加权Top20+双红>=3+抗住且相对强,TOPCON电池、光伏、共封装光学(CPO)、芯片
886007.TI,TOPCON电池,电力设备,3,后续回流,2026-04-17,2026-04-20,2026-04-29,电子/电力设备/通信,603212.SH,赛伍技术,兑现掉队,5.89,3.91,11.65,,4,补跌但相对强,1.23,-3.97,-3.42,0,加权Top20+双红>=3+补跌但相对强,TOPCON电池、先进封装、光伏、芯片
886007.TI,TOPCON电池,电力设备,3,后续回流,2026-04-17,2026-04-20,2026-04-29,电子/电力设备/通信,600151.SH,航天机电,兑现掉队,5.1,16.45,20.68,20日新高,2,抗住且相对强,4.34,-5.13,-7.47,0,加权Top20+新高+抗住且相对强,TOPCON电池、光伏
886007.TI,TOPCON电池,电力设备,6,后续回流,2026-05-11,2026-05-12,2026-06-03,电子/电力设备/通信,300393.SZ,中来股份,兑现掉队,5.71,10.59,18.58,20日新高,6,补跌但相对强,0.08,-26.67,-25.96,0,加权Top20+新高+补跌但相对强,BC电池、TOPCON电池、光伏、光伏设备、虚拟电厂、钙钛矿电池
886007.TI,TOPCON电池,电力设备,6,后续回流,2026-05-11,2026-05-12,2026-06-03,电子/电力设备/通信,300820.SZ,英杰电气,兑现掉队,8.05,7.11,21.46,20日新高,6,抗住且相对强,1.45,18.68,18.2,0,加权Top20+新高+抗住且相对强,TOPCON电池、储能、光伏、可控核聚变、氢能源、芯片
885921.TI,储能,电力设备,1,周期首发,2026-04-08,2026-04-09,2026-04-10,电子/电力设备/通信,603186.SH,华正新材,兑现掉队,6.93,13.26,25.24,,7,抗住且相对强,3.94,2.91,-1.46,0,加权Top20+双红>=3+抗住且相对强,6G、PCB、储能、元件、先进封装、固态电池、芯片
885921.TI,储能,电力设备,1,周期首发,2026-04-08,2026-04-09,2026-04-10,电子/电力设备/通信,000063.SZ,中兴通讯,兑现掉队,5.26,32.82,30.13,,8,抗住且相对强,3.46,5.14,0.65,0,加权Top20+双红>=3+抗住且相对强,6G、AI手机、AI眼镜、储能、光纤、液冷服务器、芯片、通信设备
885921.TI,储能,电力设备,1,周期首发,2026-04-08,2026-04-09,2026-04-10,电子/电力设备/通信,002947.SZ,恒铭达,兑现掉队,9.03,9.66,28.07,历史新高,3,抗住且相对强,9.51,13.43,3.12,0,加权Top20+新高+抗住且相对强,AI PC、储能、消费电子
885921.TI,储能,电力设备,1,周期首发,2026-04-08,2026-04-09,2026-04-10,电子/电力设备/通信,301489.SZ,思泉新材,兑现掉队,12.16,10.21,38.85,,5,抗住且相对强,1.06,2.39,0.83,0,加权Top20+双红>=3+抗住且相对强,AI PC、AI手机、AI眼镜、储能、液冷服务器
885921.TI,储能,电力设备,1,周期首发,2026-04-08,2026-04-09,2026-04-10,电子/电力设备/通信,300684.SZ,中石科技,兑现掉队,8.51,5.83,20.55,,6,抗住且相对强,0.48,2.46,1.48,0,加权Top20+双红>=3+抗住且相对强,AI PC、MR(混合现实)、储能、光伏、共封装光学(CPO)、液冷服务器
885921.TI,储能,电力设备,1,周期首发,2026-04-08,2026-04-09,2026-04-10,电子/电力设备/通信,002273.SZ,水晶光电,兑现掉队,9.99,33.76,58.05,,5,抗住且相对强,6.36,6.03,-0.76,0,加权Top20+双红>=3+抗住且相对强,AI手机、AI眼镜、储能、光学光电子、共封装光学(CPO)
885921.TI,储能,电力设备,1,周期首发,2026-04-08,2026-04-09,2026-04-10,电子/电力设备/通信,301099.SZ,雅创电子,兑现掉队,12.51,6.22,31.2,,6,抗住且相对强,3.51,5.62,1.55,0,加权Top20+双红>=3+抗住且相对强,AI眼镜、MCU芯片、储能、光伏、存储芯片、芯片
885921.TI,储能,电力设备,1,周期首发,2026-04-08,2026-04-09,2026-04-10,电子/电力设备/通信,600330.SH,天通股份,兑现掉队,7.31,26.62,37.72,,6,抗住且相对强,9.5,6.09,-3.55,0,加权Top20+双红>=3+抗住且相对强,AI眼镜、PCB、储能、先进封装、光伏、芯片
885921.TI,储能,电力设备,1,周期首发,2026-04-08,2026-04-09,2026-04-10,电子/电力设备/通信,603920.SH,世运电路,兑现掉队,10.01,12.29,35.09,,6,抗住且相对强,5.06,3.0,-2.42,0,加权Top20+双红>=3+抗住且相对强,AI眼镜、PCB、储能、元件、光伏、共封装光学(CPO)
885921.TI,储能,电力设备,1,周期首发,2026-04-08,2026-04-09,2026-04-10,电子/电力设备/通信,001287.SZ,中电港,延续核心,10.02,8.32,28.9,,5,抗住且相对强,0.78,4.59,3.28,0,加权Top20+双红>=3+抗住且相对强,MCU芯片、储能、存储芯片、芯片、英伟达
885921.TI,储能,电力设备,1,周期首发,2026-04-08,2026-04-09,2026-04-10,电子/电力设备/通信,002929.SZ,润建股份,兑现掉队,10.0,12.86,35.86,,4,抗住且相对强,1.83,-0.69,-3.43,0,加权Top20+双红>=3+抗住且相对强,MR(混合现实)、储能、光伏、虚拟电厂
885921.TI,储能,电力设备,1,周期首发,2026-04-08,2026-04-09,2026-04-10,电子/电力设备/通信,301123.SZ,奕东电子,兑现掉队,7.96,8.08,22.63,,6,抗住且相对强,9.26,8.9,-0.77,0,加权Top20+双红>=3+抗住且相对强,PCB、储能、共封装光学(CPO)、消费电子、液冷服务器、铜缆高速连接
885921.TI,储能,电力设备,1,周期首发,2026-04-08,2026-04-09,2026-04-10,电子/电力设备/通信,002491.SZ,通鼎互联,兑现掉队,9.99,11.13,33.33,3年新高,4,抗住且相对强,5.17,-4.01,-9.6,0,加权Top20+新高+抗住且相对强,储能、光纤、固态电池、通信设备
885921.TI,储能,电力设备,1,周期首发,2026-04-08,2026-04-09,2026-04-10,电子/电力设备/通信,688141.SH,杰华特,兑现掉队,10.92,11.01,36.23,历史新高,3,抗住且相对强,2.57,4.97,1.85,0,加权Top20+新高+抗住且相对强,储能、半导体、芯片
885921.TI,储能,电力设备,1,周期首发,2026-04-08,2026-04-09,2026-04-10,电子/电力设备/通信,300870.SZ,欧陆通,兑现掉队,8.07,16.19,32.47,,3,抗住且相对强,3.8,8.05,4.67,0,加权Top20+双红>=3+抗住且相对强,储能、光伏、液冷服务器
885921.TI,储能,电力设备,1,周期首发,2026-04-08,2026-04-09,2026-04-10,电子/电力设备/通信,600869.SH,远东股份,兑现掉队,10.01,20.51,45.33,历史新高,13,抗住且相对强,1.52,-1.45,-2.38,0,加权Top20+新高+抗住且相对强,储能、光伏、光纤、可控核聚变、固态电池、液冷服务器、特高压、电网设备、芯片、钠离子电池、铜缆高速连接、雅下水电、风电
885921.TI,储能,电力设备,1,周期首发,2026-04-08,2026-04-09,2026-04-10,电子/电力设备/通信,600482.SH,中国动力,延续核心,7.86,20.13,35.27,,6,抗住且相对强,5.6,15.54,10.01,0,加权Top20+双红>=3+抗住且相对强,储能、固态电池、氢能源、燃料电池、钠离子电池、风电
885921.TI,储能,电力设备,1,周期首发,2026-04-08,2026-04-09,2026-04-10,电子/电力设备/通信,600875.SH,东方电气,兑现掉队,9.99,44.93,66.96,,7,抗住且相对强,0.6,3.16,3.13,0,加权Top20+双红>=3+抗住且相对强,储能、光伏、可控核聚变、氢能源、燃料电池、雅下水电、风电
885921.TI,储能,电力设备,1,周期首发,2026-04-08,2026-04-09,2026-04-10,电子/电力设备/通信,688676.SH,金盘科技,兑现掉队,14.53,18.69,62.82,,5,抗住且相对强,5.16,4.06,-0.51,0,加权Top20+双红>=3+抗住且相对强,储能、光伏、电网设备、雅下水电、风电
885921.TI,储能,电力设备,1,周期首发,2026-04-08,2026-04-09,2026-04-10,电子/电力设备/通信,002922.SZ,伊戈尔,兑现掉队,9.11,7.79,25.43,,3,抗住且相对强,0.61,6.74,5.58,0,加权Top20+双红>=3+抗住且相对强,储能、光伏、高压快充
885921.TI,储能,电力设备,1,周期首发,2026-04-08,2026-04-09,2026-04-10,电子/电力设备/通信,002851.SZ,麦格米特,兑现掉队,9.29,17.48,38.84,,6,抗住且相对强,0.64,2.55,2.48,0,加权Top20+双红>=3+抗住且相对强,储能、光伏、芯片、英伟达、风电、高压快充
885921.TI,储能,电力设备,1,周期首发,2026-04-08,2026-04-09,2026-04-10,电子/电力设备/通信,301291.SZ,明阳电气,兑现掉队,10.45,7.09,27.83,,5,补跌但相对强,0.19,-0.98,-0.61,0,加权Top20+双红>=3+补跌但相对强,储能、光伏、氢能源、电网设备、风电
885921.TI,储能,电力设备,1,周期首发,2026-04-08,2026-04-09,2026-04-10,电子/电力设备/通信,002335.SZ,科华数据,兑现掉队,8.82,15.22,34.41,,4,抗住且相对强,2.62,3.19,1.12,0,加权Top20+双红>=3+抗住且相对强,储能、光伏、氢能源、液冷服务器
885921.TI,储能,电力设备,1,周期首发,2026-04-08,2026-04-09,2026-04-10,电子/电力设备/通信,300014.SZ,亿纬锂能,延续核心,5.88,46.41,40.06,,6,抗住且相对强,1.91,7.52,6.1,0,加权Top20+双红>=3+抗住且相对强,储能、固态电池、氢能源、燃料电池、电池、钠离子电池
885921.TI,储能,电力设备,1,周期首发,2026-04-08,2026-04-09,2026-04-10,电子/电力设备/通信,300617.SZ,安靠智电,兑现掉队,10.35,4.94,23.0,,6,抗住且相对强,1.18,2.39,1.76,0,加权Top20+双红>=3+抗住且相对强,储能、光伏、特高压、电网设备、虚拟电厂、风电
885921.TI,储能,电力设备,1,周期首发,2026-04-08,2026-04-09,2026-04-10,电子/电力设备/通信,601126.SH,四方股份,兑现掉队,9.65,13.99,36.09,,8,抗住且相对强,0.64,-0.23,-0.3,0,加权Top20+双红>=3+抗住且相对强,储能、光伏、氢能源、特高压、电网设备、虚拟电厂、雅下水电、风电
885921.TI,储能,电力设备,1,周期首发,2026-04-08,2026-04-09,2026-04-10,电子/电力设备/通信,300750.SZ,宁德时代,延续核心,1.74,143.15,20.82,,4,补跌但相对强,0.24,6.31,6.67,0,加权Top20+双红>=3+补跌但相对强,储能、固态电池、电池、钠离子电池
885921.TI,储能,电力设备,1,周期首发,2026-04-08,2026-04-09,2026-04-10,电子/电力设备/通信,601615.SH,明阳智能,兑现掉队,5.4,14.13,20.3,,6,补跌但相对强,0.14,0.91,1.35,0,加权Top20+双红>=3+补跌但相对强,储能、光伏、氢能源、芯片、钙钛矿电池、风电
885921.TI,储能,电力设备,1,周期首发,2026-04-08,2026-04-09,2026-04-10,电子/电力设备/通信,600268.SH,国电南自,兑现掉队,7.71,7.04,20.46,,6,抗住且相对强,1.73,1.64,0.47,0,加权Top20+双红>=3+抗住且相对强,储能、特高压、电网设备、虚拟电厂、雅下水电、风电
885921.TI,储能,电力设备,1,周期首发,2026-04-08,2026-04-09,2026-04-10,电子/电力设备/通信,002202.SZ,金风科技,兑现掉队,4.15,65.61,33.62,,4,抗住且相对强,0.57,0.96,0.96,0,加权Top20+双红>=3+抗住且相对强,储能、氢能源、特高压、风电
885921.TI,储能,电力设备,2,后续回流,2026-04-10,2026-04-13,2026-04-29,电子/电力设备/通信,300476.SZ,胜宏科技,兑现掉队,4.23,140.27,50.1,,8,抗住且相对强,2.08,15.22,11.98,0,加权Top20+双红>=3+抗住且相对强,AI PC、AI手机、储能、元件、光伏、共封装光学(CPO)、芯片、英伟达
885921.TI,储能,电力设备,2,后续回流,2026-04-10,2026-04-13,2026-04-29,电子/电力设备/通信,002600.SZ,领益智造,兑现掉队,2.41,14.09,9.05,,9,抗住且相对强,0.22,3.09,2.04,0,加权Top20+双红>=3+抗住且相对强,AI PC、AI手机、AI眼镜、储能、光伏、共封装光学(CPO)、消费电子、液冷服务器、英伟达
885921.TI,储能,电力设备,2,后续回流,2026-04-10,2026-04-13,2026-04-29,电子/电力设备/通信,000049.SZ,德赛电池,兑现掉队,5.58,7.34,15.12,,7,抗住且相对强,0.08,10.69,9.26,0,加权Top20+双红>=3+抗住且相对强,AI眼镜、储能、华为手机、固态电池、电池、钠离子电池、锂电池
885921.TI,储能,电力设备,2,后续回流,2026-04-10,2026-04-13,2026-04-29,电子/电力设备/通信,001287.SZ,中电港,兑现掉队,3.28,13.72,12.15,20日新高,5,抗住且相对强,1.2,-3.03,-4.94,0,加权Top20+新高+抗住且相对强,MCU芯片、储能、存储芯片、芯片、英伟达
885921.TI,储能,电力设备,2,后续回流,2026-04-10,2026-04-13,2026-04-29,电子/电力设备/通信,002364.SZ,中恒电气,兑现掉队,9.99,1.19,10.9,20日新高,4,抗住且相对强,8.77,13.18,2.9,0,加权Top20+新高+抗住且相对强,储能、氢能源、虚拟电厂、高压快充
885921.TI,储能,电力设备,2,后续回流,2026-04-10,2026-04-13,2026-04-29,电子/电力设备/通信,600482.SH,中国动力,兑现掉队,10.01,18.05,42.53,3年新高,5,抗住且相对强,0.66,-1.41,-3.23,0,加权Top20+新高+抗住且相对强,储能、固态电池、氢能源、燃料电池、钠离子电池
885921.TI,储能,电力设备,2,后续回流,2026-04-10,2026-04-13,2026-04-29,电子/电力设备/通信,002733.SZ,雄韬股份,兑现掉队,10.0,12.39,35.2,3年新高,6,抗住且相对强,0.76,-2.02,-3.92,0,加权Top20+新高+抗住且相对强,储能、固态电池、氢能源、燃料电池、电池、钠离子电池
885921.TI,储能,电力设备,2,后续回流,2026-04-10,2026-04-13,2026-04-29,电子/电力设备/通信,688275.SH,万润新能,兑现掉队,9.49,10.41,30.62,,4,抗住且相对强,0.46,30.91,28.75,0,加权Top20+双红>=3+抗住且相对强,储能、固态电池、电池、钠离子电池
885921.TI,储能,电力设备,2,后续回流,2026-04-10,2026-04-13,2026-04-29,电子/电力设备/通信,300390.SZ,天华新能,兑现掉队,10.16,69.79,84.88,3年新高,5,抗住且相对强,16.2,61.79,37.78,0,加权Top20+新高+抗住且相对强,储能、固态电池、存储芯片、电池、芯片
885921.TI,储能,电力设备,2,后续回流,2026-04-10,2026-04-13,2026-04-29,电子/电力设备/通信,605117.SH,德业股份,兑现掉队,10.0,17.77,42.15,,3,抗住且相对强,4.04,5.75,0.47,0,加权Top20+双红>=3+抗住且相对强,储能、光伏、光伏设备
885921.TI,储能,电力设备,2,后续回流,2026-04-10,2026-04-13,2026-04-29,电子/电力设备/通信,600884.SH,杉杉股份,兑现掉队,5.79,22.68,27.57,20日新高,5,抗住且相对强,1.21,14.11,11.4,0,加权Top20+新高+抗住且相对强,储能、光伏、固态电池、电池、钠离子电池
885921.TI,储能,电力设备,2,后续回流,2026-04-10,2026-04-13,2026-04-29,电子/电力设备/通信,002245.SZ,蔚蓝锂芯,兑现掉队,2.41,24.44,11.91,20日新高,6,抗住且相对强,0.19,11.3,9.75,0,加权Top20+新高+抗住且相对强,储能、固态电池、电池、芯片、钠离子电池、锂电池
885921.TI,储能,电力设备,2,后续回流,2026-04-10,2026-04-13,2026-04-29,电子/电力设备/通信,002534.SZ,西子洁能,兑现掉队,5.36,4.72,11.64,,3,抗住且相对强,1.69,-0.67,-3.47,0,加权Top20+双红>=3+抗住且相对强,储能、光伏、燃料电池
885921.TI,储能,电力设备,2,后续回流,2026-04-10,2026-04-13,2026-04-29,电子/电力设备/通信,002074.SZ,国轩高科,兑现掉队,10.01,40.36,63.59,,6,抗住且相对强,0.56,-2.73,-4.43,0,加权Top20+双红>=3+抗住且相对强,储能、固态电池、电池、钠离子电池、锂电池、高压快充
885921.TI,储能,电力设备,2,后续回流,2026-04-10,2026-04-13,2026-04-29,电子/电力设备/通信,002580.SZ,圣阳股份,兑现掉队,10.03,34.65,59.04,,5,抗住且相对强,8.79,50.68,36.97,0,加权Top20+双红>=3+抗住且相对强,储能、固态电池、液冷服务器、电池、钠离子电池
885921.TI,储能,电力设备,2,后续回流,2026-04-10,2026-04-13,2026-04-29,电子/电力设备/通信,300450.SZ,先导智能,兑现掉队,4.04,36.69,24.47,20日新高,7,抗住且相对强,0.5,6.69,4.89,0,加权Top20+新高+抗住且相对强,储能、光伏、固态电池、氢能源、燃料电池、电池、钠离子电池
885921.TI,储能,电力设备,2,后续回流,2026-04-10,2026-04-13,2026-04-29,电子/电力设备/通信,300014.SZ,亿纬锂能,兑现掉队,6.1,73.67,52.36,,7,抗住且相对强,0.14,7.27,5.83,0,加权Top20+双红>=3+抗住且相对强,储能、固态电池、氢能源、燃料电池、电池、钠离子电池、锂电池
885921.TI,储能,电力设备,2,后续回流,2026-04-10,2026-04-13,2026-04-29,电子/电力设备/通信,300919.SZ,中伟新材,兑现掉队,2.6,13.68,9.62,,4,抗住且相对强,2.57,24.42,19.88,0,加权Top20+双红>=3+抗住且相对强,储能、固态电池、电池、钠离子电池
885921.TI,储能,电力设备,2,后续回流,2026-04-10,2026-04-13,2026-04-29,电子/电力设备/通信,688499.SH,利元亨,兑现掉队,5.72,3.11,10.09,,7,抗住且相对强,0.93,11.61,9.26,0,加权Top20+双红>=3+抗住且相对强,储能、光伏、固态电池、氢能源、燃料电池、电池、钠离子电池
885921.TI,储能,电力设备,2,后续回流,2026-04-10,2026-04-13,2026-04-29,电子/电力设备/通信,300438.SZ,鹏辉能源,兑现掉队,7.1,29.92,38.84,,7,抗住且相对强,2.82,41.66,36.16,0,加权Top20+双红>=3+抗住且相对强,储能、固态电池、燃料电池、电池、虚拟电厂、钠离子电池、锂电池
885921.TI,储能,电力设备,2,后续回流,2026-04-10,2026-04-13,2026-04-29,电子/电力设备/通信,603659.SH,璞泰来,兑现掉队,5.45,30.29,29.99,,6,抗住且相对强,1.69,11.8,8.63,0,加权Top20+双红>=3+抗住且相对强,储能、固态电池、氢能源、电池、芯片、钠离子电池
885921.TI,储能,电力设备,2,后续回流,2026-04-10,2026-04-13,2026-04-29,电子/电力设备/通信,300769.SZ,德方纳米,兑现掉队,5.84,14.2,22.01,,3,抗住且相对强,0.94,41.82,38.82,0,加权Top20+双红>=3+抗住且相对强,储能、固态电池、电池
885921.TI,储能,电力设备,2,后续回流,2026-04-10,2026-04-13,2026-04-29,电子/电力设备/通信,688717.SH,艾罗能源,兑现掉队,7.07,15.53,27.86,,4,抗住且相对强,1.75,-0.72,-3.58,0,加权Top20+双红>=3+抗住且相对强,储能、光伏、光伏设备、虚拟电厂
885921.TI,储能,电力设备,2,后续回流,2026-04-10,2026-04-13,2026-04-29,电子/电力设备/通信,601311.SH,骆驼股份,兑现掉队,5.17,6.46,13.14,60日新高,6,抗住且相对强,0.28,2.51,0.99,0,加权Top20+新高+抗住且相对强,储能、固态电池、氢能源、燃料电池、电池、钠离子电池
885921.TI,储能,电力设备,2,后续回流,2026-04-10,2026-04-13,2026-04-29,电子/电力设备/通信,300490.SZ,华自科技,兑现掉队,2.98,4.71,6.47,,6,抗住且相对强,2.98,13.15,8.6,0,加权Top20+双红>=3+抗住且相对强,储能、光伏、固态电池、虚拟电厂、钠离子电池、高压快充
885921.TI,储能,电力设备,2,后续回流,2026-04-10,2026-04-13,2026-04-29,电子/电力设备/通信,002340.SZ,格林美,兑现掉队,1.89,13.32,6.9,,6,抗住且相对强,0.02,19.16,17.7,0,加权Top20+双红>=3+抗住且相对强,储能、固态电池、氢能源、燃料电池、电池、钠离子电池
885921.TI,储能,电力设备,2,后续回流,2026-04-10,2026-04-13,2026-04-29,电子/电力设备/通信,688063.SH,派能科技,兑现掉队,3.52,10.17,11.23,,5,抗住且相对强,0.25,9.3,7.71,0,加权Top20+双红>=3+抗住且相对强,储能、固态电池、电池、钠离子电池、锂电池
885921.TI,储能,电力设备,2,后续回流,2026-04-10,2026-04-13,2026-04-29,电子/电力设备/通信,300750.SZ,宁德时代,兑现掉队,6.67,207.52,96.09,,5,抗住且相对强,1.46,6.97,4.18,0,加权Top20+双红>=3+抗住且相对强,储能、固态电池、电池、钠离子电池、锂电池
885921.TI,储能,电力设备,2,后续回流,2026-04-10,2026-04-13,2026-04-29,电子/电力设备/通信,300274.SZ,阳光电源,兑现掉队,5.65,136.83,66.09,,5,抗住且相对强,1.42,5.57,2.85,0,加权Top20+双红>=3+抗住且相对强,储能、光伏、光伏设备、氢能源、虚拟电厂
885921.TI,储能,电力设备,2,后续回流,2026-04-10,2026-04-13,2026-04-29,电子/电力设备/通信,688411.SH,海博思创,兑现掉队,3.13,12.46,11.05,,3,抗住且相对强,0.38,11.21,9.45,0,加权Top20+双红>=3+抗住且相对强,储能、固态电池、钠离子电池
885921.TI,储能,电力设备,2,后续回流,2026-04-10,2026-04-13,2026-04-29,电子/电力设备/通信,300763.SZ,锦浪科技,兑现掉队,3.22,26.63,16.62,,4,抗住且相对强,0.18,1.85,0.44,0,加权Top20+双红>=3+抗住且相对强,储能、光伏、光伏设备、芯片
885921.TI,储能,电力设备,2,后续回流,2026-04-10,2026-04-13,2026-04-29,电子/电力设备/通信,688353.SH,华盛锂电,兑现掉队,3.28,8.85,9.76,,4,抗住且相对强,2.08,3.78,0.46,0,加权Top20+双红>=3+抗住且相对强,储能、固态电池、电池、钠离子电池
885921.TI,储能,电力设备,2,后续回流,2026-04-10,2026-04-13,2026-04-29,电子/电力设备/通信,688390.SH,固德威,兑现掉队,4.55,11.83,15.65,,4,抗住且相对强,3.32,18.23,13.1,0,加权Top20+双红>=3+抗住且相对强,储能、光伏、光伏设备、虚拟电厂
885531.TI,光伏,电力设备,1,周期首发,2026-04-08,2026-04-09,2026-04-10,电子/电力设备/通信,000070.SZ,特发信息,兑现掉队,4.69,26.7,24.23,,6,抗住且相对强,9.0,4.11,-5.36,0,加权Top20+双红>=3+抗住且相对强,6G、光伏、光纤、共封装光学(CPO)、特高压、通信设备
885531.TI,光伏,电力设备,1,周期首发,2026-04-08,2026-04-09,2026-04-10,电子/电力设备/通信,300684.SZ,中石科技,兑现掉队,8.51,5.83,20.55,,6,抗住且相对强,0.48,2.46,1.48,0,加权Top20+双红>=3+抗住且相对强,AI PC、MR(混合现实)、储能、光伏、共封装光学(CPO)、液冷服务器
885531.TI,光伏,电力设备,1,周期首发,2026-04-08,2026-04-09,2026-04-10,电子/电力设备/通信,301099.SZ,雅创电子,兑现掉队,12.51,6.22,31.2,,6,抗住且相对强,3.51,5.62,1.55,0,加权Top20+双红>=3+抗住且相对强,AI眼镜、MCU芯片、储能、光伏、存储芯片、芯片
885531.TI,光伏,电力设备,1,周期首发,2026-04-08,2026-04-09,2026-04-10,电子/电力设备/通信,600330.SH,天通股份,兑现掉队,7.31,26.62,37.72,,6,抗住且相对强,9.5,6.09,-3.55,0,加权Top20+双红>=3+抗住且相对强,AI眼镜、PCB、储能、先进封装、光伏、芯片
885531.TI,光伏,电力设备,1,周期首发,2026-04-08,2026-04-09,2026-04-10,电子/电力设备/通信,603920.SH,世运电路,兑现掉队,10.01,12.29,35.09,,6,抗住且相对强,5.06,3.0,-2.42,0,加权Top20+双红>=3+抗住且相对强,AI眼镜、PCB、储能、元件、光伏、共封装光学(CPO)
885531.TI,光伏,电力设备,1,周期首发,2026-04-08,2026-04-09,2026-04-10,电子/电力设备/通信,002929.SZ,润建股份,兑现掉队,10.0,12.86,35.86,,4,抗住且相对强,1.83,-0.69,-3.43,0,加权Top20+双红>=3+抗住且相对强,MR(混合现实)、储能、光伏、虚拟电厂
885531.TI,光伏,电力设备,1,周期首发,2026-04-08,2026-04-09,2026-04-10,电子/电力设备/通信,603328.SH,依顿电子,兑现掉队,10.04,7.44,27.39,,4,抗住且相对强,2.93,2.69,-0.71,0,加权Top20+双红>=3+抗住且相对强,PCB、元件、光伏、共封装光学(CPO)
885531.TI,光伏,电力设备,1,周期首发,2026-04-08,2026-04-09,2026-04-10,电子/电力设备/通信,300870.SZ,欧陆通,兑现掉队,8.07,16.19,32.47,,3,抗住且相对强,3.8,8.05,4.67,0,加权Top20+双红>=3+抗住且相对强,储能、光伏、液冷服务器
885531.TI,光伏,电力设备,1,周期首发,2026-04-08,2026-04-09,2026-04-10,电子/电力设备/通信,600869.SH,远东股份,兑现掉队,10.01,20.51,45.33,历史新高,13,抗住且相对强,1.52,-1.45,-2.38,0,加权Top20+新高+抗住且相对强,储能、光伏、光纤、可控核聚变、固态电池、液冷服务器、特高压、电网设备、芯片、钠离子电池、铜缆高速连接、雅下水电、风电
885531.TI,光伏,电力设备,1,周期首发,2026-04-08,2026-04-09,2026-04-10,电子/电力设备/通信,600875.SH,东方电气,兑现掉队,9.99,44.93,66.96,,7,抗住且相对强,0.6,3.16,3.13,0,加权Top20+双红>=3+抗住且相对强,储能、光伏、可控核聚变、氢能源、燃料电池、雅下水电、风电
885531.TI,光伏,电力设备,1,周期首发,2026-04-08,2026-04-09,2026-04-10,电子/电力设备/通信,688676.SH,金盘科技,兑现掉队,14.53,18.69,62.82,,5,抗住且相对强,5.16,4.06,-0.51,0,加权Top20+双红>=3+抗住且相对强,储能、光伏、电网设备、雅下水电、风电
885531.TI,光伏,电力设备,1,周期首发,2026-04-08,2026-04-09,2026-04-10,电子/电力设备/通信,002922.SZ,伊戈尔,兑现掉队,9.11,7.79,25.43,,3,抗住且相对强,0.61,6.74,5.58,0,加权Top20+双红>=3+抗住且相对强,储能、光伏、高压快充
885531.TI,光伏,电力设备,1,周期首发,2026-04-08,2026-04-09,2026-04-10,电子/电力设备/通信,002851.SZ,麦格米特,兑现掉队,9.29,17.48,38.84,,6,抗住且相对强,0.64,2.55,2.48,0,加权Top20+双红>=3+抗住且相对强,储能、光伏、芯片、英伟达、风电、高压快充
885531.TI,光伏,电力设备,1,周期首发,2026-04-08,2026-04-09,2026-04-10,电子/电力设备/通信,301291.SZ,明阳电气,兑现掉队,10.45,7.09,27.83,,5,补跌但相对强,0.19,-0.98,-0.61,0,加权Top20+双红>=3+补跌但相对强,储能、光伏、氢能源、电网设备、风电
885531.TI,光伏,电力设备,1,周期首发,2026-04-08,2026-04-09,2026-04-10,电子/电力设备/通信,002335.SZ,科华数据,兑现掉队,8.82,15.22,34.41,,4,抗住且相对强,2.62,3.19,1.12,0,加权Top20+双红>=3+抗住且相对强,储能、光伏、氢能源、液冷服务器
885531.TI,光伏,电力设备,1,周期首发,2026-04-08,2026-04-09,2026-04-10,电子/电力设备/通信,300617.SZ,安靠智电,兑现掉队,10.35,4.94,23.0,,6,抗住且相对强,1.18,2.39,1.76,0,加权Top20+双红>=3+抗住且相对强,储能、光伏、特高压、电网设备、虚拟电厂、风电
885531.TI,光伏,电力设备,1,周期首发,2026-04-08,2026-04-09,2026-04-10,电子/电力设备/通信,601126.SH,四方股份,兑现掉队,9.65,13.99,36.09,,8,抗住且相对强,0.64,-0.23,-0.3,0,加权Top20+双红>=3+抗住且相对强,储能、光伏、氢能源、特高压、电网设备、虚拟电厂、雅下水电、风电
885531.TI,光伏,电力设备,1,周期首发,2026-04-08,2026-04-09,2026-04-10,电子/电力设备/通信,601615.SH,明阳智能,兑现掉队,5.4,14.13,20.3,,6,补跌但相对强,0.14,0.91,1.35,0,加权Top20+双红>=3+补跌但相对强,储能、光伏、氢能源、芯片、钙钛矿电池、风电
885531.TI,光伏,电力设备,1,周期首发,2026-04-08,2026-04-09,2026-04-10,电子/电力设备/通信,605358.SH,立昂微,兑现掉队,8.35,5.87,20.23,,5,抗住且相对强,0.05,1.28,0.74,0,加权Top20+双红>=3+抗住且相对强,光伏、共封装光学(CPO)、半导体、存储芯片、芯片
885531.TI,光伏,电力设备,1,周期首发,2026-04-08,2026-04-09,2026-04-10,电子/电力设备/通信,002371.SZ,北方华创,兑现掉队,9.41,64.47,75.56,,4,抗住且相对强,1.42,2.78,0.86,0,加权Top20+双红>=3+抗住且相对强,光伏、半导体、存储芯片、芯片
885531.TI,光伏,电力设备,2,后续回流,2026-04-10,2026-04-13,2026-04-17,电子/电力设备/通信,300476.SZ,胜宏科技,延续核心,4.23,140.27,50.1,,8,抗住且相对强,2.08,12.65,9.48,0,加权Top20+双红>=3+抗住且相对强,AI PC、AI手机、储能、元件、光伏、共封装光学(CPO)、芯片、英伟达
885531.TI,光伏,电力设备,2,后续回流,2026-04-10,2026-04-13,2026-04-17,电子/电力设备/通信,002600.SZ,领益智造,兑现掉队,2.41,14.09,9.05,,9,抗住且相对强,0.22,1.32,0.29,0,加权Top20+双红>=3+抗住且相对强,AI PC、AI手机、AI眼镜、储能、光伏、共封装光学(CPO)、消费电子、液冷服务器、英伟达
885531.TI,光伏,电力设备,2,后续回流,2026-04-10,2026-04-13,2026-04-17,电子/电力设备/通信,605117.SH,德业股份,兑现掉队,10.0,17.77,42.15,,3,抗住且相对强,4.04,3.14,-2.01,0,加权Top20+双红>=3+抗住且相对强,储能、光伏、光伏设备
885531.TI,光伏,电力设备,2,后续回流,2026-04-10,2026-04-13,2026-04-17,电子/电力设备/通信,600884.SH,杉杉股份,兑现掉队,5.79,22.68,27.57,20日新高,5,抗住且相对强,1.21,-0.74,-3.1,0,加权Top20+新高+抗住且相对强,储能、光伏、固态电池、电池、钠离子电池
885531.TI,光伏,电力设备,2,后续回流,2026-04-10,2026-04-13,2026-04-17,电子/电力设备/通信,002534.SZ,西子洁能,兑现掉队,5.36,4.72,11.64,,3,抗住且相对强,1.69,4.08,1.14,0,加权Top20+双红>=3+抗住且相对强,储能、光伏、燃料电池
885531.TI,光伏,电力设备,2,后续回流,2026-04-10,2026-04-13,2026-04-17,电子/电力设备/通信,300450.SZ,先导智能,延续核心,4.04,36.69,24.47,20日新高,7,抗住且相对强,0.5,7.05,5.24,0,加权Top20+新高+抗住且相对强,储能、光伏、固态电池、氢能源、燃料电池、电池、钠离子电池
885531.TI,光伏,电力设备,2,后续回流,2026-04-10,2026-04-13,2026-04-17,电子/电力设备/通信,688499.SH,利元亨,延续核心,5.72,3.11,10.09,,7,抗住且相对强,0.93,8.47,6.19,0,加权Top20+双红>=3+抗住且相对强,储能、光伏、固态电池、氢能源、燃料电池、电池、钠离子电池
885531.TI,光伏,电力设备,2,后续回流,2026-04-10,2026-04-13,2026-04-17,电子/电力设备/通信,688717.SH,艾罗能源,兑现掉队,7.07,15.53,27.86,,4,抗住且相对强,1.75,-10.39,-12.98,0,加权Top20+双红>=3+抗住且相对强,储能、光伏、光伏设备、虚拟电厂
885531.TI,光伏,电力设备,2,后续回流,2026-04-10,2026-04-13,2026-04-17,电子/电力设备/通信,300490.SZ,华自科技,延续核心,2.98,4.71,6.47,,6,抗住且相对强,2.98,15.93,11.26,0,加权Top20+双红>=3+抗住且相对强,储能、光伏、固态电池、虚拟电厂、钠离子电池、高压快充
885531.TI,光伏,电力设备,2,后续回流,2026-04-10,2026-04-13,2026-04-17,电子/电力设备/通信,300274.SZ,阳光电源,兑现掉队,5.65,136.83,66.09,,5,抗住且相对强,1.42,1.5,-1.11,0,加权Top20+双红>=3+抗住且相对强,储能、光伏、光伏设备、氢能源、虚拟电厂
885531.TI,光伏,电力设备,2,后续回流,2026-04-10,2026-04-13,2026-04-17,电子/电力设备/通信,300763.SZ,锦浪科技,兑现掉队,3.22,26.63,16.62,,4,抗住且相对强,0.18,0.1,-1.28,0,加权Top20+双红>=3+抗住且相对强,储能、光伏、光伏设备、芯片
885531.TI,光伏,电力设备,2,后续回流,2026-04-10,2026-04-13,2026-04-17,电子/电力设备/通信,688390.SH,固德威,兑现掉队,4.55,11.83,15.65,,4,抗住且相对强,3.32,1.61,-2.8,0,加权Top20+双红>=3+抗住且相对强,储能、光伏、光伏设备、虚拟电厂
885531.TI,光伏,电力设备,2,后续回流,2026-04-10,2026-04-13,2026-04-17,电子/电力设备/通信,688478.SH,晶升股份,兑现掉队,20.0,3.73,38.63,20日新高,4,抗住且相对强,3.62,7.78,3.2,0,加权Top20+新高+抗住且相对强,光伏、半导体、存储芯片、芯片
885531.TI,光伏,电力设备,2,后续回流,2026-04-10,2026-04-13,2026-04-17,电子/电力设备/通信,301319.SZ,唯特偶,延续核心,4.67,3.63,8.9,20日新高,2,抗住且相对强,1.11,34.31,31.77,0,加权Top20+新高+抗住且相对强,光伏、芯片
885531.TI,光伏,电力设备,2,后续回流,2026-04-10,2026-04-13,2026-04-17,电子/电力设备/通信,001269.SZ,欧晶科技,兑现掉队,10.01,1.04,10.21,,3,抗住且相对强,1.58,-2.46,-5.12,0,加权Top20+双红>=3+抗住且相对强,光伏、光伏设备、芯片
885531.TI,光伏,电力设备,2,后续回流,2026-04-10,2026-04-13,2026-04-17,电子/电力设备/通信,600537.SH,*ST亿晶,兑现掉队,10.0,8.4,28.98,20日新高,2,抗住且相对强,2.22,-1.23,-4.51,0,加权Top20+新高+抗住且相对强,光伏、光伏设备
885531.TI,光伏,电力设备,2,后续回流,2026-04-10,2026-04-13,2026-04-17,电子/电力设备/通信,300724.SZ,捷佳伟创,兑现掉队,2.16,17.23,8.97,,3,抗住且相对强,0.22,2.06,0.62,0,加权Top20+双红>=3+抗住且相对强,光伏、光伏设备、芯片
885531.TI,光伏,电力设备,3,后续回流,2026-04-17,2026-04-20,2026-05-06,电子/电力设备/通信,300184.SZ,力源信息,兑现掉队,5.87,23.18,28.26,120日新高,4,抗住且相对强,0.97,10.06,7.34,0,加权Top20+新高+抗住且相对强,6G、PCB、光伏、芯片
885531.TI,光伏,电力设备,3,后续回流,2026-04-17,2026-04-20,2026-05-06,电子/电力设备/通信,300476.SZ,胜宏科技,兑现掉队,7.55,215.82,110.92,60日新高,6,抗住且相对强,3.52,-0.15,-4.98,0,加权Top20+新高+抗住且相对强,AI PC、PCB、元件、光伏、共封装光学(CPO)、芯片
885531.TI,光伏,电力设备,3,后续回流,2026-04-17,2026-04-20,2026-05-06,电子/电力设备/通信,300776.SZ,帝尔激光,兑现掉队,20.0,18.88,86.9,20日新高,5,抗住且相对强,9.16,6.59,-0.7,0,加权Top20+新高+抗住且相对强,PCB、TOPCON电池、先进封装、光伏、芯片
885531.TI,光伏,电力设备,3,后续回流,2026-04-17,2026-04-20,2026-05-06,电子/电力设备/通信,600330.SH,天通股份,兑现掉队,10.03,8.2,28.72,历史新高,4,抗住且相对强,8.43,24.3,13.01,0,加权Top20+新高+抗住且相对强,PCB、先进封装、光伏、芯片
885531.TI,光伏,电力设备,3,后续回流,2026-04-17,2026-04-20,2026-05-06,电子/电力设备/通信,300450.SZ,先导智能,兑现掉队,4.36,53.94,32.02,20日新高,3,抗住且相对强,3.06,1.8,0.55,0,加权Top20+新高+抗住且相对强,PCB、TOPCON电池、光伏
885531.TI,光伏,电力设备,3,后续回流,2026-04-17,2026-04-20,2026-05-06,电子/电力设备/通信,688516.SH,奥特维,兑现掉队,4.42,13.25,16.09,,4,抗住且相对强,2.41,4.78,4.16,0,加权Top20+双红>=3+抗住且相对强,TOPCON电池、光伏、共封装光学(CPO)、芯片
885531.TI,光伏,电力设备,3,后续回流,2026-04-17,2026-04-20,2026-05-06,电子/电力设备/通信,603212.SH,赛伍技术,兑现掉队,5.89,3.91,11.65,,4,补跌但相对强,1.23,1.01,1.6,0,加权Top20+双红>=3+补跌但相对强,TOPCON电池、先进封装、光伏、芯片
885531.TI,光伏,电力设备,3,后续回流,2026-04-17,2026-04-20,2026-05-06,电子/电力设备/通信,600151.SH,航天机电,兑现掉队,5.1,16.45,20.68,20日新高,2,抗住且相对强,4.34,3.83,1.27,0,加权Top20+新高+抗住且相对强,TOPCON电池、光伏
885531.TI,光伏,电力设备,3,后续回流,2026-04-17,2026-04-20,2026-05-06,电子/电力设备/通信,301319.SZ,唯特偶,兑现掉队,20.0,9.08,60.27,历史新高,3,抗住且相对强,1.16,14.64,11.6,0,加权Top20+新高+抗住且相对强,先进封装、光伏、芯片
885531.TI,光伏,电力设备,3,后续回流,2026-04-17,2026-04-20,2026-05-06,电子/电力设备/通信,600703.SH,三安光电,兑现掉队,9.98,55.53,74.37,,5,抗住且相对强,0.76,10.04,7.55,0,加权Top20+双红>=3+抗住且相对强,先进封装、光伏、光学光电子、共封装光学(CPO)、芯片
885531.TI,光伏,电力设备,3,后续回流,2026-04-17,2026-04-20,2026-05-06,电子/电力设备/通信,002980.SZ,华盛昌,兑现掉队,10.0,13.72,37.04,历史新高,2,抗住且相对强,8.48,3.69,-2.79,0,加权Top20+新高+抗住且相对强,光伏、共封装光学(CPO)
885531.TI,光伏,电力设备,3,后续回流,2026-04-17,2026-04-20,2026-05-06,电子/电力设备/通信,603063.SH,禾望电气,兑现掉队,9.99,25.98,50.92,120日新高,1,抗住且相对强,2.55,18.8,17.93,0,加权Top20+新高+抗住且相对强,光伏
885531.TI,光伏,电力设备,3,后续回流,2026-04-17,2026-04-20,2026-05-06,电子/电力设备/通信,688226.SH,威腾电气,兑现掉队,6.46,9.63,20.05,120日新高,2,补跌但相对强,0.45,-2.41,-1.06,0,加权Top20+新高+补跌但相对强,光伏、共封装光学(CPO)
885531.TI,光伏,电力设备,3,后续回流,2026-04-17,2026-04-20,2026-05-06,电子/电力设备/通信,300490.SZ,华自科技,兑现掉队,3.97,7.91,11.17,3年新高,1,抗住且相对强,2.05,-1.37,-1.61,0,加权Top20+新高+抗住且相对强,光伏
885531.TI,光伏,电力设备,3,后续回流,2026-04-17,2026-04-20,2026-05-06,电子/电力设备/通信,605222.SH,起帆电缆,兑现掉队,6.73,7.34,18.23,3年新高,1,抗住且相对强,11.81,22.46,11.33,0,加权Top20+新高+抗住且相对强,光伏
885531.TI,光伏,电力设备,3,后续回流,2026-04-17,2026-04-20,2026-05-06,电子/电力设备/通信,301002.SZ,崧盛股份,兑现掉队,7.23,4.27,14.94,20日新高,2,抗住且相对强,2.52,12.06,11.27,0,加权Top20+新高+抗住且相对强,光伏、光学光电子
885531.TI,光伏,电力设备,3,后续回流,2026-04-17,2026-04-20,2026-05-06,电子/电力设备/通信,301012.SZ,扬电科技,兑现掉队,3.53,12.04,12.25,3年新高,1,抗住且相对强,7.08,7.86,2.46,0,加权Top20+新高+抗住且相对强,光伏
885531.TI,光伏,电力设备,3,后续回流,2026-04-17,2026-04-20,2026-05-06,电子/电力设备/通信,601126.SH,四方股份,兑现掉队,3.51,16.52,14.27,20日新高,1,抗住且相对强,3.26,24.35,22.57,0,加权Top20+新高+抗住且相对强,光伏
885531.TI,光伏,电力设备,3,后续回流,2026-04-17,2026-04-20,2026-05-06,电子/电力设备/通信,688499.SH,利元亨,兑现掉队,5.4,4.38,11.3,20日新高,1,抗住且相对强,2.74,2.91,1.97,0,加权Top20+新高+抗住且相对强,光伏
885531.TI,光伏,电力设备,3,后续回流,2026-04-17,2026-04-20,2026-05-06,电子/电力设备/通信,600885.SH,宏发股份,兑现掉队,4.2,7.9,11.8,20日新高,1,抗住且相对强,2.69,17.09,16.08,0,加权Top20+新高+抗住且相对强,光伏
885531.TI,光伏,电力设备,3,后续回流,2026-04-17,2026-04-20,2026-05-06,电子/电力设备/通信,300346.SZ,南大光电,兑现掉队,3.04,21.23,14.01,20日新高,2,抗住且相对强,0.64,9.23,6.88,0,加权Top20+新高+抗住且相对强,光伏、芯片
885531.TI,光伏,电力设备,5,后续回流,2026-05-11,2026-05-12,2026-06-03,电子/电力设备/通信,688800.SH,瑞可达,延续核心,5.56,21.17,25.58,历史新高,6,抗住且相对强,6.92,-2.15,-8.6,0,加权Top20+新高+抗住且相对强,6G、储能、光伏、液冷服务器、铜缆高速连接、高压快充
885531.TI,光伏,电力设备,5,后续回流,2026-05-11,2026-05-12,2026-06-03,电子/电力设备/通信,002897.SZ,意华股份,延续核心,7.7,15.92,30.72,,6,抗住且相对强,3.62,33.9,25.97,0,加权Top20+双红>=3+抗住且相对强,6G、光伏、共封装光学(CPO)、液冷服务器、通信设备、铜缆高速连接
885531.TI,光伏,电力设备,5,后续回流,2026-05-11,2026-05-12,2026-06-03,电子/电力设备/通信,600330.SH,天通股份,兑现掉队,10.01,40.95,64.06,历史新高,6,抗住且相对强,1.67,-1.81,-3.55,0,加权Top20+新高+抗住且相对强,AI眼镜、PCB、储能、先进封装、光伏、芯片
885531.TI,光伏,电力设备,5,后续回流,2026-05-11,2026-05-12,2026-06-03,电子/电力设备/通信,603920.SH,世运电路,兑现掉队,5.63,39.35,35.32,20日新高,6,抗住且相对强,5.21,-9.8,-14.38,0,加权Top20+新高+抗住且相对强,AI眼镜、PCB、储能、元件、光伏、共封装光学(CPO)
885531.TI,光伏,电力设备,5,后续回流,2026-05-11,2026-05-12,2026-06-03,电子/电力设备/通信,600703.SH,三安光电,延续核心,4.97,59.11,38.21,20日新高,6,抗住且相对强,4.1,-3.3,-7.24,0,加权Top20+新高+抗住且相对强,AI眼镜、先进封装、光伏、光学光电子、共封装光学(CPO)、芯片
885531.TI,光伏,电力设备,5,后续回流,2026-05-11,2026-05-12,2026-06-03,电子/电力设备/通信,000636.SZ,风华高科,兑现掉队,10.01,20.34,45.14,3年新高,8,抗住且相对强,3.34,112.72,105.57,0,加权Top20+新高+抗住且相对强,AI眼镜、储能、元件、光伏、共封装光学(CPO)、液冷服务器、超级电容、高压快充
885531.TI,光伏,电力设备,5,后续回流,2026-05-11,2026-05-12,2026-06-03,电子/电力设备/通信,300393.SZ,中来股份,兑现掉队,5.71,10.59,18.58,20日新高,6,补跌但相对强,0.08,-26.67,-25.96,0,加权Top20+新高+补跌但相对强,BC电池、TOPCON电池、光伏、光伏设备、虚拟电厂、钙钛矿电池
885531.TI,光伏,电力设备,5,后续回流,2026-05-11,2026-05-12,2026-06-03,电子/电力设备/通信,300537.SZ,广信材料,兑现掉队,8.71,7.57,23.96,120日新高,6,抗住且相对强,1.56,-2.13,-3.77,0,加权Top20+新高+抗住且相对强,BC电池、PCB、光伏、光刻胶、华为手机、芯片
885531.TI,光伏,电力设备,5,后续回流,2026-05-11,2026-05-12,2026-06-03,电子/电力设备/通信,300820.SZ,英杰电气,兑现掉队,8.05,7.11,21.46,20日新高,6,抗住且相对强,1.45,18.68,18.2,0,加权Top20+新高+抗住且相对强,TOPCON电池、储能、光伏、可控核聚变、氢能源、芯片
885531.TI,光伏,电力设备,5,后续回流,2026-05-11,2026-05-12,2026-06-03,电子/电力设备/通信,603063.SH,禾望电气,兑现掉队,10.0,27.2,52.15,历史新高,4,补跌但相对强,0.33,-4.5,-3.81,0,加权Top20+新高+补跌但相对强,储能、光伏、氢能源、风电
885531.TI,光伏,电力设备,5,后续回流,2026-05-11,2026-05-12,2026-06-03,电子/电力设备/通信,688551.SH,科威尔,兑现掉队,20.01,5.11,45.23,2年新高,4,抗住且相对强,4.26,12.47,8.97,0,加权Top20+新高+抗住且相对强,储能、光伏、氢能源、芯片
885531.TI,光伏,电力设备,5,后续回流,2026-05-11,2026-05-12,2026-06-03,电子/电力设备/通信,300477.SZ,ST合纵,兑现掉队,11.79,2.86,19.94,20日新高,3,抗住且相对强,1.37,-20.45,-20.7,0,加权Top20+新高+抗住且相对强,储能、光伏、电网设备
885531.TI,光伏,电力设备,5,后续回流,2026-05-11,2026-05-12,2026-06-03,电子/电力设备/通信,601126.SH,四方股份,兑现掉队,7.2,22.12,33.86,历史新高,8,抗住且相对强,8.72,11.16,3.24,0,加权Top20+新高+抗住且相对强,储能、光伏、氢能源、特高压、电网设备、虚拟电厂、雅下水电、风电
885531.TI,光伏,电力设备,5,后续回流,2026-05-11,2026-05-12,2026-06-03,电子/电力设备/通信,301328.SZ,维峰电子,兑现掉队,10.91,5.2,24.88,历史新高,3,抗住且相对强,2.18,-28.3,-29.93,0,加权Top20+新高+抗住且相对强,储能、光伏、铜缆高速连接
885531.TI,光伏,电力设备,5,后续回流,2026-05-11,2026-05-12,2026-06-03,电子/电力设备/通信,605222.SH,起帆电缆,兑现掉队,8.03,10.37,25.86,历史新高,6,抗住且相对强,1.25,-29.91,-30.05,0,加权Top20+新高+抗住且相对强,储能、光伏、可控核聚变、特高压、电网设备、风电
885531.TI,光伏,电力设备,5,后续回流,2026-05-11,2026-05-12,2026-06-03,电子/电力设备/通信,600869.SH,远东股份,延续核心,9.98,25.23,50.13,历史新高,11,抗住且相对强,11.04,29.2,17.47,0,加权Top20+新高+抗住且相对强,储能、光伏、光纤、可控核聚变、液冷服务器、特高压、电网设备、芯片、铜缆高速连接、雅下水电、风电
885531.TI,光伏,电力设备,5,后续回流,2026-05-11,2026-05-12,2026-06-03,电子/电力设备/通信,688390.SH,固德威,兑现掉队,6.76,15.48,26.6,2年新高,4,抗住且相对强,3.95,20.23,16.84,0,加权Top20+新高+抗住且相对强,储能、光伏、光伏设备、虚拟电厂
885531.TI,光伏,电力设备,5,后续回流,2026-05-11,2026-05-12,2026-06-03,电子/电力设备/通信,601179.SH,中国西电,兑现掉队,5.29,57.39,40.08,,8,抗住且相对强,7.13,-9.28,-14.48,0,加权Top20+双红>=3+抗住且相对强,储能、光伏、可控核聚变、特高压、电网设备、芯片、超级电容、风电
885531.TI,光伏,电力设备,5,后续回流,2026-05-11,2026-05-12,2026-06-03,电子/电力设备/通信,600089.SH,特变电工,兑现掉队,2.87,70.86,24.16,,7,抗住且相对强,4.48,-6.25,-9.36,0,加权Top20+双红>=3+抗住且相对强,储能、光伏、特高压、虚拟电厂、雅下水电、风电、高压快充
885531.TI,光伏,电力设备,5,后续回流,2026-05-11,2026-05-12,2026-06-03,电子/电力设备/通信,600406.SH,国电南瑞,兑现掉队,2.95,66.48,24.05,20日新高,8,抗住且相对强,1.24,-9.68,-9.85,0,加权Top20+新高+抗住且相对强,储能、光伏、氢能源、特高压、电网设备、芯片、虚拟电厂、雅下水电
885531.TI,光伏,电力设备,5,后续回流,2026-05-11,2026-05-12,2026-06-03,电子/电力设备/通信,300398.SZ,飞凯材料,延续核心,8.05,32.51,45.9,历史新高,6,抗住且相对强,1.78,1.29,-0.62,0,加权Top20+新高+抗住且相对强,先进封装、光伏、光刻胶、光纤、存储芯片、芯片
885531.TI,光伏,电力设备,5,后续回流,2026-05-11,2026-05-12,2026-06-03,电子/电力设备/通信,688535.SH,华海诚科,兑现掉队,5.77,11.08,19.21,历史新高,5,抗住且相对强,0.82,8.6,7.57,0,加权Top20+新高+抗住且相对强,先进封装、光伏、半导体、存储芯片、芯片
885531.TI,光伏,电力设备,5,后续回流,2026-05-11,2026-05-12,2026-06-03,电子/电力设备/通信,605111.SH,新洁能,兑现掉队,5.75,18.52,24.75,20日新高,4,抗住且相对强,2.13,37.34,34.29,0,加权Top20+新高+抗住且相对强,先进封装、光伏、半导体、芯片
885531.TI,光伏,电力设备,5,后续回流,2026-05-11,2026-05-12,2026-06-03,电子/电力设备/通信,300619.SZ,金银河,兑现掉队,9.8,10.64,31.97,20日新高,1,抗住且相对强,1.54,-17.14,-17.55,0,加权Top20+新高+抗住且相对强,光伏
885531.TI,光伏,电力设备,5,后续回流,2026-05-11,2026-05-12,2026-06-03,电子/电力设备/通信,688598.SH,金博股份,兑现掉队,13.26,4.47,28.03,20日新高,3,抗住且相对强,2.95,7.14,5.14,0,加权Top20+新高+抗住且相对强,光伏、光伏设备、氢能源
885531.TI,光伏,电力设备,5,后续回流,2026-05-11,2026-05-12,2026-06-03,电子/电力设备/通信,002371.SZ,北方华创,兑现掉队,5.99,82.26,54.33,历史新高,5,抗住且相对强,1.3,7.27,5.74,0,加权Top20+新高+抗住且相对强,光伏、半导体、半导体设备、存储芯片、芯片
881279.TI,光伏设备,电力设备,2,后续回流,2026-04-10,2026-04-13,2026-04-20,电子/电力设备/通信,605117.SH,德业股份,兑现掉队,10.0,17.77,42.15,,3,抗住且相对强,4.04,2.49,-2.63,0,加权Top20+双红>=3+抗住且相对强,储能、光伏、光伏设备
881279.TI,光伏设备,电力设备,2,后续回流,2026-04-10,2026-04-13,2026-04-20,电子/电力设备/通信,688717.SH,艾罗能源,兑现掉队,7.07,15.53,27.86,,4,抗住且相对强,1.75,-7.81,-10.47,0,加权Top20+双红>=3+抗住且相对强,储能、光伏、光伏设备、虚拟电厂
881279.TI,光伏设备,电力设备,2,后续回流,2026-04-10,2026-04-13,2026-04-20,电子/电力设备/通信,300274.SZ,阳光电源,兑现掉队,5.65,136.83,66.09,,5,抗住且相对强,1.42,3.37,0.72,0,加权Top20+双红>=3+抗住且相对强,储能、光伏、光伏设备、氢能源、虚拟电厂
881279.TI,光伏设备,电力设备,2,后续回流,2026-04-10,2026-04-13,2026-04-20,电子/电力设备/通信,300763.SZ,锦浪科技,兑现掉队,3.22,26.63,16.62,,4,抗住且相对强,0.18,1.76,0.36,0,加权Top20+双红>=3+抗住且相对强,储能、光伏、光伏设备、芯片
881279.TI,光伏设备,电力设备,2,后续回流,2026-04-10,2026-04-13,2026-04-20,电子/电力设备/通信,688390.SH,固德威,兑现掉队,4.55,11.83,15.65,,4,抗住且相对强,3.32,3.85,-0.66,0,加权Top20+双红>=3+抗住且相对强,储能、光伏、光伏设备、虚拟电厂
881279.TI,光伏设备,电力设备,2,后续回流,2026-04-10,2026-04-13,2026-04-20,电子/电力设备/通信,001269.SZ,欧晶科技,兑现掉队,10.01,1.04,10.21,,3,抗住且相对强,1.58,-2.46,-5.12,0,加权Top20+双红>=3+抗住且相对强,光伏、光伏设备、芯片
881279.TI,光伏设备,电力设备,2,后续回流,2026-04-10,2026-04-13,2026-04-20,电子/电力设备/通信,600537.SH,*ST亿晶,兑现掉队,10.0,8.4,28.98,20日新高,2,抗住且相对强,2.22,-9.83,-12.83,0,加权Top20+新高+抗住且相对强,光伏、光伏设备
881279.TI,光伏设备,电力设备,2,后续回流,2026-04-10,2026-04-13,2026-04-20,电子/电力设备/通信,300724.SZ,捷佳伟创,兑现掉队,2.16,17.23,8.97,,3,抗住且相对强,0.22,1.65,0.21,0,加权Top20+双红>=3+抗住且相对强,光伏、光伏设备、芯片
881279.TI,光伏设备,电力设备,6,后续回流,2026-05-11,2026-05-12,2026-05-20,电子/电力设备/通信,300393.SZ,中来股份,兑现掉队,5.71,10.59,18.58,20日新高,6,补跌但相对强,0.08,-12.57,-11.72,0,加权Top20+新高+补跌但相对强,BC电池、TOPCON电池、光伏、光伏设备、虚拟电厂、钙钛矿电池
881279.TI,光伏设备,电力设备,6,后续回流,2026-05-11,2026-05-12,2026-05-20,电子/电力设备/通信,688390.SH,固德威,兑现掉队,6.76,15.48,26.6,2年新高,4,抗住且相对强,3.95,25.46,21.92,0,加权Top20+新高+抗住且相对强,储能、光伏、光伏设备、虚拟电厂
881279.TI,光伏设备,电力设备,6,后续回流,2026-05-11,2026-05-12,2026-05-20,电子/电力设备/通信,688598.SH,金博股份,兑现掉队,13.26,4.47,28.03,20日新高,3,抗住且相对强,2.95,27.43,25.05,0,加权Top20+新高+抗住且相对强,光伏、光伏设备、氢能源
886065.TI,可控核聚变,电力设备,1,周期首发,2026-04-08,2026-04-09,2026-04-10,电子/电力设备/通信,600869.SH,远东股份,兑现掉队,10.01,20.51,45.33,历史新高,13,抗住且相对强,1.52,-1.45,-2.38,0,加权Top20+新高+抗住且相对强,储能、光伏、光纤、可控核聚变、固态电池、液冷服务器、特高压、电网设备、芯片、钠离子电池、铜缆高速连接、雅下水电、风电
886065.TI,可控核聚变,电力设备,1,周期首发,2026-04-08,2026-04-09,2026-04-10,电子/电力设备/通信,600875.SH,东方电气,兑现掉队,9.99,44.93,66.96,,7,抗住且相对强,0.6,3.16,3.13,0,加权Top20+双红>=3+抗住且相对强,储能、光伏、可控核聚变、氢能源、燃料电池、雅下水电、风电
886065.TI,可控核聚变,电力设备,1,周期首发,2026-04-08,2026-04-09,2026-04-10,电子/电力设备/通信,600105.SH,永鼎股份,延续核心,10.0,50.03,70.73,历史新高,6,抗住且相对强,3.23,14.66,9.99,0,加权Top20+新高+抗住且相对强,光纤、共封装光学(CPO)、可控核聚变、芯片、通信设备、风电
886065.TI,可控核聚变,电力设备,2,后续回流,2026-04-10,2026-04-13,2026-04-14,电子/电力设备/通信,600105.SH,永鼎股份,兑现掉队,9.99,84.24,91.69,历史新高,3,抗住且相对强,1.82,-2.41,-3.93,0,加权Top20+新高+抗住且相对强,共封装光学(CPO)、可控核聚变、芯片
886065.TI,可控核聚变,电力设备,2,后续回流,2026-04-10,2026-04-13,2026-04-14,电子/电力设备/通信,688048.SH,长光华芯,延续核心,4.06,50.56,28.87,历史新高,4,抗住且相对强,6.09,20.72,12.93,0,加权Top20+新高+抗住且相对强,共封装光学(CPO)、半导体、可控核聚变、芯片
886065.TI,可控核聚变,电力设备,3,后续回流,2026-04-14,2026-04-15,2026-04-20,电子/电力设备/通信,002484.SZ,江海股份,兑现掉队,8.94,30.69,49.53,20日新高,2,抗住且相对强,2.63,4.1,2.27,0,加权Top20+新高+抗住且相对强,元件、可控核聚变
886065.TI,可控核聚变,电力设备,3,后续回流,2026-04-14,2026-04-15,2026-04-20,电子/电力设备/通信,688048.SH,长光华芯,兑现掉队,12.93,58.52,98.91,历史新高,4,抗住且相对强,2.04,6.98,5.7,0,加权Top20+新高+抗住且相对强,共封装光学(CPO)、半导体、可控核聚变、芯片
886065.TI,可控核聚变,电力设备,3,后续回流,2026-04-14,2026-04-15,2026-04-20,电子/电力设备/通信,688106.SH,金宏气体,兑现掉队,7.64,14.12,28.71,,5,补跌但相对强,0.15,4.34,5.05,0,加权Top20+双红>=3+补跌但相对强,可控核聚变、存储芯片、氢能源、燃料电池、芯片
886065.TI,可控核聚变,电力设备,6,后续回流,2026-05-11,2026-05-12,2026-05-25,电子/电力设备/通信,300820.SZ,英杰电气,兑现掉队,8.05,7.11,21.46,20日新高,6,抗住且相对强,1.45,23.67,23.17,0,加权Top20+新高+抗住且相对强,TOPCON电池、储能、光伏、可控核聚变、氢能源、芯片
886065.TI,可控核聚变,电力设备,6,后续回流,2026-05-11,2026-05-12,2026-05-25,电子/电力设备/通信,605222.SH,起帆电缆,兑现掉队,8.03,10.37,25.86,历史新高,6,抗住且相对强,1.25,-16.76,-16.93,0,加权Top20+新高+抗住且相对强,储能、光伏、可控核聚变、特高压、电网设备、风电
886065.TI,可控核聚变,电力设备,6,后续回流,2026-05-11,2026-05-12,2026-05-25,电子/电力设备/通信,600869.SH,远东股份,兑现掉队,9.98,25.23,50.13,历史新高,11,抗住且相对强,11.04,0.86,-8.3,0,加权Top20+新高+抗住且相对强,储能、光伏、光纤、可控核聚变、液冷服务器、特高压、电网设备、芯片、铜缆高速连接、雅下水电、风电
886065.TI,可控核聚变,电力设备,6,后续回流,2026-05-11,2026-05-12,2026-05-25,电子/电力设备/通信,601179.SH,中国西电,兑现掉队,5.29,57.39,40.08,,8,抗住且相对强,7.13,-8.01,-13.28,0,加权Top20+双红>=3+抗住且相对强,储能、光伏、可控核聚变、特高压、电网设备、芯片、超级电容、风电
886065.TI,可控核聚变,电力设备,7,后续回流,2026-05-25,2026-05-26,2026-06-03,电子/电力设备/机械设备,002438.SZ,江苏神通,兑现掉队,9.98,3.78,19.4,20日新高,3,补跌但相对强,1.45,-5.46,-5.36,0,加权Top20+新高+补跌但相对强,可控核聚变、芯片、风电
886032.TI,固态电池,电力设备,1,周期首发,2026-04-08,2026-04-09,2026-04-10,电子/电力设备/通信,603186.SH,华正新材,兑现掉队,6.93,13.26,25.24,,7,抗住且相对强,3.94,2.91,-1.46,0,加权Top20+双红>=3+抗住且相对强,6G、PCB、储能、元件、先进封装、固态电池、芯片
886032.TI,固态电池,电力设备,1,周期首发,2026-04-08,2026-04-09,2026-04-10,电子/电力设备/通信,002491.SZ,通鼎互联,兑现掉队,9.99,11.13,33.33,3年新高,4,抗住且相对强,5.17,-4.01,-9.6,0,加权Top20+新高+抗住且相对强,储能、光纤、固态电池、通信设备
886032.TI,固态电池,电力设备,1,周期首发,2026-04-08,2026-04-09,2026-04-10,电子/电力设备/通信,600869.SH,远东股份,兑现掉队,10.01,20.51,45.33,历史新高,13,抗住且相对强,1.52,-1.45,-2.38,0,加权Top20+新高+抗住且相对强,储能、光伏、光纤、可控核聚变、固态电池、液冷服务器、特高压、电网设备、芯片、钠离子电池、铜缆高速连接、雅下水电、风电
886032.TI,固态电池,电力设备,1,周期首发,2026-04-08,2026-04-09,2026-04-10,电子/电力设备/通信,600482.SH,中国动力,延续核心,7.86,20.13,35.27,,6,抗住且相对强,5.6,15.54,10.01,0,加权Top20+双红>=3+抗住且相对强,储能、固态电池、氢能源、燃料电池、钠离子电池、风电
886032.TI,固态电池,电力设备,1,周期首发,2026-04-08,2026-04-09,2026-04-10,电子/电力设备/通信,300014.SZ,亿纬锂能,延续核心,5.88,46.41,40.06,,6,抗住且相对强,1.91,7.52,6.1,0,加权Top20+双红>=3+抗住且相对强,储能、固态电池、氢能源、燃料电池、电池、钠离子电池
886032.TI,固态电池,电力设备,1,周期首发,2026-04-08,2026-04-09,2026-04-10,电子/电力设备/通信,300750.SZ,宁德时代,延续核心,1.74,143.15,20.82,,4,补跌但相对强,0.24,6.31,6.67,0,加权Top20+双红>=3+补跌但相对强,储能、固态电池、电池、钠离子电池
886032.TI,固态电池,电力设备,1,周期首发,2026-04-08,2026-04-09,2026-04-10,电子/电力设备/通信,300037.SZ,新宙邦,兑现掉队,5.81,11.93,20.07,,6,抗住且相对强,3.57,9.36,6.18,0,加权Top20+双红>=3+抗住且相对强,先进封装、固态电池、液冷服务器、电池、芯片、钠离子电池
886032.TI,固态电池,电力设备,1,周期首发,2026-04-08,2026-04-09,2026-04-10,电子/电力设备/通信,300686.SZ,智动力,兑现掉队,18.01,7.59,49.62,20日新高,2,抗住且相对强,1.59,3.27,1.16,0,加权Top20+新高+抗住且相对强,固态电池、消费电子
886032.TI,固态电池,电力设备,2,后续回流,2026-04-10,2026-04-13,2026-04-21,电子/电力设备/通信,000049.SZ,德赛电池,兑现掉队,5.58,7.34,15.12,,7,抗住且相对强,0.08,10.35,8.93,0,加权Top20+双红>=3+抗住且相对强,AI眼镜、储能、华为手机、固态电池、电池、钠离子电池、锂电池
886032.TI,固态电池,电力设备,2,后续回流,2026-04-10,2026-04-13,2026-04-21,电子/电力设备/通信,600482.SH,中国动力,兑现掉队,10.01,18.05,42.53,3年新高,5,抗住且相对强,0.66,-6.33,-8.06,0,加权Top20+新高+抗住且相对强,储能、固态电池、氢能源、燃料电池、钠离子电池
886032.TI,固态电池,电力设备,2,后续回流,2026-04-10,2026-04-13,2026-04-21,电子/电力设备/通信,002733.SZ,雄韬股份,兑现掉队,10.0,12.39,35.2,3年新高,6,抗住且相对强,0.76,-0.17,-2.11,0,加权Top20+新高+抗住且相对强,储能、固态电池、氢能源、燃料电池、电池、钠离子电池
886032.TI,固态电池,电力设备,2,后续回流,2026-04-10,2026-04-13,2026-04-21,电子/电力设备/通信,688275.SH,万润新能,兑现掉队,9.49,10.41,30.62,,4,抗住且相对强,0.46,11.34,9.5,0,加权Top20+双红>=3+抗住且相对强,储能、固态电池、电池、钠离子电池
886032.TI,固态电池,电力设备,2,后续回流,2026-04-10,2026-04-13,2026-04-21,电子/电力设备/通信,300390.SZ,天华新能,兑现掉队,10.16,69.79,84.88,3年新高,5,抗住且相对强,16.2,25.64,7.0,0,加权Top20+新高+抗住且相对强,储能、固态电池、存储芯片、电池、芯片
886032.TI,固态电池,电力设备,2,后续回流,2026-04-10,2026-04-13,2026-04-21,电子/电力设备/通信,600884.SH,杉杉股份,兑现掉队,5.79,22.68,27.57,20日新高,5,抗住且相对强,1.21,-0.07,-2.44,0,加权Top20+新高+抗住且相对强,储能、光伏、固态电池、电池、钠离子电池
886032.TI,固态电池,电力设备,2,后续回流,2026-04-10,2026-04-13,2026-04-21,电子/电力设备/通信,002245.SZ,蔚蓝锂芯,兑现掉队,2.41,24.44,11.91,20日新高,6,抗住且相对强,0.19,5.54,4.07,0,加权Top20+新高+抗住且相对强,储能、固态电池、电池、芯片、钠离子电池、锂电池
886032.TI,固态电池,电力设备,2,后续回流,2026-04-10,2026-04-13,2026-04-21,电子/电力设备/通信,002074.SZ,国轩高科,兑现掉队,10.01,40.36,63.59,,6,抗住且相对强,0.56,4.51,2.68,0,加权Top20+双红>=3+抗住且相对强,储能、固态电池、电池、钠离子电池、锂电池、高压快充
886032.TI,固态电池,电力设备,2,后续回流,2026-04-10,2026-04-13,2026-04-21,电子/电力设备/通信,002580.SZ,圣阳股份,兑现掉队,10.03,34.65,59.04,,5,抗住且相对强,8.79,56.48,42.24,0,加权Top20+双红>=3+抗住且相对强,储能、固态电池、液冷服务器、电池、钠离子电池
886032.TI,固态电池,电力设备,2,后续回流,2026-04-10,2026-04-13,2026-04-21,电子/电力设备/通信,300450.SZ,先导智能,兑现掉队,4.04,36.69,24.47,20日新高,7,抗住且相对强,0.5,11.99,10.09,0,加权Top20+新高+抗住且相对强,储能、光伏、固态电池、氢能源、燃料电池、电池、钠离子电池
886032.TI,固态电池,电力设备,2,后续回流,2026-04-10,2026-04-13,2026-04-21,电子/电力设备/通信,300014.SZ,亿纬锂能,兑现掉队,6.1,73.67,52.36,,7,抗住且相对强,0.14,4.2,2.8,0,加权Top20+双红>=3+抗住且相对强,储能、固态电池、氢能源、燃料电池、电池、钠离子电池、锂电池
886032.TI,固态电池,电力设备,2,后续回流,2026-04-10,2026-04-13,2026-04-21,电子/电力设备/通信,300919.SZ,中伟新材,兑现掉队,2.6,13.68,9.62,,4,抗住且相对强,2.57,9.75,5.74,0,加权Top20+双红>=3+抗住且相对强,储能、固态电池、电池、钠离子电池
886032.TI,固态电池,电力设备,2,后续回流,2026-04-10,2026-04-13,2026-04-21,电子/电力设备/通信,688499.SH,利元亨,兑现掉队,5.72,3.11,10.09,,7,抗住且相对强,0.93,11.98,9.62,0,加权Top20+双红>=3+抗住且相对强,储能、光伏、固态电池、氢能源、燃料电池、电池、钠离子电池
886032.TI,固态电池,电力设备,2,后续回流,2026-04-10,2026-04-13,2026-04-21,电子/电力设备/通信,300438.SZ,鹏辉能源,兑现掉队,7.1,29.92,38.84,,7,抗住且相对强,2.82,17.38,12.83,0,加权Top20+双红>=3+抗住且相对强,储能、固态电池、燃料电池、电池、虚拟电厂、钠离子电池、锂电池
886032.TI,固态电池,电力设备,2,后续回流,2026-04-10,2026-04-13,2026-04-21,电子/电力设备/通信,603659.SH,璞泰来,兑现掉队,5.45,30.29,29.99,,6,抗住且相对强,1.69,7.64,4.59,0,加权Top20+双红>=3+抗住且相对强,储能、固态电池、氢能源、电池、芯片、钠离子电池
886032.TI,固态电池,电力设备,2,后续回流,2026-04-10,2026-04-13,2026-04-21,电子/电力设备/通信,300769.SZ,德方纳米,兑现掉队,5.84,14.2,22.01,,3,抗住且相对强,0.94,8.3,6.01,0,加权Top20+双红>=3+抗住且相对强,储能、固态电池、电池
886032.TI,固态电池,电力设备,2,后续回流,2026-04-10,2026-04-13,2026-04-21,电子/电力设备/通信,601311.SH,骆驼股份,兑现掉队,5.17,6.46,13.14,60日新高,6,抗住且相对强,0.28,2.81,1.28,0,加权Top20+新高+抗住且相对强,储能、固态电池、氢能源、燃料电池、电池、钠离子电池
886032.TI,固态电池,电力设备,2,后续回流,2026-04-10,2026-04-13,2026-04-21,电子/电力设备/通信,300490.SZ,华自科技,兑现掉队,2.98,4.71,6.47,,6,抗住且相对强,2.98,11.79,7.29,0,加权Top20+双红>=3+抗住且相对强,储能、光伏、固态电池、虚拟电厂、钠离子电池、高压快充
886032.TI,固态电池,电力设备,2,后续回流,2026-04-10,2026-04-13,2026-04-21,电子/电力设备/通信,002340.SZ,格林美,兑现掉队,1.89,13.32,6.9,,6,抗住且相对强,0.02,4.82,3.54,0,加权Top20+双红>=3+抗住且相对强,储能、固态电池、氢能源、燃料电池、电池、钠离子电池
886032.TI,固态电池,电力设备,2,后续回流,2026-04-10,2026-04-13,2026-04-21,电子/电力设备/通信,688063.SH,派能科技,兑现掉队,3.52,10.17,11.23,,5,抗住且相对强,0.25,9.73,8.14,0,加权Top20+双红>=3+抗住且相对强,储能、固态电池、电池、钠离子电池、锂电池
886032.TI,固态电池,电力设备,2,后续回流,2026-04-10,2026-04-13,2026-04-21,电子/电力设备/通信,300750.SZ,宁德时代,兑现掉队,6.67,207.52,96.09,,5,抗住且相对强,1.46,7.6,4.79,0,加权Top20+双红>=3+抗住且相对强,储能、固态电池、电池、钠离子电池、锂电池
886032.TI,固态电池,电力设备,2,后续回流,2026-04-10,2026-04-13,2026-04-21,电子/电力设备/通信,688411.SH,海博思创,兑现掉队,3.13,12.46,11.05,,3,抗住且相对强,0.38,0.19,-1.39,0,加权Top20+双红>=3+抗住且相对强,储能、固态电池、钠离子电池
886032.TI,固态电池,电力设备,2,后续回流,2026-04-10,2026-04-13,2026-04-21,电子/电力设备/通信,688353.SH,华盛锂电,兑现掉队,3.28,8.85,9.76,,4,抗住且相对强,2.08,5.77,2.39,0,加权Top20+双红>=3+抗住且相对强,储能、固态电池、电池、钠离子电池
886032.TI,固态电池,电力设备,2,后续回流,2026-04-10,2026-04-13,2026-04-21,电子/电力设备/通信,300285.SZ,国瓷材料,兑现掉队,3.07,13.17,11.14,,4,抗住且相对强,3.36,9.19,4.82,0,加权Top20+双红>=3+抗住且相对强,共封装光学(CPO)、固态电池、氢能源、芯片
886032.TI,固态电池,电力设备,2,后续回流,2026-04-10,2026-04-13,2026-04-21,电子/电力设备/通信,688148.SH,芳源股份,兑现掉队,5.41,2.11,7.86,,3,抗住且相对强,2.74,11.31,7.06,0,加权Top20+双红>=3+抗住且相对强,固态电池、电池、芯片
886032.TI,固态电池,电力设备,2,后续回流,2026-04-10,2026-04-13,2026-04-21,电子/电力设备/通信,301487.SZ,盟固利,兑现掉队,3.71,3.91,7.34,,3,抗住且相对强,0.8,7.81,5.67,0,加权Top20+双红>=3+抗住且相对强,固态电池、电池、钠离子电池
886032.TI,固态电池,电力设备,2,后续回流,2026-04-10,2026-04-13,2026-04-21,电子/电力设备/通信,301292.SZ,海科新源,兑现掉队,5.0,25.49,25.24,,3,抗住且相对强,2.94,14.57,9.99,0,加权Top20+双红>=3+抗住且相对强,固态电池、电池、钠离子电池
885823.TI,氢能源,电力设备,1,周期首发,2026-04-08,2026-04-09,2026-04-10,电子/电力设备/通信,600482.SH,中国动力,延续核心,7.86,20.13,35.27,,6,抗住且相对强,5.6,15.54,10.01,0,加权Top20+双红>=3+抗住且相对强,储能、固态电池、氢能源、燃料电池、钠离子电池、风电
885823.TI,氢能源,电力设备,1,周期首发,2026-04-08,2026-04-09,2026-04-10,电子/电力设备/通信,600875.SH,东方电气,兑现掉队,9.99,44.93,66.96,,7,抗住且相对强,0.6,3.16,3.13,0,加权Top20+双红>=3+抗住且相对强,储能、光伏、可控核聚变、氢能源、燃料电池、雅下水电、风电
885823.TI,氢能源,电力设备,1,周期首发,2026-04-08,2026-04-09,2026-04-10,电子/电力设备/通信,301291.SZ,明阳电气,兑现掉队,10.45,7.09,27.83,,5,补跌但相对强,0.19,-0.98,-0.61,0,加权Top20+双红>=3+补跌但相对强,储能、光伏、氢能源、电网设备、风电
885823.TI,氢能源,电力设备,1,周期首发,2026-04-08,2026-04-09,2026-04-10,电子/电力设备/通信,002335.SZ,科华数据,兑现掉队,8.82,15.22,34.41,,4,抗住且相对强,2.62,3.19,1.12,0,加权Top20+双红>=3+抗住且相对强,储能、光伏、氢能源、液冷服务器
885823.TI,氢能源,电力设备,1,周期首发,2026-04-08,2026-04-09,2026-04-10,电子/电力设备/通信,300014.SZ,亿纬锂能,延续核心,5.88,46.41,40.06,,6,抗住且相对强,1.91,7.52,6.1,0,加权Top20+双红>=3+抗住且相对强,储能、固态电池、氢能源、燃料电池、电池、钠离子电池
885823.TI,氢能源,电力设备,1,周期首发,2026-04-08,2026-04-09,2026-04-10,电子/电力设备/通信,601126.SH,四方股份,兑现掉队,9.65,13.99,36.09,,8,抗住且相对强,0.64,-0.23,-0.3,0,加权Top20+双红>=3+抗住且相对强,储能、光伏、氢能源、特高压、电网设备、虚拟电厂、雅下水电、风电
885823.TI,氢能源,电力设备,1,周期首发,2026-04-08,2026-04-09,2026-04-10,电子/电力设备/通信,601615.SH,明阳智能,兑现掉队,5.4,14.13,20.3,,6,补跌但相对强,0.14,0.91,1.35,0,加权Top20+双红>=3+补跌但相对强,储能、光伏、氢能源、芯片、钙钛矿电池、风电
885823.TI,氢能源,电力设备,1,周期首发,2026-04-08,2026-04-09,2026-04-10,电子/电力设备/通信,002202.SZ,金风科技,兑现掉队,4.15,65.61,33.62,,4,抗住且相对强,0.57,0.96,0.96,0,加权Top20+双红>=3+抗住且相对强,储能、氢能源、特高压、风电
885823.TI,氢能源,电力设备,2,后续回流,2026-04-10,2026-04-13,2026-04-14,电子/电力设备/通信,002364.SZ,中恒电气,延续核心,9.99,1.19,10.9,20日新高,4,抗住且相对强,8.77,20.99,9.99,0,加权Top20+新高+抗住且相对强,储能、氢能源、虚拟电厂、高压快充
885823.TI,氢能源,电力设备,2,后续回流,2026-04-10,2026-04-13,2026-04-14,电子/电力设备/通信,600482.SH,中国动力,兑现掉队,10.01,18.05,42.53,3年新高,5,抗住且相对强,0.66,-4.35,-6.12,0,加权Top20+新高+抗住且相对强,储能、固态电池、氢能源、燃料电池、钠离子电池
885823.TI,氢能源,电力设备,2,后续回流,2026-04-10,2026-04-13,2026-04-14,电子/电力设备/通信,002733.SZ,雄韬股份,兑现掉队,10.0,12.39,35.2,3年新高,6,抗住且相对强,0.76,4.76,2.72,0,加权Top20+新高+抗住且相对强,储能、固态电池、氢能源、燃料电池、电池、钠离子电池
885823.TI,氢能源,电力设备,2,后续回流,2026-04-10,2026-04-13,2026-04-14,电子/电力设备/通信,300450.SZ,先导智能,兑现掉队,4.04,36.69,24.47,20日新高,7,抗住且相对强,0.5,3.57,1.82,0,加权Top20+新高+抗住且相对强,储能、光伏、固态电池、氢能源、燃料电池、电池、钠离子电池
885823.TI,氢能源,电力设备,2,后续回流,2026-04-10,2026-04-13,2026-04-14,电子/电力设备/通信,300014.SZ,亿纬锂能,兑现掉队,6.1,73.67,52.36,,7,抗住且相对强,0.14,4.66,3.26,0,加权Top20+双红>=3+抗住且相对强,储能、固态电池、氢能源、燃料电池、电池、钠离子电池、锂电池
885823.TI,氢能源,电力设备,2,后续回流,2026-04-10,2026-04-13,2026-04-14,电子/电力设备/通信,688499.SH,利元亨,兑现掉队,5.72,3.11,10.09,,7,抗住且相对强,0.93,4.17,1.97,0,加权Top20+双红>=3+抗住且相对强,储能、光伏、固态电池、氢能源、燃料电池、电池、钠离子电池
885823.TI,氢能源,电力设备,2,后续回流,2026-04-10,2026-04-13,2026-04-14,电子/电力设备/通信,603659.SH,璞泰来,兑现掉队,5.45,30.29,29.99,,6,抗住且相对强,1.69,4.49,1.53,0,加权Top20+双红>=3+抗住且相对强,储能、固态电池、氢能源、电池、芯片、钠离子电池
885823.TI,氢能源,电力设备,2,后续回流,2026-04-10,2026-04-13,2026-04-14,电子/电力设备/通信,601311.SH,骆驼股份,兑现掉队,5.17,6.46,13.14,60日新高,6,抗住且相对强,0.28,2.71,1.19,0,加权Top20+新高+抗住且相对强,储能、固态电池、氢能源、燃料电池、电池、钠离子电池
885823.TI,氢能源,电力设备,2,后续回流,2026-04-10,2026-04-13,2026-04-14,电子/电力设备/通信,002340.SZ,格林美,兑现掉队,1.89,13.32,6.9,,6,抗住且相对强,0.02,2.6,1.34,0,加权Top20+双红>=3+抗住且相对强,储能、固态电池、氢能源、燃料电池、电池、钠离子电池
885823.TI,氢能源,电力设备,2,后续回流,2026-04-10,2026-04-13,2026-04-14,电子/电力设备/通信,300274.SZ,阳光电源,兑现掉队,5.65,136.83,66.09,,5,抗住且相对强,1.42,6.63,3.89,0,加权Top20+双红>=3+抗住且相对强,储能、光伏、光伏设备、氢能源、虚拟电厂
885823.TI,氢能源,电力设备,2,后续回流,2026-04-10,2026-04-13,2026-04-14,电子/电力设备/通信,300285.SZ,国瓷材料,兑现掉队,3.07,13.17,11.14,,4,抗住且相对强,3.36,3.71,-0.44,0,加权Top20+双红>=3+抗住且相对强,共封装光学(CPO)、固态电池、氢能源、芯片
885823.TI,氢能源,电力设备,3,后续回流,2026-04-14,2026-04-15,2026-05-06,电子/电力设备/通信,688106.SH,金宏气体,兑现掉队,7.64,14.12,28.71,,5,补跌但相对强,0.15,22.19,23.03,0,加权Top20+双红>=3+补跌但相对强,可控核聚变、存储芯片、氢能源、燃料电池、芯片
885823.TI,氢能源,电力设备,3,后续回流,2026-04-14,2026-04-15,2026-05-06,电子/电力设备/通信,002364.SZ,中恒电气,兑现掉队,9.99,36.3,60.19,历史新高,2,抗住且相对强,2.7,5.6,3.39,0,加权Top20+新高+抗住且相对强,氢能源、虚拟电厂
885823.TI,氢能源,电力设备,3,后续回流,2026-04-14,2026-04-15,2026-05-06,电子/电力设备/通信,603063.SH,禾望电气,兑现掉队,7.46,18.91,32.44,60日新高,1,抗住且相对强,10.57,39.63,26.93,0,加权Top20+新高+抗住且相对强,氢能源
886044.TI,液冷服务器,电力设备,1,周期首发,2026-04-08,2026-04-09,2026-04-10,电子/电力设备/通信,002281.SZ,光迅科技,兑现掉队,6.39,67.07,52.33,,6,抗住且相对强,8.99,9.73,-0.25,0,加权Top20+双红>=3+抗住且相对强,6G、光纤、共封装光学(CPO)、液冷服务器、芯片、通信设备
886044.TI,液冷服务器,电力设备,1,周期首发,2026-04-08,2026-04-09,2026-04-10,电子/电力设备/通信,000063.SZ,中兴通讯,兑现掉队,5.26,32.82,30.13,,8,抗住且相对强,3.46,5.14,0.65,0,加权Top20+双红>=3+抗住且相对强,6G、AI手机、AI眼镜、储能、光纤、液冷服务器、芯片、通信设备
886044.TI,液冷服务器,电力设备,1,周期首发,2026-04-08,2026-04-09,2026-04-10,电子/电力设备/通信,600498.SH,烽火通信,兑现掉队,5.0,61.83,39.32,,8,抗住且相对强,6.21,2.24,-4.64,0,加权Top20+双红>=3+抗住且相对强,6G、MCU芯片、光纤、共封装光学(CPO)、液冷服务器、特高压、芯片、通信设备
886044.TI,液冷服务器,电力设备,1,周期首发,2026-04-08,2026-04-09,2026-04-10,电子/电力设备/通信,301489.SZ,思泉新材,兑现掉队,12.16,10.21,38.85,,5,抗住且相对强,1.06,2.39,0.83,0,加权Top20+双红>=3+抗住且相对强,AI PC、AI手机、AI眼镜、储能、液冷服务器
886044.TI,液冷服务器,电力设备,1,周期首发,2026-04-08,2026-04-09,2026-04-10,电子/电力设备/通信,300684.SZ,中石科技,兑现掉队,8.51,5.83,20.55,,6,抗住且相对强,0.48,2.46,1.48,0,加权Top20+双红>=3+抗住且相对强,AI PC、MR(混合现实)、储能、光伏、共封装光学(CPO)、液冷服务器
886044.TI,液冷服务器,电力设备,1,周期首发,2026-04-08,2026-04-09,2026-04-10,电子/电力设备/通信,300975.SZ,商络电子,兑现掉队,10.9,12.52,38.57,,5,抗住且相对强,2.25,4.99,2.18,0,加权Top20+双红>=3+抗住且相对强,AI眼镜、MCU芯片、存储芯片、液冷服务器、芯片
886044.TI,液冷服务器,电力设备,1,周期首发,2026-04-08,2026-04-09,2026-04-10,电子/电力设备/通信,002475.SZ,立讯精密,兑现掉队,8.02,103.42,81.56,20日新高,7,抗住且相对强,4.91,11.31,5.61,0,加权Top20+新高+抗住且相对强,AI眼镜、MR(混合现实)、共封装光学(CPO)、消费电子、液冷服务器、芯片、铜缆高速连接
886044.TI,液冷服务器,电力设备,1,周期首发,2026-04-08,2026-04-09,2026-04-10,电子/电力设备/通信,301123.SZ,奕东电子,兑现掉队,7.96,8.08,22.63,,6,抗住且相对强,9.26,8.9,-0.77,0,加权Top20+双红>=3+抗住且相对强,PCB、储能、共封装光学(CPO)、消费电子、液冷服务器、铜缆高速连接
886044.TI,液冷服务器,电力设备,1,周期首发,2026-04-08,2026-04-09,2026-04-10,电子/电力设备/通信,300870.SZ,欧陆通,兑现掉队,8.07,16.19,32.47,,3,抗住且相对强,3.8,8.05,4.67,0,加权Top20+双红>=3+抗住且相对强,储能、光伏、液冷服务器
886044.TI,液冷服务器,电力设备,1,周期首发,2026-04-08,2026-04-09,2026-04-10,电子/电力设备/通信,600869.SH,远东股份,兑现掉队,10.01,20.51,45.33,历史新高,13,抗住且相对强,1.52,-1.45,-2.38,0,加权Top20+新高+抗住且相对强,储能、光伏、光纤、可控核聚变、固态电池、液冷服务器、特高压、电网设备、芯片、钠离子电池、铜缆高速连接、雅下水电、风电
886044.TI,液冷服务器,电力设备,1,周期首发,2026-04-08,2026-04-09,2026-04-10,电子/电力设备/通信,002335.SZ,科华数据,兑现掉队,8.82,15.22,34.41,,4,抗住且相对强,2.62,3.19,1.12,0,加权Top20+双红>=3+抗住且相对强,储能、光伏、氢能源、液冷服务器
886044.TI,液冷服务器,电力设备,1,周期首发,2026-04-08,2026-04-09,2026-04-10,电子/电力设备/通信,300037.SZ,新宙邦,兑现掉队,5.81,11.93,20.07,,6,抗住且相对强,3.57,9.36,6.18,0,加权Top20+双红>=3+抗住且相对强,先进封装、固态电池、液冷服务器、电池、芯片、钠离子电池
886044.TI,液冷服务器,电力设备,1,周期首发,2026-04-08,2026-04-09,2026-04-10,电子/电力设备/通信,603083.SH,剑桥科技,兑现掉队,10.0,41.56,64.47,,3,抗住且相对强,2.58,4.2,0.6,0,加权Top20+双红>=3+抗住且相对强,共封装光学(CPO)、液冷服务器、通信设备
886044.TI,液冷服务器,电力设备,1,周期首发,2026-04-08,2026-04-09,2026-04-10,电子/电力设备/通信,603629.SH,利通电子,兑现掉队,10.0,19.76,44.45,,4,抗住且相对强,5.5,3.24,-2.6,0,加权Top20+双红>=3+抗住且相对强,消费电子、液冷服务器、芯片、英伟达
886044.TI,液冷服务器,电力设备,2,后续回流,2026-04-10,2026-04-13,2026-04-14,电子/电力设备/通信,002600.SZ,领益智造,兑现掉队,2.41,14.09,9.05,,9,抗住且相对强,0.22,1.98,0.95,0,加权Top20+双红>=3+抗住且相对强,AI PC、AI手机、AI眼镜、储能、光伏、共封装光学(CPO)、消费电子、液冷服务器、英伟达
886044.TI,液冷服务器,电力设备,2,后续回流,2026-04-10,2026-04-13,2026-04-14,电子/电力设备/通信,002580.SZ,圣阳股份,延续核心,10.03,34.65,59.04,,5,抗住且相对强,8.79,21.02,10.01,0,加权Top20+双红>=3+抗住且相对强,储能、固态电池、液冷服务器、电池、钠离子电池
886044.TI,液冷服务器,电力设备,2,后续回流,2026-04-10,2026-04-13,2026-04-14,电子/电力设备/通信,300308.SZ,中际旭创,延续核心,6.01,238.43,92.8,历史新高,3,抗住且相对强,0.71,5.22,4.74,0,加权Top20+新高+抗住且相对强,共封装光学(CPO)、液冷服务器、芯片
886044.TI,液冷服务器,电力设备,2,后续回流,2026-04-10,2026-04-13,2026-04-14,电子/电力设备/通信,301419.SZ,阿莱德,兑现掉队,5.83,5.3,13.42,2年新高,3,抗住且相对强,3.78,7.78,4.1,0,加权Top20+新高+抗住且相对强,共封装光学(CPO)、存储芯片、液冷服务器
886044.TI,液冷服务器,电力设备,3,后续回流,2026-04-14,2026-04-15,2026-04-20,电子/电力设备/通信,002475.SZ,立讯精密,兑现掉队,0.92,144.87,11.07,60日新高,6,补跌但相对强,0.22,11.14,11.82,0,加权Top20+新高+补跌但相对强,AI眼镜、MR(混合现实)、共封装光学(CPO)、消费电子、液冷服务器、芯片
886044.TI,液冷服务器,电力设备,3,后续回流,2026-04-14,2026-04-15,2026-04-20,电子/电力设备/通信,300308.SZ,中际旭创,兑现掉队,4.74,224.76,71.06,历史新高,3,抗住且相对强,2.24,9.96,8.98,0,加权Top20+新高+抗住且相对强,共封装光学(CPO)、液冷服务器、芯片
886044.TI,液冷服务器,电力设备,3,后续回流,2026-04-14,2026-04-15,2026-04-20,电子/电力设备/通信,603083.SH,剑桥科技,兑现掉队,1.72,43.71,11.37,20日新高,2,抗住且相对强,5.63,26.26,21.07,0,加权Top20+新高+抗住且相对强,共封装光学(CPO)、液冷服务器
886044.TI,液冷服务器,电力设备,3,后续回流,2026-04-14,2026-04-15,2026-04-20,电子/电力设备/通信,603629.SH,利通电子,兑现掉队,10.0,24.95,49.95,历史新高,4,抗住且相对强,10.84,34.18,21.98,0,加权Top20+新高+抗住且相对强,消费电子、液冷服务器、芯片、英伟达
886044.TI,液冷服务器,电力设备,3,后续回流,2026-04-14,2026-04-15,2026-04-20,电子/电力设备/通信,002580.SZ,圣阳股份,兑现掉队,10.01,39.26,62.72,历史新高,2,抗住且相对强,10.57,43.67,30.59,0,加权Top20+新高+抗住且相对强,液冷服务器、钠离子电池
886044.TI,液冷服务器,电力设备,3,后续回流,2026-04-14,2026-04-15,2026-04-20,电子/电力设备/通信,688668.SH,鼎通科技,兑现掉队,6.3,13.35,23.02,20日新高,2,抗住且相对强,2.21,23.36,22.29,0,加权Top20+新高+抗住且相对强,液冷服务器、英伟达
886044.TI,液冷服务器,电力设备,3,后续回流,2026-04-14,2026-04-15,2026-04-20,电子/电力设备/通信,300442.SZ,润泽科技,兑现掉队,2.15,61.14,16.81,20日新高,1,补跌但相对强,0.37,4.45,5.47,0,加权Top20+新高+补跌但相对强,液冷服务器
886044.TI,液冷服务器,电力设备,7,后续回流,2026-05-11,2026-05-12,2026-06-03,电子/电力设备/通信,688800.SH,瑞可达,延续核心,5.56,21.17,25.58,历史新高,6,抗住且相对强,6.92,-2.15,-8.6,0,加权Top20+新高+抗住且相对强,6G、储能、光伏、液冷服务器、铜缆高速连接、高压快充
886044.TI,液冷服务器,电力设备,7,后续回流,2026-05-11,2026-05-12,2026-06-03,电子/电力设备/通信,002897.SZ,意华股份,延续核心,7.7,15.92,30.72,,6,抗住且相对强,3.62,33.9,25.97,0,加权Top20+双红>=3+抗住且相对强,6G、光伏、共封装光学(CPO)、液冷服务器、通信设备、铜缆高速连接
886044.TI,液冷服务器,电力设备,7,后续回流,2026-05-11,2026-05-12,2026-06-03,电子/电力设备/通信,000636.SZ,风华高科,兑现掉队,10.01,20.34,45.14,3年新高,8,抗住且相对强,3.34,112.72,105.57,0,加权Top20+新高+抗住且相对强,AI眼镜、储能、元件、光伏、共封装光学(CPO)、液冷服务器、超级电容、高压快充
886044.TI,液冷服务器,电力设备,7,后续回流,2026-05-11,2026-05-12,2026-06-03,电子/电力设备/通信,002475.SZ,立讯精密,兑现掉队,6.69,205.84,95.98,历史新高,8,抗住且相对强,1.35,-1.66,-3.1,0,加权Top20+新高+抗住且相对强,AI眼镜、MR(混合现实)、共封装光学(CPO)、华为手机、消费电子、液冷服务器、芯片、铜缆高速连接
886044.TI,液冷服务器,电力设备,7,后续回流,2026-05-11,2026-05-12,2026-06-03,电子/电力设备/通信,002580.SZ,圣阳股份,兑现掉队,4.16,58.0,31.68,历史新高,2,补跌但相对强,0.76,-29.06,-28.86,0,加权Top20+新高+补跌但相对强,储能、液冷服务器
886044.TI,液冷服务器,电力设备,7,后续回流,2026-05-11,2026-05-12,2026-06-03,电子/电力设备/通信,600869.SH,远东股份,延续核心,9.98,25.23,50.13,历史新高,11,抗住且相对强,11.04,29.2,17.47,0,加权Top20+新高+抗住且相对强,储能、光伏、光纤、可控核聚变、液冷服务器、特高压、电网设备、芯片、铜缆高速连接、雅下水电、风电
886044.TI,液冷服务器,电力设备,7,后续回流,2026-05-11,2026-05-12,2026-06-03,电子/电力设备/通信,688392.SH,XD骄成超,兑现掉队,10.96,8.88,32.66,历史新高,3,抗住且相对强,3.9,1.18,-1.63,0,加权Top20+新高+抗住且相对强,先进封装、液冷服务器、芯片
886044.TI,液冷服务器,电力设备,7,后续回流,2026-05-11,2026-05-12,2026-06-03,电子/电力设备/通信,300308.SZ,中际旭创,延续核心,6.11,293.99,104.76,历史新高,4,抗住且相对强,5.6,35.62,25.25,0,加权Top20+新高+抗住且相对强,共封装光学(CPO)、液冷服务器、芯片、通信设备
885775.TI,燃料电池,电力设备,1,周期首发,2026-04-08,2026-04-09,2026-04-10,电子/电力设备/通信,600482.SH,中国动力,延续核心,7.86,20.13,35.27,,6,抗住且相对强,5.6,15.54,10.01,0,加权Top20+双红>=3+抗住且相对强,储能、固态电池、氢能源、燃料电池、钠离子电池、风电
885775.TI,燃料电池,电力设备,1,周期首发,2026-04-08,2026-04-09,2026-04-10,电子/电力设备/通信,600875.SH,东方电气,兑现掉队,9.99,44.93,66.96,,7,抗住且相对强,0.6,3.16,3.13,0,加权Top20+双红>=3+抗住且相对强,储能、光伏、可控核聚变、氢能源、燃料电池、雅下水电、风电
885775.TI,燃料电池,电力设备,1,周期首发,2026-04-08,2026-04-09,2026-04-10,电子/电力设备/通信,300014.SZ,亿纬锂能,延续核心,5.88,46.41,40.06,,6,抗住且相对强,1.91,7.52,6.1,0,加权Top20+双红>=3+抗住且相对强,储能、固态电池、氢能源、燃料电池、电池、钠离子电池
885775.TI,燃料电池,电力设备,2,后续回流,2026-04-10,2026-04-13,2026-04-14,电子/电力设备/通信,600482.SH,中国动力,兑现掉队,10.01,18.05,42.53,3年新高,5,抗住且相对强,0.66,-4.35,-6.12,0,加权Top20+新高+抗住且相对强,储能、固态电池、氢能源、燃料电池、钠离子电池
885775.TI,燃料电池,电力设备,2,后续回流,2026-04-10,2026-04-13,2026-04-14,电子/电力设备/通信,002733.SZ,雄韬股份,兑现掉队,10.0,12.39,35.2,3年新高,6,抗住且相对强,0.76,4.76,2.72,0,加权Top20+新高+抗住且相对强,储能、固态电池、氢能源、燃料电池、电池、钠离子电池
885775.TI,燃料电池,电力设备,2,后续回流,2026-04-10,2026-04-13,2026-04-14,电子/电力设备/通信,002534.SZ,西子洁能,兑现掉队,5.36,4.72,11.64,,3,抗住且相对强,1.69,2.74,-0.16,0,加权Top20+双红>=3+抗住且相对强,储能、光伏、燃料电池
885775.TI,燃料电池,电力设备,2,后续回流,2026-04-10,2026-04-13,2026-04-14,电子/电力设备/通信,300450.SZ,先导智能,兑现掉队,4.04,36.69,24.47,20日新高,7,抗住且相对强,0.5,3.57,1.82,0,加权Top20+新高+抗住且相对强,储能、光伏、固态电池、氢能源、燃料电池、电池、钠离子电池
885775.TI,燃料电池,电力设备,2,后续回流,2026-04-10,2026-04-13,2026-04-14,电子/电力设备/通信,300014.SZ,亿纬锂能,兑现掉队,6.1,73.67,52.36,,7,抗住且相对强,0.14,4.66,3.26,0,加权Top20+双红>=3+抗住且相对强,储能、固态电池、氢能源、燃料电池、电池、钠离子电池、锂电池
885775.TI,燃料电池,电力设备,2,后续回流,2026-04-10,2026-04-13,2026-04-14,电子/电力设备/通信,688499.SH,利元亨,兑现掉队,5.72,3.11,10.09,,7,抗住且相对强,0.93,4.17,1.97,0,加权Top20+双红>=3+抗住且相对强,储能、光伏、固态电池、氢能源、燃料电池、电池、钠离子电池
885775.TI,燃料电池,电力设备,2,后续回流,2026-04-10,2026-04-13,2026-04-14,电子/电力设备/通信,300438.SZ,鹏辉能源,兑现掉队,7.1,29.92,38.84,,7,抗住且相对强,2.82,15.27,10.79,0,加权Top20+双红>=3+抗住且相对强,储能、固态电池、燃料电池、电池、虚拟电厂、钠离子电池、锂电池
885775.TI,燃料电池,电力设备,2,后续回流,2026-04-10,2026-04-13,2026-04-14,电子/电力设备/通信,601311.SH,骆驼股份,兑现掉队,5.17,6.46,13.14,60日新高,6,抗住且相对强,0.28,2.71,1.19,0,加权Top20+新高+抗住且相对强,储能、固态电池、氢能源、燃料电池、电池、钠离子电池
885775.TI,燃料电池,电力设备,2,后续回流,2026-04-10,2026-04-13,2026-04-14,电子/电力设备/通信,002340.SZ,格林美,兑现掉队,1.89,13.32,6.9,,6,抗住且相对强,0.02,2.6,1.34,0,加权Top20+双红>=3+抗住且相对强,储能、固态电池、氢能源、燃料电池、电池、钠离子电池
885775.TI,燃料电池,电力设备,2,后续回流,2026-04-10,2026-04-13,2026-04-14,电子/电力设备/通信,300408.SZ,三环集团,延续核心,1.78,18.81,7.72,20日新高,3,抗住且相对强,2.34,8.37,5.06,0,加权Top20+新高+抗住且相对强,元件、共封装光学(CPO)、燃料电池
885775.TI,燃料电池,电力设备,3,后续回流,2026-04-14,2026-04-15,2026-04-29,电子/电力设备/通信,688733.SH,壹石通,兑现掉队,6.48,3.24,11.66,,6,抗住且相对强,1.58,-0.95,-1.95,0,加权Top20+双红>=3+抗住且相对强,PCB、先进封装、存储芯片、燃料电池、芯片、钠离子电池
885775.TI,燃料电池,电力设备,3,后续回流,2026-04-14,2026-04-15,2026-04-29,电子/电力设备/通信,300408.SZ,三环集团,兑现掉队,5.06,28.68,27.1,历史新高,3,抗住且相对强,1.93,26.93,25.55,0,加权Top20+新高+抗住且相对强,元件、共封装光学(CPO)、燃料电池
885775.TI,燃料电池,电力设备,3,后续回流,2026-04-14,2026-04-15,2026-04-29,电子/电力设备/通信,688106.SH,金宏气体,兑现掉队,7.64,14.12,28.71,,5,补跌但相对强,0.15,43.96,44.95,0,加权Top20+双红>=3+补跌但相对强,可控核聚变、存储芯片、氢能源、燃料电池、芯片
885775.TI,燃料电池,电力设备,3,后续回流,2026-04-14,2026-04-15,2026-04-29,电子/电力设备/通信,603026.SH,石大胜华,兑现掉队,10.0,14.01,37.43,60日新高,1,抗住且相对强,0.69,21.04,20.88,0,加权Top20+新高+抗住且相对强,燃料电池
885425.TI,特高压,电力设备,1,周期首发,2026-04-08,2026-04-09,2026-04-15,电子/电力设备/通信,000070.SZ,特发信息,兑现掉队,4.69,26.7,24.23,,6,抗住且相对强,9.0,-0.53,-9.58,0,加权Top20+双红>=3+抗住且相对强,6G、光伏、光纤、共封装光学(CPO)、特高压、通信设备
885425.TI,特高压,电力设备,1,周期首发,2026-04-08,2026-04-09,2026-04-15,电子/电力设备/通信,600498.SH,烽火通信,兑现掉队,5.0,61.83,39.32,,8,抗住且相对强,6.21,-5.4,-11.77,0,加权Top20+双红>=3+抗住且相对强,6G、MCU芯片、光纤、共封装光学(CPO)、液冷服务器、特高压、芯片、通信设备
885425.TI,特高压,电力设备,1,周期首发,2026-04-08,2026-04-09,2026-04-15,电子/电力设备/通信,600869.SH,远东股份,兑现掉队,10.01,20.51,45.33,历史新高,13,抗住且相对强,1.52,-2.84,-3.75,0,加权Top20+新高+抗住且相对强,储能、光伏、光纤、可控核聚变、固态电池、液冷服务器、特高压、电网设备、芯片、钠离子电池、铜缆高速连接、雅下水电、风电
885425.TI,特高压,电力设备,1,周期首发,2026-04-08,2026-04-09,2026-04-15,电子/电力设备/通信,300617.SZ,安靠智电,兑现掉队,10.35,4.94,23.0,,6,抗住且相对强,1.18,3.62,2.98,0,加权Top20+双红>=3+抗住且相对强,储能、光伏、特高压、电网设备、虚拟电厂、风电
885425.TI,特高压,电力设备,1,周期首发,2026-04-08,2026-04-09,2026-04-15,电子/电力设备/通信,601126.SH,四方股份,兑现掉队,9.65,13.99,36.09,,8,抗住且相对强,0.64,2.97,2.9,0,加权Top20+双红>=3+抗住且相对强,储能、光伏、氢能源、特高压、电网设备、虚拟电厂、雅下水电、风电
885425.TI,特高压,电力设备,1,周期首发,2026-04-08,2026-04-09,2026-04-15,电子/电力设备/通信,600268.SH,国电南自,兑现掉队,7.71,7.04,20.46,,6,抗住且相对强,1.73,6.82,5.59,0,加权Top20+双红>=3+抗住且相对强,储能、特高压、电网设备、虚拟电厂、雅下水电、风电
885425.TI,特高压,电力设备,1,周期首发,2026-04-08,2026-04-09,2026-04-15,电子/电力设备/通信,002202.SZ,金风科技,兑现掉队,4.15,65.61,33.62,,4,抗住且相对强,0.57,4.95,4.95,0,加权Top20+双红>=3+抗住且相对强,储能、氢能源、特高压、风电
885425.TI,特高压,电力设备,1,周期首发,2026-04-08,2026-04-09,2026-04-15,电子/电力设备/通信,002409.SZ,雅克科技,兑现掉队,6.71,9.63,20.82,,5,抗住且相对强,0.41,2.86,1.94,0,加权Top20+双红>=3+抗住且相对强,先进封装、半导体、存储芯片、特高压、芯片
885425.TI,特高压,电力设备,2,后续回流,2026-04-15,2026-04-16,2026-04-20,电子/电力设备/通信,605222.SH,起帆电缆,兑现掉队,10.02,5.88,24.3,3年新高,2,抗住且相对强,0.72,21.09,17.4,0,加权Top20+新高+抗住且相对强,特高压、电网设备
885425.TI,特高压,电力设备,2,后续回流,2026-04-15,2026-04-16,2026-04-20,电子/电力设备/通信,001208.SZ,华菱线缆,兑现掉队,10.03,9.27,30.54,20日新高,2,抗住且相对强,1.32,6.78,2.93,0,加权Top20+新高+抗住且相对强,特高压、电网设备
885425.TI,特高压,电力设备,5,后续回流,2026-05-11,2026-05-12,2026-05-25,电子/电力设备/通信,601126.SH,四方股份,兑现掉队,7.2,22.12,33.86,历史新高,8,抗住且相对强,8.72,17.52,9.15,0,加权Top20+新高+抗住且相对强,储能、光伏、氢能源、特高压、电网设备、虚拟电厂、雅下水电、风电
885425.TI,特高压,电力设备,5,后续回流,2026-05-11,2026-05-12,2026-05-25,电子/电力设备/通信,605222.SH,起帆电缆,兑现掉队,8.03,10.37,25.86,历史新高,6,抗住且相对强,1.25,-16.76,-16.93,0,加权Top20+新高+抗住且相对强,储能、光伏、可控核聚变、特高压、电网设备、风电
885425.TI,特高压,电力设备,5,后续回流,2026-05-11,2026-05-12,2026-05-25,电子/电力设备/通信,600869.SH,远东股份,兑现掉队,9.98,25.23,50.13,历史新高,11,抗住且相对强,11.04,0.86,-8.3,0,加权Top20+新高+抗住且相对强,储能、光伏、光纤、可控核聚变、液冷服务器、特高压、电网设备、芯片、铜缆高速连接、雅下水电、风电
885425.TI,特高压,电力设备,5,后续回流,2026-05-11,2026-05-12,2026-05-25,电子/电力设备/通信,601179.SH,中国西电,兑现掉队,5.29,57.39,40.08,,8,抗住且相对强,7.13,-8.01,-13.28,0,加权Top20+双红>=3+抗住且相对强,储能、光伏、可控核聚变、特高压、电网设备、芯片、超级电容、风电
885425.TI,特高压,电力设备,5,后续回流,2026-05-11,2026-05-12,2026-05-25,电子/电力设备/通信,600089.SH,特变电工,兑现掉队,2.87,70.86,24.16,,7,抗住且相对强,4.48,-5.08,-8.22,0,加权Top20+双红>=3+抗住且相对强,储能、光伏、特高压、虚拟电厂、雅下水电、风电、高压快充
885425.TI,特高压,电力设备,5,后续回流,2026-05-11,2026-05-12,2026-05-25,电子/电力设备/通信,600406.SH,国电南瑞,兑现掉队,2.95,66.48,24.05,20日新高,8,抗住且相对强,1.24,-2.2,-2.38,0,加权Top20+新高+抗住且相对强,储能、光伏、氢能源、特高压、电网设备、芯片、虚拟电厂、雅下水电
881281.TI,电池,电力设备,1,周期首发,2026-04-08,2026-04-09,2026-04-10,电子/电力设备/通信,300014.SZ,亿纬锂能,延续核心,5.88,46.41,40.06,,6,抗住且相对强,1.91,7.52,6.1,0,加权Top20+双红>=3+抗住且相对强,储能、固态电池、氢能源、燃料电池、电池、钠离子电池
881281.TI,电池,电力设备,1,周期首发,2026-04-08,2026-04-09,2026-04-10,电子/电力设备/通信,300750.SZ,宁德时代,延续核心,1.74,143.15,20.82,,4,补跌但相对强,0.24,6.31,6.67,0,加权Top20+双红>=3+补跌但相对强,储能、固态电池、电池、钠离子电池
881281.TI,电池,电力设备,1,周期首发,2026-04-08,2026-04-09,2026-04-10,电子/电力设备/通信,300037.SZ,新宙邦,兑现掉队,5.81,11.93,20.07,,6,抗住且相对强,3.57,9.36,6.18,0,加权Top20+双红>=3+抗住且相对强,先进封装、固态电池、液冷服务器、电池、芯片、钠离子电池
881281.TI,电池,电力设备,2,后续回流,2026-04-10,2026-04-13,2026-04-16,电子/电力设备/通信,000049.SZ,德赛电池,兑现掉队,5.58,7.34,15.12,,7,抗住且相对强,0.08,1.64,0.33,0,加权Top20+双红>=3+抗住且相对强,AI眼镜、储能、华为手机、固态电池、电池、钠离子电池、锂电池
881281.TI,电池,电力设备,2,后续回流,2026-04-10,2026-04-13,2026-04-16,电子/电力设备/通信,002733.SZ,雄韬股份,兑现掉队,10.0,12.39,35.2,3年新高,6,抗住且相对强,0.76,6.38,4.31,0,加权Top20+新高+抗住且相对强,储能、固态电池、氢能源、燃料电池、电池、钠离子电池
881281.TI,电池,电力设备,2,后续回流,2026-04-10,2026-04-13,2026-04-16,电子/电力设备/通信,688275.SH,万润新能,兑现掉队,9.49,10.41,30.62,,4,抗住且相对强,0.46,5.05,3.32,0,加权Top20+双红>=3+抗住且相对强,储能、固态电池、电池、钠离子电池
881281.TI,电池,电力设备,2,后续回流,2026-04-10,2026-04-13,2026-04-16,电子/电力设备/通信,300390.SZ,天华新能,延续核心,10.16,69.79,84.88,3年新高,5,抗住且相对强,16.2,25.45,6.83,0,加权Top20+新高+抗住且相对强,储能、固态电池、存储芯片、电池、芯片
881281.TI,电池,电力设备,2,后续回流,2026-04-10,2026-04-13,2026-04-16,电子/电力设备/通信,600884.SH,杉杉股份,兑现掉队,5.79,22.68,27.57,20日新高,5,抗住且相对强,1.21,-0.41,-2.77,0,加权Top20+新高+抗住且相对强,储能、光伏、固态电池、电池、钠离子电池
881281.TI,电池,电力设备,2,后续回流,2026-04-10,2026-04-13,2026-04-16,电子/电力设备/通信,002245.SZ,蔚蓝锂芯,兑现掉队,2.41,24.44,11.91,20日新高,6,抗住且相对强,0.19,3.66,2.22,0,加权Top20+新高+抗住且相对强,储能、固态电池、电池、芯片、钠离子电池、锂电池
881281.TI,电池,电力设备,2,后续回流,2026-04-10,2026-04-13,2026-04-16,电子/电力设备/通信,002074.SZ,国轩高科,兑现掉队,10.01,40.36,63.59,,6,抗住且相对强,0.56,2.5,0.71,0,加权Top20+双红>=3+抗住且相对强,储能、固态电池、电池、钠离子电池、锂电池、高压快充
881281.TI,电池,电力设备,2,后续回流,2026-04-10,2026-04-13,2026-04-16,电子/电力设备/通信,002580.SZ,圣阳股份,延续核心,10.03,34.65,59.04,,5,抗住且相对强,8.79,46.47,33.14,0,加权Top20+双红>=3+抗住且相对强,储能、固态电池、液冷服务器、电池、钠离子电池
881281.TI,电池,电力设备,2,后续回流,2026-04-10,2026-04-13,2026-04-16,电子/电力设备/通信,300450.SZ,先导智能,兑现掉队,4.04,36.69,24.47,20日新高,7,抗住且相对强,0.5,2.58,0.85,0,加权Top20+新高+抗住且相对强,储能、光伏、固态电池、氢能源、燃料电池、电池、钠离子电池
881281.TI,电池,电力设备,2,后续回流,2026-04-10,2026-04-13,2026-04-16,电子/电力设备/通信,300014.SZ,亿纬锂能,兑现掉队,6.1,73.67,52.36,,7,抗住且相对强,0.14,2.75,1.37,0,加权Top20+双红>=3+抗住且相对强,储能、固态电池、氢能源、燃料电池、电池、钠离子电池、锂电池
881281.TI,电池,电力设备,2,后续回流,2026-04-10,2026-04-13,2026-04-16,电子/电力设备/通信,300919.SZ,中伟新材,兑现掉队,2.6,13.68,9.62,,4,抗住且相对强,2.57,7.54,3.61,0,加权Top20+双红>=3+抗住且相对强,储能、固态电池、电池、钠离子电池
881281.TI,电池,电力设备,2,后续回流,2026-04-10,2026-04-13,2026-04-16,电子/电力设备/通信,688499.SH,利元亨,兑现掉队,5.72,3.11,10.09,,7,抗住且相对强,0.93,2.92,0.75,0,加权Top20+双红>=3+抗住且相对强,储能、光伏、固态电池、氢能源、燃料电池、电池、钠离子电池
881281.TI,电池,电力设备,2,后续回流,2026-04-10,2026-04-13,2026-04-16,电子/电力设备/通信,300438.SZ,鹏辉能源,延续核心,7.1,29.92,38.84,,7,抗住且相对强,2.82,19.94,15.28,0,加权Top20+双红>=3+抗住且相对强,储能、固态电池、燃料电池、电池、虚拟电厂、钠离子电池、锂电池
881281.TI,电池,电力设备,2,后续回流,2026-04-10,2026-04-13,2026-04-16,电子/电力设备/通信,603659.SH,璞泰来,兑现掉队,5.45,30.29,29.99,,6,抗住且相对强,1.69,6.51,3.49,0,加权Top20+双红>=3+抗住且相对强,储能、固态电池、氢能源、电池、芯片、钠离子电池
881281.TI,电池,电力设备,2,后续回流,2026-04-10,2026-04-13,2026-04-16,电子/电力设备/通信,300769.SZ,德方纳米,延续核心,5.84,14.2,22.01,,3,抗住且相对强,0.94,6.65,4.4,0,加权Top20+双红>=3+抗住且相对强,储能、固态电池、电池
881281.TI,电池,电力设备,2,后续回流,2026-04-10,2026-04-13,2026-04-16,电子/电力设备/通信,601311.SH,骆驼股份,兑现掉队,5.17,6.46,13.14,60日新高,6,抗住且相对强,0.28,3.01,1.48,0,加权Top20+新高+抗住且相对强,储能、固态电池、氢能源、燃料电池、电池、钠离子电池
881281.TI,电池,电力设备,2,后续回流,2026-04-10,2026-04-13,2026-04-16,电子/电力设备/通信,002340.SZ,格林美,兑现掉队,1.89,13.32,6.9,,6,抗住且相对强,0.02,2.72,1.47,0,加权Top20+双红>=3+抗住且相对强,储能、固态电池、氢能源、燃料电池、电池、钠离子电池
881281.TI,电池,电力设备,2,后续回流,2026-04-10,2026-04-13,2026-04-16,电子/电力设备/通信,688063.SH,派能科技,兑现掉队,3.52,10.17,11.23,,5,抗住且相对强,0.25,5.43,3.91,0,加权Top20+双红>=3+抗住且相对强,储能、固态电池、电池、钠离子电池、锂电池
881281.TI,电池,电力设备,2,后续回流,2026-04-10,2026-04-13,2026-04-16,电子/电力设备/通信,300750.SZ,宁德时代,兑现掉队,6.67,207.52,96.09,,5,抗住且相对强,1.46,9.13,6.29,0,加权Top20+双红>=3+抗住且相对强,储能、固态电池、电池、钠离子电池、锂电池
881281.TI,电池,电力设备,2,后续回流,2026-04-10,2026-04-13,2026-04-16,电子/电力设备/通信,688353.SH,华盛锂电,兑现掉队,3.28,8.85,9.76,,4,抗住且相对强,2.08,2.74,-0.54,0,加权Top20+双红>=3+抗住且相对强,储能、固态电池、电池、钠离子电池
881281.TI,电池,电力设备,2,后续回流,2026-04-10,2026-04-13,2026-04-16,电子/电力设备/通信,688148.SH,芳源股份,兑现掉队,5.41,2.11,7.86,,3,抗住且相对强,2.74,9.91,5.72,0,加权Top20+双红>=3+抗住且相对强,固态电池、电池、芯片
881281.TI,电池,电力设备,2,后续回流,2026-04-10,2026-04-13,2026-04-16,电子/电力设备/通信,301487.SZ,盟固利,兑现掉队,3.71,3.91,7.34,,3,抗住且相对强,0.8,4.99,2.9,0,加权Top20+双红>=3+抗住且相对强,固态电池、电池、钠离子电池
881281.TI,电池,电力设备,2,后续回流,2026-04-10,2026-04-13,2026-04-16,电子/电力设备/通信,301292.SZ,海科新源,兑现掉队,5.0,25.49,25.24,,3,抗住且相对强,2.94,8.73,4.38,0,加权Top20+双红>=3+抗住且相对强,固态电池、电池、钠离子电池
881281.TI,电池,电力设备,3,后续回流,2026-04-16,2026-04-17,2026-04-21,电子/电力设备/通信,002580.SZ,圣阳股份,兑现掉队,10.01,18.31,42.83,历史新高,1,抗住且相对强,10.03,6.83,-2.88,0,加权Top20+新高+抗住且相对强,电池
881281.TI,电池,电力设备,3,后续回流,2026-04-16,2026-04-17,2026-04-21,电子/电力设备/通信,300390.SZ,天华新能,兑现掉队,11.37,88.71,107.09,3年新高,1,抗住且相对强,2.49,0.15,-2.26,0,加权Top20+新高+抗住且相对强,电池
881281.TI,电池,电力设备,3,后续回流,2026-04-16,2026-04-17,2026-04-21,电子/电力设备/通信,300438.SZ,鹏辉能源,兑现掉队,9.05,44.44,60.33,3年新高,2,抗住且相对强,0.61,-2.13,-2.7,0,加权Top20+新高+抗住且相对强,电池、锂电池
881281.TI,电池,电力设备,3,后续回流,2026-04-16,2026-04-17,2026-04-21,电子/电力设备/通信,603032.SH,德新科技,兑现掉队,9.98,6.79,26.01,60日新高,1,抗住且相对强,2.78,2.62,-0.13,0,加权Top20+新高+抗住且相对强,电池
881281.TI,电池,电力设备,3,后续回流,2026-04-16,2026-04-17,2026-04-21,电子/电力设备/通信,603906.SH,龙蟠科技,兑现掉队,10.01,5.86,24.23,3年新高,1,抗住且相对强,3.78,3.87,0.12,0,加权Top20+新高+抗住且相对强,电池
881281.TI,电池,电力设备,3,后续回流,2026-04-16,2026-04-17,2026-04-21,电子/电力设备/通信,300953.SZ,震裕科技,兑现掉队,10.07,27.0,52.33,历史新高,2,抗住且相对强,0.32,4.77,4.46,0,加权Top20+新高+抗住且相对强,电池、锂电池
881281.TI,电池,电力设备,3,后续回流,2026-04-16,2026-04-17,2026-04-21,电子/电力设备/通信,300410.SZ,正业科技,兑现掉队,7.24,5.82,17.47,20日新高,1,抗住且相对强,1.9,4.98,3.06,0,加权Top20+新高+抗住且相对强,电池
881281.TI,电池,电力设备,3,后续回流,2026-04-16,2026-04-17,2026-04-21,电子/电力设备/通信,300769.SZ,德方纳米,兑现掉队,4.13,12.55,14.63,60日新高,1,补跌但相对强,0.01,1.54,1.57,0,加权Top20+新高+补跌但相对强,电池
881281.TI,电池,电力设备,3,后续回流,2026-04-16,2026-04-17,2026-04-21,电子/电力设备/通信,920809.BJ,安达科技,兑现掉队,7.82,3.28,14.16,60日新高,1,抗住且相对强,3.23,,,0,加权Top20+新高+抗住且相对强,电池
881278.TI,电网设备,电力设备,1,周期首发,2026-04-08,2026-04-09,2026-04-15,电子/电力设备/通信,600869.SH,远东股份,兑现掉队,10.01,20.51,45.33,历史新高,13,抗住且相对强,1.52,-2.84,-3.75,0,加权Top20+新高+抗住且相对强,储能、光伏、光纤、可控核聚变、固态电池、液冷服务器、特高压、电网设备、芯片、钠离子电池、铜缆高速连接、雅下水电、风电
881278.TI,电网设备,电力设备,1,周期首发,2026-04-08,2026-04-09,2026-04-15,电子/电力设备/通信,688676.SH,金盘科技,兑现掉队,14.53,18.69,62.82,,5,抗住且相对强,5.16,5.49,0.86,0,加权Top20+双红>=3+抗住且相对强,储能、光伏、电网设备、雅下水电、风电
881278.TI,电网设备,电力设备,1,周期首发,2026-04-08,2026-04-09,2026-04-15,电子/电力设备/通信,301291.SZ,明阳电气,兑现掉队,10.45,7.09,27.83,,5,补跌但相对强,0.19,1.87,2.25,0,加权Top20+双红>=3+补跌但相对强,储能、光伏、氢能源、电网设备、风电
881278.TI,电网设备,电力设备,1,周期首发,2026-04-08,2026-04-09,2026-04-15,电子/电力设备/通信,300617.SZ,安靠智电,兑现掉队,10.35,4.94,23.0,,6,抗住且相对强,1.18,3.62,2.98,0,加权Top20+双红>=3+抗住且相对强,储能、光伏、特高压、电网设备、虚拟电厂、风电
881278.TI,电网设备,电力设备,1,周期首发,2026-04-08,2026-04-09,2026-04-15,电子/电力设备/通信,601126.SH,四方股份,兑现掉队,9.65,13.99,36.09,,8,抗住且相对强,0.64,2.97,2.9,0,加权Top20+双红>=3+抗住且相对强,储能、光伏、氢能源、特高压、电网设备、虚拟电厂、雅下水电、风电
881278.TI,电网设备,电力设备,1,周期首发,2026-04-08,2026-04-09,2026-04-15,电子/电力设备/通信,600268.SH,国电南自,兑现掉队,7.71,7.04,20.46,,6,抗住且相对强,1.73,6.82,5.59,0,加权Top20+双红>=3+抗住且相对强,储能、特高压、电网设备、虚拟电厂、雅下水电、风电
881278.TI,电网设备,电力设备,2,后续回流,2026-04-15,2026-04-16,2026-04-20,电子/电力设备/通信,605222.SH,起帆电缆,兑现掉队,10.02,5.88,24.3,3年新高,2,抗住且相对强,0.72,21.09,17.4,0,加权Top20+新高+抗住且相对强,特高压、电网设备
881278.TI,电网设备,电力设备,2,后续回流,2026-04-15,2026-04-16,2026-04-20,电子/电力设备/通信,001208.SZ,华菱线缆,兑现掉队,10.03,9.27,30.54,20日新高,2,抗住且相对强,1.32,6.78,2.93,0,加权Top20+新高+抗住且相对强,特高压、电网设备
881278.TI,电网设备,电力设备,2,后续回流,2026-04-15,2026-04-16,2026-04-20,电子/电力设备/通信,603897.SH,长城科技,兑现掉队,7.28,9.41,22.33,3年新高,1,抗住且相对强,7.58,10.24,0.22,0,加权Top20+新高+抗住且相对强,电网设备
881278.TI,电网设备,电力设备,5,后续回流,2026-05-11,2026-05-12,2026-05-12,电子/电力设备/通信,300477.SZ,ST合纵,兑现掉队,11.79,2.86,19.94,20日新高,3,抗住且相对强,1.37,0.32,0.0,0,加权Top20+新高+抗住且相对强,储能、光伏、电网设备
881278.TI,电网设备,电力设备,5,后续回流,2026-05-11,2026-05-12,2026-05-12,电子/电力设备/通信,601126.SH,四方股份,延续核心,7.2,22.12,33.86,历史新高,8,抗住且相对强,8.72,7.67,0.0,0,加权Top20+新高+抗住且相对强,储能、光伏、氢能源、特高压、电网设备、虚拟电厂、雅下水电、风电
881278.TI,电网设备,电力设备,5,后续回流,2026-05-11,2026-05-12,2026-05-12,电子/电力设备/通信,605222.SH,起帆电缆,兑现掉队,8.03,10.37,25.86,历史新高,6,抗住且相对强,1.25,0.2,0.0,0,加权Top20+新高+抗住且相对强,储能、光伏、可控核聚变、特高压、电网设备、风电
881278.TI,电网设备,电力设备,5,后续回流,2026-05-11,2026-05-12,2026-05-12,电子/电力设备/通信,600869.SH,远东股份,兑现掉队,9.98,25.23,50.13,历史新高,11,抗住且相对强,11.04,9.99,0.0,0,加权Top20+新高+抗住且相对强,储能、光伏、光纤、可控核聚变、液冷服务器、特高压、电网设备、芯片、铜缆高速连接、雅下水电、风电
881278.TI,电网设备,电力设备,5,后续回流,2026-05-11,2026-05-12,2026-05-12,电子/电力设备/通信,601179.SH,中国西电,兑现掉队,5.29,57.39,40.08,,8,抗住且相对强,7.13,6.08,0.0,0,加权Top20+双红>=3+抗住且相对强,储能、光伏、可控核聚变、特高压、电网设备、芯片、超级电容、风电
881278.TI,电网设备,电力设备,5,后续回流,2026-05-11,2026-05-12,2026-05-12,电子/电力设备/通信,600406.SH,国电南瑞,兑现掉队,2.95,66.48,24.05,20日新高,8,抗住且相对强,1.24,0.19,0.0,0,加权Top20+新高+抗住且相对强,储能、光伏、氢能源、特高压、电网设备、芯片、虚拟电厂、雅下水电
881278.TI,电网设备,电力设备,6,后续回流,2026-05-12,2026-05-13,2026-05-13,电子/电力设备/通信,300265.SZ,通光线缆,兑现掉队,20.0,21.95,93.7,3年新高,1,抗住且相对强,8.38,10.12,0.0,0,加权Top20+新高+抗住且相对强,电网设备
881278.TI,电网设备,电力设备,6,后续回流,2026-05-12,2026-05-13,2026-05-13,电子/电力设备/通信,601126.SH,四方股份,兑现掉队,7.67,22.15,36.1,历史新高,1,抗住且相对强,8.26,10.0,0.0,0,加权Top20+新高+抗住且相对强,电网设备
881278.TI,电网设备,电力设备,6,后续回流,2026-05-12,2026-05-13,2026-05-13,电子/电力设备/通信,920046.BJ,亿能电力,兑现掉队,10.25,4.69,22.2,20日新高,1,抗住且相对强,6.24,,,0,加权Top20+新高+抗住且相对强,电网设备
881278.TI,电网设备,电力设备,6,后续回流,2026-05-12,2026-05-13,2026-05-13,电子/电力设备/通信,301361.SZ,众智科技,兑现掉队,8.92,3.33,16.28,20日新高,1,抗住且相对强,1.04,2.78,0.0,0,加权Top20+新高+抗住且相对强,电网设备
881278.TI,电网设备,电力设备,6,后续回流,2026-05-12,2026-05-13,2026-05-13,电子/电力设备/通信,002346.SZ,柘中股份,兑现掉队,9.99,1.95,13.95,20日新高,1,抗住且相对强,3.17,4.91,0.0,0,加权Top20+新高+抗住且相对强,电网设备
881278.TI,电网设备,电力设备,6,后续回流,2026-05-12,2026-05-13,2026-05-13,电子/电力设备/通信,002498.SZ,汉缆股份,兑现掉队,10.0,28.46,53.35,20日新高,1,抗住且相对强,8.25,9.99,0.0,0,加权Top20+新高+抗住且相对强,电网设备
881278.TI,电网设备,电力设备,6,后续回流,2026-05-12,2026-05-13,2026-05-13,电子/电力设备/通信,688663.SH,新风光,延续核心,12.29,7.78,34.28,历史新高,1,抗住且相对强,9.3,11.04,0.0,0,加权Top20+新高+抗住且相对强,电网设备
881278.TI,电网设备,电力设备,6,后续回流,2026-05-12,2026-05-13,2026-05-13,电子/电力设备/通信,300001.SZ,特锐德,延续核心,8.63,24.81,42.99,20日新高,1,抗住且相对强,3.22,4.96,0.0,0,加权Top20+新高+抗住且相对强,电网设备
881278.TI,电网设备,电力设备,6,后续回流,2026-05-12,2026-05-13,2026-05-13,电子/电力设备/通信,300062.SZ,中能电气,兑现掉队,6.34,5.7,15.14,20日新高,1,抗住且相对强,3.15,4.89,0.0,0,加权Top20+新高+抗住且相对强,电网设备
881278.TI,电网设备,电力设备,6,后续回流,2026-05-12,2026-05-13,2026-05-13,电子/电力设备/通信,002112.SZ,三变科技,兑现掉队,5.02,11.17,16.78,20日新高,1,抗住且相对强,3.31,5.05,0.0,0,加权Top20+新高+抗住且相对强,电网设备
881278.TI,电网设备,电力设备,7,后续回流,2026-05-13,2026-05-14,2026-05-19,电子/电力设备/通信,688663.SH,新风光,延续核心,11.04,9.39,33.83,历史新高,1,抗住且相对强,6.76,18.15,13.82,0,加权Top20+新高+抗住且相对强,电网设备
881278.TI,电网设备,电力设备,7,后续回流,2026-05-13,2026-05-14,2026-05-19,电子/电力设备/通信,300001.SZ,特锐德,兑现掉队,4.96,27.54,26.03,3年新高,2,抗住且相对强,11.1,15.57,6.87,0,加权Top20+新高+抗住且相对强,电网设备、虚拟电厂
881278.TI,电网设备,电力设备,7,后续回流,2026-05-13,2026-05-14,2026-05-19,电子/电力设备/通信,600406.SH,国电南瑞,兑现掉队,4.16,68.85,34.52,20日新高,3,补跌但相对强,0.27,-3.75,-1.1,0,加权Top20+新高+补跌但相对强,电网设备、虚拟电厂、雅下水电
886004.TI,虚拟电厂,电力设备,1,周期首发,2026-04-08,2026-04-09,2026-04-10,电子/电力设备/通信,002929.SZ,润建股份,兑现掉队,10.0,12.86,35.86,,4,抗住且相对强,1.83,-0.69,-3.43,0,加权Top20+双红>=3+抗住且相对强,MR(混合现实)、储能、光伏、虚拟电厂
886004.TI,虚拟电厂,电力设备,1,周期首发,2026-04-08,2026-04-09,2026-04-10,电子/电力设备/通信,300617.SZ,安靠智电,兑现掉队,10.35,4.94,23.0,,6,抗住且相对强,1.18,2.39,1.76,0,加权Top20+双红>=3+抗住且相对强,储能、光伏、特高压、电网设备、虚拟电厂、风电
886004.TI,虚拟电厂,电力设备,1,周期首发,2026-04-08,2026-04-09,2026-04-10,电子/电力设备/通信,601126.SH,四方股份,兑现掉队,9.65,13.99,36.09,,8,抗住且相对强,0.64,-0.23,-0.3,0,加权Top20+双红>=3+抗住且相对强,储能、光伏、氢能源、特高压、电网设备、虚拟电厂、雅下水电、风电
886004.TI,虚拟电厂,电力设备,1,周期首发,2026-04-08,2026-04-09,2026-04-10,电子/电力设备/通信,600268.SH,国电南自,兑现掉队,7.71,7.04,20.46,,6,抗住且相对强,1.73,1.64,0.47,0,加权Top20+双红>=3+抗住且相对强,储能、特高压、电网设备、虚拟电厂、雅下水电、风电
886004.TI,虚拟电厂,电力设备,2,后续回流,2026-04-10,2026-04-13,2026-04-14,电子/电力设备/通信,002364.SZ,中恒电气,延续核心,9.99,1.19,10.9,20日新高,4,抗住且相对强,8.77,20.99,9.99,0,加权Top20+新高+抗住且相对强,储能、氢能源、虚拟电厂、高压快充
886004.TI,虚拟电厂,电力设备,2,后续回流,2026-04-10,2026-04-13,2026-04-14,电子/电力设备/通信,300438.SZ,鹏辉能源,兑现掉队,7.1,29.92,38.84,,7,抗住且相对强,2.82,15.27,10.79,0,加权Top20+双红>=3+抗住且相对强,储能、固态电池、燃料电池、电池、虚拟电厂、钠离子电池、锂电池
886004.TI,虚拟电厂,电力设备,2,后续回流,2026-04-10,2026-04-13,2026-04-14,电子/电力设备/通信,688717.SH,艾罗能源,兑现掉队,7.07,15.53,27.86,,4,抗住且相对强,1.75,-0.25,-3.13,0,加权Top20+双红>=3+抗住且相对强,储能、光伏、光伏设备、虚拟电厂
886004.TI,虚拟电厂,电力设备,2,后续回流,2026-04-10,2026-04-13,2026-04-14,电子/电力设备/通信,300490.SZ,华自科技,兑现掉队,2.98,4.71,6.47,,6,抗住且相对强,2.98,7.26,2.94,0,加权Top20+双红>=3+抗住且相对强,储能、光伏、固态电池、虚拟电厂、钠离子电池、高压快充
886004.TI,虚拟电厂,电力设备,2,后续回流,2026-04-10,2026-04-13,2026-04-14,电子/电力设备/通信,300274.SZ,阳光电源,兑现掉队,5.65,136.83,66.09,,5,抗住且相对强,1.42,6.63,3.89,0,加权Top20+双红>=3+抗住且相对强,储能、光伏、光伏设备、氢能源、虚拟电厂
886004.TI,虚拟电厂,电力设备,2,后续回流,2026-04-10,2026-04-13,2026-04-14,电子/电力设备/通信,688390.SH,固德威,兑现掉队,4.55,11.83,15.65,,4,抗住且相对强,3.32,4.68,0.13,0,加权Top20+双红>=3+抗住且相对强,储能、光伏、光伏设备、虚拟电厂
886004.TI,虚拟电厂,电力设备,3,后续回流,2026-04-14,2026-04-15,2026-05-06,电子/电力设备/通信,002929.SZ,润建股份,兑现掉队,4.98,21.72,23.21,1年新高,2,补跌但相对强,0.55,8.07,8.93,0,加权Top20+新高+补跌但相对强,MR(混合现实)、虚拟电厂
886004.TI,虚拟电厂,电力设备,3,后续回流,2026-04-14,2026-04-15,2026-05-06,电子/电力设备/通信,002364.SZ,中恒电气,兑现掉队,9.99,36.3,60.19,历史新高,2,抗住且相对强,2.7,5.6,3.39,0,加权Top20+新高+抗住且相对强,氢能源、虚拟电厂
886004.TI,虚拟电厂,电力设备,5,后续回流,2026-05-11,2026-05-12,2026-05-13,电子/电力设备/通信,300393.SZ,中来股份,兑现掉队,5.71,10.59,18.58,20日新高,6,补跌但相对强,0.08,0.32,1.3,0,加权Top20+新高+补跌但相对强,BC电池、TOPCON电池、光伏、光伏设备、虚拟电厂、钙钛矿电池
886004.TI,虚拟电厂,电力设备,5,后续回流,2026-05-11,2026-05-12,2026-05-13,电子/电力设备/通信,601126.SH,四方股份,兑现掉队,7.2,22.12,33.86,历史新高,8,抗住且相对强,8.72,18.44,10.0,0,加权Top20+新高+抗住且相对强,储能、光伏、氢能源、特高压、电网设备、虚拟电厂、雅下水电、风电
886004.TI,虚拟电厂,电力设备,5,后续回流,2026-05-11,2026-05-12,2026-05-13,电子/电力设备/通信,300693.SZ,盛弘股份,兑现掉队,11.71,23.4,56.65,历史新高,3,抗住且相对强,6.51,17.31,11.24,0,加权Top20+新高+抗住且相对强,储能、虚拟电厂、高压快充
886004.TI,虚拟电厂,电力设备,5,后续回流,2026-05-11,2026-05-12,2026-05-13,电子/电力设备/通信,688390.SH,固德威,兑现掉队,6.76,15.48,26.6,2年新高,4,抗住且相对强,3.95,5.38,2.4,0,加权Top20+新高+抗住且相对强,储能、光伏、光伏设备、虚拟电厂
886004.TI,虚拟电厂,电力设备,5,后续回流,2026-05-11,2026-05-12,2026-05-13,电子/电力设备/通信,600089.SH,特变电工,兑现掉队,2.87,70.86,24.16,,7,抗住且相对强,4.48,4.11,0.66,0,加权Top20+双红>=3+抗住且相对强,储能、光伏、特高压、虚拟电厂、雅下水电、风电、高压快充
886004.TI,虚拟电厂,电力设备,5,后续回流,2026-05-11,2026-05-12,2026-05-13,电子/电力设备/通信,600406.SH,国电南瑞,延续核心,2.95,66.48,24.05,20日新高,8,抗住且相对强,1.24,4.36,4.16,0,加权Top20+新高+抗住且相对强,储能、光伏、氢能源、特高压、电网设备、芯片、虚拟电厂、雅下水电
886004.TI,虚拟电厂,电力设备,6,后续回流,2026-05-13,2026-05-14,2026-05-19,电子/电力设备/通信,000021.SZ,深科技,兑现掉队,7.12,55.76,53.17,20日新高,2,补跌但相对强,1.62,8.84,9.7,0,加权Top20+新高+补跌但相对强,消费电子、虚拟电厂
886004.TI,虚拟电厂,电力设备,6,后续回流,2026-05-13,2026-05-14,2026-05-19,电子/电力设备/通信,300001.SZ,特锐德,兑现掉队,4.96,27.54,26.03,3年新高,2,抗住且相对强,11.1,15.57,6.87,0,加权Top20+新高+抗住且相对强,电网设备、虚拟电厂
886004.TI,虚拟电厂,电力设备,6,后续回流,2026-05-13,2026-05-14,2026-05-19,电子/电力设备/通信,600406.SH,国电南瑞,兑现掉队,4.16,68.85,34.52,20日新高,3,补跌但相对强,0.27,-3.75,-1.1,0,加权Top20+新高+补跌但相对强,电网设备、虚拟电厂、雅下水电
886004.TI,虚拟电厂,电力设备,6,后续回流,2026-05-13,2026-05-14,2026-05-19,电子/电力设备/通信,603679.SH,华体科技,兑现掉队,10.02,3.06,17.53,60日新高,1,抗住且相对强,3.93,0.23,-1.28,0,加权Top20+新高+抗住且相对强,虚拟电厂
886004.TI,虚拟电厂,电力设备,6,后续回流,2026-05-13,2026-05-14,2026-05-19,电子/电力设备/通信,002364.SZ,中恒电气,兑现掉队,10.0,40.72,63.81,历史新高,1,抗住且相对强,3.65,9.24,8.47,0,加权Top20+新高+抗住且相对强,虚拟电厂
885886.TI,超级电容,电力设备,1,周期首发,2026-05-08,2026-05-11,2026-05-11,电子/电力设备/机械设备,002350.SZ,北京科锐,兑现掉队,4.7,9.45,14.45,历史新高,1,抗住且相对强,2.47,4.07,0.0,0,加权Top20+新高+抗住且相对强,超级电容
885886.TI,超级电容,电力设备,1,周期首发,2026-05-08,2026-05-11,2026-05-11,电子/电力设备/机械设备,000636.SZ,风华高科,延续核心,2.86,23.12,13.75,20日新高,1,抗住且相对强,5.28,10.01,0.0,0,加权Top20+新高+抗住且相对强,超级电容
885886.TI,超级电容,电力设备,2,后续回流,2026-05-11,2026-05-12,2026-05-19,电子/电力设备/通信,000636.SZ,风华高科,延续核心,10.01,20.34,45.14,3年新高,8,抗住且相对强,3.34,13.74,9.92,0,加权Top20+新高+抗住且相对强,AI眼镜、储能、元件、光伏、共封装光学(CPO)、液冷服务器、超级电容、高压快充
885886.TI,超级电容,电力设备,2,后续回流,2026-05-11,2026-05-12,2026-05-19,电子/电力设备/通信,601179.SH,中国西电,兑现掉队,5.29,57.39,40.08,,8,抗住且相对强,7.13,-2.76,-8.33,0,加权Top20+双红>=3+抗住且相对强,储能、光伏、可控核聚变、特高压、电网设备、芯片、超级电容、风电
885886.TI,超级电容,电力设备,3,后续回流,2026-05-19,2026-05-20,2026-05-20,电子/电力设备/机械设备,600563.SH,法拉电子,延续核心,10.0,19.16,43.77,3年新高,3,抗住且相对强,7.83,10.0,0.0,0,加权Top20+新高+抗住且相对强,元件、超级电容、高压快充
885886.TI,超级电容,电力设备,3,后续回流,2026-05-19,2026-05-20,2026-05-20,电子/电力设备/机械设备,000636.SZ,风华高科,延续核心,9.99,22.61,47.5,3年新高,3,抗住且相对强,2.87,5.04,0.0,0,加权Top20+新高+抗住且相对强,元件、超级电容、高压快充
885886.TI,超级电容,电力设备,4,后续回流,2026-05-20,2026-05-21,2026-05-25,电子/电力设备/机械设备,300037.SZ,新宙邦,兑现掉队,4.99,26.18,25.53,,5,补跌但相对强,0.91,0.71,2.83,0,加权Top20+双红>=3+补跌但相对强,固态电池、电池、电池化学品、超级电容、钠离子电池
885886.TI,超级电容,电力设备,4,后续回流,2026-05-20,2026-05-21,2026-05-25,电子/电力设备/机械设备,600563.SH,法拉电子,兑现掉队,10.0,12.4,35.21,3年新高,1,补跌但相对强,1.23,6.2,8.88,0,加权Top20+新高+补跌但相对强,超级电容
885886.TI,超级电容,电力设备,4,后续回流,2026-05-20,2026-05-21,2026-05-25,电子/电力设备/机械设备,000636.SZ,风华高科,延续核心,5.04,59.2,38.78,3年新高,1,抗住且相对强,4.28,21.71,20.99,0,加权Top20+新高+抗住且相对强,超级电容
886006.TI,钙钛矿电池,电力设备,1,周期首发,2026-04-08,2026-04-09,2026-04-20,电子/电力设备/通信,688150.SH,莱特光电,兑现掉队,13.66,9.14,41.3,历史新高,2,抗住且相对强,1.29,10.22,8.3,0,加权Top20+新高+抗住且相对强,PCB、钙钛矿电池
886006.TI,钙钛矿电池,电力设备,1,周期首发,2026-04-08,2026-04-09,2026-04-20,电子/电力设备/通信,601615.SH,明阳智能,兑现掉队,5.4,14.13,20.3,,6,补跌但相对强,0.14,5.49,5.94,0,加权Top20+双红>=3+补跌但相对强,储能、光伏、氢能源、芯片、钙钛矿电池、风电
886006.TI,钙钛矿电池,电力设备,5,后续回流,2026-05-11,2026-05-12,2026-05-19,电子/电力设备/通信,603773.SH,沃格光电,兑现掉队,10.01,20.35,45.16,历史新高,8,抗住且相对强,2.02,-11.62,-13.49,0,加权Top20+新高+抗住且相对强,6G、先进封装、光刻机、光学光电子、共封装光学(CPO)、存储芯片、芯片、钙钛矿电池
886006.TI,钙钛矿电池,电力设备,5,后续回流,2026-05-11,2026-05-12,2026-05-19,电子/电力设备/通信,300393.SZ,中来股份,兑现掉队,5.71,10.59,18.58,20日新高,6,补跌但相对强,0.08,-8.54,-7.65,0,加权Top20+新高+补跌但相对强,BC电池、TOPCON电池、光伏、光伏设备、虚拟电厂、钙钛矿电池
886006.TI,钙钛矿电池,电力设备,6,后续回流,2026-05-19,2026-05-20,2026-06-03,电子/电力设备/机械设备,301021.SZ,英诺激光,兑现掉队,15.31,15.99,61.22,历史新高,1,抗住且相对强,0.71,12.22,11.17,0,加权Top20+新高+抗住且相对强,钙钛矿电池
886006.TI,钙钛矿电池,电力设备,6,后续回流,2026-05-19,2026-05-20,2026-06-03,电子/电力设备/机械设备,000988.SZ,华工科技,兑现掉队,7.48,218.06,110.46,历史新高,2,抗住且相对强,2.93,-2.53,-5.53,0,加权Top20+新高+抗住且相对强,钙钛矿电池、高压快充
885928.TI,钠离子电池,电力设备,1,周期首发,2026-04-08,2026-04-09,2026-04-10,电子/电力设备/通信,600869.SH,远东股份,兑现掉队,10.01,20.51,45.33,历史新高,13,抗住且相对强,1.52,-1.45,-2.38,0,加权Top20+新高+抗住且相对强,储能、光伏、光纤、可控核聚变、固态电池、液冷服务器、特高压、电网设备、芯片、钠离子电池、铜缆高速连接、雅下水电、风电
885928.TI,钠离子电池,电力设备,1,周期首发,2026-04-08,2026-04-09,2026-04-10,电子/电力设备/通信,600482.SH,中国动力,延续核心,7.86,20.13,35.27,,6,抗住且相对强,5.6,15.54,10.01,0,加权Top20+双红>=3+抗住且相对强,储能、固态电池、氢能源、燃料电池、钠离子电池、风电
885928.TI,钠离子电池,电力设备,1,周期首发,2026-04-08,2026-04-09,2026-04-10,电子/电力设备/通信,300014.SZ,亿纬锂能,延续核心,5.88,46.41,40.06,,6,抗住且相对强,1.91,7.52,6.1,0,加权Top20+双红>=3+抗住且相对强,储能、固态电池、氢能源、燃料电池、电池、钠离子电池
885928.TI,钠离子电池,电力设备,1,周期首发,2026-04-08,2026-04-09,2026-04-10,电子/电力设备/通信,300750.SZ,宁德时代,延续核心,1.74,143.15,20.82,,4,补跌但相对强,0.24,6.31,6.67,0,加权Top20+双红>=3+补跌但相对强,储能、固态电池、电池、钠离子电池
885928.TI,钠离子电池,电力设备,1,周期首发,2026-04-08,2026-04-09,2026-04-10,电子/电力设备/通信,300037.SZ,新宙邦,兑现掉队,5.81,11.93,20.07,,6,抗住且相对强,3.57,9.36,6.18,0,加权Top20+双红>=3+抗住且相对强,先进封装、固态电池、液冷服务器、电池、芯片、钠离子电池
885928.TI,钠离子电池,电力设备,2,后续回流,2026-04-10,2026-04-13,2026-04-14,电子/电力设备/通信,000049.SZ,德赛电池,兑现掉队,5.58,7.34,15.12,,7,抗住且相对强,0.08,2.64,1.32,0,加权Top20+双红>=3+抗住且相对强,AI眼镜、储能、华为手机、固态电池、电池、钠离子电池、锂电池
885928.TI,钠离子电池,电力设备,2,后续回流,2026-04-10,2026-04-13,2026-04-14,电子/电力设备/通信,600482.SH,中国动力,兑现掉队,10.01,18.05,42.53,3年新高,5,抗住且相对强,0.66,-4.35,-6.12,0,加权Top20+新高+抗住且相对强,储能、固态电池、氢能源、燃料电池、钠离子电池
885928.TI,钠离子电池,电力设备,2,后续回流,2026-04-10,2026-04-13,2026-04-14,电子/电力设备/通信,002733.SZ,雄韬股份,兑现掉队,10.0,12.39,35.2,3年新高,6,抗住且相对强,0.76,4.76,2.72,0,加权Top20+新高+抗住且相对强,储能、固态电池、氢能源、燃料电池、电池、钠离子电池
885928.TI,钠离子电池,电力设备,2,后续回流,2026-04-10,2026-04-13,2026-04-14,电子/电力设备/通信,688275.SH,万润新能,兑现掉队,9.49,10.41,30.62,,4,抗住且相对强,0.46,6.0,4.25,0,加权Top20+双红>=3+抗住且相对强,储能、固态电池、电池、钠离子电池
885928.TI,钠离子电池,电力设备,2,后续回流,2026-04-10,2026-04-13,2026-04-14,电子/电力设备/通信,600884.SH,杉杉股份,兑现掉队,5.79,22.68,27.57,20日新高,5,抗住且相对强,1.21,4.19,1.71,0,加权Top20+新高+抗住且相对强,储能、光伏、固态电池、电池、钠离子电池
885928.TI,钠离子电池,电力设备,2,后续回流,2026-04-10,2026-04-13,2026-04-14,电子/电力设备/通信,002245.SZ,蔚蓝锂芯,兑现掉队,2.41,24.44,11.91,20日新高,6,抗住且相对强,0.19,2.62,1.19,0,加权Top20+新高+抗住且相对强,储能、固态电池、电池、芯片、钠离子电池、锂电池
885928.TI,钠离子电池,电力设备,2,后续回流,2026-04-10,2026-04-13,2026-04-14,电子/电力设备/通信,002074.SZ,国轩高科,兑现掉队,10.01,40.36,63.59,,6,抗住且相对强,0.56,2.86,1.06,0,加权Top20+双红>=3+抗住且相对强,储能、固态电池、电池、钠离子电池、锂电池、高压快充
885928.TI,钠离子电池,电力设备,2,后续回流,2026-04-10,2026-04-13,2026-04-14,电子/电力设备/通信,002580.SZ,圣阳股份,延续核心,10.03,34.65,59.04,,5,抗住且相对强,8.79,21.02,10.01,0,加权Top20+双红>=3+抗住且相对强,储能、固态电池、液冷服务器、电池、钠离子电池
885928.TI,钠离子电池,电力设备,2,后续回流,2026-04-10,2026-04-13,2026-04-14,电子/电力设备/通信,300450.SZ,先导智能,兑现掉队,4.04,36.69,24.47,20日新高,7,抗住且相对强,0.5,3.57,1.82,0,加权Top20+新高+抗住且相对强,储能、光伏、固态电池、氢能源、燃料电池、电池、钠离子电池
885928.TI,钠离子电池,电力设备,2,后续回流,2026-04-10,2026-04-13,2026-04-14,电子/电力设备/通信,300014.SZ,亿纬锂能,兑现掉队,6.1,73.67,52.36,,7,抗住且相对强,0.14,4.66,3.26,0,加权Top20+双红>=3+抗住且相对强,储能、固态电池、氢能源、燃料电池、电池、钠离子电池、锂电池
885928.TI,钠离子电池,电力设备,2,后续回流,2026-04-10,2026-04-13,2026-04-14,电子/电力设备/通信,300919.SZ,中伟新材,兑现掉队,2.6,13.68,9.62,,4,抗住且相对强,2.57,7.54,3.61,0,加权Top20+双红>=3+抗住且相对强,储能、固态电池、电池、钠离子电池
885928.TI,钠离子电池,电力设备,2,后续回流,2026-04-10,2026-04-13,2026-04-14,电子/电力设备/通信,688499.SH,利元亨,兑现掉队,5.72,3.11,10.09,,7,抗住且相对强,0.93,4.17,1.97,0,加权Top20+双红>=3+抗住且相对强,储能、光伏、固态电池、氢能源、燃料电池、电池、钠离子电池
885928.TI,钠离子电池,电力设备,2,后续回流,2026-04-10,2026-04-13,2026-04-14,电子/电力设备/通信,300438.SZ,鹏辉能源,兑现掉队,7.1,29.92,38.84,,7,抗住且相对强,2.82,15.27,10.79,0,加权Top20+双红>=3+抗住且相对强,储能、固态电池、燃料电池、电池、虚拟电厂、钠离子电池、锂电池
885928.TI,钠离子电池,电力设备,2,后续回流,2026-04-10,2026-04-13,2026-04-14,电子/电力设备/通信,603659.SH,璞泰来,兑现掉队,5.45,30.29,29.99,,6,抗住且相对强,1.69,4.49,1.53,0,加权Top20+双红>=3+抗住且相对强,储能、固态电池、氢能源、电池、芯片、钠离子电池
885928.TI,钠离子电池,电力设备,2,后续回流,2026-04-10,2026-04-13,2026-04-14,电子/电力设备/通信,601311.SH,骆驼股份,兑现掉队,5.17,6.46,13.14,60日新高,6,抗住且相对强,0.28,2.71,1.19,0,加权Top20+新高+抗住且相对强,储能、固态电池、氢能源、燃料电池、电池、钠离子电池
885928.TI,钠离子电池,电力设备,2,后续回流,2026-04-10,2026-04-13,2026-04-14,电子/电力设备/通信,300490.SZ,华自科技,兑现掉队,2.98,4.71,6.47,,6,抗住且相对强,2.98,7.26,2.94,0,加权Top20+双红>=3+抗住且相对强,储能、光伏、固态电池、虚拟电厂、钠离子电池、高压快充
885928.TI,钠离子电池,电力设备,2,后续回流,2026-04-10,2026-04-13,2026-04-14,电子/电力设备/通信,002340.SZ,格林美,兑现掉队,1.89,13.32,6.9,,6,抗住且相对强,0.02,2.6,1.34,0,加权Top20+双红>=3+抗住且相对强,储能、固态电池、氢能源、燃料电池、电池、钠离子电池
885928.TI,钠离子电池,电力设备,2,后续回流,2026-04-10,2026-04-13,2026-04-14,电子/电力设备/通信,688063.SH,派能科技,兑现掉队,3.52,10.17,11.23,,5,抗住且相对强,0.25,6.97,5.42,0,加权Top20+双红>=3+抗住且相对强,储能、固态电池、电池、钠离子电池、锂电池
885928.TI,钠离子电池,电力设备,2,后续回流,2026-04-10,2026-04-13,2026-04-14,电子/电力设备/通信,300750.SZ,宁德时代,兑现掉队,6.67,207.52,96.09,,5,抗住且相对强,1.46,3.56,0.86,0,加权Top20+双红>=3+抗住且相对强,储能、固态电池、电池、钠离子电池、锂电池
885928.TI,钠离子电池,电力设备,2,后续回流,2026-04-10,2026-04-13,2026-04-14,电子/电力设备/通信,688411.SH,海博思创,兑现掉队,3.13,12.46,11.05,,3,抗住且相对强,0.38,5.15,3.49,0,加权Top20+双红>=3+抗住且相对强,储能、固态电池、钠离子电池
885928.TI,钠离子电池,电力设备,2,后续回流,2026-04-10,2026-04-13,2026-04-14,电子/电力设备/通信,688353.SH,华盛锂电,兑现掉队,3.28,8.85,9.76,,4,抗住且相对强,2.08,11.29,7.74,0,加权Top20+双红>=3+抗住且相对强,储能、固态电池、电池、钠离子电池
885928.TI,钠离子电池,电力设备,2,后续回流,2026-04-10,2026-04-13,2026-04-14,电子/电力设备/通信,301487.SZ,盟固利,兑现掉队,3.71,3.91,7.34,,3,抗住且相对强,0.8,6.3,4.2,0,加权Top20+双红>=3+抗住且相对强,固态电池、电池、钠离子电池
885928.TI,钠离子电池,电力设备,2,后续回流,2026-04-10,2026-04-13,2026-04-14,电子/电力设备/通信,301292.SZ,海科新源,兑现掉队,5.0,25.49,25.24,,3,抗住且相对强,2.94,25.0,20.0,0,加权Top20+双红>=3+抗住且相对强,固态电池、电池、钠离子电池
885928.TI,钠离子电池,电力设备,3,后续回流,2026-04-14,2026-04-15,2026-04-21,电子/电力设备/通信,300903.SZ,科翔股份,兑现掉队,13.68,18.84,59.38,,7,抗住且相对强,6.02,1.53,-3.47,0,加权Top20+双红>=3+抗住且相对强,PCB、元件、先进封装、共封装光学(CPO)、存储芯片、芯片、钠离子电池
885928.TI,钠离子电池,电力设备,3,后续回流,2026-04-14,2026-04-15,2026-04-21,电子/电力设备/通信,688733.SH,壹石通,兑现掉队,6.48,3.24,11.66,,6,抗住且相对强,1.58,-0.78,-1.78,0,加权Top20+双红>=3+抗住且相对强,PCB、先进封装、存储芯片、燃料电池、芯片、钠离子电池
885928.TI,钠离子电池,电力设备,3,后续回流,2026-04-14,2026-04-15,2026-04-21,电子/电力设备/通信,002580.SZ,圣阳股份,兑现掉队,10.01,39.26,62.72,历史新高,2,抗住且相对强,10.57,29.3,17.53,0,加权Top20+新高+抗住且相对强,液冷服务器、钠离子电池
885928.TI,钠离子电池,电力设备,3,后续回流,2026-04-14,2026-04-15,2026-04-21,电子/电力设备/通信,600152.SH,维科技术,兑现掉队,9.99,11.03,33.18,3年新高,1,抗住且相对强,2.07,9.42,7.79,0,加权Top20+新高+抗住且相对强,钠离子电池
886073.TI,铜缆高速连接,电力设备,1,周期首发,2026-04-08,2026-04-09,2026-04-09,电子/电力设备/通信,002475.SZ,立讯精密,延续核心,8.02,103.42,81.56,20日新高,7,抗住且相对强,4.91,5.4,0.0,0,加权Top20+新高+抗住且相对强,AI眼镜、MR(混合现实)、共封装光学(CPO)、消费电子、液冷服务器、芯片、铜缆高速连接
886073.TI,铜缆高速连接,电力设备,1,周期首发,2026-04-08,2026-04-09,2026-04-09,电子/电力设备/通信,301123.SZ,奕东电子,兑现掉队,7.96,8.08,22.63,,6,抗住且相对强,9.26,9.75,0.0,0,加权Top20+双红>=3+抗住且相对强,PCB、储能、共封装光学(CPO)、消费电子、液冷服务器、铜缆高速连接
886073.TI,铜缆高速连接,电力设备,1,周期首发,2026-04-08,2026-04-09,2026-04-09,电子/电力设备/通信,600869.SH,远东股份,兑现掉队,10.01,20.51,45.33,历史新高,13,抗住且相对强,1.52,0.95,0.0,0,加权Top20+新高+抗住且相对强,储能、光伏、光纤、可控核聚变、固态电池、液冷服务器、特高压、电网设备、芯片、钠离子电池、铜缆高速连接、雅下水电、风电
886073.TI,铜缆高速连接,电力设备,1,周期首发,2026-04-08,2026-04-09,2026-04-09,电子/电力设备/通信,300548.SZ,长芯博创,兑现掉队,13.96,66.32,113.69,历史新高,5,抗住且相对强,11.33,12.34,0.0,0,加权Top20+新高+抗住且相对强,光纤、共封装光学(CPO)、芯片、通信设备、铜缆高速连接
886073.TI,铜缆高速连接,电力设备,1,周期首发,2026-04-08,2026-04-09,2026-04-09,电子/电力设备/通信,300570.SZ,太辰光,兑现掉队,6.89,36.39,41.56,,5,抗住且相对强,3.33,4.34,0.0,0,加权Top20+双红>=3+抗住且相对强,光纤、共封装光学(CPO)、芯片、通信设备、铜缆高速连接
886073.TI,铜缆高速连接,电力设备,2,后续回流,2026-04-09,2026-04-10,2026-04-20,电子/电力设备/通信,002475.SZ,立讯精密,兑现掉队,5.4,163.01,68.94,20日新高,1,抗住且相对强,3.6,19.31,12.98,0,加权Top20+新高+抗住且相对强,铜缆高速连接
886073.TI,铜缆高速连接,电力设备,7,后续回流,2026-05-11,2026-05-12,2026-05-25,电子/电力设备/通信,688800.SH,瑞可达,兑现掉队,5.56,21.17,25.58,历史新高,6,抗住且相对强,6.92,6.65,-0.38,0,加权Top20+新高+抗住且相对强,6G、储能、光伏、液冷服务器、铜缆高速连接、高压快充
886073.TI,铜缆高速连接,电力设备,7,后续回流,2026-05-11,2026-05-12,2026-05-25,电子/电力设备/通信,002897.SZ,意华股份,兑现掉队,7.7,15.92,30.72,,6,抗住且相对强,3.62,16.47,9.57,0,加权Top20+双红>=3+抗住且相对强,6G、光伏、共封装光学(CPO)、液冷服务器、通信设备、铜缆高速连接
886073.TI,铜缆高速连接,电力设备,7,后续回流,2026-05-11,2026-05-12,2026-05-25,电子/电力设备/通信,002475.SZ,立讯精密,兑现掉队,6.69,205.84,95.98,历史新高,8,抗住且相对强,1.35,-1.79,-3.23,0,加权Top20+新高+抗住且相对强,AI眼镜、MR(混合现实)、共封装光学(CPO)、华为手机、消费电子、液冷服务器、芯片、铜缆高速连接
886073.TI,铜缆高速连接,电力设备,7,后续回流,2026-05-11,2026-05-12,2026-05-25,电子/电力设备/通信,301328.SZ,维峰电子,兑现掉队,10.91,5.2,24.88,历史新高,3,抗住且相对强,2.18,14.17,11.59,0,加权Top20+新高+抗住且相对强,储能、光伏、铜缆高速连接
886073.TI,铜缆高速连接,电力设备,7,后续回流,2026-05-11,2026-05-12,2026-05-25,电子/电力设备/通信,600869.SH,远东股份,兑现掉队,9.98,25.23,50.13,历史新高,11,抗住且相对强,11.04,0.86,-8.3,0,加权Top20+新高+抗住且相对强,储能、光伏、光纤、可控核聚变、液冷服务器、特高压、电网设备、芯片、铜缆高速连接、雅下水电、风电
886073.TI,铜缆高速连接,电力设备,8,后续回流,2026-05-25,2026-05-26,2026-06-03,电子/电力设备/机械设备,000988.SZ,华工科技,兑现掉队,10.0,178.98,133.78,历史新高,8,补跌但相对强,0.62,-10.21,-9.35,0,加权Top20+新高+补跌但相对强,3D打印、PCB、先进封装、共封装光学(CPO)、存储芯片、芯片、铜缆高速连接、高压快充
884309.TI,锂电池,电力设备,1,周期首发,2026-04-10,2026-04-13,2026-04-16,电子/电力设备/通信,000049.SZ,德赛电池,兑现掉队,5.58,7.34,15.12,,7,抗住且相对强,0.08,1.64,0.33,0,加权Top20+双红>=3+抗住且相对强,AI眼镜、储能、华为手机、固态电池、电池、钠离子电池、锂电池
884309.TI,锂电池,电力设备,1,周期首发,2026-04-10,2026-04-13,2026-04-16,电子/电力设备/通信,002245.SZ,蔚蓝锂芯,兑现掉队,2.41,24.44,11.91,20日新高,6,抗住且相对强,0.19,3.66,2.22,0,加权Top20+新高+抗住且相对强,储能、固态电池、电池、芯片、钠离子电池、锂电池
884309.TI,锂电池,电力设备,1,周期首发,2026-04-10,2026-04-13,2026-04-16,电子/电力设备/通信,002074.SZ,国轩高科,兑现掉队,10.01,40.36,63.59,,6,抗住且相对强,0.56,2.5,0.71,0,加权Top20+双红>=3+抗住且相对强,储能、固态电池、电池、钠离子电池、锂电池、高压快充
884309.TI,锂电池,电力设备,1,周期首发,2026-04-10,2026-04-13,2026-04-16,电子/电力设备/通信,300014.SZ,亿纬锂能,兑现掉队,6.1,73.67,52.36,,7,抗住且相对强,0.14,2.75,1.37,0,加权Top20+双红>=3+抗住且相对强,储能、固态电池、氢能源、燃料电池、电池、钠离子电池、锂电池
884309.TI,锂电池,电力设备,1,周期首发,2026-04-10,2026-04-13,2026-04-16,电子/电力设备/通信,300438.SZ,鹏辉能源,延续核心,7.1,29.92,38.84,,7,抗住且相对强,2.82,19.94,15.28,0,加权Top20+双红>=3+抗住且相对强,储能、固态电池、燃料电池、电池、虚拟电厂、钠离子电池、锂电池
884309.TI,锂电池,电力设备,1,周期首发,2026-04-10,2026-04-13,2026-04-16,电子/电力设备/通信,688063.SH,派能科技,兑现掉队,3.52,10.17,11.23,,5,抗住且相对强,0.25,5.43,3.91,0,加权Top20+双红>=3+抗住且相对强,储能、固态电池、电池、钠离子电池、锂电池
884309.TI,锂电池,电力设备,1,周期首发,2026-04-10,2026-04-13,2026-04-16,电子/电力设备/通信,300750.SZ,宁德时代,兑现掉队,6.67,207.52,96.09,,5,抗住且相对强,1.46,9.13,6.29,0,加权Top20+双红>=3+抗住且相对强,储能、固态电池、电池、钠离子电池、锂电池
884309.TI,锂电池,电力设备,2,后续回流,2026-04-16,2026-04-17,2026-04-21,电子/电力设备/通信,300438.SZ,鹏辉能源,兑现掉队,9.05,44.44,60.33,3年新高,2,抗住且相对强,0.61,-2.13,-2.7,0,加权Top20+新高+抗住且相对强,电池、锂电池
884309.TI,锂电池,电力设备,2,后续回流,2026-04-16,2026-04-17,2026-04-21,电子/电力设备/通信,300953.SZ,震裕科技,兑现掉队,10.07,27.0,52.33,历史新高,2,抗住且相对强,0.32,4.77,4.46,0,加权Top20+新高+抗住且相对强,电池、锂电池
886105.TI,雅下水电,电力设备,1,周期首发,2026-04-08,2026-04-09,2026-04-20,电子/电力设备/通信,600869.SH,远东股份,兑现掉队,10.01,20.51,45.33,历史新高,13,抗住且相对强,1.52,-2.02,-2.94,0,加权Top20+新高+抗住且相对强,储能、光伏、光纤、可控核聚变、固态电池、液冷服务器、特高压、电网设备、芯片、钠离子电池、铜缆高速连接、雅下水电、风电
886105.TI,雅下水电,电力设备,1,周期首发,2026-04-08,2026-04-09,2026-04-20,电子/电力设备/通信,600875.SH,东方电气,兑现掉队,9.99,44.93,66.96,,7,抗住且相对强,0.6,10.99,10.96,0,加权Top20+双红>=3+抗住且相对强,储能、光伏、可控核聚变、氢能源、燃料电池、雅下水电、风电
886105.TI,雅下水电,电力设备,1,周期首发,2026-04-08,2026-04-09,2026-04-20,电子/电力设备/通信,688676.SH,金盘科技,兑现掉队,14.53,18.69,62.82,,5,抗住且相对强,5.16,10.44,5.59,0,加权Top20+双红>=3+抗住且相对强,储能、光伏、电网设备、雅下水电、风电
886105.TI,雅下水电,电力设备,1,周期首发,2026-04-08,2026-04-09,2026-04-20,电子/电力设备/通信,601126.SH,四方股份,兑现掉队,9.65,13.99,36.09,,8,抗住且相对强,0.64,11.61,11.53,0,加权Top20+双红>=3+抗住且相对强,储能、光伏、氢能源、特高压、电网设备、虚拟电厂、雅下水电、风电
886105.TI,雅下水电,电力设备,1,周期首发,2026-04-08,2026-04-09,2026-04-20,电子/电力设备/通信,600268.SH,国电南自,兑现掉队,7.71,7.04,20.46,,6,抗住且相对强,1.73,10.7,9.43,0,加权Top20+双红>=3+抗住且相对强,储能、特高压、电网设备、虚拟电厂、雅下水电、风电
886105.TI,雅下水电,电力设备,4,后续回流,2026-05-08,2026-05-11,2026-05-11,电子/电力设备/机械设备,601126.SH,四方股份,延续核心,5.94,22.84,28.39,历史新高,1,抗住且相对强,5.6,7.2,0.0,0,加权Top20+新高+抗住且相对强,雅下水电
886105.TI,雅下水电,电力设备,5,后续回流,2026-05-11,2026-05-12,2026-05-13,电子/电力设备/通信,601126.SH,四方股份,兑现掉队,7.2,22.12,33.86,历史新高,8,抗住且相对强,8.72,18.44,10.0,0,加权Top20+新高+抗住且相对强,储能、光伏、氢能源、特高压、电网设备、虚拟电厂、雅下水电、风电
886105.TI,雅下水电,电力设备,5,后续回流,2026-05-11,2026-05-12,2026-05-13,电子/电力设备/通信,600869.SH,远东股份,兑现掉队,9.98,25.23,50.13,历史新高,11,抗住且相对强,11.04,10.81,0.74,0,加权Top20+新高+抗住且相对强,储能、光伏、光纤、可控核聚变、液冷服务器、特高压、电网设备、芯片、铜缆高速连接、雅下水电、风电
886105.TI,雅下水电,电力设备,5,后续回流,2026-05-11,2026-05-12,2026-05-13,电子/电力设备/通信,600089.SH,特变电工,兑现掉队,2.87,70.86,24.16,,7,抗住且相对强,4.48,4.11,0.66,0,加权Top20+双红>=3+抗住且相对强,储能、光伏、特高压、虚拟电厂、雅下水电、风电、高压快充
886105.TI,雅下水电,电力设备,5,后续回流,2026-05-11,2026-05-12,2026-05-13,电子/电力设备/通信,600406.SH,国电南瑞,延续核心,2.95,66.48,24.05,20日新高,8,抗住且相对强,1.24,4.36,4.16,0,加权Top20+新高+抗住且相对强,储能、光伏、氢能源、特高压、电网设备、芯片、虚拟电厂、雅下水电
886105.TI,雅下水电,电力设备,6,后续回流,2026-05-13,2026-05-14,2026-05-25,电子/电力设备/通信,600406.SH,国电南瑞,兑现掉队,4.16,68.85,34.52,20日新高,3,补跌但相对强,0.27,-6.28,-3.7,0,加权Top20+新高+补跌但相对强,电网设备、虚拟电厂、雅下水电
885641.TI,风电,电力设备,1,周期首发,2026-04-08,2026-04-09,2026-04-20,电子/电力设备/通信,600869.SH,远东股份,兑现掉队,10.01,20.51,45.33,历史新高,13,抗住且相对强,1.52,-2.02,-2.94,0,加权Top20+新高+抗住且相对强,储能、光伏、光纤、可控核聚变、固态电池、液冷服务器、特高压、电网设备、芯片、钠离子电池、铜缆高速连接、雅下水电、风电
885641.TI,风电,电力设备,1,周期首发,2026-04-08,2026-04-09,2026-04-20,电子/电力设备/通信,600482.SH,中国动力,兑现掉队,7.86,20.13,35.27,,6,抗住且相对强,5.6,9.14,3.92,0,加权Top20+双红>=3+抗住且相对强,储能、固态电池、氢能源、燃料电池、钠离子电池、风电
885641.TI,风电,电力设备,1,周期首发,2026-04-08,2026-04-09,2026-04-20,电子/电力设备/通信,600875.SH,东方电气,兑现掉队,9.99,44.93,66.96,,7,抗住且相对强,0.6,10.99,10.96,0,加权Top20+双红>=3+抗住且相对强,储能、光伏、可控核聚变、氢能源、燃料电池、雅下水电、风电
885641.TI,风电,电力设备,1,周期首发,2026-04-08,2026-04-09,2026-04-20,电子/电力设备/通信,688676.SH,金盘科技,兑现掉队,14.53,18.69,62.82,,5,抗住且相对强,5.16,10.44,5.59,0,加权Top20+双红>=3+抗住且相对强,储能、光伏、电网设备、雅下水电、风电
885641.TI,风电,电力设备,1,周期首发,2026-04-08,2026-04-09,2026-04-20,电子/电力设备/通信,002851.SZ,麦格米特,兑现掉队,9.29,17.48,38.84,,6,抗住且相对强,0.64,9.32,9.24,0,加权Top20+双红>=3+抗住且相对强,储能、光伏、芯片、英伟达、风电、高压快充
885641.TI,风电,电力设备,1,周期首发,2026-04-08,2026-04-09,2026-04-20,电子/电力设备/通信,301291.SZ,明阳电气,兑现掉队,10.45,7.09,27.83,,5,补跌但相对强,0.19,3.67,4.07,0,加权Top20+双红>=3+补跌但相对强,储能、光伏、氢能源、电网设备、风电
885641.TI,风电,电力设备,1,周期首发,2026-04-08,2026-04-09,2026-04-20,电子/电力设备/通信,300617.SZ,安靠智电,兑现掉队,10.35,4.94,23.0,,6,抗住且相对强,1.18,14.42,13.72,0,加权Top20+双红>=3+抗住且相对强,储能、光伏、特高压、电网设备、虚拟电厂、风电
885641.TI,风电,电力设备,1,周期首发,2026-04-08,2026-04-09,2026-04-20,电子/电力设备/通信,601126.SH,四方股份,兑现掉队,9.65,13.99,36.09,,8,抗住且相对强,0.64,11.61,11.53,0,加权Top20+双红>=3+抗住且相对强,储能、光伏、氢能源、特高压、电网设备、虚拟电厂、雅下水电、风电
885641.TI,风电,电力设备,1,周期首发,2026-04-08,2026-04-09,2026-04-20,电子/电力设备/通信,601615.SH,明阳智能,兑现掉队,5.4,14.13,20.3,,6,补跌但相对强,0.14,5.49,5.94,0,加权Top20+双红>=3+补跌但相对强,储能、光伏、氢能源、芯片、钙钛矿电池、风电
885641.TI,风电,电力设备,1,周期首发,2026-04-08,2026-04-09,2026-04-20,电子/电力设备/通信,600268.SH,国电南自,兑现掉队,7.71,7.04,20.46,,6,抗住且相对强,1.73,10.7,9.43,0,加权Top20+双红>=3+抗住且相对强,储能、特高压、电网设备、虚拟电厂、雅下水电、风电
885641.TI,风电,电力设备,1,周期首发,2026-04-08,2026-04-09,2026-04-20,电子/电力设备/通信,002202.SZ,金风科技,兑现掉队,4.15,65.61,33.62,,4,抗住且相对强,0.57,11.54,11.54,0,加权Top20+双红>=3+抗住且相对强,储能、氢能源、特高压、风电
885641.TI,风电,电力设备,1,周期首发,2026-04-08,2026-04-09,2026-04-20,电子/电力设备/通信,600105.SH,永鼎股份,兑现掉队,10.0,50.03,70.73,历史新高,6,抗住且相对强,3.23,25.79,20.67,0,加权Top20+新高+抗住且相对强,光纤、共封装光学(CPO)、可控核聚变、芯片、通信设备、风电
885641.TI,风电,电力设备,4,后续回流,2026-05-11,2026-05-12,2026-05-25,电子/电力设备/通信,603063.SH,禾望电气,兑现掉队,10.0,27.2,52.15,历史新高,4,补跌但相对强,0.33,5.74,6.51,0,加权Top20+新高+补跌但相对强,储能、光伏、氢能源、风电
885641.TI,风电,电力设备,4,后续回流,2026-05-11,2026-05-12,2026-05-25,电子/电力设备/通信,601126.SH,四方股份,兑现掉队,7.2,22.12,33.86,历史新高,8,抗住且相对强,8.72,17.52,9.15,0,加权Top20+新高+抗住且相对强,储能、光伏、氢能源、特高压、电网设备、虚拟电厂、雅下水电、风电
885641.TI,风电,电力设备,4,后续回流,2026-05-11,2026-05-12,2026-05-25,电子/电力设备/通信,605222.SH,起帆电缆,兑现掉队,8.03,10.37,25.86,历史新高,6,抗住且相对强,1.25,-16.76,-16.93,0,加权Top20+新高+抗住且相对强,储能、光伏、可控核聚变、特高压、电网设备、风电
885641.TI,风电,电力设备,4,后续回流,2026-05-11,2026-05-12,2026-05-25,电子/电力设备/通信,600869.SH,远东股份,兑现掉队,9.98,25.23,50.13,历史新高,11,抗住且相对强,11.04,0.86,-8.3,0,加权Top20+新高+抗住且相对强,储能、光伏、光纤、可控核聚变、液冷服务器、特高压、电网设备、芯片、铜缆高速连接、雅下水电、风电
885641.TI,风电,电力设备,4,后续回流,2026-05-11,2026-05-12,2026-05-25,电子/电力设备/通信,601179.SH,中国西电,兑现掉队,5.29,57.39,40.08,,8,抗住且相对强,7.13,-8.01,-13.28,0,加权Top20+双红>=3+抗住且相对强,储能、光伏、可控核聚变、特高压、电网设备、芯片、超级电容、风电
885641.TI,风电,电力设备,4,后续回流,2026-05-11,2026-05-12,2026-05-25,电子/电力设备/通信,600089.SH,特变电工,兑现掉队,2.87,70.86,24.16,,7,抗住且相对强,4.48,-5.08,-8.22,0,加权Top20+双红>=3+抗住且相对强,储能、光伏、特高压、虚拟电厂、雅下水电、风电、高压快充
886001.TI,高压快充,电力设备,1,周期首发,2026-04-08,2026-04-09,2026-04-10,电子/电力设备/通信,002384.SZ,东山精密,延续核心,10.0,27.85,52.77,,7,抗住且相对强,9.51,19.71,8.83,0,加权Top20+双红>=3+抗住且相对强,AI手机、PCB、元件、光纤、共封装光学(CPO)、芯片、高压快充
886001.TI,高压快充,电力设备,1,周期首发,2026-04-08,2026-04-09,2026-04-10,电子/电力设备/通信,002922.SZ,伊戈尔,兑现掉队,9.11,7.79,25.43,,3,抗住且相对强,0.61,6.74,5.58,0,加权Top20+双红>=3+抗住且相对强,储能、光伏、高压快充
886001.TI,高压快充,电力设备,1,周期首发,2026-04-08,2026-04-09,2026-04-10,电子/电力设备/通信,002851.SZ,麦格米特,兑现掉队,9.29,17.48,38.84,,6,抗住且相对强,0.64,2.55,2.48,0,加权Top20+双红>=3+抗住且相对强,储能、光伏、芯片、英伟达、风电、高压快充
886001.TI,高压快充,电力设备,2,后续回流,2026-04-10,2026-04-13,2026-04-22,电子/电力设备/通信,002384.SZ,东山精密,兑现掉队,8.83,200.94,125.17,历史新高,5,抗住且相对强,1.47,29.81,26.91,0,加权Top20+新高+抗住且相对强,AI手机、元件、共封装光学(CPO)、芯片、高压快充
886001.TI,高压快充,电力设备,2,后续回流,2026-04-10,2026-04-13,2026-04-22,电子/电力设备/通信,002364.SZ,中恒电气,兑现掉队,9.99,1.19,10.9,20日新高,4,抗住且相对强,8.77,24.54,13.23,0,加权Top20+新高+抗住且相对强,储能、氢能源、虚拟电厂、高压快充
886001.TI,高压快充,电力设备,2,后续回流,2026-04-10,2026-04-13,2026-04-22,电子/电力设备/通信,002074.SZ,国轩高科,兑现掉队,10.01,40.36,63.59,,6,抗住且相对强,0.56,4.35,2.53,0,加权Top20+双红>=3+抗住且相对强,储能、固态电池、电池、钠离子电池、锂电池、高压快充
886001.TI,高压快充,电力设备,2,后续回流,2026-04-10,2026-04-13,2026-04-22,电子/电力设备/通信,300490.SZ,华自科技,兑现掉队,2.98,4.71,6.47,,6,抗住且相对强,2.98,17.63,12.89,0,加权Top20+双红>=3+抗住且相对强,储能、光伏、固态电池、虚拟电厂、钠离子电池、高压快充
886001.TI,高压快充,电力设备,6,后续回流,2026-05-11,2026-05-12,2026-05-19,电子/电力设备/通信,688800.SH,瑞可达,兑现掉队,5.56,21.17,25.58,历史新高,6,抗住且相对强,6.92,9.06,1.86,0,加权Top20+新高+抗住且相对强,6G、储能、光伏、液冷服务器、铜缆高速连接、高压快充
886001.TI,高压快充,电力设备,6,后续回流,2026-05-11,2026-05-12,2026-05-19,电子/电力设备/通信,002384.SZ,东山精密,兑现掉队,3.27,193.64,45.5,历史新高,7,抗住且相对强,0.39,1.73,1.19,0,加权Top20+新高+抗住且相对强,AI手机、PCB、元件、光纤、共封装光学(CPO)、芯片、高压快充
886001.TI,高压快充,电力设备,6,后续回流,2026-05-11,2026-05-12,2026-05-19,电子/电力设备/通信,000636.SZ,风华高科,延续核心,10.01,20.34,45.14,3年新高,8,抗住且相对强,3.34,13.74,9.92,0,加权Top20+新高+抗住且相对强,AI眼镜、储能、元件、光伏、共封装光学(CPO)、液冷服务器、超级电容、高压快充
886001.TI,高压快充,电力设备,6,后续回流,2026-05-11,2026-05-12,2026-05-19,电子/电力设备/通信,300693.SZ,盛弘股份,兑现掉队,11.71,23.4,56.65,历史新高,3,抗住且相对强,6.51,3.67,-1.69,0,加权Top20+新高+抗住且相对强,储能、虚拟电厂、高压快充
886001.TI,高压快充,电力设备,6,后续回流,2026-05-11,2026-05-12,2026-05-19,电子/电力设备/通信,600089.SH,特变电工,兑现掉队,2.87,70.86,24.16,,7,抗住且相对强,4.48,-2.72,-5.94,0,加权Top20+双红>=3+抗住且相对强,储能、光伏、特高压、虚拟电厂、雅下水电、风电、高压快充
886001.TI,高压快充,电力设备,6,后续回流,2026-05-11,2026-05-12,2026-05-19,电子/电力设备/通信,688508.SH,芯朋微,兑现掉队,6.18,12.35,21.72,,3,抗住且相对强,7.69,7.1,-0.68,0,加权Top20+双红>=3+抗住且相对强,半导体、芯片、高压快充
886001.TI,高压快充,电力设备,7,后续回流,2026-05-19,2026-05-20,2026-05-25,电子/电力设备/机械设备,600563.SH,法拉电子,兑现掉队,10.0,19.16,43.77,3年新高,3,抗住且相对强,7.83,16.82,6.2,0,加权Top20+新高+抗住且相对强,元件、超级电容、高压快充
886001.TI,高压快充,电力设备,7,后续回流,2026-05-19,2026-05-20,2026-05-25,电子/电力设备/机械设备,603989.SH,艾华集团,延续核心,10.0,6.31,25.12,3年新高,2,抗住且相对强,4.07,26.86,19.41,0,加权Top20+新高+抗住且相对强,元件、高压快充
886001.TI,高压快充,电力设备,7,后续回流,2026-05-19,2026-05-20,2026-05-25,电子/电力设备/机械设备,000636.SZ,风华高科,延续核心,9.99,22.61,47.5,3年新高,3,抗住且相对强,2.87,27.83,21.71,0,加权Top20+新高+抗住且相对强,元件、超级电容、高压快充
886001.TI,高压快充,电力设备,7,后续回流,2026-05-19,2026-05-20,2026-05-25,电子/电力设备/机械设备,000988.SZ,华工科技,延续核心,7.48,218.06,110.46,历史新高,2,抗住且相对强,2.93,8.55,5.21,0,加权Top20+新高+抗住且相对强,钙钛矿电池、高压快充
886001.TI,高压快充,电力设备,7,后续回流,2026-05-19,2026-05-20,2026-05-25,电子/电力设备/机械设备,002782.SZ,可立克,兑现掉队,10.01,7.92,28.17,20日新高,1,抗住且相对强,7.83,2.61,-6.72,0,加权Top20+新高+抗住且相对强,高压快充
886001.TI,高压快充,电力设备,7,后续回流,2026-05-19,2026-05-20,2026-05-25,电子/电力设备/机械设备,300843.SZ,胜蓝股份,兑现掉队,6.02,8.04,17.07,历史新高,1,抗住且相对强,1.3,-7.85,-10.94,0,加权Top20+新高+抗住且相对强,高压快充
886001.TI,高压快充,电力设备,7,后续回流,2026-05-19,2026-05-20,2026-05-25,电子/电力设备/机械设备,301018.SZ,申菱环境,兑现掉队,3.83,16.65,15.63,历史新高,1,抗住且相对强,12.82,15.88,2.49,0,加权Top20+新高+抗住且相对强,高压快充
886001.TI,高压快充,电力设备,7,后续回流,2026-05-19,2026-05-20,2026-05-25,电子/电力设备/机械设备,300623.SZ,捷捷微电,兑现掉队,4.52,13.69,16.72,20日新高,1,抗住且相对强,1.3,11.85,8.09,0,加权Top20+新高+抗住且相对强,高压快充
886071.TI,AI PC,电子,1,周期首发,2026-04-08,2026-04-09,2026-04-10,电子/电力设备/通信,002947.SZ,恒铭达,兑现掉队,9.03,9.66,28.07,历史新高,3,抗住且相对强,9.51,13.43,3.12,0,加权Top20+新高+抗住且相对强,AI PC、储能、消费电子
886071.TI,AI PC,电子,1,周期首发,2026-04-08,2026-04-09,2026-04-10,电子/电力设备/通信,603890.SH,春秋电子,兑现掉队,10.01,7.8,27.96,20日新高,3,抗住且相对强,0.6,0.19,-0.89,0,加权Top20+新高+抗住且相对强,AI PC、AI眼镜、消费电子
886071.TI,AI PC,电子,1,周期首发,2026-04-08,2026-04-09,2026-04-10,电子/电力设备/通信,301489.SZ,思泉新材,兑现掉队,12.16,10.21,38.85,,5,抗住且相对强,1.06,2.39,0.83,0,加权Top20+双红>=3+抗住且相对强,AI PC、AI手机、AI眼镜、储能、液冷服务器
886071.TI,AI PC,电子,1,周期首发,2026-04-08,2026-04-09,2026-04-10,电子/电力设备/通信,001389.SZ,广合科技,兑现掉队,10.0,10.89,33.0,,4,抗住且相对强,0.7,0.95,-0.24,0,加权Top20+双红>=3+抗住且相对强,AI PC、PCB、元件、共封装光学(CPO)
886071.TI,AI PC,电子,1,周期首发,2026-04-08,2026-04-09,2026-04-10,电子/电力设备/通信,300684.SZ,中石科技,兑现掉队,8.51,5.83,20.55,,6,抗住且相对强,0.48,2.46,1.48,0,加权Top20+双红>=3+抗住且相对强,AI PC、MR(混合现实)、储能、光伏、共封装光学(CPO)、液冷服务器
886071.TI,AI PC,电子,1,周期首发,2026-04-08,2026-04-09,2026-04-10,电子/电力设备/通信,002938.SZ,鹏鼎控股,兑现掉队,7.34,20.55,33.27,,6,抗住且相对强,1.21,2.98,1.26,0,加权Top20+双红>=3+抗住且相对强,AI PC、AI手机、AI眼镜、PCB、元件、共封装光学(CPO)
886071.TI,AI PC,电子,1,周期首发,2026-04-08,2026-04-09,2026-04-10,电子/电力设备/通信,001309.SZ,德明利,延续核心,4.0,75.28,34.71,,5,抗住且相对强,2.89,13.71,10.0,0,加权Top20+双红>=3+抗住且相对强,AI PC、共封装光学(CPO)、半导体、存储芯片、芯片
886071.TI,AI PC,电子,2,后续回流,2026-04-10,2026-04-13,2026-04-14,电子/电力设备/通信,001309.SZ,德明利,延续核心,10.0,101.9,100.95,历史新高,5,抗住且相对强,6.85,11.94,3.98,0,加权Top20+新高+抗住且相对强,AI PC、共封装光学(CPO)、半导体、存储芯片、芯片
886071.TI,AI PC,电子,2,后续回流,2026-04-10,2026-04-13,2026-04-14,电子/电力设备/通信,301308.SZ,江波龙,兑现掉队,4.85,64.8,39.04,,6,抗住且相对强,3.06,11.78,7.62,0,加权Top20+双红>=3+抗住且相对强,AI PC、AI手机、AI眼镜、半导体、存储芯片、芯片
886071.TI,AI PC,电子,2,后续回流,2026-04-10,2026-04-13,2026-04-14,电子/电力设备/通信,688525.SH,佰维存储,兑现掉队,6.15,102.12,62.15,,6,抗住且相对强,5.13,19.29,12.61,0,加权Top20+双红>=3+抗住且相对强,AI PC、AI手机、AI眼镜、半导体、存储芯片、芯片
886071.TI,AI PC,电子,2,后续回流,2026-04-10,2026-04-13,2026-04-14,电子/电力设备/通信,300476.SZ,胜宏科技,兑现掉队,4.23,140.27,50.1,,8,抗住且相对强,2.08,6.98,3.97,0,加权Top20+双红>=3+抗住且相对强,AI PC、AI手机、储能、元件、光伏、共封装光学(CPO)、芯片、英伟达
886071.TI,AI PC,电子,2,后续回流,2026-04-10,2026-04-13,2026-04-14,电子/电力设备/通信,002600.SZ,领益智造,兑现掉队,2.41,14.09,9.05,,9,抗住且相对强,0.22,1.98,0.95,0,加权Top20+双红>=3+抗住且相对强,AI PC、AI手机、AI眼镜、储能、光伏、共封装光学(CPO)、消费电子、液冷服务器、英伟达
886071.TI,AI PC,电子,3,后续回流,2026-04-14,2026-04-15,2026-04-17,电子/电力设备/通信,001309.SZ,德明利,兑现掉队,3.98,101.64,40.13,历史新高,5,抗住且相对强,0.94,2.61,2.49,0,加权Top20+新高+抗住且相对强,AI PC、共封装光学(CPO)、半导体、存储芯片、芯片
886071.TI,AI PC,电子,3,后续回流,2026-04-14,2026-04-15,2026-04-17,电子/电力设备/通信,603890.SH,春秋电子,兑现掉队,8.62,12.2,30.11,60日新高,3,抗住且相对强,10.82,11.23,1.12,0,加权Top20+新高+抗住且相对强,AI PC、AI眼镜、消费电子
886071.TI,AI PC,电子,3,后续回流,2026-04-14,2026-04-15,2026-04-17,电子/电力设备/通信,002156.SZ,通富微电,兑现掉队,2.41,33.43,13.93,,6,抗住且相对强,1.34,3.06,2.53,0,加权Top20+双红>=3+抗住且相对强,AI PC、先进封装、共封装光学(CPO)、半导体、存储芯片、芯片
886071.TI,AI PC,电子,3,后续回流,2026-04-14,2026-04-15,2026-04-17,电子/电力设备/通信,688110.SH,东芯股份,兑现掉队,2.45,17.13,10.14,,4,补跌但相对强,0.16,1.88,2.57,0,加权Top20+双红>=3+补跌但相对强,AI PC、半导体、存储芯片、芯片
886071.TI,AI PC,电子,4,后续回流,2026-04-17,2026-04-20,2026-04-22,电子/电力设备/通信,300476.SZ,胜宏科技,兑现掉队,7.55,215.82,110.92,60日新高,6,抗住且相对强,3.52,5.01,-0.06,0,加权Top20+新高+抗住且相对强,AI PC、PCB、元件、光伏、共封装光学(CPO)、芯片
886071.TI,AI PC,电子,8,后续回流,2026-05-11,2026-05-12,2026-06-02,电子/电力设备/通信,301308.SZ,江波龙,兑现掉队,15.97,145.99,192.96,历史新高,7,抗住且相对强,0.75,-6.68,-7.5,0,加权Top20+新高+抗住且相对强,AI PC、AI手机、AI眼镜、先进封装、半导体、存储芯片、芯片
886071.TI,AI PC,电子,8,后续回流,2026-05-11,2026-05-12,2026-06-02,电子/电力设备/通信,001389.SZ,广合科技,兑现掉队,10.0,25.21,50.21,历史新高,4,抗住且相对强,0.06,-4.86,-5.05,0,加权Top20+新高+抗住且相对强,AI PC、PCB、元件、共封装光学(CPO)
886070.TI,AI手机,电子,1,周期首发,2026-04-08,2026-04-09,2026-04-10,电子/电力设备/通信,000063.SZ,中兴通讯,兑现掉队,5.26,32.82,30.13,,8,抗住且相对强,3.46,5.14,0.65,0,加权Top20+双红>=3+抗住且相对强,6G、AI手机、AI眼镜、储能、光纤、液冷服务器、芯片、通信设备
886070.TI,AI手机,电子,1,周期首发,2026-04-08,2026-04-09,2026-04-10,电子/电力设备/通信,301489.SZ,思泉新材,兑现掉队,12.16,10.21,38.85,,5,抗住且相对强,1.06,2.39,0.83,0,加权Top20+双红>=3+抗住且相对强,AI PC、AI手机、AI眼镜、储能、液冷服务器
886070.TI,AI手机,电子,1,周期首发,2026-04-08,2026-04-09,2026-04-10,电子/电力设备/通信,002938.SZ,鹏鼎控股,兑现掉队,7.34,20.55,33.27,,6,抗住且相对强,1.21,2.98,1.26,0,加权Top20+双红>=3+抗住且相对强,AI PC、AI手机、AI眼镜、PCB、元件、共封装光学(CPO)
886070.TI,AI手机,电子,1,周期首发,2026-04-08,2026-04-09,2026-04-10,电子/电力设备/通信,002273.SZ,水晶光电,兑现掉队,9.99,33.76,58.05,,5,抗住且相对强,6.36,6.03,-0.76,0,加权Top20+双红>=3+抗住且相对强,AI手机、AI眼镜、储能、光学光电子、共封装光学(CPO)
886070.TI,AI手机,电子,1,周期首发,2026-04-08,2026-04-09,2026-04-10,电子/电力设备/通信,002384.SZ,东山精密,延续核心,10.0,27.85,52.77,,7,抗住且相对强,9.51,19.71,8.83,0,加权Top20+双红>=3+抗住且相对强,AI手机、PCB、元件、光纤、共封装光学(CPO)、芯片、高压快充
886070.TI,AI手机,电子,2,后续回流,2026-04-10,2026-04-13,2026-04-14,电子/电力设备/通信,301308.SZ,江波龙,兑现掉队,4.85,64.8,39.04,,6,抗住且相对强,3.06,11.78,7.62,0,加权Top20+双红>=3+抗住且相对强,AI PC、AI手机、AI眼镜、半导体、存储芯片、芯片
886070.TI,AI手机,电子,2,后续回流,2026-04-10,2026-04-13,2026-04-14,电子/电力设备/通信,688525.SH,佰维存储,兑现掉队,6.15,102.12,62.15,,6,抗住且相对强,5.13,19.29,12.61,0,加权Top20+双红>=3+抗住且相对强,AI PC、AI手机、AI眼镜、半导体、存储芯片、芯片
886070.TI,AI手机,电子,2,后续回流,2026-04-10,2026-04-13,2026-04-14,电子/电力设备/通信,300476.SZ,胜宏科技,兑现掉队,4.23,140.27,50.1,,8,抗住且相对强,2.08,6.98,3.97,0,加权Top20+双红>=3+抗住且相对强,AI PC、AI手机、储能、元件、光伏、共封装光学(CPO)、芯片、英伟达
886070.TI,AI手机,电子,2,后续回流,2026-04-10,2026-04-13,2026-04-14,电子/电力设备/通信,002600.SZ,领益智造,兑现掉队,2.41,14.09,9.05,,9,抗住且相对强,0.22,1.98,0.95,0,加权Top20+双红>=3+抗住且相对强,AI PC、AI手机、AI眼镜、储能、光伏、共封装光学(CPO)、消费电子、液冷服务器、英伟达
886070.TI,AI手机,电子,2,后续回流,2026-04-10,2026-04-13,2026-04-14,电子/电力设备/通信,002384.SZ,东山精密,兑现掉队,8.83,200.94,125.17,历史新高,5,抗住且相对强,1.47,1.71,-0.57,0,加权Top20+新高+抗住且相对强,AI手机、元件、共封装光学(CPO)、芯片、高压快充
886070.TI,AI手机,电子,3,后续回流,2026-04-14,2026-04-15,2026-04-16,电子/电力设备/通信,688521.SH,芯原股份,兑现掉队,2.65,66.05,21.54,,6,抗住且相对强,4.39,-0.33,-3.75,0,加权Top20+双红>=3+抗住且相对强,AI手机、AI眼镜、MCU芯片、先进封装、半导体、芯片
886070.TI,AI手机,电子,4,后续回流,2026-04-16,2026-04-17,2026-04-22,电子/电力设备/通信,002938.SZ,鹏鼎控股,兑现掉队,2.66,23.88,13.0,20日新高,1,抗住且相对强,0.31,24.89,22.63,0,加权Top20+新高+抗住且相对强,AI手机
886070.TI,AI手机,电子,8,后续回流,2026-05-11,2026-05-12,2026-06-03,电子/电力设备/通信,301308.SZ,江波龙,延续核心,15.97,145.99,192.96,历史新高,7,抗住且相对强,0.75,-4.34,-5.19,0,加权Top20+新高+抗住且相对强,AI PC、AI手机、AI眼镜、先进封装、半导体、存储芯片、芯片
886070.TI,AI手机,电子,8,后续回流,2026-05-11,2026-05-12,2026-06-03,电子/电力设备/通信,002384.SZ,东山精密,延续核心,3.27,193.64,45.5,历史新高,7,抗住且相对强,0.39,2.61,2.06,0,加权Top20+新高+抗住且相对强,AI手机、PCB、元件、光纤、共封装光学(CPO)、芯片、高压快充
886070.TI,AI手机,电子,8,后续回流,2026-05-11,2026-05-12,2026-06-03,电子/电力设备/通信,688601.SH,力芯微,兑现掉队,12.14,10.75,39.8,20日新高,4,抗住且相对强,8.5,-3.84,-11.49,0,加权Top20+新高+抗住且相对强,AI手机、AI眼镜、半导体、芯片
886070.TI,AI手机,电子,8,后续回流,2026-05-11,2026-05-12,2026-06-03,电子/电力设备/通信,688521.SH,芯原股份,兑现掉队,2.06,90.55,19.6,,6,抗住且相对强,1.58,-10.08,-11.6,0,加权Top20+双红>=3+抗住且相对强,AI手机、AI眼镜、MCU芯片、先进封装、半导体、芯片
886070.TI,AI手机,电子,8,后续回流,2026-05-11,2026-05-12,2026-06-03,电子/电力设备/通信,002273.SZ,水晶光电,兑现掉队,4.34,47.19,29.81,历史新高,6,抗住且相对强,0.52,-2.36,-3.0,0,加权Top20+新高+抗住且相对强,AI手机、AI眼镜、储能、光学光电子、共封装光学(CPO)、华为手机
886085.TI,AI眼镜,电子,1,周期首发,2026-04-08,2026-04-09,2026-04-10,电子/电力设备/通信,000063.SZ,中兴通讯,兑现掉队,5.26,32.82,30.13,,8,抗住且相对强,3.46,5.14,0.65,0,加权Top20+双红>=3+抗住且相对强,6G、AI手机、AI眼镜、储能、光纤、液冷服务器、芯片、通信设备
886085.TI,AI眼镜,电子,1,周期首发,2026-04-08,2026-04-09,2026-04-10,电子/电力设备/通信,603890.SH,春秋电子,兑现掉队,10.01,7.8,27.96,20日新高,3,抗住且相对强,0.6,0.19,-0.89,0,加权Top20+新高+抗住且相对强,AI PC、AI眼镜、消费电子
886085.TI,AI眼镜,电子,1,周期首发,2026-04-08,2026-04-09,2026-04-10,电子/电力设备/通信,301489.SZ,思泉新材,兑现掉队,12.16,10.21,38.85,,5,抗住且相对强,1.06,2.39,0.83,0,加权Top20+双红>=3+抗住且相对强,AI PC、AI手机、AI眼镜、储能、液冷服务器
886085.TI,AI眼镜,电子,1,周期首发,2026-04-08,2026-04-09,2026-04-10,电子/电力设备/通信,002938.SZ,鹏鼎控股,兑现掉队,7.34,20.55,33.27,,6,抗住且相对强,1.21,2.98,1.26,0,加权Top20+双红>=3+抗住且相对强,AI PC、AI手机、AI眼镜、PCB、元件、共封装光学(CPO)
886085.TI,AI眼镜,电子,1,周期首发,2026-04-08,2026-04-09,2026-04-10,电子/电力设备/通信,002273.SZ,水晶光电,兑现掉队,9.99,33.76,58.05,,5,抗住且相对强,6.36,6.03,-0.76,0,加权Top20+双红>=3+抗住且相对强,AI手机、AI眼镜、储能、光学光电子、共封装光学(CPO)
886085.TI,AI眼镜,电子,1,周期首发,2026-04-08,2026-04-09,2026-04-10,电子/电力设备/通信,300975.SZ,商络电子,兑现掉队,10.9,12.52,38.57,,5,抗住且相对强,2.25,4.99,2.18,0,加权Top20+双红>=3+抗住且相对强,AI眼镜、MCU芯片、存储芯片、液冷服务器、芯片
886085.TI,AI眼镜,电子,1,周期首发,2026-04-08,2026-04-09,2026-04-10,电子/电力设备/通信,301099.SZ,雅创电子,兑现掉队,12.51,6.22,31.2,,6,抗住且相对强,3.51,5.62,1.55,0,加权Top20+双红>=3+抗住且相对强,AI眼镜、MCU芯片、储能、光伏、存储芯片、芯片
886085.TI,AI眼镜,电子,1,周期首发,2026-04-08,2026-04-09,2026-04-10,电子/电力设备/通信,600330.SH,天通股份,兑现掉队,7.31,26.62,37.72,,6,抗住且相对强,9.5,6.09,-3.55,0,加权Top20+双红>=3+抗住且相对强,AI眼镜、PCB、储能、先进封装、光伏、芯片
886085.TI,AI眼镜,电子,1,周期首发,2026-04-08,2026-04-09,2026-04-10,电子/电力设备/通信,603920.SH,世运电路,兑现掉队,10.01,12.29,35.09,,6,抗住且相对强,5.06,3.0,-2.42,0,加权Top20+双红>=3+抗住且相对强,AI眼镜、PCB、储能、元件、光伏、共封装光学(CPO)
886085.TI,AI眼镜,电子,1,周期首发,2026-04-08,2026-04-09,2026-04-10,电子/电力设备/通信,300131.SZ,英唐智控,兑现掉队,8.77,12.34,30.81,,4,抗住且相对强,4.15,25.57,20.0,0,加权Top20+双红>=3+抗住且相对强,AI眼镜、共封装光学(CPO)、存储芯片、芯片
886085.TI,AI眼镜,电子,1,周期首发,2026-04-08,2026-04-09,2026-04-10,电子/电力设备/通信,601231.SH,环旭电子,兑现掉队,6.94,17.0,28.61,,4,抗住且相对强,3.95,1.48,-2.84,0,加权Top20+双红>=3+抗住且相对强,AI眼镜、共封装光学(CPO)、消费电子、芯片
886085.TI,AI眼镜,电子,1,周期首发,2026-04-08,2026-04-09,2026-04-10,电子/电力设备/通信,002475.SZ,立讯精密,兑现掉队,8.02,103.42,81.56,20日新高,7,抗住且相对强,4.91,11.31,5.61,0,加权Top20+新高+抗住且相对强,AI眼镜、MR(混合现实)、共封装光学(CPO)、消费电子、液冷服务器、芯片、铜缆高速连接
886085.TI,AI眼镜,电子,1,周期首发,2026-04-08,2026-04-09,2026-04-10,电子/电力设备/通信,002241.SZ,歌尔股份,兑现掉队,5.75,21.77,26.83,,4,抗住且相对强,0.15,3.7,3.04,0,加权Top20+双红>=3+抗住且相对强,AI眼镜、MR(混合现实)、消费电子、芯片
886085.TI,AI眼镜,电子,2,后续回流,2026-04-10,2026-04-13,2026-04-14,电子/电力设备/通信,301308.SZ,江波龙,兑现掉队,4.85,64.8,39.04,,6,抗住且相对强,3.06,11.78,7.62,0,加权Top20+双红>=3+抗住且相对强,AI PC、AI手机、AI眼镜、半导体、存储芯片、芯片
886085.TI,AI眼镜,电子,2,后续回流,2026-04-10,2026-04-13,2026-04-14,电子/电力设备/通信,688525.SH,佰维存储,兑现掉队,6.15,102.12,62.15,,6,抗住且相对强,5.13,19.29,12.61,0,加权Top20+双红>=3+抗住且相对强,AI PC、AI手机、AI眼镜、半导体、存储芯片、芯片
886085.TI,AI眼镜,电子,2,后续回流,2026-04-10,2026-04-13,2026-04-14,电子/电力设备/通信,002600.SZ,领益智造,兑现掉队,2.41,14.09,9.05,,9,抗住且相对强,0.22,1.98,0.95,0,加权Top20+双红>=3+抗住且相对强,AI PC、AI手机、AI眼镜、储能、光伏、共封装光学(CPO)、消费电子、液冷服务器、英伟达
886085.TI,AI眼镜,电子,2,后续回流,2026-04-10,2026-04-13,2026-04-14,电子/电力设备/通信,300868.SZ,杰美特,延续核心,12.12,5.68,28.89,3年新高,2,抗住且相对强,4.94,13.72,7.54,0,加权Top20+新高+抗住且相对强,AI眼镜、消费电子
886085.TI,AI眼镜,电子,2,后续回流,2026-04-10,2026-04-13,2026-04-14,电子/电力设备/通信,688123.SH,聚辰股份,兑现掉队,2.69,10.44,8.69,,5,抗住且相对强,1.18,12.22,10.03,0,加权Top20+双红>=3+抗住且相对强,AI眼镜、共封装光学(CPO)、半导体、存储芯片、芯片
886085.TI,AI眼镜,电子,2,后续回流,2026-04-10,2026-04-13,2026-04-14,电子/电力设备/通信,301536.SZ,星宸科技,兑现掉队,2.87,4.82,6.3,,3,抗住且相对强,1.34,2.47,0.32,0,加权Top20+双红>=3+抗住且相对强,AI眼镜、半导体、芯片
886085.TI,AI眼镜,电子,2,后续回流,2026-04-10,2026-04-13,2026-04-14,电子/电力设备/通信,000049.SZ,德赛电池,兑现掉队,5.58,7.34,15.12,,7,抗住且相对强,0.08,2.64,1.32,0,加权Top20+双红>=3+抗住且相对强,AI眼镜、储能、华为手机、固态电池、电池、钠离子电池、锂电池
886085.TI,AI眼镜,电子,3,后续回流,2026-04-14,2026-04-15,2026-04-20,电子/电力设备/通信,300136.SZ,信维通信,兑现掉队,7.92,73.99,68.13,,4,补跌但相对强,0.73,13.46,13.58,0,加权Top20+双红>=3+补跌但相对强,6G、AI眼镜、消费电子、芯片
886085.TI,AI眼镜,电子,3,后续回流,2026-04-14,2026-04-15,2026-04-20,电子/电力设备/通信,603890.SH,春秋电子,兑现掉队,8.62,12.2,30.11,60日新高,3,抗住且相对强,10.82,18.22,7.48,0,加权Top20+新高+抗住且相对强,AI PC、AI眼镜、消费电子
886085.TI,AI眼镜,电子,3,后续回流,2026-04-14,2026-04-15,2026-04-20,电子/电力设备/通信,688521.SH,芯原股份,兑现掉队,2.65,66.05,21.54,,6,抗住且相对强,4.39,2.4,-1.12,0,加权Top20+双红>=3+抗住且相对强,AI手机、AI眼镜、MCU芯片、先进封装、半导体、芯片
886085.TI,AI眼镜,电子,3,后续回流,2026-04-14,2026-04-15,2026-04-20,电子/电力设备/通信,300868.SZ,杰美特,兑现掉队,7.54,5.43,17.57,3年新高,2,抗住且相对强,4.94,7.38,3.14,0,加权Top20+新高+抗住且相对强,AI眼镜、消费电子
886085.TI,AI眼镜,电子,3,后续回流,2026-04-14,2026-04-15,2026-04-20,电子/电力设备/通信,002980.SZ,华盛昌,兑现掉队,10.0,10.33,32.14,历史新高,2,抗住且相对强,10.54,21.61,10.58,0,加权Top20+新高+抗住且相对强,AI眼镜、共封装光学(CPO)
886085.TI,AI眼镜,电子,3,后续回流,2026-04-14,2026-04-15,2026-04-20,电子/电力设备/通信,002475.SZ,立讯精密,兑现掉队,0.92,144.87,11.07,60日新高,6,补跌但相对强,0.22,11.14,11.82,0,加权Top20+新高+补跌但相对强,AI眼镜、MR(混合现实)、共封装光学(CPO)、消费电子、液冷服务器、芯片
886085.TI,AI眼镜,电子,3,后续回流,2026-04-14,2026-04-15,2026-04-20,电子/电力设备/通信,300857.SZ,协创数据,兑现掉队,20.0,42.21,129.94,,6,抗住且相对强,13.29,23.39,9.73,0,加权Top20+双红>=3+抗住且相对强,AI眼镜、共封装光学(CPO)、存储芯片、消费电子、芯片、英伟达
886085.TI,AI眼镜,电子,3,后续回流,2026-04-14,2026-04-15,2026-04-20,电子/电力设备/通信,300632.SZ,光莆股份,兑现掉队,7.81,8.89,23.29,60日新高,5,抗住且相对强,1.95,-7.24,-8.27,0,加权Top20+新高+抗住且相对强,AI眼镜、PCB、先进封装、共封装光学(CPO)、芯片
886085.TI,AI眼镜,电子,6,后续回流,2026-05-11,2026-05-12,2026-06-03,电子/电力设备/通信,603738.SH,泰晶科技,兑现掉队,10.0,13.44,36.66,历史新高,7,抗住且相对强,4.83,-11.43,-15.62,0,加权Top20+新高+抗住且相对强,6G、AI眼镜、MCU芯片、元件、光刻机、共封装光学(CPO)、芯片
886085.TI,AI眼镜,电子,6,后续回流,2026-05-11,2026-05-12,2026-06-03,电子/电力设备/通信,301308.SZ,江波龙,延续核心,15.97,145.99,192.96,历史新高,7,抗住且相对强,0.75,-4.34,-5.19,0,加权Top20+新高+抗住且相对强,AI PC、AI手机、AI眼镜、先进封装、半导体、存储芯片、芯片
886085.TI,AI眼镜,电子,6,后续回流,2026-05-11,2026-05-12,2026-06-03,电子/电力设备/通信,688601.SH,力芯微,兑现掉队,12.14,10.75,39.8,20日新高,4,抗住且相对强,8.5,-3.84,-11.49,0,加权Top20+新高+抗住且相对强,AI手机、AI眼镜、半导体、芯片
886085.TI,AI眼镜,电子,6,后续回流,2026-05-11,2026-05-12,2026-06-03,电子/电力设备/通信,688521.SH,芯原股份,兑现掉队,2.06,90.55,19.6,,6,抗住且相对强,1.58,-10.08,-11.6,0,加权Top20+双红>=3+抗住且相对强,AI手机、AI眼镜、MCU芯片、先进封装、半导体、芯片
886085.TI,AI眼镜,电子,6,后续回流,2026-05-11,2026-05-12,2026-06-03,电子/电力设备/通信,002273.SZ,水晶光电,兑现掉队,4.34,47.19,29.81,历史新高,6,抗住且相对强,0.52,-2.36,-3.0,0,加权Top20+新高+抗住且相对强,AI手机、AI眼镜、储能、光学光电子、共封装光学(CPO)、华为手机
886085.TI,AI眼镜,电子,6,后续回流,2026-05-11,2026-05-12,2026-06-03,电子/电力设备/通信,688123.SH,聚辰股份,兑现掉队,15.98,35.69,95.47,20日新高,5,抗住且相对强,4.59,-10.06,-14.13,0,加权Top20+新高+抗住且相对强,AI眼镜、共封装光学(CPO)、半导体、存储芯片、芯片
886085.TI,AI眼镜,电子,6,后续回流,2026-05-11,2026-05-12,2026-06-03,电子/电力设备/通信,600330.SH,天通股份,兑现掉队,10.01,40.95,64.06,历史新高,6,抗住且相对强,1.67,-1.81,-3.55,0,加权Top20+新高+抗住且相对强,AI眼镜、PCB、储能、先进封装、光伏、芯片
886085.TI,AI眼镜,电子,6,后续回流,2026-05-11,2026-05-12,2026-06-03,电子/电力设备/通信,300323.SZ,华灿光电,延续核心,4.89,18.33,20.94,3年新高,4,抗住且相对强,6.03,18.88,11.97,0,加权Top20+新高+抗住且相对强,AI眼镜、光学光电子、共封装光学(CPO)、芯片
886085.TI,AI眼镜,电子,6,后续回流,2026-05-11,2026-05-12,2026-06-03,电子/电力设备/通信,688234.SH,天岳先进,兑现掉队,15.27,26.52,78.64,3年新高,3,抗住且相对强,3.66,8.92,4.93,0,加权Top20+新高+抗住且相对强,AI眼镜、半导体、芯片
886085.TI,AI眼镜,电子,6,后续回流,2026-05-11,2026-05-12,2026-06-03,电子/电力设备/通信,300223.SZ,北京君正,兑现掉队,9.11,69.79,76.11,60日新高,5,抗住且相对强,0.37,-1.18,-1.68,0,加权Top20+新高+抗住且相对强,AI眼镜、MCU芯片、半导体、存储芯片、芯片
886085.TI,AI眼镜,电子,6,后续回流,2026-05-11,2026-05-12,2026-06-03,电子/电力设备/通信,603920.SH,世运电路,兑现掉队,5.63,39.35,35.32,20日新高,6,抗住且相对强,5.21,-9.8,-14.38,0,加权Top20+新高+抗住且相对强,AI眼镜、PCB、储能、元件、光伏、共封装光学(CPO)
886085.TI,AI眼镜,电子,6,后续回流,2026-05-11,2026-05-12,2026-06-03,电子/电力设备/通信,600703.SH,三安光电,延续核心,4.97,59.11,38.21,20日新高,6,抗住且相对强,4.1,-3.3,-7.24,0,加权Top20+新高+抗住且相对强,AI眼镜、先进封装、光伏、光学光电子、共封装光学(CPO)、芯片
886085.TI,AI眼镜,电子,6,后续回流,2026-05-11,2026-05-12,2026-06-03,电子/电力设备/通信,000636.SZ,风华高科,兑现掉队,10.01,20.34,45.14,3年新高,8,抗住且相对强,3.34,112.72,105.57,0,加权Top20+新高+抗住且相对强,AI眼镜、储能、元件、光伏、共封装光学(CPO)、液冷服务器、超级电容、高压快充
886085.TI,AI眼镜,电子,6,后续回流,2026-05-11,2026-05-12,2026-06-03,电子/电力设备/通信,002475.SZ,立讯精密,兑现掉队,6.69,205.84,95.98,历史新高,8,抗住且相对强,1.35,-1.66,-3.1,0,加权Top20+新高+抗住且相对强,AI眼镜、MR(混合现实)、共封装光学(CPO)、华为手机、消费电子、液冷服务器、芯片、铜缆高速连接
885925.TI,MCU芯片,电子,1,周期首发,2026-04-08,2026-04-09,2026-04-10,电子/电力设备/通信,600498.SH,烽火通信,兑现掉队,5.0,61.83,39.32,,8,抗住且相对强,6.21,2.24,-4.64,0,加权Top20+双红>=3+抗住且相对强,6G、MCU芯片、光纤、共封装光学(CPO)、液冷服务器、特高压、芯片、通信设备
885925.TI,MCU芯片,电子,1,周期首发,2026-04-08,2026-04-09,2026-04-10,电子/电力设备/通信,300975.SZ,商络电子,兑现掉队,10.9,12.52,38.57,,5,抗住且相对强,2.25,4.99,2.18,0,加权Top20+双红>=3+抗住且相对强,AI眼镜、MCU芯片、存储芯片、液冷服务器、芯片
885925.TI,MCU芯片,电子,1,周期首发,2026-04-08,2026-04-09,2026-04-10,电子/电力设备/通信,301099.SZ,雅创电子,兑现掉队,12.51,6.22,31.2,,6,抗住且相对强,3.51,5.62,1.55,0,加权Top20+双红>=3+抗住且相对强,AI眼镜、MCU芯片、储能、光伏、存储芯片、芯片
885925.TI,MCU芯片,电子,1,周期首发,2026-04-08,2026-04-09,2026-04-10,电子/电力设备/通信,688362.SH,甬矽电子,兑现掉队,7.81,6.58,20.03,20日新高,4,抗住且相对强,2.1,0.54,-2.0,0,加权Top20+新高+抗住且相对强,MCU芯片、先进封装、半导体、芯片
885925.TI,MCU芯片,电子,1,周期首发,2026-04-08,2026-04-09,2026-04-10,电子/电力设备/通信,688766.SH,普冉股份,兑现掉队,6.16,16.45,24.98,,4,抗住且相对强,0.73,6.0,4.72,0,加权Top20+双红>=3+抗住且相对强,MCU芯片、半导体、存储芯片、芯片
885925.TI,MCU芯片,电子,1,周期首发,2026-04-08,2026-04-09,2026-04-10,电子/电力设备/通信,300053.SZ,航宇微,兑现掉队,7.36,7.57,20.25,,5,抗住且相对强,0.08,-0.28,-0.85,0,加权Top20+双红>=3+抗住且相对强,MCU芯片、先进封装、半导体、存储芯片、芯片
885925.TI,MCU芯片,电子,1,周期首发,2026-04-08,2026-04-09,2026-04-10,电子/电力设备/通信,001287.SZ,中电港,延续核心,10.02,8.32,28.9,,5,抗住且相对强,0.78,4.59,3.28,0,加权Top20+双红>=3+抗住且相对强,MCU芯片、储能、存储芯片、芯片、英伟达
885925.TI,MCU芯片,电子,2,后续回流,2026-04-10,2026-04-13,2026-04-14,电子/电力设备/通信,688807.SH,优迅股份,兑现掉队,2.88,6.14,7.14,20日新高,4,抗住且相对强,13.15,14.34,0.33,0,加权Top20+新高+抗住且相对强,MCU芯片、共封装光学(CPO)、半导体、芯片
885925.TI,MCU芯片,电子,2,后续回流,2026-04-10,2026-04-13,2026-04-14,电子/电力设备/通信,001287.SZ,中电港,兑现掉队,3.28,13.72,12.15,20日新高,5,抗住且相对强,1.2,1.4,-0.59,0,加权Top20+新高+抗住且相对强,MCU芯片、储能、存储芯片、芯片、英伟达
885925.TI,MCU芯片,电子,2,后续回流,2026-04-10,2026-04-13,2026-04-14,电子/电力设备/通信,300671.SZ,富满微,兑现掉队,4.71,8.82,13.99,20日新高,4,抗住且相对强,9.45,11.06,0.73,0,加权Top20+新高+抗住且相对强,MCU芯片、半导体、存储芯片、芯片
885925.TI,MCU芯片,电子,3,后续回流,2026-04-14,2026-04-15,2026-04-20,电子/电力设备/通信,688521.SH,芯原股份,兑现掉队,2.65,66.05,21.54,,6,抗住且相对强,4.39,2.4,-1.12,0,加权Top20+双红>=3+抗住且相对强,AI手机、AI眼镜、MCU芯片、先进封装、半导体、芯片
885925.TI,MCU芯片,电子,3,后续回流,2026-04-14,2026-04-15,2026-04-20,电子/电力设备/通信,688362.SH,甬矽电子,兑现掉队,5.21,8.49,15.18,20日新高,4,补跌但相对强,0.56,-0.38,-0.11,0,加权Top20+新高+补跌但相对强,MCU芯片、先进封装、半导体、芯片
885925.TI,MCU芯片,电子,3,后续回流,2026-04-14,2026-04-15,2026-04-20,电子/电力设备/通信,688047.SH,龙芯中科,兑现掉队,2.83,12.65,10.07,,3,补跌但相对强,0.69,1.45,1.59,0,加权Top20+双红>=3+补跌但相对强,MCU芯片、半导体、芯片
885925.TI,MCU芯片,电子,7,后续回流,2026-05-11,2026-05-12,2026-05-25,电子/电力设备/通信,603738.SH,泰晶科技,兑现掉队,10.0,13.44,36.66,历史新高,7,抗住且相对强,4.83,-4.87,-9.38,0,加权Top20+新高+抗住且相对强,6G、AI眼镜、MCU芯片、元件、光刻机、共封装光学(CPO)、芯片
885925.TI,MCU芯片,电子,7,后续回流,2026-05-11,2026-05-12,2026-05-25,电子/电力设备/通信,688521.SH,芯原股份,兑现掉队,2.06,90.55,19.6,,6,抗住且相对强,1.58,7.06,5.25,0,加权Top20+双红>=3+抗住且相对强,AI手机、AI眼镜、MCU芯片、先进封装、半导体、芯片
885925.TI,MCU芯片,电子,7,后续回流,2026-05-11,2026-05-12,2026-05-25,电子/电力设备/通信,300223.SZ,北京君正,延续核心,9.11,69.79,76.11,60日新高,5,抗住且相对强,0.37,-2.85,-3.34,0,加权Top20+新高+抗住且相对强,AI眼镜、MCU芯片、半导体、存储芯片、芯片
885925.TI,MCU芯片,电子,7,后续回流,2026-05-11,2026-05-12,2026-05-25,电子/电力设备/通信,688783.SH,西安奕材-U,兑现掉队,11.06,17.76,46.61,120日新高,4,抗住且相对强,0.71,-2.73,-3.55,0,加权Top20+新高+抗住且相对强,MCU芯片、半导体、存储芯片、芯片
885925.TI,MCU芯片,电子,7,后续回流,2026-05-11,2026-05-12,2026-05-25,电子/电力设备/通信,688766.SH,普冉股份,兑现掉队,20.0,38.88,124.71,历史新高,4,抗住且相对强,4.55,10.23,5.3,0,加权Top20+新高+抗住且相对强,MCU芯片、半导体、存储芯片、芯片
885925.TI,MCU芯片,电子,7,后续回流,2026-05-11,2026-05-12,2026-05-25,电子/电力设备/通信,688536.SH,思瑞浦,兑现掉队,12.17,27.71,64.06,2年新高,5,抗住且相对强,3.97,12.81,8.36,0,加权Top20+新高+抗住且相对强,MCU芯片、储能、共封装光学(CPO)、半导体、芯片
885925.TI,MCU芯片,电子,7,后续回流,2026-05-11,2026-05-12,2026-05-25,电子/电力设备/通信,600198.SH,大唐电信,兑现掉队,9.95,6.33,25.03,20日新高,4,抗住且相对强,1.23,-7.92,-11.39,0,加权Top20+新高+抗住且相对强,MCU芯片、半导体、芯片、通信设备
885925.TI,MCU芯片,电子,7,后续回流,2026-05-11,2026-05-12,2026-05-25,电子/电力设备/通信,688372.SH,伟测科技,兑现掉队,3.85,20.63,17.49,,5,抗住且相对强,1.0,12.04,10.77,0,加权Top20+双红>=3+抗住且相对强,MCU芯片、先进封装、半导体、存储芯片、芯片
885925.TI,MCU芯片,电子,8,后续回流,2026-05-25,2026-05-26,2026-06-03,电子/电力设备/机械设备,300223.SZ,北京君正,兑现掉队,2.54,41.58,16.38,,5,抗住且相对强,6.19,1.72,-3.5,0,加权Top20+双红>=3+抗住且相对强,3D打印、MCU芯片、半导体、存储芯片、芯片
885925.TI,MCU芯片,电子,8,后续回流,2026-05-25,2026-05-26,2026-06-03,电子/电力设备/机械设备,688362.SH,甬矽电子,兑现掉队,20.0,33.41,115.6,历史新高,4,抗住且相对强,12.65,-9.74,-19.32,0,加权Top20+新高+抗住且相对强,MCU芯片、先进封装、半导体、芯片
885925.TI,MCU芯片,电子,8,后续回流,2026-05-25,2026-05-26,2026-06-03,电子/电力设备/机械设备,603986.SH,兆易创新,延续核心,10.0,293.88,171.43,历史新高,4,抗住且相对强,2.84,-4.53,-6.46,0,加权Top20+新高+抗住且相对强,MCU芯片、半导体、存储芯片、芯片
885925.TI,MCU芯片,电子,8,后续回流,2026-05-25,2026-05-26,2026-06-03,电子/电力设备/机械设备,688172.SH,燕东微,兑现掉队,11.47,17.24,47.62,历史新高,3,抗住且相对强,5.78,9.04,3.84,0,加权Top20+新高+抗住且相对强,MCU芯片、半导体、芯片
885925.TI,MCU芯片,电子,8,后续回流,2026-05-25,2026-05-26,2026-06-03,电子/电力设备/机械设备,300735.SZ,光弘科技,兑现掉队,18.01,14.74,69.15,20日新高,3,抗住且相对强,1.6,-10.55,-11.27,0,加权Top20+新高+抗住且相对强,MCU芯片、华为手机、消费电子
885925.TI,MCU芯片,电子,8,后续回流,2026-05-25,2026-05-26,2026-06-03,电子/电力设备/机械设备,688352.SH,颀中科技,兑现掉队,15.67,9.43,48.12,3年新高,4,抗住且相对强,10.23,32.33,20.91,0,加权Top20+新高+抗住且相对强,MCU芯片、先进封装、半导体、芯片
885925.TI,MCU芯片,电子,8,后续回流,2026-05-25,2026-05-26,2026-06-03,电子/电力设备/机械设备,301563.SZ,云汉芯城,兑现掉队,16.67,11.86,57.41,120日新高,5,补跌但相对强,0.67,3.2,3.31,0,加权Top20+新高+补跌但相对强,MCU芯片、MLCC、PCB、存储芯片、芯片
885925.TI,MCU芯片,电子,8,后续回流,2026-05-25,2026-05-26,2026-06-03,电子/电力设备/机械设备,300975.SZ,商络电子,兑现掉队,20.0,28.19,106.19,历史新高,4,抗住且相对强,6.99,56.03,46.9,0,加权Top20+新高+抗住且相对强,MCU芯片、MLCC、存储芯片、芯片
885925.TI,MCU芯片,电子,8,后续回流,2026-05-25,2026-05-26,2026-06-03,电子/电力设备/机械设备,688469.SH,芯联集成-U,兑现掉队,8.27,25.27,41.57,,4,抗住且相对强,1.39,-5.82,-6.39,0,加权Top20+双红>=3+抗住且相对强,MCU芯片、半导体、特高压、芯片
990001.FP,MLCC,电子,1,周期首发,2026-05-22,2026-05-25,2026-05-25,电子/电力设备/机械设备,688260.SH,昀冢科技,延续核心,20.0,10.47,64.71,历史新高,1,抗住且相对强,3.5,8.29,0.0,0,加权Top20+新高+抗住且相对强,MLCC
990001.FP,MLCC,电子,2,后续回流,2026-05-25,2026-05-26,2026-05-27,电子/电力设备/机械设备,002056.SZ,横店东磁,兑现掉队,10.01,20.69,45.53,20日新高,2,抗住且相对强,5.17,9.42,4.56,0,加权Top20+新高+抗住且相对强,BC电池、MLCC
990001.FP,MLCC,电子,2,后续回流,2026-05-25,2026-05-26,2026-05-27,电子/电力设备/机械设备,301563.SZ,云汉芯城,兑现掉队,16.67,11.86,57.41,120日新高,5,补跌但相对强,0.67,5.2,5.32,0,加权Top20+新高+补跌但相对强,MCU芯片、MLCC、PCB、存储芯片、芯片
990001.FP,MLCC,电子,2,后续回流,2026-05-25,2026-05-26,2026-05-27,电子/电力设备/机械设备,300975.SZ,商络电子,延续核心,20.0,28.19,106.19,历史新高,4,抗住且相对强,6.99,14.4,7.71,0,加权Top20+新高+抗住且相对强,MCU芯片、MLCC、存储芯片、芯片
990001.FP,MLCC,电子,2,后续回流,2026-05-25,2026-05-26,2026-05-27,电子/电力设备/机械设备,000636.SZ,风华高科,延续核心,9.99,3.61,18.98,历史新高,4,抗住且相对强,1.55,6.86,6.04,0,加权Top20+新高+抗住且相对强,MLCC、共封装光学(CPO)、超级电容、高压快充
990001.FP,MLCC,电子,2,后续回流,2026-05-25,2026-05-26,2026-05-27,电子/电力设备/机械设备,688260.SH,昀冢科技,兑现掉队,8.29,13.28,30.21,历史新高,2,抗住且相对强,3.7,7.66,4.6,0,加权Top20+新高+抗住且相对强,MLCC、消费电子
990001.FP,MLCC,电子,2,后续回流,2026-05-25,2026-05-26,2026-05-27,电子/电力设备/机械设备,603989.SH,艾华集团,延续核心,8.02,14.22,30.24,3年新高,2,抗住且相对强,4.2,13.78,10.02,0,加权Top20+新高+抗住且相对强,MLCC、高压快充
990001.FP,MLCC,电子,2,后续回流,2026-05-25,2026-05-26,2026-05-27,电子/电力设备/机械设备,301566.SZ,达利凯普,兑现掉队,8.12,13.56,29.9,历史新高,1,补跌但相对强,0.19,-3.03,-2.46,0,加权Top20+新高+补跌但相对强,MLCC
990001.FP,MLCC,电子,3,后续回流,2026-05-27,2026-05-28,2026-05-28,电子/电力设备/机械设备,603989.SH,艾华集团,兑现掉队,10.02,13.54,36.87,3年新高,1,抗住且相对强,8.26,9.99,0.0,0,加权Top20+新高+抗住且相对强,MLCC
990001.FP,MLCC,电子,3,后续回流,2026-05-27,2026-05-28,2026-05-28,电子/电力设备/机械设备,300975.SZ,商络电子,兑现掉队,7.71,33.8,44.82,历史新高,1,抗住且相对强,18.24,19.97,0.0,0,加权Top20+新高+抗住且相对强,MLCC
990001.FP,MLCC,电子,3,后续回流,2026-05-27,2026-05-28,2026-05-28,电子/电力设备/机械设备,000636.SZ,风华高科,延续核心,6.04,91.21,57.68,历史新高,1,抗住且相对强,8.27,10.0,0.0,0,加权Top20+新高+抗住且相对强,MLCC
990001.FP,MLCC,电子,3,后续回流,2026-05-27,2026-05-28,2026-05-28,电子/电力设备/机械设备,300408.SZ,三环集团,延续核心,5.18,97.54,51.16,历史新高,1,抗住且相对强,5.69,7.42,0.0,0,加权Top20+新高+抗住且相对强,MLCC
990001.FP,MLCC,电子,4,后续回流,2026-05-28,2026-05-29,2026-06-02,电子/电力设备/机械设备,000636.SZ,风华高科,兑现掉队,10.0,73.26,85.59,历史新高,1,抗住且相对强,13.47,23.17,12.97,0,加权Top20+新高+抗住且相对强,MLCC
990001.FP,MLCC,电子,4,后续回流,2026-05-28,2026-05-29,2026-06-02,电子/电力设备/机械设备,300408.SZ,三环集团,兑现掉队,7.42,128.51,84.11,历史新高,1,补跌但相对强,1.92,1.78,4.41,0,加权Top20+新高+补跌但相对强,MLCC
990001.FP,MLCC,电子,4,后续回流,2026-05-28,2026-05-29,2026-06-02,电子/电力设备/机械设备,688006.SH,杭可科技,兑现掉队,19.99,20.51,90.53,120日新高,1,抗住且相对强,2.97,-8.54,-9.03,0,加权Top20+新高+抗住且相对强,MLCC
990001.FP,MLCC,电子,5,后续回流,2026-06-02,2026-06-03,2026-06-03,电子/电力设备/通信,002859.SZ,洁美科技,延续核心,7.13,25.29,35.86,历史新高,2,抗住且相对强,5.56,7.86,0.0,0,加权Top20+新高+抗住且相对强,MLCC、PET铜箔
990001.FP,MLCC,电子,5,后续回流,2026-06-02,2026-06-03,2026-06-03,电子/电力设备/通信,002484.SZ,江海股份,延续核心,5.45,56.4,40.93,历史新高,1,抗住且相对强,2.65,4.95,0.0,0,加权Top20+新高+抗住且相对强,MLCC
990001.FP,MLCC,电子,6,后续回流,2026-06-03,2026-06-04,2026-06-04,电子/通信/电力设备,002056.SZ,横店东磁,兑现掉队,7.17,32.26,40.72,历史新高,5,抗住且相对强,8.94,6.98,0.0,0,加权Top20+新高+抗住且相对强,BC电池、MLCC、TOPCON电池、光伏、钙钛矿电池
990001.FP,MLCC,电子,6,后续回流,2026-06-03,2026-06-04,2026-06-04,电子/通信/电力设备,002859.SZ,洁美科技,兑现掉队,7.86,28.42,41.9,历史新高,3,抗住且相对强,6.58,8.84,0.0,0,加权Top20+新高+抗住且相对强,MLCC、PET铜箔、可控核聚变
990001.FP,MLCC,电子,6,后续回流,2026-06-03,2026-06-04,2026-06-04,电子/通信/电力设备,002484.SZ,江海股份,兑现掉队,4.95,53.09,36.07,历史新高,3,抗住且相对强,7.74,10.0,0.0,0,加权Top20+新高+抗住且相对强,MLCC、元件、可控核聚变
990001.FP,MLCC,电子,6,后续回流,2026-06-03,2026-06-04,2026-06-04,电子/通信/电力设备,002951.SZ,金时科技,兑现掉队,5.62,8.54,16.42,3年新高,1,抗住且相对强,11.94,9.98,0.0,0,加权Top20+新高+抗住且相对强,MLCC
886046.TI,MR(混合现实),电子,1,周期首发,2026-04-08,2026-04-09,2026-04-14,电子/电力设备/通信,300684.SZ,中石科技,兑现掉队,8.51,5.83,20.55,,6,抗住且相对强,0.48,6.23,5.21,0,加权Top20+双红>=3+抗住且相对强,AI PC、MR(混合现实)、储能、光伏、共封装光学(CPO)、液冷服务器
886046.TI,MR(混合现实),电子,1,周期首发,2026-04-08,2026-04-09,2026-04-14,电子/电力设备/通信,002475.SZ,立讯精密,延续核心,8.02,103.42,81.56,20日新高,7,抗住且相对强,4.91,13.14,7.35,0,加权Top20+新高+抗住且相对强,AI眼镜、MR(混合现实)、共封装光学(CPO)、消费电子、液冷服务器、芯片、铜缆高速连接
886046.TI,MR(混合现实),电子,1,周期首发,2026-04-08,2026-04-09,2026-04-14,电子/电力设备/通信,002241.SZ,歌尔股份,兑现掉队,5.75,21.77,26.83,,4,抗住且相对强,0.15,4.04,3.38,0,加权Top20+双红>=3+抗住且相对强,AI眼镜、MR(混合现实)、消费电子、芯片
886046.TI,MR(混合现实),电子,1,周期首发,2026-04-08,2026-04-09,2026-04-14,电子/电力设备/通信,002929.SZ,润建股份,延续核心,10.0,12.86,35.86,,4,抗住且相对强,1.83,14.69,11.52,0,加权Top20+双红>=3+抗住且相对强,MR(混合现实)、储能、光伏、虚拟电厂
886046.TI,MR(混合现实),电子,1,周期首发,2026-04-08,2026-04-09,2026-04-14,电子/电力设备/通信,301486.SZ,致尚科技,兑现掉队,8.62,16.53,35.05,,6,抗住且相对强,2.49,9.28,6.12,0,加权Top20+双红>=3+抗住且相对强,MR(混合现实)、光纤、共封装光学(CPO)、消费电子、芯片、通信设备
886046.TI,MR(混合现实),电子,2,后续回流,2026-04-14,2026-04-15,2026-04-20,电子/电力设备/通信,002475.SZ,立讯精密,兑现掉队,0.92,144.87,11.07,60日新高,6,补跌但相对强,0.22,11.14,11.82,0,加权Top20+新高+补跌但相对强,AI眼镜、MR(混合现实)、共封装光学(CPO)、消费电子、液冷服务器、芯片
886046.TI,MR(混合现实),电子,2,后续回流,2026-04-14,2026-04-15,2026-04-20,电子/电力设备/通信,002929.SZ,润建股份,兑现掉队,4.98,21.72,23.21,1年新高,2,补跌但相对强,0.55,-1.1,-0.32,0,加权Top20+新高+补跌但相对强,MR(混合现实)、虚拟电厂
886046.TI,MR(混合现实),电子,6,后续回流,2026-05-08,2026-05-11,2026-05-11,电子/电力设备/机械设备,688167.SH,炬光科技,兑现掉队,2.91,38.35,18.02,历史新高,1,抗住且相对强,5.27,10.0,0.0,0,加权Top20+新高+抗住且相对强,MR(混合现实)
886046.TI,MR(混合现实),电子,6,后续回流,2026-05-08,2026-05-11,2026-05-11,电子/电力设备/机械设备,002008.SZ,大族激光,兑现掉队,8.58,75.78,74.69,历史新高,2,抗住且相对强,7.85,10.0,0.0,0,加权Top20+新高+抗住且相对强,MR(混合现实)、减速器
886046.TI,MR(混合现实),电子,7,后续回流,2026-05-11,2026-05-12,2026-05-25,电子/电力设备/通信,002475.SZ,立讯精密,兑现掉队,6.69,205.84,95.98,历史新高,8,抗住且相对强,1.35,-1.79,-3.23,0,加权Top20+新高+抗住且相对强,AI眼镜、MR(混合现实)、共封装光学(CPO)、华为手机、消费电子、液冷服务器、芯片、铜缆高速连接
886046.TI,MR(混合现实),电子,8,后续回流,2026-05-25,2026-05-26,2026-06-05,电子/电力设备/机械设备,300602.SZ,飞荣达,回流日无法确认新核心,15.24,32.07,86.3,历史新高,4,抗住且相对强,2.72,-11.13,-12.82,1,加权Top20+新高+抗住且相对强,MR(混合现实)、共封装光学(CPO)、华为手机、消费电子
886046.TI,MR(混合现实),电子,8,后续回流,2026-05-25,2026-05-26,2026-06-05,电子/电力设备/机械设备,300219.SZ,鸿利智汇,回流日无法确认新核心,6.52,7.34,17.66,3年新高,2,抗住且相对强,5.79,-1.23,-5.94,1,加权Top20+新高+抗住且相对强,MR(混合现实)、芯片
885959.TI,PCB,电子,1,周期首发,2026-04-08,2026-04-09,2026-04-14,电子/电力设备/通信,603186.SH,华正新材,兑现掉队,6.93,13.26,25.24,,7,抗住且相对强,3.94,5.26,0.8,0,加权Top20+双红>=3+抗住且相对强,6G、PCB、储能、元件、先进封装、固态电池、芯片
885959.TI,PCB,电子,1,周期首发,2026-04-08,2026-04-09,2026-04-14,电子/电力设备/通信,002436.SZ,兴森科技,兑现掉队,7.3,17.2,30.28,,7,抗住且相对强,1.03,16.87,15.13,0,加权Top20+双红>=3+抗住且相对强,6G、PCB、元件、先进封装、共封装光学(CPO)、存储芯片、芯片
885959.TI,PCB,电子,1,周期首发,2026-04-08,2026-04-09,2026-04-14,电子/电力设备/通信,001389.SZ,广合科技,兑现掉队,10.0,10.89,33.0,,4,抗住且相对强,0.7,5.94,4.69,0,加权Top20+双红>=3+抗住且相对强,AI PC、PCB、元件、共封装光学(CPO)
885959.TI,PCB,电子,1,周期首发,2026-04-08,2026-04-09,2026-04-14,电子/电力设备/通信,002938.SZ,鹏鼎控股,兑现掉队,7.34,20.55,33.27,,6,抗住且相对强,1.21,10.35,8.51,0,加权Top20+双红>=3+抗住且相对强,AI PC、AI手机、AI眼镜、PCB、元件、共封装光学(CPO)
885959.TI,PCB,电子,1,周期首发,2026-04-08,2026-04-09,2026-04-14,电子/电力设备/通信,002384.SZ,东山精密,兑现掉队,10.0,27.85,52.77,,7,抗住且相对强,9.51,21.76,10.69,0,加权Top20+双红>=3+抗住且相对强,AI手机、PCB、元件、光纤、共封装光学(CPO)、芯片、高压快充
885959.TI,PCB,电子,1,周期首发,2026-04-08,2026-04-09,2026-04-14,电子/电力设备/通信,600330.SH,天通股份,兑现掉队,7.31,26.62,37.72,,6,抗住且相对强,9.5,15.08,4.62,0,加权Top20+双红>=3+抗住且相对强,AI眼镜、PCB、储能、先进封装、光伏、芯片
885959.TI,PCB,电子,1,周期首发,2026-04-08,2026-04-09,2026-04-14,电子/电力设备/通信,603920.SH,世运电路,兑现掉队,10.01,12.29,35.09,,6,抗住且相对强,5.06,2.59,-2.8,0,加权Top20+双红>=3+抗住且相对强,AI眼镜、PCB、储能、元件、光伏、共封装光学(CPO)
885959.TI,PCB,电子,1,周期首发,2026-04-08,2026-04-09,2026-04-14,电子/电力设备/通信,301630.SZ,同宇新材,兑现掉队,8.3,10.72,27.18,20日新高,1,抗住且相对强,1.43,-1.83,-3.68,0,加权Top20+新高+抗住且相对强,PCB
885959.TI,PCB,电子,1,周期首发,2026-04-08,2026-04-09,2026-04-14,电子/电力设备/通信,300679.SZ,电连技术,兑现掉队,19.99,17.81,84.36,20日新高,2,抗住且相对强,9.25,4.63,-4.65,0,加权Top20+新高+抗住且相对强,PCB、消费电子
885959.TI,PCB,电子,1,周期首发,2026-04-08,2026-04-09,2026-04-14,电子/电力设备/通信,688150.SH,莱特光电,兑现掉队,13.66,9.14,41.3,历史新高,2,抗住且相对强,1.29,5.44,3.6,0,加权Top20+新高+抗住且相对强,PCB、钙钛矿电池
885959.TI,PCB,电子,1,周期首发,2026-04-08,2026-04-09,2026-04-14,电子/电力设备/通信,301123.SZ,奕东电子,兑现掉队,7.96,8.08,22.63,,6,抗住且相对强,9.26,7.47,-2.07,0,加权Top20+双红>=3+抗住且相对强,PCB、储能、共封装光学(CPO)、消费电子、液冷服务器、铜缆高速连接
885959.TI,PCB,电子,1,周期首发,2026-04-08,2026-04-09,2026-04-14,电子/电力设备/通信,603328.SH,依顿电子,兑现掉队,10.04,7.44,27.39,,4,抗住且相对强,2.93,5.37,1.89,0,加权Top20+双红>=3+抗住且相对强,PCB、元件、光伏、共封装光学(CPO)
885959.TI,PCB,电子,1,周期首发,2026-04-08,2026-04-09,2026-04-14,电子/电力设备/通信,002463.SZ,沪电股份,兑现掉队,10.0,81.45,90.25,,3,抗住且相对强,1.62,16.02,13.63,0,加权Top20+双红>=3+抗住且相对强,PCB、元件、芯片
885959.TI,PCB,电子,1,周期首发,2026-04-08,2026-04-09,2026-04-14,电子/电力设备/通信,688603.SH,天承科技,兑现掉队,12.57,5.81,30.3,,3,抗住且相对强,1.21,-0.19,-1.86,0,加权Top20+双红>=3+抗住且相对强,PCB、先进封装、芯片
885959.TI,PCB,电子,1,周期首发,2026-04-08,2026-04-09,2026-04-14,电子/电力设备/通信,002916.SZ,深南电路,兑现掉队,10.0,36.14,60.12,,5,抗住且相对强,1.82,20.32,17.6,0,加权Top20+双红>=3+抗住且相对强,PCB、元件、先进封装、存储芯片、芯片
885959.TI,PCB,电子,1,周期首发,2026-04-08,2026-04-09,2026-04-14,电子/电力设备/通信,603175.SH,超颖电子,延续核心,10.0,4.69,21.66,,4,抗住且相对强,4.83,7.14,1.73,0,加权Top20+双红>=3+抗住且相对强,PCB、元件、存储芯片、芯片
885959.TI,PCB,电子,1,周期首发,2026-04-08,2026-04-09,2026-04-14,电子/电力设备/通信,002213.SZ,大为股份,兑现掉队,10.01,6.32,25.16,,4,抗住且相对强,9.53,28.87,17.13,0,加权Top20+双红>=3+抗住且相对强,PCB、半导体、存储芯片、芯片
885959.TI,PCB,电子,2,后续回流,2026-04-14,2026-04-15,2026-04-17,电子/电力设备/通信,300632.SZ,光莆股份,兑现掉队,7.81,8.89,23.29,60日新高,5,抗住且相对强,1.95,4.77,3.61,0,加权Top20+新高+抗住且相对强,AI眼镜、PCB、先进封装、共封装光学(CPO)、芯片
885959.TI,PCB,电子,2,后续回流,2026-04-14,2026-04-15,2026-04-17,电子/电力设备/通信,688655.SH,迅捷兴,兑现掉队,16.08,7.11,42.88,历史新高,3,抗住且相对强,6.21,10.13,4.51,0,加权Top20+新高+抗住且相对强,PCB、元件、共封装光学(CPO)
885959.TI,PCB,电子,2,后续回流,2026-04-14,2026-04-15,2026-04-17,电子/电力设备/通信,688519.SH,南亚新材,兑现掉队,11.95,14.91,46.14,,4,抗住且相对强,2.95,-6.95,-8.88,0,加权Top20+双红>=3+抗住且相对强,PCB、元件、共封装光学(CPO)、存储芯片
885959.TI,PCB,电子,2,后续回流,2026-04-14,2026-04-15,2026-04-17,电子/电力设备/通信,600183.SH,生益科技,兑现掉队,5.28,53.06,38.46,20日新高,6,抗住且相对强,0.95,3.64,3.51,0,加权Top20+新高+抗住且相对强,PCB、元件、先进封装、共封装光学(CPO)、存储芯片、芯片
885959.TI,PCB,电子,2,后续回流,2026-04-14,2026-04-15,2026-04-17,电子/电力设备/通信,603002.SH,宏昌电子,兑现掉队,10.01,7.78,27.92,历史新高,4,抗住且相对强,0.99,0.62,0.47,0,加权Top20+新高+抗住且相对强,PCB、先进封装、芯片、英伟达
885959.TI,PCB,电子,2,后续回流,2026-04-14,2026-04-15,2026-04-17,电子/电力设备/通信,300903.SZ,科翔股份,兑现掉队,13.68,18.84,59.38,,7,抗住且相对强,6.02,3.97,-1.16,0,加权Top20+双红>=3+抗住且相对强,PCB、元件、先进封装、共封装光学(CPO)、存储芯片、芯片、钠离子电池
885959.TI,PCB,电子,2,后续回流,2026-04-14,2026-04-15,2026-04-17,电子/电力设备/通信,603175.SH,超颖电子,兑现掉队,4.61,5.62,10.93,,4,补跌但相对强,0.22,1.79,2.41,0,加权Top20+双红>=3+补跌但相对强,PCB、元件、存储芯片、芯片
885959.TI,PCB,电子,2,后续回流,2026-04-14,2026-04-15,2026-04-17,电子/电力设备/通信,300283.SZ,温州宏丰,兑现掉队,4.93,7.09,13.13,3年新高,2,补跌但相对强,0.12,5.57,6.03,0,加权Top20+新高+补跌但相对强,PCB、芯片
885959.TI,PCB,电子,2,后续回流,2026-04-14,2026-04-15,2026-04-17,电子/电力设备/通信,688733.SH,壹石通,兑现掉队,6.48,3.24,11.66,,6,抗住且相对强,1.58,0.58,-0.44,0,加权Top20+双红>=3+抗住且相对强,PCB、先进封装、存储芯片、燃料电池、芯片、钠离子电池
885959.TI,PCB,电子,2,后续回流,2026-04-14,2026-04-15,2026-04-17,电子/电力设备/通信,688388.SH,嘉元科技,兑现掉队,3.8,14.41,14.42,20日新高,2,抗住且相对强,1.7,4.18,3.0,0,加权Top20+新高+抗住且相对强,PCB、共封装光学(CPO)
885959.TI,PCB,电子,3,后续回流,2026-04-17,2026-04-20,2026-05-06,电子/电力设备/通信,300184.SZ,力源信息,兑现掉队,5.87,23.18,28.26,120日新高,4,抗住且相对强,0.97,10.06,7.34,0,加权Top20+新高+抗住且相对强,6G、PCB、光伏、芯片
885959.TI,PCB,电子,3,后续回流,2026-04-17,2026-04-20,2026-05-06,电子/电力设备/通信,603118.SH,共进股份,兑现掉队,10.0,10.66,32.65,1年新高,6,补跌但相对强,0.78,-0.92,1.28,0,加权Top20+新高+补跌但相对强,6G、PCB、先进封装、共封装光学(CPO)、芯片、通信设备
885959.TI,PCB,电子,3,后续回流,2026-04-17,2026-04-20,2026-05-06,电子/电力设备/通信,300476.SZ,胜宏科技,兑现掉队,7.55,215.82,110.92,60日新高,6,抗住且相对强,3.52,-0.15,-4.98,0,加权Top20+新高+抗住且相对强,AI PC、PCB、元件、光伏、共封装光学(CPO)、芯片
885959.TI,PCB,电子,3,后续回流,2026-04-17,2026-04-20,2026-05-06,电子/电力设备/通信,920526.BJ,凯华材料,兑现掉队,29.95,0.92,28.73,20日新高,3,抗住且相对强,12.75,,,0,加权Top20+新高+抗住且相对强,PCB、半导体、芯片
885959.TI,PCB,电子,3,后续回流,2026-04-17,2026-04-20,2026-05-06,电子/电力设备/通信,300776.SZ,帝尔激光,兑现掉队,20.0,18.88,86.9,20日新高,5,抗住且相对强,9.16,6.59,-0.7,0,加权Top20+新高+抗住且相对强,PCB、TOPCON电池、先进封装、光伏、芯片
885959.TI,PCB,电子,3,后续回流,2026-04-17,2026-04-20,2026-05-06,电子/电力设备/通信,301511.SZ,德福科技,兑现掉队,4.92,20.11,22.06,历史新高,2,抗住且相对强,6.94,79.47,70.72,0,加权Top20+新高+抗住且相对强,PCB、共封装光学(CPO)
885959.TI,PCB,电子,3,后续回流,2026-04-17,2026-04-20,2026-05-06,电子/电力设备/通信,600330.SH,天通股份,兑现掉队,10.03,8.2,28.72,历史新高,4,抗住且相对强,8.43,24.3,13.01,0,加权Top20+新高+抗住且相对强,PCB、先进封装、光伏、芯片
885959.TI,PCB,电子,3,后续回流,2026-04-17,2026-04-20,2026-05-06,电子/电力设备/通信,301217.SZ,铜冠铜箔,兑现掉队,3.3,21.62,15.34,20日新高,1,补跌但相对强,0.23,86.26,89.25,0,加权Top20+新高+补跌但相对强,PCB
885959.TI,PCB,电子,3,后续回流,2026-04-17,2026-04-20,2026-05-06,电子/电力设备/通信,002916.SZ,深南电路,兑现掉队,4.78,37.33,29.2,,4,抗住且相对强,0.05,12.61,10.82,0,加权Top20+双红>=3+抗住且相对强,PCB、元件、先进封装、芯片
885959.TI,PCB,电子,3,后续回流,2026-04-17,2026-04-20,2026-05-06,电子/电力设备/通信,300450.SZ,先导智能,兑现掉队,4.36,53.94,32.02,20日新高,3,抗住且相对强,3.06,1.8,0.55,0,加权Top20+新高+抗住且相对强,PCB、TOPCON电池、光伏
885959.TI,PCB,电子,3,后续回流,2026-04-17,2026-04-20,2026-05-06,电子/电力设备/通信,002217.SZ,合力泰,兑现掉队,9.84,13.27,35.85,20日新高,2,抗住且相对强,8.51,18.66,7.8,0,加权Top20+新高+抗住且相对强,PCB、光学光电子
885959.TI,PCB,电子,5,后续回流,2026-05-11,2026-05-12,2026-05-25,电子/电力设备/通信,002436.SZ,兴森科技,延续核心,3.62,49.66,25.51,历史新高,7,抗住且相对强,0.7,14.92,13.96,0,加权Top20+新高+抗住且相对强,6G、PCB、元件、先进封装、共封装光学(CPO)、存储芯片、芯片
885959.TI,PCB,电子,5,后续回流,2026-05-11,2026-05-12,2026-05-25,电子/电力设备/通信,001389.SZ,广合科技,兑现掉队,10.0,25.21,50.21,历史新高,4,抗住且相对强,0.06,0.37,0.17,0,加权Top20+新高+抗住且相对强,AI PC、PCB、元件、共封装光学(CPO)
885959.TI,PCB,电子,5,后续回流,2026-05-11,2026-05-12,2026-05-25,电子/电力设备/通信,002384.SZ,东山精密,兑现掉队,3.27,193.64,45.5,历史新高,7,抗住且相对强,0.39,3.64,3.09,0,加权Top20+新高+抗住且相对强,AI手机、PCB、元件、光纤、共封装光学(CPO)、芯片、高压快充
885959.TI,PCB,电子,5,后续回流,2026-05-11,2026-05-12,2026-05-25,电子/电力设备/通信,600330.SH,天通股份,兑现掉队,10.01,40.95,64.06,历史新高,6,抗住且相对强,1.67,-2.4,-4.13,0,加权Top20+新高+抗住且相对强,AI眼镜、PCB、储能、先进封装、光伏、芯片
885959.TI,PCB,电子,5,后续回流,2026-05-11,2026-05-12,2026-05-25,电子/电力设备/通信,603920.SH,世运电路,兑现掉队,5.63,39.35,35.32,20日新高,6,抗住且相对强,5.21,8.39,2.88,0,加权Top20+新高+抗住且相对强,AI眼镜、PCB、储能、元件、光伏、共封装光学(CPO)
885959.TI,PCB,电子,5,后续回流,2026-05-11,2026-05-12,2026-05-25,电子/电力设备/通信,300537.SZ,广信材料,兑现掉队,8.71,7.57,23.96,120日新高,6,抗住且相对强,1.56,20.6,18.58,0,加权Top20+新高+抗住且相对强,BC电池、PCB、光伏、光刻胶、华为手机、芯片
885959.TI,PCB,电子,5,后续回流,2026-05-11,2026-05-12,2026-05-25,电子/电力设备/通信,688655.SH,迅捷兴,兑现掉队,11.06,14.9,42.69,历史新高,3,抗住且相对强,4.47,-3.58,-7.83,0,加权Top20+新高+抗住且相对强,PCB、元件、共封装光学(CPO)
885959.TI,PCB,电子,5,后续回流,2026-05-11,2026-05-12,2026-05-25,电子/电力设备/通信,688603.SH,天承科技,兑现掉队,20.0,11.43,67.62,历史新高,3,抗住且相对强,8.59,51.02,38.89,0,加权Top20+新高+抗住且相对强,PCB、先进封装、芯片
885959.TI,PCB,电子,5,后续回流,2026-05-11,2026-05-12,2026-05-25,电子/电力设备/通信,300903.SZ,科翔股份,兑现掉队,4.55,22.93,21.79,历史新高,7,抗住且相对强,13.9,36.51,19.71,0,加权Top20+新高+抗住且相对强,PCB、储能、元件、先进封装、共封装光学(CPO)、存储芯片、芯片
885959.TI,PCB,电子,5,后续回流,2026-05-11,2026-05-12,2026-05-25,电子/电力设备/通信,600601.SH,方正科技,兑现掉队,9.98,53.76,73.17,60日新高,3,抗住且相对强,7.21,-2.4,-9.08,0,加权Top20+新高+抗住且相对强,PCB、元件、共封装光学(CPO)
885959.TI,PCB,电子,6,后续回流,2026-05-25,2026-05-26,2026-06-03,电子/电力设备/机械设备,000988.SZ,华工科技,兑现掉队,10.0,178.98,133.78,历史新高,8,补跌但相对强,0.62,-10.21,-9.35,0,加权Top20+新高+补跌但相对强,3D打印、PCB、先进封装、共封装光学(CPO)、存储芯片、芯片、铜缆高速连接、高压快充
885959.TI,PCB,电子,6,后续回流,2026-05-25,2026-05-26,2026-06-03,电子/电力设备/机械设备,300606.SZ,金太阳,兑现掉队,7.9,7.53,21.68,,4,补跌但相对强,1.0,-18.59,-18.13,0,加权Top20+双红>=3+补跌但相对强,3D打印、PCB、存储芯片、芯片
885959.TI,PCB,电子,6,后续回流,2026-05-25,2026-05-26,2026-06-03,电子/电力设备/机械设备,603806.SH,福斯特,兑现掉队,5.65,19.11,24.7,,3,抗住且相对强,3.07,-5.19,-7.53,0,加权Top20+双红>=3+抗住且相对强,BC电池、HJT电池、PCB
885959.TI,PCB,电子,6,后续回流,2026-05-25,2026-05-26,2026-06-03,电子/电力设备/机械设备,301563.SZ,云汉芯城,兑现掉队,16.67,11.86,57.41,120日新高,5,补跌但相对强,0.67,3.2,3.31,0,加权Top20+新高+补跌但相对强,MCU芯片、MLCC、PCB、存储芯片、芯片
885959.TI,PCB,电子,6,后续回流,2026-05-25,2026-05-26,2026-06-03,电子/电力设备/机械设备,301200.SZ,大族数控,兑现掉队,4.01,24.9,20.01,历史新高,2,抗住且相对强,1.69,0.35,0.22,0,加权Top20+新高+抗住且相对强,PCB、先进封装
885959.TI,PCB,电子,6,后续回流,2026-05-25,2026-05-26,2026-06-03,电子/电力设备/机械设备,603186.SH,华正新材,兑现掉队,5.98,29.72,32.6,历史新高,3,抗住且相对强,1.81,-9.71,-10.63,0,加权Top20+新高+抗住且相对强,PCB、先进封装、芯片
885959.TI,PCB,电子,6,后续回流,2026-05-25,2026-05-26,2026-06-03,电子/电力设备/机械设备,301377.SZ,鼎泰高科,兑现掉队,5.43,24.14,26.68,历史新高,1,补跌但相对强,1.48,17.48,17.57,0,加权Top20+新高+补跌但相对强,PCB
885959.TI,PCB,电子,6,后续回流,2026-05-25,2026-05-26,2026-06-03,电子/电力设备/机械设备,002938.SZ,鹏鼎控股,兑现掉队,10.0,23.9,48.89,历史新高,2,抗住且相对强,2.25,-5.27,-6.64,0,加权Top20+新高+抗住且相对强,PCB、共封装光学(CPO)
885959.TI,PCB,电子,6,后续回流,2026-05-25,2026-05-26,2026-06-03,电子/电力设备/机械设备,002552.SZ,宝鼎科技,兑现掉队,9.99,15.7,39.58,历史新高,1,抗住且相对强,11.56,35.78,23.43,0,加权Top20+新高+抗住且相对强,PCB
885959.TI,PCB,电子,6,后续回流,2026-05-25,2026-05-26,2026-06-03,电子/电力设备/机械设备,002916.SZ,深南电路,兑现掉队,5.74,64.73,46.18,历史新高,4,抗住且相对强,5.66,-4.5,-8.94,0,加权Top20+新高+抗住且相对强,PCB、先进封装、存储芯片、芯片
885959.TI,PCB,电子,6,后续回流,2026-05-25,2026-05-26,2026-06-03,电子/电力设备/机械设备,603936.SH,博敏电子,兑现掉队,10.0,15.08,38.83,3年新高,4,抗住且相对强,6.37,-12.64,-17.26,0,加权Top20+新高+抗住且相对强,PCB、先进封装、共封装光学(CPO)、存储芯片
885959.TI,PCB,电子,6,后续回流,2026-05-25,2026-05-26,2026-06-03,电子/电力设备/机械设备,603228.SH,景旺电子,兑现掉队,5.36,61.9,42.17,历史新高,4,抗住且相对强,1.45,-14.54,-15.11,0,加权Top20+新高+抗住且相对强,PCB、共封装光学(CPO)、华为手机、英伟达
885959.TI,PCB,电子,6,后续回流,2026-05-25,2026-05-26,2026-06-03,电子/电力设备/机械设备,600183.SH,生益科技,兑现掉队,7.88,91.02,75.18,历史新高,5,抗住且相对强,10.78,21.09,10.08,0,加权Top20+新高+抗住且相对强,PCB、先进封装、共封装光学(CPO)、存储芯片、芯片
885959.TI,PCB,电子,6,后续回流,2026-05-25,2026-05-26,2026-06-03,电子/电力设备/机械设备,002463.SZ,沪电股份,兑现掉队,7.43,121.17,81.79,历史新高,2,抗住且相对强,9.61,5.92,-2.67,0,加权Top20+新高+抗住且相对强,PCB、芯片
885959.TI,PCB,电子,6,后续回流,2026-05-25,2026-05-26,2026-06-03,电子/电力设备/机械设备,301568.SZ,思泰克,兑现掉队,6.16,7.87,17.28,2年新高,3,抗住且相对强,3.61,13.57,11.29,0,加权Top20+新高+抗住且相对强,PCB、光刻胶、芯片
885959.TI,PCB,电子,6,后续回流,2026-05-25,2026-05-26,2026-06-03,电子/电力设备/机械设备,301366.SZ,一博科技,兑现掉队,8.27,7.51,22.66,1年新高,4,抗住且相对强,3.58,15.83,12.67,0,加权Top20+新高+抗住且相对强,PCB、共封装光学(CPO)、芯片、英伟达
885959.TI,PCB,电子,6,后续回流,2026-05-25,2026-05-26,2026-06-03,电子/电力设备/机械设备,002741.SZ,光华科技,兑现掉队,10.02,12.28,35.11,3年新高,4,抗住且相对强,1.6,1.15,0.32,0,加权Top20+新高+抗住且相对强,PCB、先进封装、共封装光学(CPO)、芯片
885959.TI,PCB,电子,6,后续回流,2026-05-25,2026-05-26,2026-06-03,电子/电力设备/机械设备,002436.SZ,兴森科技,兑现掉队,7.62,74.18,65.63,历史新高,5,补跌但相对强,0.75,4.46,4.49,0,加权Top20+新高+补跌但相对强,PCB、先进封装、共封装光学(CPO)、存储芯片、芯片
885959.TI,PCB,电子,6,后续回流,2026-05-25,2026-05-26,2026-06-03,电子/电力设备/机械设备,688720.SH,艾森股份,兑现掉队,12.76,10.91,42.15,,6,抗住且相对强,5.51,-14.47,-18.33,0,加权Top20+双红>=3+抗住且相对强,PCB、先进封装、光刻胶、半导体、存储芯片、芯片
885959.TI,PCB,电子,6,后续回流,2026-05-25,2026-05-26,2026-06-03,电子/电力设备/机械设备,603203.SH,快克智能,兑现掉队,10.0,8.55,29.24,,5,抗住且相对强,5.06,2.18,-1.28,0,加权Top20+双红>=3+抗住且相对强,PCB、先进封装、共封装光学(CPO)、存储芯片、芯片
885959.TI,PCB,电子,6,后续回流,2026-05-25,2026-05-26,2026-06-03,电子/电力设备/机械设备,300476.SZ,胜宏科技,延续核心,2.13,275.43,35.35,历史新高,4,抗住且相对强,3.24,-7.84,-10.05,0,加权Top20+新高+抗住且相对强,PCB、共封装光学(CPO)、芯片、英伟达
885959.TI,PCB,电子,6,后续回流,2026-05-25,2026-05-26,2026-06-03,电子/电力设备/机械设备,920125.BJ,鸿仕达,兑现掉队,20.33,5.74,48.71,历史新高,3,抗住且相对强,17.61,,,0,加权Top20+新高+抗住且相对强,PCB、先进封装、芯片
881270.TI,元件,电子,1,周期首发,2026-04-08,2026-04-09,2026-04-10,电子/电力设备/通信,603186.SH,华正新材,兑现掉队,6.93,13.26,25.24,,7,抗住且相对强,3.94,2.91,-1.46,0,加权Top20+双红>=3+抗住且相对强,6G、PCB、储能、元件、先进封装、固态电池、芯片
881270.TI,元件,电子,1,周期首发,2026-04-08,2026-04-09,2026-04-10,电子/电力设备/通信,002436.SZ,兴森科技,延续核心,7.3,17.2,30.28,,7,抗住且相对强,1.03,5.47,3.89,0,加权Top20+双红>=3+抗住且相对强,6G、PCB、元件、先进封装、共封装光学(CPO)、存储芯片、芯片
881270.TI,元件,电子,1,周期首发,2026-04-08,2026-04-09,2026-04-10,电子/电力设备/通信,001389.SZ,广合科技,兑现掉队,10.0,10.89,33.0,,4,抗住且相对强,0.7,0.95,-0.24,0,加权Top20+双红>=3+抗住且相对强,AI PC、PCB、元件、共封装光学(CPO)
881270.TI,元件,电子,1,周期首发,2026-04-08,2026-04-09,2026-04-10,电子/电力设备/通信,002938.SZ,鹏鼎控股,兑现掉队,7.34,20.55,33.27,,6,抗住且相对强,1.21,2.98,1.26,0,加权Top20+双红>=3+抗住且相对强,AI PC、AI手机、AI眼镜、PCB、元件、共封装光学(CPO)
881270.TI,元件,电子,1,周期首发,2026-04-08,2026-04-09,2026-04-10,电子/电力设备/通信,002384.SZ,东山精密,延续核心,10.0,27.85,52.77,,7,抗住且相对强,9.51,19.71,8.83,0,加权Top20+双红>=3+抗住且相对强,AI手机、PCB、元件、光纤、共封装光学(CPO)、芯片、高压快充
881270.TI,元件,电子,1,周期首发,2026-04-08,2026-04-09,2026-04-10,电子/电力设备/通信,603920.SH,世运电路,兑现掉队,10.01,12.29,35.09,,6,抗住且相对强,5.06,3.0,-2.42,0,加权Top20+双红>=3+抗住且相对强,AI眼镜、PCB、储能、元件、光伏、共封装光学(CPO)
881270.TI,元件,电子,1,周期首发,2026-04-08,2026-04-09,2026-04-10,电子/电力设备/通信,603328.SH,依顿电子,兑现掉队,10.04,7.44,27.39,,4,抗住且相对强,2.93,2.69,-0.71,0,加权Top20+双红>=3+抗住且相对强,PCB、元件、光伏、共封装光学(CPO)
881270.TI,元件,电子,1,周期首发,2026-04-08,2026-04-09,2026-04-10,电子/电力设备/通信,002463.SZ,沪电股份,兑现掉队,10.0,81.45,90.25,,3,抗住且相对强,1.62,5.06,2.89,0,加权Top20+双红>=3+抗住且相对强,PCB、元件、芯片
881270.TI,元件,电子,1,周期首发,2026-04-08,2026-04-09,2026-04-10,电子/电力设备/通信,002916.SZ,深南电路,延续核心,10.0,36.14,60.12,,5,抗住且相对强,1.82,10.32,7.83,0,加权Top20+双红>=3+抗住且相对强,PCB、元件、先进封装、存储芯片、芯片
881270.TI,元件,电子,1,周期首发,2026-04-08,2026-04-09,2026-04-10,电子/电力设备/通信,603175.SH,超颖电子,兑现掉队,10.0,4.69,21.66,,4,抗住且相对强,4.83,3.77,-1.47,0,加权Top20+双红>=3+抗住且相对强,PCB、元件、存储芯片、芯片
881270.TI,元件,电子,2,后续回流,2026-04-10,2026-04-13,2026-04-14,电子/电力设备/通信,300476.SZ,胜宏科技,兑现掉队,4.23,140.27,50.1,,8,抗住且相对强,2.08,6.98,3.97,0,加权Top20+双红>=3+抗住且相对强,AI PC、AI手机、储能、元件、光伏、共封装光学(CPO)、芯片、英伟达
881270.TI,元件,电子,2,后续回流,2026-04-10,2026-04-13,2026-04-14,电子/电力设备/通信,002384.SZ,东山精密,兑现掉队,8.83,200.94,125.17,历史新高,5,抗住且相对强,1.47,1.71,-0.57,0,加权Top20+新高+抗住且相对强,AI手机、元件、共封装光学(CPO)、芯片、高压快充
881270.TI,元件,电子,2,后续回流,2026-04-10,2026-04-13,2026-04-14,电子/电力设备/通信,603459.SH,红板科技,兑现掉队,9.57,27.24,49.95,,5,抗住且相对强,13.24,12.89,-1.02,0,加权Top20+双红>=3+抗住且相对强,元件、共封装光学(CPO)、华为手机、存储芯片、芯片
881270.TI,元件,电子,2,后续回流,2026-04-10,2026-04-13,2026-04-14,电子/电力设备/通信,002916.SZ,深南电路,兑现掉队,7.83,59.55,60.42,,3,抗住且相对强,1.73,9.06,6.36,0,加权Top20+双红>=3+抗住且相对强,元件、存储芯片、芯片
881270.TI,元件,电子,2,后续回流,2026-04-10,2026-04-13,2026-04-14,电子/电力设备/通信,600183.SH,生益科技,延续核心,3.4,36.81,20.63,,4,抗住且相对强,2.88,9.17,5.28,0,加权Top20+双红>=3+抗住且相对强,元件、共封装光学(CPO)、存储芯片、芯片
881270.TI,元件,电子,2,后续回流,2026-04-10,2026-04-13,2026-04-14,电子/电力设备/通信,688183.SH,生益电子,兑现掉队,7.09,31.57,39.84,20日新高,2,抗住且相对强,10.45,15.58,3.89,0,加权Top20+新高+抗住且相对强,元件、共封装光学(CPO)
881270.TI,元件,电子,2,后续回流,2026-04-10,2026-04-13,2026-04-14,电子/电力设备/通信,002436.SZ,兴森科技,兑现掉队,3.89,24.6,19.29,,4,抗住且相对强,9.17,10.81,0.75,0,加权Top20+双红>=3+抗住且相对强,元件、共封装光学(CPO)、存储芯片、芯片
881270.TI,元件,电子,2,后续回流,2026-04-10,2026-04-13,2026-04-14,电子/电力设备/通信,688519.SH,南亚新材,延续核心,2.08,11.63,7.09,,3,抗住且相对强,3.29,16.54,11.95,0,加权Top20+双红>=3+抗住且相对强,元件、共封装光学(CPO)、存储芯片
881270.TI,元件,电子,2,后续回流,2026-04-10,2026-04-13,2026-04-14,电子/电力设备/通信,300408.SZ,三环集团,延续核心,1.78,18.81,7.72,20日新高,3,抗住且相对强,2.34,8.37,5.06,0,加权Top20+新高+抗住且相对强,元件、共封装光学(CPO)、燃料电池
881270.TI,元件,电子,3,后续回流,2026-04-14,2026-04-15,2026-04-17,电子/电力设备/通信,688655.SH,迅捷兴,兑现掉队,16.08,7.11,42.88,历史新高,3,抗住且相对强,6.21,10.13,4.51,0,加权Top20+新高+抗住且相对强,PCB、元件、共封装光学(CPO)
881270.TI,元件,电子,3,后续回流,2026-04-14,2026-04-15,2026-04-17,电子/电力设备/通信,688519.SH,南亚新材,兑现掉队,11.95,14.91,46.14,,4,抗住且相对强,2.95,-6.95,-8.88,0,加权Top20+双红>=3+抗住且相对强,PCB、元件、共封装光学(CPO)、存储芯片
881270.TI,元件,电子,3,后续回流,2026-04-14,2026-04-15,2026-04-17,电子/电力设备/通信,600183.SH,生益科技,兑现掉队,5.28,53.06,38.46,20日新高,6,抗住且相对强,0.95,3.64,3.51,0,加权Top20+新高+抗住且相对强,PCB、元件、先进封装、共封装光学(CPO)、存储芯片、芯片
881270.TI,元件,电子,3,后续回流,2026-04-14,2026-04-15,2026-04-17,电子/电力设备/通信,300903.SZ,科翔股份,兑现掉队,13.68,18.84,59.38,,7,抗住且相对强,6.02,3.97,-1.16,0,加权Top20+双红>=3+抗住且相对强,PCB、元件、先进封装、共封装光学(CPO)、存储芯片、芯片、钠离子电池
881270.TI,元件,电子,3,后续回流,2026-04-14,2026-04-15,2026-04-17,电子/电力设备/通信,603175.SH,超颖电子,兑现掉队,4.61,5.62,10.93,,4,补跌但相对强,0.22,1.79,2.41,0,加权Top20+双红>=3+补跌但相对强,PCB、元件、存储芯片、芯片
881270.TI,元件,电子,3,后续回流,2026-04-14,2026-04-15,2026-04-17,电子/电力设备/通信,002484.SZ,江海股份,兑现掉队,8.94,30.69,49.53,20日新高,2,抗住且相对强,2.63,-1.08,-2.82,0,加权Top20+新高+抗住且相对强,元件、可控核聚变
881270.TI,元件,电子,3,后续回流,2026-04-14,2026-04-15,2026-04-17,电子/电力设备/通信,300408.SZ,三环集团,兑现掉队,5.06,28.68,27.1,历史新高,3,抗住且相对强,1.93,0.87,-0.23,0,加权Top20+新高+抗住且相对强,元件、共封装光学(CPO)、燃料电池
881270.TI,元件,电子,4,后续回流,2026-04-17,2026-04-20,2026-05-06,电子/电力设备/通信,603738.SH,泰晶科技,兑现掉队,9.99,18.26,42.69,3年新高,4,抗住且相对强,2.91,28.77,23.26,0,加权Top20+新高+抗住且相对强,6G、元件、共封装光学(CPO)、芯片
881270.TI,元件,电子,4,后续回流,2026-04-17,2026-04-20,2026-05-06,电子/电力设备/通信,300476.SZ,胜宏科技,兑现掉队,7.55,215.82,110.92,60日新高,6,抗住且相对强,3.52,-0.15,-4.98,0,加权Top20+新高+抗住且相对强,AI PC、PCB、元件、光伏、共封装光学(CPO)、芯片
881270.TI,元件,电子,4,后续回流,2026-04-17,2026-04-20,2026-05-06,电子/电力设备/通信,002916.SZ,深南电路,兑现掉队,4.78,37.33,29.2,,4,抗住且相对强,0.05,12.61,10.82,0,加权Top20+双红>=3+抗住且相对强,PCB、元件、先进封装、芯片
881270.TI,元件,电子,6,后续回流,2026-05-11,2026-05-12,2026-05-19,电子/电力设备/通信,603738.SH,泰晶科技,兑现掉队,10.0,13.44,36.66,历史新高,7,抗住且相对强,4.83,1.53,-3.28,0,加权Top20+新高+抗住且相对强,6G、AI眼镜、MCU芯片、元件、光刻机、共封装光学(CPO)、芯片
881270.TI,元件,电子,6,后续回流,2026-05-11,2026-05-12,2026-05-19,电子/电力设备/通信,002436.SZ,兴森科技,兑现掉队,3.62,49.66,25.51,历史新高,7,抗住且相对强,0.7,-1.03,-1.85,0,加权Top20+新高+抗住且相对强,6G、PCB、元件、先进封装、共封装光学(CPO)、存储芯片、芯片
881270.TI,元件,电子,6,后续回流,2026-05-11,2026-05-12,2026-05-19,电子/电力设备/通信,001389.SZ,广合科技,兑现掉队,10.0,25.21,50.21,历史新高,4,抗住且相对强,0.06,-7.35,-7.53,0,加权Top20+新高+抗住且相对强,AI PC、PCB、元件、共封装光学(CPO)
881270.TI,元件,电子,6,后续回流,2026-05-11,2026-05-12,2026-05-19,电子/电力设备/通信,002384.SZ,东山精密,兑现掉队,3.27,193.64,45.5,历史新高,7,抗住且相对强,0.39,1.73,1.19,0,加权Top20+新高+抗住且相对强,AI手机、PCB、元件、光纤、共封装光学(CPO)、芯片、高压快充
881270.TI,元件,电子,6,后续回流,2026-05-11,2026-05-12,2026-05-19,电子/电力设备/通信,603920.SH,世运电路,兑现掉队,5.63,39.35,35.32,20日新高,6,抗住且相对强,5.21,3.48,-1.77,0,加权Top20+新高+抗住且相对强,AI眼镜、PCB、储能、元件、光伏、共封装光学(CPO)
881270.TI,元件,电子,6,后续回流,2026-05-11,2026-05-12,2026-05-19,电子/电力设备/通信,000636.SZ,风华高科,延续核心,10.01,20.34,45.14,3年新高,8,抗住且相对强,3.34,13.74,9.92,0,加权Top20+新高+抗住且相对强,AI眼镜、储能、元件、光伏、共封装光学(CPO)、液冷服务器、超级电容、高压快充
881270.TI,元件,电子,6,后续回流,2026-05-11,2026-05-12,2026-05-19,电子/电力设备/通信,688655.SH,迅捷兴,兑现掉队,11.06,14.9,42.69,历史新高,3,抗住且相对强,4.47,7.07,2.36,0,加权Top20+新高+抗住且相对强,PCB、元件、共封装光学(CPO)
881270.TI,元件,电子,6,后续回流,2026-05-11,2026-05-12,2026-05-19,电子/电力设备/通信,300903.SZ,科翔股份,兑现掉队,4.55,22.93,21.79,历史新高,7,抗住且相对强,13.9,18.78,4.16,0,加权Top20+新高+抗住且相对强,PCB、储能、元件、先进封装、共封装光学(CPO)、存储芯片、芯片
881270.TI,元件,电子,6,后续回流,2026-05-11,2026-05-12,2026-05-19,电子/电力设备/通信,600601.SH,方正科技,兑现掉队,9.98,53.76,73.17,60日新高,3,抗住且相对强,7.21,-7.28,-13.63,0,加权Top20+新高+抗住且相对强,PCB、元件、共封装光学(CPO)
881270.TI,元件,电子,7,后续回流,2026-05-19,2026-05-20,2026-05-22,电子/电力设备/机械设备,600563.SH,法拉电子,兑现掉队,10.0,19.16,43.77,3年新高,3,抗住且相对强,7.83,18.02,7.29,0,加权Top20+新高+抗住且相对强,元件、超级电容、高压快充
881270.TI,元件,电子,7,后续回流,2026-05-19,2026-05-20,2026-05-22,电子/电力设备/机械设备,603989.SH,艾华集团,兑现掉队,10.0,6.31,25.12,3年新高,2,抗住且相对强,4.07,17.44,10.54,0,加权Top20+新高+抗住且相对强,元件、高压快充
881270.TI,元件,电子,7,后续回流,2026-05-19,2026-05-20,2026-05-22,电子/电力设备/机械设备,000636.SZ,风华高科,兑现掉队,9.99,22.61,47.5,3年新高,3,抗住且相对强,2.87,16.22,10.65,0,加权Top20+新高+抗住且相对强,元件、超级电容、高压快充
881270.TI,元件,电子,8,后续回流,2026-05-22,2026-05-25,2026-05-26,电子/电力设备/机械设备,600183.SH,生益科技,延续核心,10.0,71.06,84.3,历史新高,1,抗住且相对强,3.09,18.66,10.0,0,加权Top20+新高+抗住且相对强,元件
881270.TI,元件,电子,8,后续回流,2026-05-22,2026-05-25,2026-05-26,电子/电力设备/机械设备,002916.SZ,深南电路,兑现掉队,10.0,55.85,74.73,历史新高,1,抗住且相对强,0.95,10.9,4.88,0,加权Top20+新高+抗住且相对强,元件
881270.TI,元件,电子,8,后续回流,2026-05-22,2026-05-25,2026-05-26,电子/电力设备/机械设备,603228.SH,景旺电子,兑现掉队,10.0,36.57,60.47,120日新高,1,抗住且相对强,0.57,6.06,0.67,0,加权Top20+新高+抗住且相对强,元件
881270.TI,元件,电子,9,后续回流,2026-05-26,2026-05-27,2026-06-03,电子/电力设备/机械设备,600183.SH,生益科技,兑现掉队,10.0,96.18,98.07,历史新高,1,抗住且相对强,4.21,10.08,7.08,0,加权Top20+新高+抗住且相对强,元件
881270.TI,元件,电子,9,后续回流,2026-05-26,2026-05-27,2026-06-03,电子/电力设备/机械设备,688183.SH,生益电子,兑现掉队,20.0,97.09,197.07,历史新高,1,抗住且相对强,2.32,-2.81,-3.68,0,加权Top20+新高+抗住且相对强,元件
881270.TI,元件,电子,9,后续回流,2026-05-26,2026-05-27,2026-06-03,电子/电力设备/机械设备,002552.SZ,宝鼎科技,兑现掉队,10.0,16.55,40.68,历史新高,1,抗住且相对强,7.34,23.43,17.69,0,加权Top20+新高+抗住且相对强,元件
881270.TI,元件,电子,9,后续回流,2026-05-26,2026-05-27,2026-06-03,电子/电力设备/机械设备,002579.SZ,中京电子,兑现掉队,10.02,15.57,39.54,120日新高,1,抗住且相对强,11.38,29.32,17.59,0,加权Top20+新高+抗住且相对强,元件
886009.TI,先进封装,电子,1,周期首发,2026-04-08,2026-04-09,2026-04-14,电子/电力设备/通信,603186.SH,华正新材,兑现掉队,6.93,13.26,25.24,,7,抗住且相对强,3.94,5.26,0.8,0,加权Top20+双红>=3+抗住且相对强,6G、PCB、储能、元件、先进封装、固态电池、芯片
886009.TI,先进封装,电子,1,周期首发,2026-04-08,2026-04-09,2026-04-14,电子/电力设备/通信,002436.SZ,兴森科技,兑现掉队,7.3,17.2,30.28,,7,抗住且相对强,1.03,16.87,15.13,0,加权Top20+双红>=3+抗住且相对强,6G、PCB、元件、先进封装、共封装光学(CPO)、存储芯片、芯片
886009.TI,先进封装,电子,1,周期首发,2026-04-08,2026-04-09,2026-04-14,电子/电力设备/通信,600330.SH,天通股份,兑现掉队,7.31,26.62,37.72,,6,抗住且相对强,9.5,15.08,4.62,0,加权Top20+双红>=3+抗住且相对强,AI眼镜、PCB、储能、先进封装、光伏、芯片
886009.TI,先进封装,电子,1,周期首发,2026-04-08,2026-04-09,2026-04-14,电子/电力设备/通信,688362.SH,甬矽电子,延续核心,7.81,6.58,20.03,20日新高,4,抗住且相对强,2.1,11.07,8.27,0,加权Top20+新高+抗住且相对强,MCU芯片、先进封装、半导体、芯片
886009.TI,先进封装,电子,1,周期首发,2026-04-08,2026-04-09,2026-04-14,电子/电力设备/通信,300053.SZ,航宇微,兑现掉队,7.36,7.57,20.25,,5,抗住且相对强,0.08,3.63,3.04,0,加权Top20+双红>=3+抗住且相对强,MCU芯片、先进封装、半导体、存储芯片、芯片
886009.TI,先进封装,电子,1,周期首发,2026-04-08,2026-04-09,2026-04-14,电子/电力设备/通信,688603.SH,天承科技,兑现掉队,12.57,5.81,30.3,,3,抗住且相对强,1.21,-0.19,-1.86,0,加权Top20+双红>=3+抗住且相对强,PCB、先进封装、芯片
886009.TI,先进封装,电子,1,周期首发,2026-04-08,2026-04-09,2026-04-14,电子/电力设备/通信,002916.SZ,深南电路,兑现掉队,10.0,36.14,60.12,,5,抗住且相对强,1.82,20.32,17.6,0,加权Top20+双红>=3+抗住且相对强,PCB、元件、先进封装、存储芯片、芯片
886009.TI,先进封装,电子,1,周期首发,2026-04-08,2026-04-09,2026-04-14,电子/电力设备/通信,688256.SH,寒武纪,延续核心,4.02,121.36,44.29,20日新高,3,抗住且相对强,2.43,6.7,3.67,0,加权Top20+新高+抗住且相对强,先进封装、半导体、芯片
886009.TI,先进封装,电子,1,周期首发,2026-04-08,2026-04-09,2026-04-14,电子/电力设备/通信,300394.SZ,天孚通信,兑现掉队,6.19,153.98,76.81,,5,抗住且相对强,1.93,2.62,-0.31,0,加权Top20+双红>=3+抗住且相对强,先进封装、光纤、共封装光学(CPO)、英伟达、通信设备
886009.TI,先进封装,电子,1,周期首发,2026-04-08,2026-04-09,2026-04-14,电子/电力设备/通信,300236.SZ,上海新阳,兑现掉队,9.27,10.07,29.42,,3,抗住且相对强,0.68,5.54,4.32,0,加权Top20+双红>=3+抗住且相对强,先进封装、存储芯片、芯片
886009.TI,先进封装,电子,1,周期首发,2026-04-08,2026-04-09,2026-04-14,电子/电力设备/通信,688361.SH,中科飞测,兑现掉队,8.46,10.63,27.58,,4,抗住且相对强,3.08,7.5,3.8,0,加权Top20+双红>=3+抗住且相对强,先进封装、半导体、存储芯片、芯片
886009.TI,先进封装,电子,1,周期首发,2026-04-08,2026-04-09,2026-04-14,电子/电力设备/通信,002409.SZ,雅克科技,兑现掉队,6.71,9.63,20.82,,5,抗住且相对强,0.41,5.24,4.31,0,加权Top20+双红>=3+抗住且相对强,先进封装、半导体、存储芯片、特高压、芯片
886009.TI,先进封装,电子,1,周期首发,2026-04-08,2026-04-09,2026-04-14,电子/电力设备/通信,300054.SZ,鼎龙股份,兑现掉队,4.59,25.91,23.36,,3,抗住且相对强,0.63,2.47,1.34,0,加权Top20+双红>=3+抗住且相对强,先进封装、存储芯片、芯片
886009.TI,先进封装,电子,1,周期首发,2026-04-08,2026-04-09,2026-04-14,电子/电力设备/通信,688012.SH,中微公司,兑现掉队,8.21,49.87,57.98,,4,抗住且相对强,0.65,2.14,1.0,0,加权Top20+双红>=3+抗住且相对强,先进封装、半导体、存储芯片、芯片
886009.TI,先进封装,电子,1,周期首发,2026-04-08,2026-04-09,2026-04-14,电子/电力设备/通信,300037.SZ,新宙邦,兑现掉队,5.81,11.93,20.07,,6,抗住且相对强,3.57,10.53,7.31,0,加权Top20+双红>=3+抗住且相对强,先进封装、固态电池、液冷服务器、电池、芯片、钠离子电池
886009.TI,先进封装,电子,1,周期首发,2026-04-08,2026-04-09,2026-04-14,电子/电力设备/通信,688072.SH,拓荆科技,兑现掉队,8.59,25.12,43.05,,4,抗住且相对强,2.78,7.68,4.27,0,加权Top20+双红>=3+抗住且相对强,先进封装、半导体、存储芯片、芯片
886009.TI,先进封装,电子,2,后续回流,2026-04-14,2026-04-15,2026-04-17,电子/电力设备/通信,002156.SZ,通富微电,兑现掉队,2.41,33.43,13.93,,6,抗住且相对强,1.34,3.06,2.53,0,加权Top20+双红>=3+抗住且相对强,AI PC、先进封装、共封装光学(CPO)、半导体、存储芯片、芯片
886009.TI,先进封装,电子,2,后续回流,2026-04-14,2026-04-15,2026-04-17,电子/电力设备/通信,688521.SH,芯原股份,兑现掉队,2.65,66.05,21.54,,6,抗住且相对强,4.39,-1.8,-5.18,0,加权Top20+双红>=3+抗住且相对强,AI手机、AI眼镜、MCU芯片、先进封装、半导体、芯片
886009.TI,先进封装,电子,2,后续回流,2026-04-14,2026-04-15,2026-04-17,电子/电力设备/通信,300632.SZ,光莆股份,兑现掉队,7.81,8.89,23.29,60日新高,5,抗住且相对强,1.95,4.77,3.61,0,加权Top20+新高+抗住且相对强,AI眼镜、PCB、先进封装、共封装光学(CPO)、芯片
886009.TI,先进封装,电子,2,后续回流,2026-04-14,2026-04-15,2026-04-17,电子/电力设备/通信,688362.SH,甬矽电子,兑现掉队,5.21,8.49,15.18,20日新高,4,补跌但相对强,0.56,1.13,1.41,0,加权Top20+新高+补跌但相对强,MCU芯片、先进封装、半导体、芯片
886009.TI,先进封装,电子,2,后续回流,2026-04-14,2026-04-15,2026-04-17,电子/电力设备/通信,600183.SH,生益科技,兑现掉队,5.28,53.06,38.46,20日新高,6,抗住且相对强,0.95,3.64,3.51,0,加权Top20+新高+抗住且相对强,PCB、元件、先进封装、共封装光学(CPO)、存储芯片、芯片
886009.TI,先进封装,电子,2,后续回流,2026-04-14,2026-04-15,2026-04-17,电子/电力设备/通信,603002.SH,宏昌电子,兑现掉队,10.01,7.78,27.92,历史新高,4,抗住且相对强,0.99,0.62,0.47,0,加权Top20+新高+抗住且相对强,PCB、先进封装、芯片、英伟达
886009.TI,先进封装,电子,2,后续回流,2026-04-14,2026-04-15,2026-04-17,电子/电力设备/通信,300903.SZ,科翔股份,兑现掉队,13.68,18.84,59.38,,7,抗住且相对强,6.02,3.97,-1.16,0,加权Top20+双红>=3+抗住且相对强,PCB、元件、先进封装、共封装光学(CPO)、存储芯片、芯片、钠离子电池
886009.TI,先进封装,电子,2,后续回流,2026-04-14,2026-04-15,2026-04-17,电子/电力设备/通信,688733.SH,壹石通,兑现掉队,6.48,3.24,11.66,,6,抗住且相对强,1.58,0.58,-0.44,0,加权Top20+双红>=3+抗住且相对强,PCB、先进封装、存储芯片、燃料电池、芯片、钠离子电池
886009.TI,先进封装,电子,2,后续回流,2026-04-14,2026-04-15,2026-04-17,电子/电力设备/通信,688256.SH,寒武纪,延续核心,1.83,94.13,17.75,,3,抗住且相对强,3.41,7.41,4.71,0,加权Top20+双红>=3+抗住且相对强,先进封装、半导体、芯片
886009.TI,先进封装,电子,3,后续回流,2026-04-17,2026-04-20,2026-04-22,电子/电力设备/通信,603773.SH,沃格光电,兑现掉队,10.0,11.31,33.63,历史新高,5,抗住且相对强,8.44,21.66,10.6,0,加权Top20+新高+抗住且相对强,6G、先进封装、光学光电子、共封装光学(CPO)、芯片
886009.TI,先进封装,电子,3,后续回流,2026-04-17,2026-04-20,2026-04-22,电子/电力设备/通信,920438.BJ,戈碧迦,兑现掉队,11.64,4.09,23.54,20日新高,4,抗住且相对强,1.01,,,0,加权Top20+新高+抗住且相对强,6G、先进封装、光学光电子、芯片
886009.TI,先进封装,电子,3,后续回流,2026-04-17,2026-04-20,2026-04-22,电子/电力设备/通信,603118.SH,共进股份,兑现掉队,10.0,10.66,32.65,1年新高,6,补跌但相对强,0.78,-0.13,2.09,0,加权Top20+新高+补跌但相对强,6G、PCB、先进封装、共封装光学(CPO)、芯片、通信设备
886009.TI,先进封装,电子,3,后续回流,2026-04-17,2026-04-20,2026-04-22,电子/电力设备/通信,300782.SZ,卓胜微,兑现掉队,2.45,32.61,13.99,1年新高,4,抗住且相对强,6.44,8.1,0.1,0,加权Top20+新高+抗住且相对强,6G、先进封装、半导体、芯片
886009.TI,先进封装,电子,3,后续回流,2026-04-17,2026-04-20,2026-04-22,电子/电力设备/通信,300776.SZ,帝尔激光,兑现掉队,20.0,18.88,86.9,20日新高,5,抗住且相对强,9.16,13.73,5.94,0,加权Top20+新高+抗住且相对强,PCB、TOPCON电池、先进封装、光伏、芯片
886009.TI,先进封装,电子,3,后续回流,2026-04-17,2026-04-20,2026-04-22,电子/电力设备/通信,600330.SH,天通股份,兑现掉队,10.03,8.2,28.72,历史新高,4,抗住且相对强,8.43,19.05,8.24,0,加权Top20+新高+抗住且相对强,PCB、先进封装、光伏、芯片
886009.TI,先进封装,电子,3,后续回流,2026-04-17,2026-04-20,2026-04-22,电子/电力设备/通信,002916.SZ,深南电路,兑现掉队,4.78,37.33,29.2,,4,抗住且相对强,0.05,6.44,4.76,0,加权Top20+双红>=3+抗住且相对强,PCB、元件、先进封装、芯片
886009.TI,先进封装,电子,3,后续回流,2026-04-17,2026-04-20,2026-04-22,电子/电力设备/通信,603212.SH,赛伍技术,兑现掉队,5.89,3.91,11.65,,4,补跌但相对强,1.23,-2.24,-1.67,0,加权Top20+双红>=3+补跌但相对强,TOPCON电池、先进封装、光伏、芯片
886009.TI,先进封装,电子,3,后续回流,2026-04-17,2026-04-20,2026-04-22,电子/电力设备/通信,301319.SZ,唯特偶,兑现掉队,20.0,9.08,60.27,历史新高,3,抗住且相对强,1.16,5.85,3.05,0,加权Top20+新高+抗住且相对强,先进封装、光伏、芯片
886009.TI,先进封装,电子,3,后续回流,2026-04-17,2026-04-20,2026-04-22,电子/电力设备/通信,600703.SH,三安光电,兑现掉队,9.98,55.53,74.37,,5,抗住且相对强,0.76,11.99,9.45,0,加权Top20+双红>=3+抗住且相对强,先进封装、光伏、光学光电子、共封装光学(CPO)、芯片
886009.TI,先进封装,电子,3,后续回流,2026-04-17,2026-04-20,2026-04-22,电子/电力设备/通信,688256.SH,寒武纪,兑现掉队,2.07,96.12,20.29,20日新高,3,抗住且相对强,1.75,0.22,-2.99,0,加权Top20+新高+抗住且相对强,先进封装、半导体、芯片
886009.TI,先进封装,电子,3,后续回流,2026-04-17,2026-04-20,2026-04-22,电子/电力设备/通信,600206.SH,有研新材,兑现掉队,4.3,13.51,15.81,20日新高,4,抗住且相对强,8.44,15.07,4.61,0,加权Top20+新高+抗住且相对强,先进封装、光纤、半导体、芯片
886009.TI,先进封装,电子,3,后续回流,2026-04-17,2026-04-20,2026-04-22,电子/电力设备/通信,300394.SZ,天孚通信,兑现掉队,6.67,170.79,87.17,20日新高,4,补跌但相对强,1.69,-1.02,0.24,0,加权Top20+新高+补跌但相对强,先进封装、光纤、共封装光学(CPO)、通信设备
886009.TI,先进封装,电子,3,后续回流,2026-04-17,2026-04-20,2026-04-22,电子/电力设备/通信,300489.SZ,光智科技,兑现掉队,5.83,15.61,23.03,1年新高,2,抗住且相对强,5.6,27.04,18.55,0,加权Top20+新高+抗住且相对强,先进封装、光学光电子
886009.TI,先进封装,电子,7,后续回流,2026-05-11,2026-05-12,2026-05-25,电子/电力设备/通信,002436.SZ,兴森科技,延续核心,3.62,49.66,25.51,历史新高,7,抗住且相对强,0.7,14.92,13.96,0,加权Top20+新高+抗住且相对强,6G、PCB、元件、先进封装、共封装光学(CPO)、存储芯片、芯片
886009.TI,先进封装,电子,7,后续回流,2026-05-11,2026-05-12,2026-05-25,电子/电力设备/通信,603773.SH,沃格光电,延续核心,10.01,20.35,45.16,历史新高,8,抗住且相对强,2.02,3.99,1.79,0,加权Top20+新高+抗住且相对强,6G、先进封装、光刻机、光学光电子、共封装光学(CPO)、存储芯片、芯片、钙钛矿电池
886009.TI,先进封装,电子,7,后续回流,2026-05-11,2026-05-12,2026-05-25,电子/电力设备/通信,300782.SZ,卓胜微,兑现掉队,3.46,30.76,19.19,,4,抗住且相对强,2.2,14.74,12.12,0,加权Top20+双红>=3+抗住且相对强,6G、先进封装、半导体、芯片
886009.TI,先进封装,电子,7,后续回流,2026-05-11,2026-05-12,2026-05-25,电子/电力设备/通信,301308.SZ,江波龙,兑现掉队,15.97,145.99,192.96,历史新高,7,抗住且相对强,0.75,1.59,0.69,0,加权Top20+新高+抗住且相对强,AI PC、AI手机、AI眼镜、先进封装、半导体、存储芯片、芯片
886009.TI,先进封装,电子,7,后续回流,2026-05-11,2026-05-12,2026-05-25,电子/电力设备/通信,688521.SH,芯原股份,兑现掉队,2.06,90.55,19.6,,6,抗住且相对强,1.58,7.06,5.25,0,加权Top20+双红>=3+抗住且相对强,AI手机、AI眼镜、MCU芯片、先进封装、半导体、芯片
886009.TI,先进封装,电子,7,后续回流,2026-05-11,2026-05-12,2026-05-25,电子/电力设备/通信,600330.SH,天通股份,兑现掉队,10.01,40.95,64.06,历史新高,6,抗住且相对强,1.67,-2.4,-4.13,0,加权Top20+新高+抗住且相对强,AI眼镜、PCB、储能、先进封装、光伏、芯片
886009.TI,先进封装,电子,7,后续回流,2026-05-11,2026-05-12,2026-05-25,电子/电力设备/通信,600703.SH,三安光电,兑现掉队,4.97,59.11,38.21,20日新高,6,抗住且相对强,4.1,0.56,-3.53,0,加权Top20+新高+抗住且相对强,AI眼镜、先进封装、光伏、光学光电子、共封装光学(CPO)、芯片
886009.TI,先进封装,电子,7,后续回流,2026-05-11,2026-05-12,2026-05-25,电子/电力设备/通信,688372.SH,伟测科技,兑现掉队,3.85,20.63,17.49,,5,抗住且相对强,1.0,12.04,10.77,0,加权Top20+双红>=3+抗住且相对强,MCU芯片、先进封装、半导体、存储芯片、芯片
886009.TI,先进封装,电子,7,后续回流,2026-05-11,2026-05-12,2026-05-25,电子/电力设备/通信,688603.SH,天承科技,兑现掉队,20.0,11.43,67.62,历史新高,3,抗住且相对强,8.59,51.02,38.89,0,加权Top20+新高+抗住且相对强,PCB、先进封装、芯片
886009.TI,先进封装,电子,7,后续回流,2026-05-11,2026-05-12,2026-05-25,电子/电力设备/通信,300903.SZ,科翔股份,兑现掉队,4.55,22.93,21.79,历史新高,7,抗住且相对强,13.9,36.51,19.71,0,加权Top20+新高+抗住且相对强,PCB、储能、元件、先进封装、共封装光学(CPO)、存储芯片、芯片
886009.TI,先进封装,电子,7,后续回流,2026-05-11,2026-05-12,2026-05-25,电子/电力设备/通信,688545.SH,兴福电子,兑现掉队,20.0,20.28,90.07,历史新高,4,抗住且相对强,5.68,7.35,1.45,0,加权Top20+新高+抗住且相对强,先进封装、光刻胶、存储芯片、芯片
886009.TI,先进封装,电子,7,后续回流,2026-05-11,2026-05-12,2026-05-25,电子/电力设备/通信,688256.SH,寒武纪,延续核心,1.48,275.09,24.55,,3,抗住且相对强,6.35,17.21,10.07,0,加权Top20+双红>=3+抗住且相对强,先进封装、半导体、芯片
886009.TI,先进封装,电子,7,后续回流,2026-05-11,2026-05-12,2026-05-25,电子/电力设备/通信,300398.SZ,飞凯材料,兑现掉队,8.05,32.51,45.9,历史新高,6,抗住且相对强,1.78,8.48,6.44,0,加权Top20+新高+抗住且相对强,先进封装、光伏、光刻胶、光纤、存储芯片、芯片
886009.TI,先进封装,电子,7,后续回流,2026-05-11,2026-05-12,2026-05-25,电子/电力设备/通信,688535.SH,华海诚科,兑现掉队,5.77,11.08,19.21,历史新高,5,抗住且相对强,0.82,28.88,27.66,0,加权Top20+新高+抗住且相对强,先进封装、光伏、半导体、存储芯片、芯片
886009.TI,先进封装,电子,7,后续回流,2026-05-11,2026-05-12,2026-05-25,电子/电力设备/通信,688072.SH,拓荆科技,延续核心,8.88,41.71,57.35,历史新高,5,抗住且相对强,0.42,43.0,42.2,0,加权Top20+新高+抗住且相对强,先进封装、半导体、半导体设备、存储芯片、芯片
886009.TI,先进封装,电子,7,后续回流,2026-05-11,2026-05-12,2026-05-25,电子/电力设备/通信,605111.SH,新洁能,延续核心,5.75,18.52,24.75,20日新高,4,抗住且相对强,2.13,34.28,31.3,0,加权Top20+新高+抗住且相对强,先进封装、光伏、半导体、芯片
886009.TI,先进封装,电子,7,后续回流,2026-05-11,2026-05-12,2026-05-25,电子/电力设备/通信,688037.SH,芯源微,兑现掉队,3.73,30.28,20.53,,6,抗住且相对强,15.62,22.1,5.48,0,加权Top20+双红>=3+抗住且相对强,先进封装、光刻胶、半导体、半导体设备、存储芯片、芯片
886009.TI,先进封装,电子,7,后续回流,2026-05-11,2026-05-12,2026-05-25,电子/电力设备/通信,688392.SH,XD骄成超,兑现掉队,10.96,8.88,32.66,历史新高,3,抗住且相对强,3.9,5.59,2.66,0,加权Top20+新高+抗住且相对强,先进封装、液冷服务器、芯片
886009.TI,先进封装,电子,7,后续回流,2026-05-11,2026-05-12,2026-05-25,电子/电力设备/通信,688019.SH,安集科技,延续核心,5.55,18.49,23.86,20日新高,4,抗住且相对强,0.34,21.84,21.26,0,加权Top20+新高+抗住且相对强,先进封装、光刻胶、存储芯片、芯片
886009.TI,先进封装,电子,7,后续回流,2026-05-11,2026-05-12,2026-05-25,电子/电力设备/通信,688120.SH,华海清科,延续核心,5.59,16.73,22.86,历史新高,5,抗住且相对强,13.51,42.59,25.46,0,加权Top20+新高+抗住且相对强,先进封装、半导体、半导体设备、存储芯片、芯片
886009.TI,先进封装,电子,7,后续回流,2026-05-11,2026-05-12,2026-05-25,电子/电力设备/通信,300394.SZ,天孚通信,兑现掉队,1.72,152.71,21.26,,5,抗住且相对强,0.49,19.53,15.86,0,加权Top20+双红>=3+抗住且相对强,先进封装、光纤、共封装光学(CPO)、英伟达、通信设备
886009.TI,先进封装,电子,7,后续回流,2026-05-11,2026-05-12,2026-05-25,电子/电力设备/通信,688012.SH,中微公司,兑现掉队,3.69,87.68,34.55,,5,抗住且相对强,1.11,26.5,24.93,0,加权Top20+双红>=3+抗住且相对强,先进封装、半导体、半导体设备、存储芯片、芯片
886009.TI,先进封装,电子,8,后续回流,2026-05-25,2026-05-26,2026-06-03,电子/电力设备/机械设备,000988.SZ,华工科技,兑现掉队,10.0,178.98,133.78,历史新高,8,补跌但相对强,0.62,-10.21,-9.35,0,加权Top20+新高+补跌但相对强,3D打印、PCB、先进封装、共封装光学(CPO)、存储芯片、芯片、铜缆高速连接、高压快充
886009.TI,先进封装,电子,8,后续回流,2026-05-25,2026-05-26,2026-06-03,电子/电力设备/机械设备,688362.SH,甬矽电子,兑现掉队,20.0,33.41,115.6,历史新高,4,抗住且相对强,12.65,-9.74,-19.32,0,加权Top20+新高+抗住且相对强,MCU芯片、先进封装、半导体、芯片
886009.TI,先进封装,电子,8,后续回流,2026-05-25,2026-05-26,2026-06-03,电子/电力设备/机械设备,688352.SH,颀中科技,兑现掉队,15.67,9.43,48.12,3年新高,4,抗住且相对强,10.23,32.33,20.91,0,加权Top20+新高+抗住且相对强,MCU芯片、先进封装、半导体、芯片
886009.TI,先进封装,电子,8,后续回流,2026-05-25,2026-05-26,2026-06-03,电子/电力设备/机械设备,301200.SZ,大族数控,兑现掉队,4.01,24.9,20.01,历史新高,2,抗住且相对强,1.69,0.35,0.22,0,加权Top20+新高+抗住且相对强,PCB、先进封装
886009.TI,先进封装,电子,8,后续回流,2026-05-25,2026-05-26,2026-06-03,电子/电力设备/机械设备,603186.SH,华正新材,兑现掉队,5.98,29.72,32.6,历史新高,3,抗住且相对强,1.81,-9.71,-10.63,0,加权Top20+新高+抗住且相对强,PCB、先进封装、芯片
886009.TI,先进封装,电子,8,后续回流,2026-05-25,2026-05-26,2026-06-03,电子/电力设备/机械设备,002916.SZ,深南电路,兑现掉队,5.74,64.73,46.18,历史新高,4,抗住且相对强,5.66,-4.5,-8.94,0,加权Top20+新高+抗住且相对强,PCB、先进封装、存储芯片、芯片
886009.TI,先进封装,电子,8,后续回流,2026-05-25,2026-05-26,2026-06-03,电子/电力设备/机械设备,603936.SH,博敏电子,兑现掉队,10.0,15.08,38.83,3年新高,4,抗住且相对强,6.37,-12.64,-17.26,0,加权Top20+新高+抗住且相对强,PCB、先进封装、共封装光学(CPO)、存储芯片
886009.TI,先进封装,电子,8,后续回流,2026-05-25,2026-05-26,2026-06-03,电子/电力设备/机械设备,600183.SH,生益科技,兑现掉队,7.88,91.02,75.18,历史新高,5,抗住且相对强,10.78,21.09,10.08,0,加权Top20+新高+抗住且相对强,PCB、先进封装、共封装光学(CPO)、存储芯片、芯片
886009.TI,先进封装,电子,8,后续回流,2026-05-25,2026-05-26,2026-06-03,电子/电力设备/机械设备,002741.SZ,光华科技,兑现掉队,10.02,12.28,35.11,3年新高,4,抗住且相对强,1.6,1.15,0.32,0,加权Top20+新高+抗住且相对强,PCB、先进封装、共封装光学(CPO)、芯片
886009.TI,先进封装,电子,8,后续回流,2026-05-25,2026-05-26,2026-06-03,电子/电力设备/机械设备,002436.SZ,兴森科技,兑现掉队,7.62,74.18,65.63,历史新高,5,补跌但相对强,0.75,4.46,4.49,0,加权Top20+新高+补跌但相对强,PCB、先进封装、共封装光学(CPO)、存储芯片、芯片
886009.TI,先进封装,电子,8,后续回流,2026-05-25,2026-05-26,2026-06-03,电子/电力设备/机械设备,688720.SH,艾森股份,兑现掉队,12.76,10.91,42.15,,6,抗住且相对强,5.51,-14.47,-18.33,0,加权Top20+双红>=3+抗住且相对强,PCB、先进封装、光刻胶、半导体、存储芯片、芯片
886009.TI,先进封装,电子,8,后续回流,2026-05-25,2026-05-26,2026-06-03,电子/电力设备/机械设备,603203.SH,快克智能,兑现掉队,10.0,8.55,29.24,,5,抗住且相对强,5.06,2.18,-1.28,0,加权Top20+双红>=3+抗住且相对强,PCB、先进封装、共封装光学(CPO)、存储芯片、芯片
886009.TI,先进封装,电子,8,后续回流,2026-05-25,2026-05-26,2026-06-03,电子/电力设备/机械设备,920125.BJ,鸿仕达,兑现掉队,20.33,5.74,48.71,历史新高,3,抗住且相对强,17.61,,,0,加权Top20+新高+抗住且相对强,PCB、先进封装、芯片
886009.TI,先进封装,电子,8,后续回流,2026-05-25,2026-05-26,2026-06-03,电子/电力设备/机械设备,600584.SH,长电科技,兑现掉队,10.0,210.49,145.08,历史新高,5,抗住且相对强,10.78,-0.05,-9.14,0,加权Top20+新高+抗住且相对强,先进封装、共封装光学(CPO)、半导体、存储芯片、芯片
886009.TI,先进封装,电子,8,后续回流,2026-05-25,2026-05-26,2026-06-03,电子/电力设备/机械设备,688072.SH,拓荆科技,兑现掉队,16.86,97.23,166.25,历史新高,5,抗住且相对强,4.8,-14.63,-17.93,0,加权Top20+新高+抗住且相对强,先进封装、半导体、半导体设备、存储芯片、芯片
886009.TI,先进封装,电子,8,后续回流,2026-05-25,2026-05-26,2026-06-03,电子/电力设备/机械设备,688082.SH,盛美上海,延续核心,17.75,45.93,120.29,历史新高,5,抗住且相对强,3.16,0.77,-1.57,0,加权Top20+新高+抗住且相对强,先进封装、半导体、半导体设备、存储芯片、芯片
886009.TI,先进封装,电子,8,后续回流,2026-05-25,2026-05-26,2026-06-03,电子/电力设备/机械设备,603005.SH,晶方科技,延续核心,9.99,45.1,67.09,3年新高,4,抗住且相对强,5.54,-5.85,-10.13,0,加权Top20+新高+抗住且相对强,先进封装、光刻胶、半导体、芯片
886009.TI,先进封装,电子,8,后续回流,2026-05-25,2026-05-26,2026-06-03,电子/电力设备/机械设备,605111.SH,新洁能,兑现掉队,10.01,5.66,23.81,3年新高,3,抗住且相对强,2.57,2.28,0.48,0,加权Top20+新高+抗住且相对强,先进封装、半导体、芯片
886009.TI,先进封装,电子,8,后续回流,2026-05-25,2026-05-26,2026-06-03,电子/电力设备/机械设备,000725.SZ,京东方Ａ,延续核心,2.13,224.99,31.95,3年新高,2,抗住且相对强,10.27,6.07,-3.12,0,加权Top20+新高+抗住且相对强,先进封装、芯片
886009.TI,先进封装,电子,8,后续回流,2026-05-25,2026-05-26,2026-06-03,电子/电力设备/机械设备,603773.SH,沃格光电,兑现掉队,4.03,22.56,19.14,,4,抗住且相对强,10.78,42.78,29.8,0,加权Top20+双红>=3+抗住且相对强,先进封装、共封装光学(CPO)、存储芯片、芯片
886009.TI,先进封装,电子,8,后续回流,2026-05-25,2026-05-26,2026-06-03,电子/电力设备/机械设备,002156.SZ,通富微电,兑现掉队,9.99,153.43,123.74,历史新高,5,抗住且相对强,8.82,0.63,-6.86,0,加权Top20+新高+抗住且相对强,先进封装、共封装光学(CPO)、半导体、存储芯片、芯片
886009.TI,先进封装,电子,8,后续回流,2026-05-25,2026-05-26,2026-06-03,电子/电力设备/机械设备,688256.SH,寒武纪,兑现掉队,9.37,240.28,145.24,,3,抗住且相对强,1.1,-2.02,-2.33,0,加权Top20+双红>=3+抗住且相对强,先进封装、半导体、芯片
886009.TI,先进封装,电子,8,后续回流,2026-05-25,2026-05-26,2026-06-03,电子/电力设备/机械设备,002185.SZ,华天科技,兑现掉队,9.98,48.35,69.4,3年新高,5,抗住且相对强,10.8,12.91,2.62,0,加权Top20+新高+抗住且相对强,先进封装、共封装光学(CPO)、半导体、存储芯片、芯片
886009.TI,先进封装,电子,8,后续回流,2026-05-25,2026-05-26,2026-06-03,电子/电力设备/机械设备,688019.SH,安集科技,兑现掉队,5.79,29.98,31.7,,4,抗住且相对强,3.84,-15.25,-17.77,0,加权Top20+双红>=3+抗住且相对强,先进封装、光刻胶、存储芯片、芯片
886009.TI,先进封装,电子,8,后续回流,2026-05-25,2026-05-26,2026-06-03,电子/电力设备/机械设备,688820.SH,盛合晶微,延续核心,13.82,95.84,135.29,历史新高,4,抗住且相对强,7.82,-12.66,-18.41,0,加权Top20+新高+抗住且相对强,先进封装、半导体、存储芯片、芯片
886009.TI,先进封装,电子,8,后续回流,2026-05-25,2026-05-26,2026-06-03,电子/电力设备/机械设备,600520.SH,三佳科技,兑现掉队,9.99,4.51,21.22,1年新高,2,抗住且相对强,11.57,-12.16,-20.15,0,加权Top20+新高+抗住且相对强,先进封装、芯片
886009.TI,先进封装,电子,8,后续回流,2026-05-25,2026-05-26,2026-06-03,电子/电力设备/机械设备,000021.SZ,深科技,延续核心,9.06,94.37,88.01,历史新高,6,抗住且相对强,4.67,-6.93,-10.41,0,加权Top20+新高+抗住且相对强,先进封装、共封装光学(CPO)、存储芯片、消费电子、芯片、超级电容
886009.TI,先进封装,电子,8,后续回流,2026-05-25,2026-05-26,2026-06-03,电子/电力设备/机械设备,002119.SZ,康强电子,兑现掉队,6.93,14.71,26.58,60日新高,4,抗住且相对强,1.38,-4.17,-4.74,0,加权Top20+新高+抗住且相对强,先进封装、半导体、存储芯片、芯片
886009.TI,先进封装,电子,8,后续回流,2026-05-25,2026-05-26,2026-06-03,电子/电力设备/机械设备,688120.SH,华海清科,兑现掉队,6.78,39.97,42.86,,5,补跌但相对强,0.72,-15.98,-15.93,0,加权Top20+双红>=3+补跌但相对强,先进封装、半导体、半导体设备、存储芯片、芯片
886009.TI,先进封装,电子,8,后续回流,2026-05-25,2026-05-26,2026-06-03,电子/电力设备/机械设备,300054.SZ,鼎龙股份,延续核心,5.48,38.91,34.18,,4,抗住且相对强,4.09,-8.57,-11.5,0,加权Top20+双红>=3+抗住且相对强,先进封装、光刻胶、存储芯片、芯片
886009.TI,先进封装,电子,8,后续回流,2026-05-25,2026-05-26,2026-06-03,电子/电力设备/机械设备,300322.SZ,硕贝德,兑现掉队,8.82,18.56,38.0,,3,抗住且相对强,1.77,-15.95,-16.77,0,加权Top20+双红>=3+抗住且相对强,先进封装、消费电子、芯片
886054.TI,光刻机,电子,2,后续回流,2026-05-11,2026-05-12,2026-05-14,电子/电力设备/通信,603738.SH,泰晶科技,兑现掉队,10.0,13.44,36.66,历史新高,7,抗住且相对强,4.83,2.46,-2.39,0,加权Top20+新高+抗住且相对强,6G、AI眼镜、MCU芯片、元件、光刻机、共封装光学(CPO)、芯片
886054.TI,光刻机,电子,2,后续回流,2026-05-11,2026-05-12,2026-05-14,电子/电力设备/通信,603773.SH,沃格光电,兑现掉队,10.01,20.35,45.16,历史新高,8,抗住且相对强,2.02,4.11,1.91,0,加权Top20+新高+抗住且相对强,6G、先进封装、光刻机、光学光电子、共封装光学(CPO)、存储芯片、芯片、钙钛矿电池
886054.TI,光刻机,电子,2,后续回流,2026-05-11,2026-05-12,2026-05-14,电子/电力设备/通信,688146.SH,中船特气,延续核心,20.0,25.22,100.44,历史新高,2,抗住且相对强,2.15,47.29,44.0,0,加权Top20+新高+抗住且相对强,光刻机、芯片
886054.TI,光刻机,电子,2,后续回流,2026-05-11,2026-05-12,2026-05-14,电子/电力设备/通信,688127.SH,蓝特光学,兑现掉队,5.14,12.74,18.35,历史新高,4,抗住且相对强,1.37,8.93,7.3,0,加权Top20+新高+抗住且相对强,光刻机、光学光电子、共封装光学(CPO)、芯片
886054.TI,光刻机,电子,3,后续回流,2026-05-14,2026-05-15,2026-05-20,电子/电力设备/通信,688146.SH,中船特气,兑现掉队,20.0,37.68,122.77,历史新高,1,抗住且相对强,4.26,0.33,-2.73,0,加权Top20+新高+抗住且相对强,光刻机
886054.TI,光刻机,电子,3,后续回流,2026-05-14,2026-05-15,2026-05-20,电子/电力设备/通信,600353.SH,旭光电子,兑现掉队,7.76,24.45,38.37,120日新高,1,补跌但相对强,1.07,13.32,13.37,0,加权Top20+新高+补跌但相对强,光刻机
886054.TI,光刻机,电子,3,后续回流,2026-05-14,2026-05-15,2026-05-20,电子/电力设备/通信,688409.SH,富创精密,兑现掉队,6.33,15.26,24.73,历史新高,1,抗住且相对强,15.37,32.01,15.55,0,加权Top20+新高+抗住且相对强,光刻机
886054.TI,光刻机,电子,4,后续回流,2026-05-20,2026-05-21,2026-06-03,电子/电力设备/机械设备,603005.SH,晶方科技,延续核心,10.01,24.24,49.28,1年新高,3,补跌但相对强,1.73,10.14,12.33,0,加权Top20+新高+补跌但相对强,光刻机、光刻胶、半导体
886054.TI,光刻机,电子,4,后续回流,2026-05-20,2026-05-21,2026-06-03,电子/电力设备/机械设备,301421.SZ,波长光电,兑现掉队,7.48,16.36,30.25,60日新高,1,抗住且相对强,5.65,-21.69,-23.19,0,加权Top20+新高+抗住且相对强,光刻机
886054.TI,光刻机,电子,4,后续回流,2026-05-20,2026-05-21,2026-06-03,电子/电力设备/机械设备,002008.SZ,大族激光,兑现掉队,5.51,88.17,51.74,,3,补跌但相对强,1.13,-9.64,-8.41,0,加权Top20+双红>=3+补跌但相对强,光刻机、固态电池、存储芯片
885864.TI,光刻胶,电子,3,后续回流,2026-05-11,2026-05-12,2026-05-20,电子/电力设备/通信,300537.SZ,广信材料,兑现掉队,8.71,7.57,23.96,120日新高,6,抗住且相对强,1.56,15.68,13.74,0,加权Top20+新高+抗住且相对强,BC电池、PCB、光伏、光刻胶、华为手机、芯片
885864.TI,光刻胶,电子,3,后续回流,2026-05-11,2026-05-12,2026-05-20,电子/电力设备/通信,688545.SH,兴福电子,兑现掉队,20.0,20.28,90.07,历史新高,4,抗住且相对强,5.68,14.42,8.13,0,加权Top20+新高+抗住且相对强,先进封装、光刻胶、存储芯片、芯片
885864.TI,光刻胶,电子,3,后续回流,2026-05-11,2026-05-12,2026-05-20,电子/电力设备/通信,300398.SZ,飞凯材料,兑现掉队,8.05,32.51,45.9,历史新高,6,抗住且相对强,1.78,2.83,0.9,0,加权Top20+新高+抗住且相对强,先进封装、光伏、光刻胶、光纤、存储芯片、芯片
885864.TI,光刻胶,电子,3,后续回流,2026-05-11,2026-05-12,2026-05-20,电子/电力设备/通信,688037.SH,芯源微,兑现掉队,3.73,30.28,20.53,,6,抗住且相对强,15.62,30.16,12.45,0,加权Top20+双红>=3+抗住且相对强,先进封装、光刻胶、半导体、半导体设备、存储芯片、芯片
885864.TI,光刻胶,电子,3,后续回流,2026-05-11,2026-05-12,2026-05-20,电子/电力设备/通信,688019.SH,安集科技,兑现掉队,5.55,18.49,23.86,20日新高,4,抗住且相对强,0.34,19.85,19.28,0,加权Top20+新高+抗住且相对强,先进封装、光刻胶、存储芯片、芯片
885864.TI,光刻胶,电子,4,后续回流,2026-05-20,2026-05-21,2026-05-25,电子/电力设备/机械设备,603005.SH,晶方科技,延续核心,10.01,24.24,49.28,1年新高,3,补跌但相对强,1.73,16.98,19.32,0,加权Top20+新高+补跌但相对强,光刻机、光刻胶、半导体
885864.TI,光刻胶,电子,4,后续回流,2026-05-20,2026-05-21,2026-05-25,电子/电力设备/机械设备,300655.SZ,晶瑞电材,兑现掉队,6.29,22.88,30.09,20日新高,2,补跌但相对强,0.01,2.76,6.68,0,加权Top20+新高+补跌但相对强,光刻胶、存储芯片
885864.TI,光刻胶,电子,5,后续回流,2026-05-25,2026-05-26,2026-06-03,电子/电力设备/机械设备,301568.SZ,思泰克,兑现掉队,6.16,7.87,17.28,2年新高,3,抗住且相对强,3.61,13.57,11.29,0,加权Top20+新高+抗住且相对强,PCB、光刻胶、芯片
885864.TI,光刻胶,电子,5,后续回流,2026-05-25,2026-05-26,2026-06-03,电子/电力设备/机械设备,688720.SH,艾森股份,兑现掉队,12.76,10.91,42.15,,6,抗住且相对强,5.51,-14.47,-18.33,0,加权Top20+双红>=3+抗住且相对强,PCB、先进封装、光刻胶、半导体、存储芯片、芯片
885864.TI,光刻胶,电子,5,后续回流,2026-05-25,2026-05-26,2026-06-03,电子/电力设备/机械设备,603005.SH,晶方科技,延续核心,9.99,45.1,67.09,3年新高,4,抗住且相对强,5.54,-5.85,-10.13,0,加权Top20+新高+抗住且相对强,先进封装、光刻胶、半导体、芯片
885864.TI,光刻胶,电子,5,后续回流,2026-05-25,2026-05-26,2026-06-03,电子/电力设备/机械设备,688019.SH,安集科技,兑现掉队,5.79,29.98,31.7,,4,抗住且相对强,3.84,-15.25,-17.77,0,加权Top20+双红>=3+抗住且相对强,先进封装、光刻胶、存储芯片、芯片
885864.TI,光刻胶,电子,5,后续回流,2026-05-25,2026-05-26,2026-06-03,电子/电力设备/机械设备,300054.SZ,鼎龙股份,延续核心,5.48,38.91,34.18,,4,抗住且相对强,4.09,-8.57,-11.5,0,加权Top20+双红>=3+抗住且相对强,先进封装、光刻胶、存储芯片、芯片
885864.TI,光刻胶,电子,5,后续回流,2026-05-25,2026-05-26,2026-06-03,电子/电力设备/机械设备,603931.SH,格林达,兑现掉队,8.6,6.7,22.26,历史新高,2,抗住且相对强,2.04,1.74,0.47,0,加权Top20+新高+抗住且相对强,光刻胶、芯片
881122.TI,光学光电子,电子,1,周期首发,2026-04-08,2026-04-09,2026-04-17,电子/电力设备/通信,301183.SZ,东田微,兑现掉队,9.88,27.13,51.46,60日新高,3,抗住且相对强,1.93,4.1,1.64,0,加权Top20+新高+抗住且相对强,6G、光学光电子、共封装光学(CPO)
881122.TI,光学光电子,电子,1,周期首发,2026-04-08,2026-04-09,2026-04-17,电子/电力设备/通信,002273.SZ,水晶光电,兑现掉队,9.99,33.76,58.05,,5,抗住且相对强,6.36,3.05,-3.55,0,加权Top20+双红>=3+抗住且相对强,AI手机、AI眼镜、储能、光学光电子、共封装光学(CPO)
881122.TI,光学光电子,电子,2,后续回流,2026-04-17,2026-04-20,2026-04-20,电子/电力设备/通信,603773.SH,沃格光电,兑现掉队,10.0,11.31,33.63,历史新高,5,抗住且相对强,8.44,10.0,0.0,0,加权Top20+新高+抗住且相对强,6G、先进封装、光学光电子、共封装光学(CPO)、芯片
881122.TI,光学光电子,电子,2,后续回流,2026-04-17,2026-04-20,2026-04-20,电子/电力设备/通信,920438.BJ,戈碧迦,兑现掉队,11.64,4.09,23.54,20日新高,4,抗住且相对强,1.01,,,0,加权Top20+新高+抗住且相对强,6G、先进封装、光学光电子、芯片
881122.TI,光学光电子,电子,2,后续回流,2026-04-17,2026-04-20,2026-04-20,电子/电力设备/通信,002217.SZ,合力泰,兑现掉队,9.84,13.27,35.85,20日新高,2,抗住且相对强,8.51,10.07,0.0,0,加权Top20+新高+抗住且相对强,PCB、光学光电子
881122.TI,光学光电子,电子,2,后续回流,2026-04-17,2026-04-20,2026-04-20,电子/电力设备/通信,600703.SH,三安光电,兑现掉队,9.98,55.53,74.37,,5,抗住且相对强,0.76,2.32,0.0,0,加权Top20+双红>=3+抗住且相对强,先进封装、光伏、光学光电子、共封装光学(CPO)、芯片
881122.TI,光学光电子,电子,2,后续回流,2026-04-17,2026-04-20,2026-04-20,电子/电力设备/通信,300489.SZ,光智科技,兑现掉队,5.83,15.61,23.03,1年新高,2,抗住且相对强,5.6,7.16,0.0,0,加权Top20+新高+抗住且相对强,先进封装、光学光电子
881122.TI,光学光电子,电子,2,后续回流,2026-04-17,2026-04-20,2026-04-20,电子/电力设备/通信,301002.SZ,崧盛股份,兑现掉队,7.23,4.27,14.94,20日新高,2,抗住且相对强,2.52,0.71,0.0,0,加权Top20+新高+抗住且相对强,光伏、光学光电子
881122.TI,光学光电子,电子,2,后续回流,2026-04-17,2026-04-20,2026-04-20,电子/电力设备/通信,688502.SH,茂莱光学,兑现掉队,16.33,12.51,57.76,20日新高,2,抗住且相对强,11.67,13.23,0.0,0,加权Top20+新高+抗住且相对强,光学光电子、芯片
881122.TI,光学光电子,电子,2,后续回流,2026-04-17,2026-04-20,2026-04-20,电子/电力设备/通信,600707.SH,彩虹股份,兑现掉队,10.03,9.06,30.19,1年新高,1,抗住且相对强,8.45,10.01,0.0,0,加权Top20+新高+抗住且相对强,光学光电子
881122.TI,光学光电子,电子,2,后续回流,2026-04-17,2026-04-20,2026-04-20,电子/电力设备/通信,300323.SZ,华灿光电,兑现掉队,3.32,9.97,10.48,,3,抗住且相对强,4.68,6.24,0.0,0,加权Top20+双红>=3+抗住且相对强,光学光电子、共封装光学(CPO)、芯片
881122.TI,光学光电子,电子,2,后续回流,2026-04-17,2026-04-20,2026-04-20,电子/电力设备/通信,002962.SZ,五方光电,兑现掉队,3.89,8.55,11.37,1年新高,1,抗住且相对强,2.65,4.21,0.0,0,加权Top20+新高+抗住且相对强,光学光电子
881122.TI,光学光电子,电子,5,后续回流,2026-05-11,2026-05-12,2026-06-03,电子/电力设备/通信,603773.SH,沃格光电,兑现掉队,10.01,20.35,45.16,历史新高,8,抗住且相对强,2.02,48.47,45.33,0,加权Top20+新高+抗住且相对强,6G、先进封装、光刻机、光学光电子、共封装光学(CPO)、存储芯片、芯片、钙钛矿电池
881122.TI,光学光电子,电子,5,后续回流,2026-05-11,2026-05-12,2026-06-03,电子/电力设备/通信,002273.SZ,水晶光电,兑现掉队,4.34,47.19,29.81,历史新高,6,抗住且相对强,0.52,-2.36,-3.0,0,加权Top20+新高+抗住且相对强,AI手机、AI眼镜、储能、光学光电子、共封装光学(CPO)、华为手机
881122.TI,光学光电子,电子,5,后续回流,2026-05-11,2026-05-12,2026-06-03,电子/电力设备/通信,300323.SZ,华灿光电,延续核心,4.89,18.33,20.94,3年新高,4,抗住且相对强,6.03,18.88,11.97,0,加权Top20+新高+抗住且相对强,AI眼镜、光学光电子、共封装光学(CPO)、芯片
881122.TI,光学光电子,电子,5,后续回流,2026-05-11,2026-05-12,2026-06-03,电子/电力设备/通信,600703.SH,三安光电,延续核心,4.97,59.11,38.21,20日新高,6,抗住且相对强,4.1,-3.3,-7.24,0,加权Top20+新高+抗住且相对强,AI眼镜、先进封装、光伏、光学光电子、共封装光学(CPO)、芯片
881122.TI,光学光电子,电子,5,后续回流,2026-05-11,2026-05-12,2026-06-03,电子/电力设备/通信,688127.SH,蓝特光学,兑现掉队,5.14,12.74,18.35,历史新高,4,抗住且相对强,1.37,-4.97,-6.39,0,加权Top20+新高+抗住且相对强,光刻机、光学光电子、共封装光学(CPO)、芯片
881122.TI,光学光电子,电子,6,后续回流,2026-06-03,2026-06-04,2026-06-05,电子/通信/电力设备,300088.SZ,长信科技,回流日无法确认新核心,12.67,42.57,82.67,3年新高,3,抗住且相对强,1.82,3.34,-0.71,1,加权Top20+新高+抗住且相对强,AI手机、光伏、光学光电子
881122.TI,光学光电子,电子,6,后续回流,2026-06-03,2026-06-04,2026-06-05,电子/通信/电力设备,688079.SH,美迪凯,回流日无法确认新核心,12.86,18.76,55.7,历史新高,5,抗住且相对强,3.2,2.99,-2.35,1,加权Top20+新高+抗住且相对强,AI眼镜、先进封装、光刻机、光学光电子、芯片
881122.TI,光学光电子,电子,6,后续回流,2026-06-03,2026-06-04,2026-06-05,电子/通信/电力设备,002456.SZ,欧菲光,回流日无法确认新核心,3.15,22.4,14.91,60日新高,2,抗住且相对强,0.08,0.41,-1.89,1,加权Top20+新高+抗住且相对强,AI眼镜、光学光电子
881122.TI,光学光电子,电子,6,后续回流,2026-06-03,2026-06-04,2026-06-05,电子/通信/电力设备,000100.SZ,TCL科技,回流日无法确认新核心,7.0,114.97,75.06,,4,抗住且相对强,1.54,3.16,-0.61,1,加权Top20+双红>=3+抗住且相对强,AI眼镜、光伏、光学光电子、芯片
881122.TI,光学光电子,电子,6,后续回流,2026-06-03,2026-06-04,2026-06-05,电子/通信/电力设备,300323.SZ,华灿光电,回流日无法确认新核心,8.66,31.51,48.61,,4,抗住且相对强,6.56,6.64,-2.0,1,加权Top20+双红>=3+抗住且相对强,AI眼镜、光学光电子、共封装光学(CPO)、芯片
881122.TI,光学光电子,电子,6,后续回流,2026-06-03,2026-06-04,2026-06-05,电子/通信/电力设备,000725.SZ,京东方Ａ,回流日无法确认新核心,2.19,209.85,31.72,,7,抗住且相对强,7.76,15.02,4.55,1,加权Top20+双红>=3+抗住且相对强,AI眼镜、先进封装、光伏、光学光电子、光纤、芯片、钙钛矿电池
881122.TI,光学光电子,电子,6,后续回流,2026-06-03,2026-06-04,2026-06-05,电子/通信/电力设备,600703.SH,三安光电,回流日无法确认新核心,2.31,51.86,16.64,,6,抗住且相对强,7.73,9.03,-0.88,1,加权Top20+双红>=3+抗住且相对强,AI眼镜、先进封装、光伏、光学光电子、共封装光学(CPO)、芯片
881122.TI,光学光电子,电子,6,后续回流,2026-06-03,2026-06-04,2026-06-05,电子/通信/电力设备,300241.SZ,瑞丰光电,回流日无法确认新核心,6.28,9.64,19.5,20日新高,1,抗住且相对强,0.5,-0.5,-3.18,1,加权Top20+新高+抗住且相对强,光学光电子
886033.TI,共封装光学(CPO),电子,1,周期首发,2026-04-08,2026-04-09,2026-04-10,电子/电力设备/通信,301183.SZ,东田微,兑现掉队,9.88,27.13,51.46,60日新高,3,抗住且相对强,1.93,-2.59,-4.89,0,加权Top20+新高+抗住且相对强,6G、光学光电子、共封装光学(CPO)
886033.TI,共封装光学(CPO),电子,1,周期首发,2026-04-08,2026-04-09,2026-04-10,电子/电力设备/通信,002281.SZ,光迅科技,兑现掉队,6.39,67.07,52.33,,6,抗住且相对强,8.99,9.73,-0.25,0,加权Top20+双红>=3+抗住且相对强,6G、光纤、共封装光学(CPO)、液冷服务器、芯片、通信设备
886033.TI,共封装光学(CPO),电子,1,周期首发,2026-04-08,2026-04-09,2026-04-10,电子/电力设备/通信,000062.SZ,深圳华强,兑现掉队,4.74,24.48,23.45,120日新高,4,抗住且相对强,1.88,0.95,-1.38,0,加权Top20+新高+抗住且相对强,6G、共封装光学(CPO)、存储芯片、芯片
886033.TI,共封装光学(CPO),电子,1,周期首发,2026-04-08,2026-04-09,2026-04-10,电子/电力设备/通信,603803.SH,瑞斯康达,兑现掉队,6.63,9.7,20.65,,4,抗住且相对强,1.42,-0.93,-3.28,0,加权Top20+双红>=3+抗住且相对强,6G、共封装光学(CPO)、芯片、通信设备
886033.TI,共封装光学(CPO),电子,1,周期首发,2026-04-08,2026-04-09,2026-04-10,电子/电力设备/通信,002436.SZ,兴森科技,延续核心,7.3,17.2,30.28,,7,抗住且相对强,1.03,5.47,3.89,0,加权Top20+双红>=3+抗住且相对强,6G、PCB、元件、先进封装、共封装光学(CPO)、存储芯片、芯片
886033.TI,共封装光学(CPO),电子,1,周期首发,2026-04-08,2026-04-09,2026-04-10,电子/电力设备/通信,000070.SZ,特发信息,兑现掉队,4.69,26.7,24.23,,6,抗住且相对强,9.0,4.11,-5.36,0,加权Top20+双红>=3+抗住且相对强,6G、光伏、光纤、共封装光学(CPO)、特高压、通信设备
886033.TI,共封装光学(CPO),电子,1,周期首发,2026-04-08,2026-04-09,2026-04-10,电子/电力设备/通信,600498.SH,烽火通信,兑现掉队,5.0,61.83,39.32,,8,抗住且相对强,6.21,2.24,-4.64,0,加权Top20+双红>=3+抗住且相对强,6G、MCU芯片、光纤、共封装光学(CPO)、液冷服务器、特高压、芯片、通信设备
886033.TI,共封装光学(CPO),电子,1,周期首发,2026-04-08,2026-04-09,2026-04-10,电子/电力设备/通信,001389.SZ,广合科技,兑现掉队,10.0,10.89,33.0,,4,抗住且相对强,0.7,0.95,-0.24,0,加权Top20+双红>=3+抗住且相对强,AI PC、PCB、元件、共封装光学(CPO)
886033.TI,共封装光学(CPO),电子,1,周期首发,2026-04-08,2026-04-09,2026-04-10,电子/电力设备/通信,300684.SZ,中石科技,兑现掉队,8.51,5.83,20.55,,6,抗住且相对强,0.48,2.46,1.48,0,加权Top20+双红>=3+抗住且相对强,AI PC、MR(混合现实)、储能、光伏、共封装光学(CPO)、液冷服务器
886033.TI,共封装光学(CPO),电子,1,周期首发,2026-04-08,2026-04-09,2026-04-10,电子/电力设备/通信,002938.SZ,鹏鼎控股,兑现掉队,7.34,20.55,33.27,,6,抗住且相对强,1.21,2.98,1.26,0,加权Top20+双红>=3+抗住且相对强,AI PC、AI手机、AI眼镜、PCB、元件、共封装光学(CPO)
886033.TI,共封装光学(CPO),电子,1,周期首发,2026-04-08,2026-04-09,2026-04-10,电子/电力设备/通信,001309.SZ,德明利,延续核心,4.0,75.28,34.71,,5,抗住且相对强,2.89,13.71,10.0,0,加权Top20+双红>=3+抗住且相对强,AI PC、共封装光学(CPO)、半导体、存储芯片、芯片
886033.TI,共封装光学(CPO),电子,1,周期首发,2026-04-08,2026-04-09,2026-04-10,电子/电力设备/通信,002273.SZ,水晶光电,兑现掉队,9.99,33.76,58.05,,5,抗住且相对强,6.36,6.03,-0.76,0,加权Top20+双红>=3+抗住且相对强,AI手机、AI眼镜、储能、光学光电子、共封装光学(CPO)
886033.TI,共封装光学(CPO),电子,1,周期首发,2026-04-08,2026-04-09,2026-04-10,电子/电力设备/通信,002384.SZ,东山精密,延续核心,10.0,27.85,52.77,,7,抗住且相对强,9.51,19.71,8.83,0,加权Top20+双红>=3+抗住且相对强,AI手机、PCB、元件、光纤、共封装光学(CPO)、芯片、高压快充
886033.TI,共封装光学(CPO),电子,1,周期首发,2026-04-08,2026-04-09,2026-04-10,电子/电力设备/通信,603920.SH,世运电路,兑现掉队,10.01,12.29,35.09,,6,抗住且相对强,5.06,3.0,-2.42,0,加权Top20+双红>=3+抗住且相对强,AI眼镜、PCB、储能、元件、光伏、共封装光学(CPO)
886033.TI,共封装光学(CPO),电子,1,周期首发,2026-04-08,2026-04-09,2026-04-10,电子/电力设备/通信,300131.SZ,英唐智控,兑现掉队,8.77,12.34,30.81,,4,抗住且相对强,4.15,25.57,20.0,0,加权Top20+双红>=3+抗住且相对强,AI眼镜、共封装光学(CPO)、存储芯片、芯片
886033.TI,共封装光学(CPO),电子,1,周期首发,2026-04-08,2026-04-09,2026-04-10,电子/电力设备/通信,601231.SH,环旭电子,兑现掉队,6.94,17.0,28.61,,4,抗住且相对强,3.95,1.48,-2.84,0,加权Top20+双红>=3+抗住且相对强,AI眼镜、共封装光学(CPO)、消费电子、芯片
886033.TI,共封装光学(CPO),电子,1,周期首发,2026-04-08,2026-04-09,2026-04-10,电子/电力设备/通信,002475.SZ,立讯精密,兑现掉队,8.02,103.42,81.56,20日新高,7,抗住且相对强,4.91,11.31,5.61,0,加权Top20+新高+抗住且相对强,AI眼镜、MR(混合现实)、共封装光学(CPO)、消费电子、液冷服务器、芯片、铜缆高速连接
886033.TI,共封装光学(CPO),电子,1,周期首发,2026-04-08,2026-04-09,2026-04-10,电子/电力设备/通信,301486.SZ,致尚科技,兑现掉队,8.62,16.53,35.05,,6,抗住且相对强,2.49,2.39,-0.57,0,加权Top20+双红>=3+抗住且相对强,MR(混合现实)、光纤、共封装光学(CPO)、消费电子、芯片、通信设备
886033.TI,共封装光学(CPO),电子,1,周期首发,2026-04-08,2026-04-09,2026-04-10,电子/电力设备/通信,301123.SZ,奕东电子,兑现掉队,7.96,8.08,22.63,,6,抗住且相对强,9.26,8.9,-0.77,0,加权Top20+双红>=3+抗住且相对强,PCB、储能、共封装光学(CPO)、消费电子、液冷服务器、铜缆高速连接
886033.TI,共封装光学(CPO),电子,1,周期首发,2026-04-08,2026-04-09,2026-04-10,电子/电力设备/通信,603328.SH,依顿电子,兑现掉队,10.04,7.44,27.39,,4,抗住且相对强,2.93,2.69,-0.71,0,加权Top20+双红>=3+抗住且相对强,PCB、元件、光伏、共封装光学(CPO)
886033.TI,共封装光学(CPO),电子,1,周期首发,2026-04-08,2026-04-09,2026-04-10,电子/电力设备/通信,300394.SZ,天孚通信,兑现掉队,6.19,153.98,76.81,,5,抗住且相对强,1.93,6.5,3.46,0,加权Top20+双红>=3+抗住且相对强,先进封装、光纤、共封装光学(CPO)、英伟达、通信设备
886033.TI,共封装光学(CPO),电子,1,周期首发,2026-04-08,2026-04-09,2026-04-10,电子/电力设备/通信,605358.SH,立昂微,兑现掉队,8.35,5.87,20.23,,5,抗住且相对强,0.05,1.28,0.74,0,加权Top20+双红>=3+抗住且相对强,光伏、共封装光学(CPO)、半导体、存储芯片、芯片
886033.TI,共封装光学(CPO),电子,1,周期首发,2026-04-08,2026-04-09,2026-04-10,电子/电力设备/通信,300548.SZ,长芯博创,兑现掉队,13.96,66.32,113.69,历史新高,5,抗住且相对强,11.33,8.44,-3.48,0,加权Top20+新高+抗住且相对强,光纤、共封装光学(CPO)、芯片、通信设备、铜缆高速连接
886033.TI,共封装光学(CPO),电子,1,周期首发,2026-04-08,2026-04-09,2026-04-10,电子/电力设备/通信,600105.SH,永鼎股份,延续核心,10.0,50.03,70.73,历史新高,6,抗住且相对强,3.23,14.66,9.99,0,加权Top20+新高+抗住且相对强,光纤、共封装光学(CPO)、可控核聚变、芯片、通信设备、风电
886033.TI,共封装光学(CPO),电子,1,周期首发,2026-04-08,2026-04-09,2026-04-10,电子/电力设备/通信,688313.SH,仕佳光子,兑现掉队,8.0,42.55,52.18,,4,抗住且相对强,7.26,7.28,-0.92,0,加权Top20+双红>=3+抗住且相对强,光纤、共封装光学(CPO)、芯片、通信设备
886033.TI,共封装光学(CPO),电子,1,周期首发,2026-04-08,2026-04-09,2026-04-10,电子/电力设备/通信,920045.BJ,蘅东光,延续核心,10.22,8.05,29.0,,3,抗住且相对强,0.87,,,0,加权Top20+双红>=3+抗住且相对强,光纤、共封装光学(CPO)、通信设备
886033.TI,共封装光学(CPO),电子,1,周期首发,2026-04-08,2026-04-09,2026-04-10,电子/电力设备/通信,300570.SZ,太辰光,兑现掉队,6.89,36.39,41.56,,5,抗住且相对强,3.33,3.42,-0.89,0,加权Top20+双红>=3+抗住且相对强,光纤、共封装光学(CPO)、芯片、通信设备、铜缆高速连接
886033.TI,共封装光学(CPO),电子,1,周期首发,2026-04-08,2026-04-09,2026-04-10,电子/电力设备/通信,300661.SZ,圣邦股份,兑现掉队,6.56,26.42,33.72,,4,抗住且相对强,3.51,-0.77,-4.59,0,加权Top20+双红>=3+抗住且相对强,共封装光学(CPO)、半导体、存储芯片、芯片
886033.TI,共封装光学(CPO),电子,1,周期首发,2026-04-08,2026-04-09,2026-04-10,电子/电力设备/通信,301205.SZ,联特科技,兑现掉队,6.94,26.62,35.81,,3,抗住且相对强,5.87,4.93,-1.83,0,加权Top20+双红>=3+抗住且相对强,共封装光学(CPO)、芯片、通信设备
886033.TI,共封装光学(CPO),电子,1,周期首发,2026-04-08,2026-04-09,2026-04-10,电子/电力设备/通信,603083.SH,剑桥科技,兑现掉队,10.0,41.56,64.47,,3,抗住且相对强,2.58,4.2,0.6,0,加权Top20+双红>=3+抗住且相对强,共封装光学(CPO)、液冷服务器、通信设备
886033.TI,共封装光学(CPO),电子,2,后续回流,2026-04-10,2026-04-13,2026-04-14,电子/电力设备/通信,001309.SZ,德明利,延续核心,10.0,101.9,100.95,历史新高,5,抗住且相对强,6.85,11.94,3.98,0,加权Top20+新高+抗住且相对强,AI PC、共封装光学(CPO)、半导体、存储芯片、芯片
886033.TI,共封装光学(CPO),电子,2,后续回流,2026-04-10,2026-04-13,2026-04-14,电子/电力设备/通信,300476.SZ,胜宏科技,兑现掉队,4.23,140.27,50.1,,8,抗住且相对强,2.08,6.98,3.97,0,加权Top20+双红>=3+抗住且相对强,AI PC、AI手机、储能、元件、光伏、共封装光学(CPO)、芯片、英伟达
886033.TI,共封装光学(CPO),电子,2,后续回流,2026-04-10,2026-04-13,2026-04-14,电子/电力设备/通信,002600.SZ,领益智造,兑现掉队,2.41,14.09,9.05,,9,抗住且相对强,0.22,1.98,0.95,0,加权Top20+双红>=3+抗住且相对强,AI PC、AI手机、AI眼镜、储能、光伏、共封装光学(CPO)、消费电子、液冷服务器、英伟达
886033.TI,共封装光学(CPO),电子,2,后续回流,2026-04-10,2026-04-13,2026-04-14,电子/电力设备/通信,002384.SZ,东山精密,兑现掉队,8.83,200.94,125.17,历史新高,5,抗住且相对强,1.47,1.71,-0.57,0,加权Top20+新高+抗住且相对强,AI手机、元件、共封装光学(CPO)、芯片、高压快充
886033.TI,共封装光学(CPO),电子,2,后续回流,2026-04-10,2026-04-13,2026-04-14,电子/电力设备/通信,688123.SH,聚辰股份,兑现掉队,2.69,10.44,8.69,,5,抗住且相对强,1.18,12.22,10.03,0,加权Top20+双红>=3+抗住且相对强,AI眼镜、共封装光学(CPO)、半导体、存储芯片、芯片
886033.TI,共封装光学(CPO),电子,2,后续回流,2026-04-10,2026-04-13,2026-04-14,电子/电力设备/通信,688807.SH,优迅股份,兑现掉队,2.88,6.14,7.14,20日新高,4,抗住且相对强,13.15,14.34,0.33,0,加权Top20+新高+抗住且相对强,MCU芯片、共封装光学(CPO)、半导体、芯片
886033.TI,共封装光学(CPO),电子,2,后续回流,2026-04-10,2026-04-13,2026-04-14,电子/电力设备/通信,603459.SH,红板科技,兑现掉队,9.57,27.24,49.95,,5,抗住且相对强,13.24,12.89,-1.02,0,加权Top20+双红>=3+抗住且相对强,元件、共封装光学(CPO)、华为手机、存储芯片、芯片
886033.TI,共封装光学(CPO),电子,2,后续回流,2026-04-10,2026-04-13,2026-04-14,电子/电力设备/通信,600183.SH,生益科技,延续核心,3.4,36.81,20.63,,4,抗住且相对强,2.88,9.17,5.28,0,加权Top20+双红>=3+抗住且相对强,元件、共封装光学(CPO)、存储芯片、芯片
886033.TI,共封装光学(CPO),电子,2,后续回流,2026-04-10,2026-04-13,2026-04-14,电子/电力设备/通信,688183.SH,生益电子,兑现掉队,7.09,31.57,39.84,20日新高,2,抗住且相对强,10.45,15.58,3.89,0,加权Top20+新高+抗住且相对强,元件、共封装光学(CPO)
886033.TI,共封装光学(CPO),电子,2,后续回流,2026-04-10,2026-04-13,2026-04-14,电子/电力设备/通信,002436.SZ,兴森科技,兑现掉队,3.89,24.6,19.29,,4,抗住且相对强,9.17,10.81,0.75,0,加权Top20+双红>=3+抗住且相对强,元件、共封装光学(CPO)、存储芯片、芯片
886033.TI,共封装光学(CPO),电子,2,后续回流,2026-04-10,2026-04-13,2026-04-14,电子/电力设备/通信,688519.SH,南亚新材,延续核心,2.08,11.63,7.09,,3,抗住且相对强,3.29,16.54,11.95,0,加权Top20+双红>=3+抗住且相对强,元件、共封装光学(CPO)、存储芯片
886033.TI,共封装光学(CPO),电子,2,后续回流,2026-04-10,2026-04-13,2026-04-14,电子/电力设备/通信,300408.SZ,三环集团,延续核心,1.78,18.81,7.72,20日新高,3,抗住且相对强,2.34,8.37,5.06,0,加权Top20+新高+抗住且相对强,元件、共封装光学(CPO)、燃料电池
886033.TI,共封装光学(CPO),电子,2,后续回流,2026-04-10,2026-04-13,2026-04-14,电子/电力设备/通信,603773.SH,沃格光电,兑现掉队,9.99,13.03,36.06,,3,抗住且相对强,1.18,4.36,2.32,0,加权Top20+双红>=3+抗住且相对强,共封装光学(CPO)、存储芯片、芯片
886033.TI,共封装光学(CPO),电子,2,后续回流,2026-04-10,2026-04-13,2026-04-14,电子/电力设备/通信,300308.SZ,中际旭创,延续核心,6.01,238.43,92.8,历史新高,3,抗住且相对强,0.71,5.22,4.74,0,加权Top20+新高+抗住且相对强,共封装光学(CPO)、液冷服务器、芯片
886033.TI,共封装光学(CPO),电子,2,后续回流,2026-04-10,2026-04-13,2026-04-14,电子/电力设备/通信,600105.SH,永鼎股份,兑现掉队,9.99,84.24,91.69,历史新高,3,抗住且相对强,1.82,-2.41,-3.93,0,加权Top20+新高+抗住且相对强,共封装光学(CPO)、可控核聚变、芯片
886033.TI,共封装光学(CPO),电子,2,后续回流,2026-04-10,2026-04-13,2026-04-14,电子/电力设备/通信,002222.SZ,福晶科技,兑现掉队,4.64,38.06,28.63,历史新高,1,抗住且相对强,0.27,0.05,-1.02,0,加权Top20+新高+抗住且相对强,共封装光学(CPO)
886033.TI,共封装光学(CPO),电子,2,后续回流,2026-04-10,2026-04-13,2026-04-14,电子/电力设备/通信,920045.BJ,蘅东光,兑现掉队,5.01,9.6,15.52,20日新高,1,抗住且相对强,11.56,,,0,加权Top20+新高+抗住且相对强,共封装光学(CPO)
886033.TI,共封装光学(CPO),电子,2,后续回流,2026-04-10,2026-04-13,2026-04-14,电子/电力设备/通信,688498.SH,源杰科技,兑现掉队,8.58,46.6,58.57,历史新高,3,抗住且相对强,2.53,2.16,-1.15,0,加权Top20+新高+抗住且相对强,共封装光学(CPO)、半导体、芯片
886033.TI,共封装光学(CPO),电子,2,后续回流,2026-04-10,2026-04-13,2026-04-14,电子/电力设备/通信,301419.SZ,阿莱德,兑现掉队,5.83,5.3,13.42,2年新高,3,抗住且相对强,3.78,7.78,4.1,0,加权Top20+新高+抗住且相对强,共封装光学(CPO)、存储芯片、液冷服务器
886033.TI,共封装光学(CPO),电子,2,后续回流,2026-04-10,2026-04-13,2026-04-14,电子/电力设备/通信,688048.SH,长光华芯,延续核心,4.06,50.56,28.87,历史新高,4,抗住且相对强,6.09,20.72,12.93,0,加权Top20+新高+抗住且相对强,共封装光学(CPO)、半导体、可控核聚变、芯片
886033.TI,共封装光学(CPO),电子,2,后续回流,2026-04-10,2026-04-13,2026-04-14,电子/电力设备/通信,300285.SZ,国瓷材料,兑现掉队,3.07,13.17,11.14,,4,抗住且相对强,3.36,3.71,-0.44,0,加权Top20+双红>=3+抗住且相对强,共封装光学(CPO)、固态电池、氢能源、芯片
886033.TI,共封装光学(CPO),电子,3,后续回流,2026-04-14,2026-04-15,2026-04-17,电子/电力设备/通信,688270.SH,ST臻镭,兑现掉队,11.07,37.81,68.07,20日新高,4,抗住且相对强,2.05,3.95,2.7,0,加权Top20+新高+抗住且相对强,6G、共封装光学(CPO)、半导体、芯片
886033.TI,共封装光学(CPO),电子,3,后续回流,2026-04-14,2026-04-15,2026-04-17,电子/电力设备/通信,603220.SH,中贝通信,兑现掉队,4.56,15.69,18.06,20日新高,2,抗住且相对强,4.25,14.29,11.06,0,加权Top20+新高+抗住且相对强,6G、共封装光学(CPO)
886033.TI,共封装光学(CPO),电子,3,后续回流,2026-04-14,2026-04-15,2026-04-17,电子/电力设备/通信,001309.SZ,德明利,兑现掉队,3.98,101.64,40.13,历史新高,5,抗住且相对强,0.94,2.61,2.49,0,加权Top20+新高+抗住且相对强,AI PC、共封装光学(CPO)、半导体、存储芯片、芯片
886033.TI,共封装光学(CPO),电子,3,后续回流,2026-04-14,2026-04-15,2026-04-17,电子/电力设备/通信,002156.SZ,通富微电,兑现掉队,2.41,33.43,13.93,,6,抗住且相对强,1.34,3.06,2.53,0,加权Top20+双红>=3+抗住且相对强,AI PC、先进封装、共封装光学(CPO)、半导体、存储芯片、芯片
886033.TI,共封装光学(CPO),电子,3,后续回流,2026-04-14,2026-04-15,2026-04-17,电子/电力设备/通信,002980.SZ,华盛昌,延续核心,10.0,10.33,32.14,历史新高,2,抗住且相对强,10.54,14.0,3.66,0,加权Top20+新高+抗住且相对强,AI眼镜、共封装光学(CPO)
886033.TI,共封装光学(CPO),电子,3,后续回流,2026-04-14,2026-04-15,2026-04-17,电子/电力设备/通信,002475.SZ,立讯精密,兑现掉队,0.92,144.87,11.07,60日新高,6,补跌但相对强,0.22,1.03,1.65,0,加权Top20+新高+补跌但相对强,AI眼镜、MR(混合现实)、共封装光学(CPO)、消费电子、液冷服务器、芯片
886033.TI,共封装光学(CPO),电子,3,后续回流,2026-04-14,2026-04-15,2026-04-17,电子/电力设备/通信,300857.SZ,协创数据,兑现掉队,20.0,42.21,129.94,,6,抗住且相对强,13.29,26.96,12.9,0,加权Top20+双红>=3+抗住且相对强,AI眼镜、共封装光学(CPO)、存储芯片、消费电子、芯片、英伟达
886033.TI,共封装光学(CPO),电子,3,后续回流,2026-04-14,2026-04-15,2026-04-17,电子/电力设备/通信,300632.SZ,光莆股份,兑现掉队,7.81,8.89,23.29,60日新高,5,抗住且相对强,1.95,4.77,3.61,0,加权Top20+新高+抗住且相对强,AI眼镜、PCB、先进封装、共封装光学(CPO)、芯片
886033.TI,共封装光学(CPO),电子,3,后续回流,2026-04-14,2026-04-15,2026-04-17,电子/电力设备/通信,688655.SH,迅捷兴,兑现掉队,16.08,7.11,42.88,历史新高,3,抗住且相对强,6.21,10.13,4.51,0,加权Top20+新高+抗住且相对强,PCB、元件、共封装光学(CPO)
886033.TI,共封装光学(CPO),电子,3,后续回流,2026-04-14,2026-04-15,2026-04-17,电子/电力设备/通信,688519.SH,南亚新材,兑现掉队,11.95,14.91,46.14,,4,抗住且相对强,2.95,-6.95,-8.88,0,加权Top20+双红>=3+抗住且相对强,PCB、元件、共封装光学(CPO)、存储芯片
886033.TI,共封装光学(CPO),电子,3,后续回流,2026-04-14,2026-04-15,2026-04-17,电子/电力设备/通信,600183.SH,生益科技,兑现掉队,5.28,53.06,38.46,20日新高,6,抗住且相对强,0.95,3.64,3.51,0,加权Top20+新高+抗住且相对强,PCB、元件、先进封装、共封装光学(CPO)、存储芯片、芯片
886033.TI,共封装光学(CPO),电子,3,后续回流,2026-04-14,2026-04-15,2026-04-17,电子/电力设备/通信,300903.SZ,科翔股份,兑现掉队,13.68,18.84,59.38,,7,抗住且相对强,6.02,3.97,-1.16,0,加权Top20+双红>=3+抗住且相对强,PCB、元件、先进封装、共封装光学(CPO)、存储芯片、芯片、钠离子电池
886033.TI,共封装光学(CPO),电子,3,后续回流,2026-04-14,2026-04-15,2026-04-17,电子/电力设备/通信,688388.SH,嘉元科技,兑现掉队,3.8,14.41,14.42,20日新高,2,抗住且相对强,1.7,4.18,3.0,0,加权Top20+新高+抗住且相对强,PCB、共封装光学(CPO)
886033.TI,共封装光学(CPO),电子,3,后续回流,2026-04-14,2026-04-15,2026-04-17,电子/电力设备/通信,300408.SZ,三环集团,兑现掉队,5.06,28.68,27.1,历史新高,3,抗住且相对强,1.93,0.87,-0.23,0,加权Top20+新高+抗住且相对强,元件、共封装光学(CPO)、燃料电池
886033.TI,共封装光学(CPO),电子,3,后续回流,2026-04-14,2026-04-15,2026-04-17,电子/电力设备/通信,300548.SZ,长芯博创,延续核心,2.83,56.23,21.22,历史新高,2,抗住且相对强,3.69,12.4,9.82,0,加权Top20+新高+抗住且相对强,共封装光学(CPO)、芯片
886033.TI,共封装光学(CPO),电子,3,后续回流,2026-04-14,2026-04-15,2026-04-17,电子/电力设备/通信,688048.SH,长光华芯,兑现掉队,12.93,58.52,98.91,历史新高,4,抗住且相对强,2.04,13.5,12.14,0,加权Top20+新高+抗住且相对强,共封装光学(CPO)、半导体、可控核聚变、芯片
886033.TI,共封装光学(CPO),电子,3,后续回流,2026-04-14,2026-04-15,2026-04-17,电子/电力设备/通信,300308.SZ,中际旭创,延续核心,4.74,224.76,71.06,历史新高,3,抗住且相对强,2.24,10.09,9.11,0,加权Top20+新高+抗住且相对强,共封装光学(CPO)、液冷服务器、芯片
886033.TI,共封装光学(CPO),电子,3,后续回流,2026-04-14,2026-04-15,2026-04-17,电子/电力设备/通信,301205.SZ,联特科技,延续核心,3.04,34.09,17.75,20日新高,2,抗住且相对强,2.13,9.89,9.03,0,加权Top20+新高+抗住且相对强,共封装光学(CPO)、芯片
886033.TI,共封装光学(CPO),电子,3,后续回流,2026-04-14,2026-04-15,2026-04-17,电子/电力设备/通信,603083.SH,剑桥科技,延续核心,1.72,43.71,11.37,20日新高,2,抗住且相对强,5.63,20.45,15.49,0,加权Top20+新高+抗住且相对强,共封装光学(CPO)、液冷服务器
886033.TI,共封装光学(CPO),电子,4,后续回流,2026-04-17,2026-04-20,2026-04-22,电子/电力设备/通信,603773.SH,沃格光电,兑现掉队,10.0,11.31,33.63,历史新高,5,抗住且相对强,8.44,21.66,10.6,0,加权Top20+新高+抗住且相对强,6G、先进封装、光学光电子、共封装光学(CPO)、芯片
886033.TI,共封装光学(CPO),电子,4,后续回流,2026-04-17,2026-04-20,2026-04-22,电子/电力设备/通信,603738.SH,泰晶科技,兑现掉队,9.99,18.26,42.69,3年新高,4,抗住且相对强,2.91,17.73,12.69,0,加权Top20+新高+抗住且相对强,6G、元件、共封装光学(CPO)、芯片
886033.TI,共封装光学(CPO),电子,4,后续回流,2026-04-17,2026-04-20,2026-04-22,电子/电力设备/通信,003031.SZ,中瓷电子,兑现掉队,10.0,15.88,39.85,历史新高,4,抗住且相对强,8.76,11.49,5.37,0,加权Top20+新高+抗住且相对强,6G、共封装光学(CPO)、芯片、通信设备
886033.TI,共封装光学(CPO),电子,4,后续回流,2026-04-17,2026-04-20,2026-04-22,电子/电力设备/通信,603803.SH,瑞斯康达,兑现掉队,3.62,15.1,14.07,,4,补跌但相对强,2.63,0.57,0.89,0,加权Top20+双红>=3+补跌但相对强,6G、共封装光学(CPO)、芯片、通信设备
886033.TI,共封装光学(CPO),电子,4,后续回流,2026-04-17,2026-04-20,2026-04-22,电子/电力设备/通信,002792.SZ,通宇通讯,兑现掉队,3.32,39.25,20.8,20日新高,3,抗住且相对强,6.6,2.18,-1.42,0,加权Top20+新高+抗住且相对强,6G、共封装光学(CPO)、通信设备
886033.TI,共封装光学(CPO),电子,4,后续回流,2026-04-17,2026-04-20,2026-04-22,电子/电力设备/通信,603118.SH,共进股份,兑现掉队,10.0,10.66,32.65,1年新高,6,补跌但相对强,0.78,-0.13,2.09,0,加权Top20+新高+补跌但相对强,6G、PCB、先进封装、共封装光学(CPO)、芯片、通信设备
886033.TI,共封装光学(CPO),电子,4,后续回流,2026-04-17,2026-04-20,2026-04-22,电子/电力设备/通信,002281.SZ,光迅科技,兑现掉队,10.0,71.17,84.36,历史新高,5,抗住且相对强,5.71,6.11,3.27,0,加权Top20+新高+抗住且相对强,6G、光纤、共封装光学(CPO)、芯片、通信设备
886033.TI,共封装光学(CPO),电子,4,后续回流,2026-04-17,2026-04-20,2026-04-22,电子/电力设备/通信,002796.SZ,世嘉科技,兑现掉队,10.0,16.29,40.36,,3,抗住且相对强,7.54,15.07,10.02,0,加权Top20+双红>=3+抗住且相对强,6G、共封装光学(CPO)、通信设备
886033.TI,共封装光学(CPO),电子,4,后续回流,2026-04-17,2026-04-20,2026-04-22,电子/电力设备/通信,000062.SZ,深圳华强,兑现掉队,3.98,25.73,20.19,120日新高,3,抗住且相对强,3.18,9.68,4.72,0,加权Top20+新高+抗住且相对强,6G、共封装光学(CPO)、芯片
886033.TI,共封装光学(CPO),电子,4,后续回流,2026-04-17,2026-04-20,2026-04-22,电子/电力设备/通信,600487.SH,亨通光电,兑现掉队,4.72,115.81,50.79,,5,抗住且相对强,12.37,18.2,8.03,0,加权Top20+双红>=3+抗住且相对强,6G、光纤、共封装光学(CPO)、芯片、通信设备
886033.TI,共封装光学(CPO),电子,4,后续回流,2026-04-17,2026-04-20,2026-04-22,电子/电力设备/通信,300476.SZ,胜宏科技,兑现掉队,7.55,215.82,110.92,60日新高,6,抗住且相对强,3.52,5.01,-0.06,0,加权Top20+新高+抗住且相对强,AI PC、PCB、元件、光伏、共封装光学(CPO)、芯片
886033.TI,共封装光学(CPO),电子,4,后续回流,2026-04-17,2026-04-20,2026-04-22,电子/电力设备/通信,301511.SZ,德福科技,兑现掉队,4.92,20.11,22.06,历史新高,2,抗住且相对强,6.94,27.82,21.59,0,加权Top20+新高+抗住且相对强,PCB、共封装光学(CPO)
886033.TI,共封装光学(CPO),电子,4,后续回流,2026-04-17,2026-04-20,2026-04-22,电子/电力设备/通信,688516.SH,奥特维,兑现掉队,4.42,13.25,16.09,,4,抗住且相对强,2.41,-1.12,-1.7,0,加权Top20+双红>=3+抗住且相对强,TOPCON电池、光伏、共封装光学(CPO)、芯片
886033.TI,共封装光学(CPO),电子,4,后续回流,2026-04-17,2026-04-20,2026-04-22,电子/电力设备/通信,600703.SH,三安光电,兑现掉队,9.98,55.53,74.37,,5,抗住且相对强,0.76,11.99,9.45,0,加权Top20+双红>=3+抗住且相对强,先进封装、光伏、光学光电子、共封装光学(CPO)、芯片
886033.TI,共封装光学(CPO),电子,4,后续回流,2026-04-17,2026-04-20,2026-04-22,电子/电力设备/通信,300394.SZ,天孚通信,兑现掉队,6.67,170.79,87.17,20日新高,4,补跌但相对强,1.69,-1.02,0.24,0,加权Top20+新高+补跌但相对强,先进封装、光纤、共封装光学(CPO)、通信设备
886033.TI,共封装光学(CPO),电子,4,后续回流,2026-04-17,2026-04-20,2026-04-22,电子/电力设备/通信,002980.SZ,华盛昌,兑现掉队,10.0,13.72,37.04,历史新高,2,抗住且相对强,8.48,11.08,4.13,0,加权Top20+新高+抗住且相对强,光伏、共封装光学(CPO)
886033.TI,共封装光学(CPO),电子,4,后续回流,2026-04-17,2026-04-20,2026-04-22,电子/电力设备/通信,688226.SH,威腾电气,兑现掉队,6.46,9.63,20.05,120日新高,2,补跌但相对强,0.45,8.79,10.29,0,加权Top20+新高+补跌但相对强,光伏、共封装光学(CPO)
886033.TI,共封装光学(CPO),电子,4,后续回流,2026-04-17,2026-04-20,2026-04-22,电子/电力设备/通信,300323.SZ,华灿光电,兑现掉队,3.32,9.97,10.48,,3,抗住且相对强,4.68,9.16,2.75,0,加权Top20+双红>=3+抗住且相对强,光学光电子、共封装光学(CPO)、芯片
886033.TI,共封装光学(CPO),电子,4,后续回流,2026-04-17,2026-04-20,2026-04-22,电子/电力设备/通信,920045.BJ,蘅东光,兑现掉队,16.71,10.78,54.86,历史新高,3,抗住且相对强,6.22,,,0,加权Top20+新高+抗住且相对强,光纤、共封装光学(CPO)、通信设备
886033.TI,共封装光学(CPO),电子,4,后续回流,2026-04-17,2026-04-20,2026-04-22,电子/电力设备/通信,688313.SH,仕佳光子,兑现掉队,9.49,65.18,76.62,历史新高,4,补跌但相对强,2.6,16.05,16.46,0,加权Top20+新高+补跌但相对强,光纤、共封装光学(CPO)、芯片、通信设备
886033.TI,共封装光学(CPO),电子,4,后续回流,2026-04-17,2026-04-20,2026-04-22,电子/电力设备/通信,300548.SZ,长芯博创,兑现掉队,7.79,59.46,60.07,历史新高,4,补跌但相对强,1.54,7.39,8.92,0,加权Top20+新高+补跌但相对强,光纤、共封装光学(CPO)、芯片、通信设备
886033.TI,共封装光学(CPO),电子,4,后续回流,2026-04-17,2026-04-20,2026-04-22,电子/电力设备/通信,300570.SZ,太辰光,兑现掉队,4.98,47.55,34.34,20日新高,4,补跌但相对强,0.28,3.03,5.86,0,加权Top20+新高+补跌但相对强,光纤、共封装光学(CPO)、芯片、通信设备
886033.TI,共封装光学(CPO),电子,4,后续回流,2026-04-17,2026-04-20,2026-04-22,电子/电力设备/通信,688143.SH,长盈通,兑现掉队,8.25,13.28,30.06,历史新高,4,补跌但相对强,2.43,13.23,13.82,0,加权Top20+新高+补跌但相对强,光纤、共封装光学(CPO)、芯片、通信设备
886033.TI,共封装光学(CPO),电子,4,后续回流,2026-04-17,2026-04-20,2026-04-22,电子/电力设备/通信,600105.SH,永鼎股份,兑现掉队,4.64,69.38,38.65,历史新高,4,抗住且相对强,4.16,10.24,8.92,0,加权Top20+新高+抗住且相对强,光纤、共封装光学(CPO)、芯片、通信设备
886033.TI,共封装光学(CPO),电子,4,后续回流,2026-04-17,2026-04-20,2026-04-22,电子/电力设备/通信,300620.SZ,光库科技,兑现掉队,8.99,68.01,74.14,历史新高,4,补跌但相对强,2.59,9.01,9.41,0,加权Top20+新高+补跌但相对强,光纤、共封装光学(CPO)、芯片、通信设备
886033.TI,共封装光学(CPO),电子,4,后续回流,2026-04-17,2026-04-20,2026-04-22,电子/电力设备/通信,603083.SH,剑桥科技,兑现掉队,10.0,33.83,58.16,历史新高,2,抗住且相对强,7.77,18.51,13.05,0,加权Top20+新高+抗住且相对强,共封装光学(CPO)、通信设备
886033.TI,共封装光学(CPO),电子,4,后续回流,2026-04-17,2026-04-20,2026-04-22,电子/电力设备/通信,603052.SH,可川科技,兑现掉队,10.0,9.12,30.2,历史新高,2,抗住且相对强,8.45,9.61,-0.36,0,加权Top20+新高+抗住且相对强,共封装光学(CPO)、芯片
886033.TI,共封装光学(CPO),电子,4,后续回流,2026-04-17,2026-04-20,2026-04-22,电子/电力设备/通信,301205.SZ,联特科技,兑现掉队,7.81,31.71,43.98,历史新高,3,补跌但相对强,1.18,2.96,4.81,0,加权Top20+新高+补跌但相对强,共封装光学(CPO)、芯片、通信设备
886033.TI,共封装光学(CPO),电子,4,后续回流,2026-04-17,2026-04-20,2026-04-22,电子/电力设备/通信,300308.SZ,中际旭创,兑现掉队,5.11,336.3,93.71,历史新高,3,补跌但相对强,2.83,4.19,4.31,0,加权Top20+新高+补跌但相对强,共封装光学(CPO)、芯片、通信设备
886033.TI,共封装光学(CPO),电子,4,后续回流,2026-04-17,2026-04-20,2026-04-22,电子/电力设备/通信,601231.SH,环旭电子,兑现掉队,5.88,26.85,30.47,20日新高,2,抗住且相对强,3.89,10.2,4.51,0,加权Top20+新高+抗住且相对强,共封装光学(CPO)、芯片
886033.TI,共封装光学(CPO),电子,4,后续回流,2026-04-17,2026-04-20,2026-04-22,电子/电力设备/通信,300502.SZ,新易盛,兑现掉队,9.58,238.74,148.02,历史新高,3,补跌但相对强,1.93,5.72,6.81,0,加权Top20+新高+补跌但相对强,共封装光学(CPO)、芯片、通信设备
886033.TI,共封装光学(CPO),电子,4,后续回流,2026-04-17,2026-04-20,2026-04-22,电子/电力设备/通信,300131.SZ,英唐智控,兑现掉队,3.49,20.24,15.7,20日新高,2,抗住且相对强,1.43,14.7,11.37,0,加权Top20+新高+抗住且相对强,共封装光学(CPO)、芯片
886033.TI,共封装光学(CPO),电子,7,后续回流,2026-05-11,2026-05-12,2026-05-25,电子/电力设备/通信,603738.SH,泰晶科技,兑现掉队,10.0,13.44,36.66,历史新高,7,抗住且相对强,4.83,-4.87,-9.38,0,加权Top20+新高+抗住且相对强,6G、AI眼镜、MCU芯片、元件、光刻机、共封装光学(CPO)、芯片
886033.TI,共封装光学(CPO),电子,7,后续回流,2026-05-11,2026-05-12,2026-05-25,电子/电力设备/通信,688270.SH,ST臻镭,兑现掉队,11.04,24.81,54.99,,4,抗住且相对强,1.2,-16.32,-17.43,0,加权Top20+双红>=3+抗住且相对强,6G、共封装光学(CPO)、半导体、芯片
886033.TI,共封装光学(CPO),电子,7,后续回流,2026-05-11,2026-05-12,2026-05-25,电子/电力设备/通信,002436.SZ,兴森科技,延续核心,3.62,49.66,25.51,历史新高,7,抗住且相对强,0.7,14.92,13.96,0,加权Top20+新高+抗住且相对强,6G、PCB、元件、先进封装、共封装光学(CPO)、存储芯片、芯片
886033.TI,共封装光学(CPO),电子,7,后续回流,2026-05-11,2026-05-12,2026-05-25,电子/电力设备/通信,002897.SZ,意华股份,兑现掉队,7.7,15.92,30.72,,6,抗住且相对强,3.62,16.47,9.57,0,加权Top20+双红>=3+抗住且相对强,6G、光伏、共封装光学(CPO)、液冷服务器、通信设备、铜缆高速连接
886033.TI,共封装光学(CPO),电子,7,后续回流,2026-05-11,2026-05-12,2026-05-25,电子/电力设备/通信,603773.SH,沃格光电,延续核心,10.01,20.35,45.16,历史新高,8,抗住且相对强,2.02,3.99,1.79,0,加权Top20+新高+抗住且相对强,6G、先进封装、光刻机、光学光电子、共封装光学(CPO)、存储芯片、芯片、钙钛矿电池
886033.TI,共封装光学(CPO),电子,7,后续回流,2026-05-11,2026-05-12,2026-05-25,电子/电力设备/通信,001389.SZ,广合科技,兑现掉队,10.0,25.21,50.21,历史新高,4,抗住且相对强,0.06,0.37,0.17,0,加权Top20+新高+抗住且相对强,AI PC、PCB、元件、共封装光学(CPO)
886033.TI,共封装光学(CPO),电子,7,后续回流,2026-05-11,2026-05-12,2026-05-25,电子/电力设备/通信,002384.SZ,东山精密,兑现掉队,3.27,193.64,45.5,历史新高,7,抗住且相对强,0.39,3.64,3.09,0,加权Top20+新高+抗住且相对强,AI手机、PCB、元件、光纤、共封装光学(CPO)、芯片、高压快充
886033.TI,共封装光学(CPO),电子,7,后续回流,2026-05-11,2026-05-12,2026-05-25,电子/电力设备/通信,002273.SZ,水晶光电,兑现掉队,4.34,47.19,29.81,历史新高,6,抗住且相对强,0.52,6.36,5.66,0,加权Top20+新高+抗住且相对强,AI手机、AI眼镜、储能、光学光电子、共封装光学(CPO)、华为手机
886033.TI,共封装光学(CPO),电子,7,后续回流,2026-05-11,2026-05-12,2026-05-25,电子/电力设备/通信,688123.SH,聚辰股份,兑现掉队,15.98,35.69,95.47,20日新高,5,抗住且相对强,4.59,2.53,-2.1,0,加权Top20+新高+抗住且相对强,AI眼镜、共封装光学(CPO)、半导体、存储芯片、芯片
886033.TI,共封装光学(CPO),电子,7,后续回流,2026-05-11,2026-05-12,2026-05-25,电子/电力设备/通信,300323.SZ,华灿光电,兑现掉队,4.89,18.33,20.94,3年新高,4,抗住且相对强,6.03,26.92,19.54,0,加权Top20+新高+抗住且相对强,AI眼镜、光学光电子、共封装光学(CPO)、芯片
886033.TI,共封装光学(CPO),电子,7,后续回流,2026-05-11,2026-05-12,2026-05-25,电子/电力设备/通信,603920.SH,世运电路,兑现掉队,5.63,39.35,35.32,20日新高,6,抗住且相对强,5.21,8.39,2.88,0,加权Top20+新高+抗住且相对强,AI眼镜、PCB、储能、元件、光伏、共封装光学(CPO)
886033.TI,共封装光学(CPO),电子,7,后续回流,2026-05-11,2026-05-12,2026-05-25,电子/电力设备/通信,600703.SH,三安光电,兑现掉队,4.97,59.11,38.21,20日新高,6,抗住且相对强,4.1,0.56,-3.53,0,加权Top20+新高+抗住且相对强,AI眼镜、先进封装、光伏、光学光电子、共封装光学(CPO)、芯片
886033.TI,共封装光学(CPO),电子,7,后续回流,2026-05-11,2026-05-12,2026-05-25,电子/电力设备/通信,000636.SZ,风华高科,延续核心,10.01,20.34,45.14,3年新高,8,抗住且相对强,3.34,45.4,40.51,0,加权Top20+新高+抗住且相对强,AI眼镜、储能、元件、光伏、共封装光学(CPO)、液冷服务器、超级电容、高压快充
886033.TI,共封装光学(CPO),电子,7,后续回流,2026-05-11,2026-05-12,2026-05-25,电子/电力设备/通信,002475.SZ,立讯精密,兑现掉队,6.69,205.84,95.98,历史新高,8,抗住且相对强,1.35,-1.79,-3.23,0,加权Top20+新高+抗住且相对强,AI眼镜、MR(混合现实)、共封装光学(CPO)、华为手机、消费电子、液冷服务器、芯片、铜缆高速连接
886033.TI,共封装光学(CPO),电子,7,后续回流,2026-05-11,2026-05-12,2026-05-25,电子/电力设备/通信,688536.SH,思瑞浦,兑现掉队,12.17,27.71,64.06,2年新高,5,抗住且相对强,3.97,12.81,8.36,0,加权Top20+新高+抗住且相对强,MCU芯片、储能、共封装光学(CPO)、半导体、芯片
886033.TI,共封装光学(CPO),电子,7,后续回流,2026-05-11,2026-05-12,2026-05-25,电子/电力设备/通信,688655.SH,迅捷兴,兑现掉队,11.06,14.9,42.69,历史新高,3,抗住且相对强,4.47,-3.58,-7.83,0,加权Top20+新高+抗住且相对强,PCB、元件、共封装光学(CPO)
886033.TI,共封装光学(CPO),电子,7,后续回流,2026-05-11,2026-05-12,2026-05-25,电子/电力设备/通信,300903.SZ,科翔股份,兑现掉队,4.55,22.93,21.79,历史新高,7,抗住且相对强,13.9,36.51,19.71,0,加权Top20+新高+抗住且相对强,PCB、储能、元件、先进封装、共封装光学(CPO)、存储芯片、芯片
886033.TI,共封装光学(CPO),电子,7,后续回流,2026-05-11,2026-05-12,2026-05-25,电子/电力设备/通信,600601.SH,方正科技,兑现掉队,9.98,53.76,73.17,60日新高,3,抗住且相对强,7.21,-2.4,-9.08,0,加权Top20+新高+抗住且相对强,PCB、元件、共封装光学(CPO)
886033.TI,共封装光学(CPO),电子,7,后续回流,2026-05-11,2026-05-12,2026-05-25,电子/电力设备/通信,300292.SZ,吴通控股,兑现掉队,11.07,16.39,44.82,1年新高,4,抗住且相对强,12.35,-5.39,-17.76,0,加权Top20+新高+抗住且相对强,储能、光纤、共封装光学(CPO)、通信服务
886033.TI,共封装光学(CPO),电子,7,后续回流,2026-05-11,2026-05-12,2026-05-25,电子/电力设备/通信,300394.SZ,天孚通信,兑现掉队,1.72,152.71,21.26,,5,抗住且相对强,0.49,19.53,15.86,0,加权Top20+双红>=3+抗住且相对强,先进封装、光纤、共封装光学(CPO)、英伟达、通信设备
886033.TI,共封装光学(CPO),电子,7,后续回流,2026-05-11,2026-05-12,2026-05-25,电子/电力设备/通信,688127.SH,蓝特光学,兑现掉队,5.14,12.74,18.35,历史新高,4,抗住且相对强,1.37,5.43,3.86,0,加权Top20+新高+抗住且相对强,光刻机、光学光电子、共封装光学(CPO)、芯片
886033.TI,共封装光学(CPO),电子,7,后续回流,2026-05-11,2026-05-12,2026-05-25,电子/电力设备/通信,688205.SH,德科立,兑现掉队,6.99,42.07,45.34,,4,抗住且相对强,6.13,-3.04,-10.9,0,加权Top20+双红>=3+抗住且相对强,光纤、共封装光学(CPO)、芯片、通信设备
886033.TI,共封装光学(CPO),电子,7,后续回流,2026-05-11,2026-05-12,2026-05-25,电子/电力设备/通信,688498.SH,源杰科技,兑现掉队,3.11,53.9,22.83,历史新高,4,抗住且相对强,6.45,-33.24,-37.37,0,加权Top20+新高+抗住且相对强,光纤、共封装光学(CPO)、半导体、芯片
886033.TI,共封装光学(CPO),电子,7,后续回流,2026-05-11,2026-05-12,2026-05-25,电子/电力设备/通信,300661.SZ,圣邦股份,兑现掉队,11.31,52.72,82.12,3年新高,4,抗住且相对强,4.92,20.53,14.72,0,加权Top20+新高+抗住且相对强,共封装光学(CPO)、半导体、存储芯片、芯片
886033.TI,共封装光学(CPO),电子,7,后续回流,2026-05-11,2026-05-12,2026-05-25,电子/电力设备/通信,300308.SZ,中际旭创,兑现掉队,6.11,293.99,104.76,历史新高,4,抗住且相对强,5.6,16.26,7.37,0,加权Top20+新高+抗住且相对强,共封装光学(CPO)、液冷服务器、芯片、通信设备
886033.TI,共封装光学(CPO),电子,7,后续回流,2026-05-11,2026-05-12,2026-05-25,电子/电力设备/通信,300502.SZ,新易盛,兑现掉队,2.18,318.12,38.88,,3,抗住且相对强,2.43,16.91,11.22,0,加权Top20+双红>=3+抗住且相对强,共封装光学(CPO)、芯片、通信设备
886033.TI,共封装光学(CPO),电子,8,后续回流,2026-05-25,2026-05-26,2026-06-03,电子/电力设备/机械设备,600114.SH,东睦股份,兑现掉队,4.3,18.42,18.45,历史新高,2,抗住且相对强,2.07,0.41,-0.1,0,加权Top20+新高+抗住且相对强,3D打印、共封装光学(CPO)
886033.TI,共封装光学(CPO),电子,8,后续回流,2026-05-25,2026-05-26,2026-06-03,电子/电力设备/机械设备,000988.SZ,华工科技,兑现掉队,10.0,178.98,133.78,历史新高,8,补跌但相对强,0.62,-10.21,-9.35,0,加权Top20+新高+补跌但相对强,3D打印、PCB、先进封装、共封装光学(CPO)、存储芯片、芯片、铜缆高速连接、高压快充
886033.TI,共封装光学(CPO),电子,8,后续回流,2026-05-25,2026-05-26,2026-06-03,电子/电力设备/机械设备,300602.SZ,飞荣达,兑现掉队,15.24,32.07,86.3,历史新高,4,抗住且相对强,2.72,-7.89,-9.64,0,加权Top20+新高+抗住且相对强,MR(混合现实)、共封装光学(CPO)、华为手机、消费电子
886033.TI,共封装光学(CPO),电子,8,后续回流,2026-05-25,2026-05-26,2026-06-03,电子/电力设备/机械设备,002938.SZ,鹏鼎控股,兑现掉队,10.0,23.9,48.89,历史新高,2,抗住且相对强,2.25,-5.27,-6.64,0,加权Top20+新高+抗住且相对强,PCB、共封装光学(CPO)
886033.TI,共封装光学(CPO),电子,8,后续回流,2026-05-25,2026-05-26,2026-06-03,电子/电力设备/机械设备,603936.SH,博敏电子,兑现掉队,10.0,15.08,38.83,3年新高,4,抗住且相对强,6.37,-12.64,-17.26,0,加权Top20+新高+抗住且相对强,PCB、先进封装、共封装光学(CPO)、存储芯片
886033.TI,共封装光学(CPO),电子,8,后续回流,2026-05-25,2026-05-26,2026-06-03,电子/电力设备/机械设备,603228.SH,景旺电子,兑现掉队,5.36,61.9,42.17,历史新高,4,抗住且相对强,1.45,-14.54,-15.11,0,加权Top20+新高+抗住且相对强,PCB、共封装光学(CPO)、华为手机、英伟达
886033.TI,共封装光学(CPO),电子,8,后续回流,2026-05-25,2026-05-26,2026-06-03,电子/电力设备/机械设备,600183.SH,生益科技,兑现掉队,7.88,91.02,75.18,历史新高,5,抗住且相对强,10.78,21.09,10.08,0,加权Top20+新高+抗住且相对强,PCB、先进封装、共封装光学(CPO)、存储芯片、芯片
886033.TI,共封装光学(CPO),电子,8,后续回流,2026-05-25,2026-05-26,2026-06-03,电子/电力设备/机械设备,301366.SZ,一博科技,兑现掉队,8.27,7.51,22.66,1年新高,4,抗住且相对强,3.58,15.83,12.67,0,加权Top20+新高+抗住且相对强,PCB、共封装光学(CPO)、芯片、英伟达
886033.TI,共封装光学(CPO),电子,8,后续回流,2026-05-25,2026-05-26,2026-06-03,电子/电力设备/机械设备,002741.SZ,光华科技,兑现掉队,10.02,12.28,35.11,3年新高,4,抗住且相对强,1.6,1.15,0.32,0,加权Top20+新高+抗住且相对强,PCB、先进封装、共封装光学(CPO)、芯片
886033.TI,共封装光学(CPO),电子,8,后续回流,2026-05-25,2026-05-26,2026-06-03,电子/电力设备/机械设备,002436.SZ,兴森科技,兑现掉队,7.62,74.18,65.63,历史新高,5,补跌但相对强,0.75,4.46,4.49,0,加权Top20+新高+补跌但相对强,PCB、先进封装、共封装光学(CPO)、存储芯片、芯片
886033.TI,共封装光学(CPO),电子,8,后续回流,2026-05-25,2026-05-26,2026-06-03,电子/电力设备/机械设备,603203.SH,快克智能,兑现掉队,10.0,8.55,29.24,,5,抗住且相对强,5.06,2.18,-1.28,0,加权Top20+双红>=3+抗住且相对强,PCB、先进封装、共封装光学(CPO)、存储芯片、芯片
886033.TI,共封装光学(CPO),电子,8,后续回流,2026-05-25,2026-05-26,2026-06-03,电子/电力设备/机械设备,300476.SZ,胜宏科技,延续核心,2.13,275.43,35.35,历史新高,4,抗住且相对强,3.24,-7.84,-10.05,0,加权Top20+新高+抗住且相对强,PCB、共封装光学(CPO)、芯片、英伟达
886033.TI,共封装光学(CPO),电子,8,后续回流,2026-05-25,2026-05-26,2026-06-03,电子/电力设备/机械设备,600584.SH,长电科技,兑现掉队,10.0,210.49,145.08,历史新高,5,抗住且相对强,10.78,-0.05,-9.14,0,加权Top20+新高+抗住且相对强,先进封装、共封装光学(CPO)、半导体、存储芯片、芯片
886033.TI,共封装光学(CPO),电子,8,后续回流,2026-05-25,2026-05-26,2026-06-03,电子/电力设备/机械设备,603773.SH,沃格光电,兑现掉队,4.03,22.56,19.14,,4,抗住且相对强,10.78,42.78,29.8,0,加权Top20+双红>=3+抗住且相对强,先进封装、共封装光学(CPO)、存储芯片、芯片
886033.TI,共封装光学(CPO),电子,8,后续回流,2026-05-25,2026-05-26,2026-06-03,电子/电力设备/机械设备,002156.SZ,通富微电,兑现掉队,9.99,153.43,123.74,历史新高,5,抗住且相对强,8.82,0.63,-6.86,0,加权Top20+新高+抗住且相对强,先进封装、共封装光学(CPO)、半导体、存储芯片、芯片
886033.TI,共封装光学(CPO),电子,8,后续回流,2026-05-25,2026-05-26,2026-06-03,电子/电力设备/机械设备,002185.SZ,华天科技,兑现掉队,9.98,48.35,69.4,3年新高,5,抗住且相对强,10.8,12.91,2.62,0,加权Top20+新高+抗住且相对强,先进封装、共封装光学(CPO)、半导体、存储芯片、芯片
886033.TI,共封装光学(CPO),电子,8,后续回流,2026-05-25,2026-05-26,2026-06-03,电子/电力设备/机械设备,000021.SZ,深科技,延续核心,9.06,94.37,88.01,历史新高,6,抗住且相对强,4.67,-6.93,-10.41,0,加权Top20+新高+抗住且相对强,先进封装、共封装光学(CPO)、存储芯片、消费电子、芯片、超级电容
886033.TI,共封装光学(CPO),电子,8,后续回流,2026-05-25,2026-05-26,2026-06-03,电子/电力设备/机械设备,000636.SZ,风华高科,兑现掉队,9.99,3.61,18.98,历史新高,4,抗住且相对强,1.55,46.3,45.18,0,加权Top20+新高+抗住且相对强,MLCC、共封装光学(CPO)、超级电容、高压快充
886033.TI,共封装光学(CPO),电子,8,后续回流,2026-05-25,2026-05-26,2026-06-03,电子/电力设备/机械设备,601138.SH,工业富联,兑现掉队,4.68,184.56,63.58,,4,补跌但相对强,0.32,15.29,15.82,0,加权Top20+双红>=3+补跌但相对强,共封装光学(CPO)、消费电子、芯片、英伟达
881121.TI,半导体,电子,1,周期首发,2026-04-08,2026-04-09,2026-04-10,电子/电力设备/通信,001309.SZ,德明利,延续核心,4.0,75.28,34.71,,5,抗住且相对强,2.89,13.71,10.0,0,加权Top20+双红>=3+抗住且相对强,AI PC、共封装光学(CPO)、半导体、存储芯片、芯片
881121.TI,半导体,电子,1,周期首发,2026-04-08,2026-04-09,2026-04-10,电子/电力设备/通信,688362.SH,甬矽电子,兑现掉队,7.81,6.58,20.03,20日新高,4,抗住且相对强,2.1,0.54,-2.0,0,加权Top20+新高+抗住且相对强,MCU芯片、先进封装、半导体、芯片
881121.TI,半导体,电子,1,周期首发,2026-04-08,2026-04-09,2026-04-10,电子/电力设备/通信,688766.SH,普冉股份,兑现掉队,6.16,16.45,24.98,,4,抗住且相对强,0.73,6.0,4.72,0,加权Top20+双红>=3+抗住且相对强,MCU芯片、半导体、存储芯片、芯片
881121.TI,半导体,电子,1,周期首发,2026-04-08,2026-04-09,2026-04-10,电子/电力设备/通信,300053.SZ,航宇微,兑现掉队,7.36,7.57,20.25,,5,抗住且相对强,0.08,-0.28,-0.85,0,加权Top20+双红>=3+抗住且相对强,MCU芯片、先进封装、半导体、存储芯片、芯片
881121.TI,半导体,电子,1,周期首发,2026-04-08,2026-04-09,2026-04-10,电子/电力设备/通信,002213.SZ,大为股份,延续核心,10.01,6.32,25.16,,4,抗住且相对强,9.53,14.62,4.18,0,加权Top20+双红>=3+抗住且相对强,PCB、半导体、存储芯片、芯片
881121.TI,半导体,电子,1,周期首发,2026-04-08,2026-04-09,2026-04-10,电子/电力设备/通信,688141.SH,杰华特,兑现掉队,10.92,11.01,36.23,历史新高,3,抗住且相对强,2.57,4.97,1.85,0,加权Top20+新高+抗住且相对强,储能、半导体、芯片
881121.TI,半导体,电子,1,周期首发,2026-04-08,2026-04-09,2026-04-10,电子/电力设备/通信,688256.SH,寒武纪,兑现掉队,4.02,121.36,44.29,20日新高,3,抗住且相对强,2.43,4.01,1.06,0,加权Top20+新高+抗住且相对强,先进封装、半导体、芯片
881121.TI,半导体,电子,1,周期首发,2026-04-08,2026-04-09,2026-04-10,电子/电力设备/通信,688361.SH,中科飞测,兑现掉队,8.46,10.63,27.58,,4,抗住且相对强,3.08,3.52,-0.04,0,加权Top20+双红>=3+抗住且相对强,先进封装、半导体、存储芯片、芯片
881121.TI,半导体,电子,1,周期首发,2026-04-08,2026-04-09,2026-04-10,电子/电力设备/通信,002409.SZ,雅克科技,兑现掉队,6.71,9.63,20.82,,5,抗住且相对强,0.41,2.07,1.16,0,加权Top20+双红>=3+抗住且相对强,先进封装、半导体、存储芯片、特高压、芯片
881121.TI,半导体,电子,1,周期首发,2026-04-08,2026-04-09,2026-04-10,电子/电力设备/通信,688012.SH,中微公司,兑现掉队,8.21,49.87,57.98,,4,抗住且相对强,0.65,1.99,0.84,0,加权Top20+双红>=3+抗住且相对强,先进封装、半导体、存储芯片、芯片
881121.TI,半导体,电子,1,周期首发,2026-04-08,2026-04-09,2026-04-10,电子/电力设备/通信,688072.SH,拓荆科技,兑现掉队,8.59,25.12,43.05,,4,抗住且相对强,2.78,4.9,1.58,0,加权Top20+双红>=3+抗住且相对强,先进封装、半导体、存储芯片、芯片
881121.TI,半导体,电子,1,周期首发,2026-04-08,2026-04-09,2026-04-10,电子/电力设备/通信,605358.SH,立昂微,兑现掉队,8.35,5.87,20.23,,5,抗住且相对强,0.05,1.28,0.74,0,加权Top20+双红>=3+抗住且相对强,光伏、共封装光学(CPO)、半导体、存储芯片、芯片
881121.TI,半导体,电子,1,周期首发,2026-04-08,2026-04-09,2026-04-10,电子/电力设备/通信,002371.SZ,北方华创,兑现掉队,9.41,64.47,75.56,,4,抗住且相对强,1.42,2.78,0.86,0,加权Top20+双红>=3+抗住且相对强,光伏、半导体、存储芯片、芯片
881121.TI,半导体,电子,1,周期首发,2026-04-08,2026-04-09,2026-04-10,电子/电力设备/通信,300661.SZ,圣邦股份,兑现掉队,6.56,26.42,33.72,,4,抗住且相对强,3.51,-0.77,-4.59,0,加权Top20+双红>=3+抗住且相对强,共封装光学(CPO)、半导体、存储芯片、芯片
881121.TI,半导体,电子,1,周期首发,2026-04-08,2026-04-09,2026-04-10,电子/电力设备/通信,688693.SH,锴威特,延续核心,19.99,5.09,45.1,2年新高,2,抗住且相对强,16.81,21.2,3.32,0,加权Top20+新高+抗住且相对强,半导体、芯片
881121.TI,半导体,电子,1,周期首发,2026-04-08,2026-04-09,2026-04-10,电子/电力设备/通信,688702.SH,盛科通信-U,兑现掉队,14.24,20.37,64.27,历史新高,2,抗住且相对强,0.18,-2.74,-3.38,0,加权Top20+新高+抗住且相对强,半导体、芯片
881121.TI,半导体,电子,1,周期首发,2026-04-08,2026-04-09,2026-04-10,电子/电力设备/通信,300604.SZ,长川科技,兑现掉队,9.69,32.27,55.05,,3,抗住且相对强,2.34,5.78,2.87,0,加权Top20+双红>=3+抗住且相对强,半导体、存储芯片、芯片
881121.TI,半导体,电子,2,后续回流,2026-04-10,2026-04-13,2026-04-14,电子/电力设备/通信,001309.SZ,德明利,延续核心,10.0,101.9,100.95,历史新高,5,抗住且相对强,6.85,11.94,3.98,0,加权Top20+新高+抗住且相对强,AI PC、共封装光学(CPO)、半导体、存储芯片、芯片
881121.TI,半导体,电子,2,后续回流,2026-04-10,2026-04-13,2026-04-14,电子/电力设备/通信,301308.SZ,江波龙,兑现掉队,4.85,64.8,39.04,,6,抗住且相对强,3.06,11.78,7.62,0,加权Top20+双红>=3+抗住且相对强,AI PC、AI手机、AI眼镜、半导体、存储芯片、芯片
881121.TI,半导体,电子,2,后续回流,2026-04-10,2026-04-13,2026-04-14,电子/电力设备/通信,688525.SH,佰维存储,兑现掉队,6.15,102.12,62.15,,6,抗住且相对强,5.13,19.29,12.61,0,加权Top20+双红>=3+抗住且相对强,AI PC、AI手机、AI眼镜、半导体、存储芯片、芯片
881121.TI,半导体,电子,2,后续回流,2026-04-10,2026-04-13,2026-04-14,电子/电力设备/通信,688123.SH,聚辰股份,兑现掉队,2.69,10.44,8.69,,5,抗住且相对强,1.18,12.22,10.03,0,加权Top20+双红>=3+抗住且相对强,AI眼镜、共封装光学(CPO)、半导体、存储芯片、芯片
881121.TI,半导体,电子,2,后续回流,2026-04-10,2026-04-13,2026-04-14,电子/电力设备/通信,301536.SZ,星宸科技,兑现掉队,2.87,4.82,6.3,,3,抗住且相对强,1.34,2.47,0.32,0,加权Top20+双红>=3+抗住且相对强,AI眼镜、半导体、芯片
881121.TI,半导体,电子,2,后续回流,2026-04-10,2026-04-13,2026-04-14,电子/电力设备/通信,688807.SH,优迅股份,兑现掉队,2.88,6.14,7.14,20日新高,4,抗住且相对强,13.15,14.34,0.33,0,加权Top20+新高+抗住且相对强,MCU芯片、共封装光学(CPO)、半导体、芯片
881121.TI,半导体,电子,2,后续回流,2026-04-10,2026-04-13,2026-04-14,电子/电力设备/通信,300671.SZ,富满微,兑现掉队,4.71,8.82,13.99,20日新高,4,抗住且相对强,9.45,11.06,0.73,0,加权Top20+新高+抗住且相对强,MCU芯片、半导体、存储芯片、芯片
881121.TI,半导体,电子,2,后续回流,2026-04-10,2026-04-13,2026-04-14,电子/电力设备/通信,688478.SH,晶升股份,兑现掉队,20.0,3.73,38.63,20日新高,4,抗住且相对强,3.62,2.65,-1.71,0,加权Top20+新高+抗住且相对强,光伏、半导体、存储芯片、芯片
881121.TI,半导体,电子,2,后续回流,2026-04-10,2026-04-13,2026-04-14,电子/电力设备/通信,688498.SH,源杰科技,兑现掉队,8.58,46.6,58.57,历史新高,3,抗住且相对强,2.53,2.16,-1.15,0,加权Top20+新高+抗住且相对强,共封装光学(CPO)、半导体、芯片
881121.TI,半导体,电子,2,后续回流,2026-04-10,2026-04-13,2026-04-14,电子/电力设备/通信,688048.SH,长光华芯,延续核心,4.06,50.56,28.87,历史新高,4,抗住且相对强,6.09,20.72,12.93,0,加权Top20+新高+抗住且相对强,共封装光学(CPO)、半导体、可控核聚变、芯片
881121.TI,半导体,电子,2,后续回流,2026-04-10,2026-04-13,2026-04-14,电子/电力设备/通信,688693.SH,锴威特,兑现掉队,3.32,7.39,9.03,2年新高,2,抗住且相对强,3.53,17.86,12.96,0,加权Top20+新高+抗住且相对强,半导体、芯片
881121.TI,半导体,电子,2,后续回流,2026-04-10,2026-04-13,2026-04-14,电子/电力设备/通信,300782.SZ,卓胜微,兑现掉队,2.42,37.08,14.74,1年新高,2,抗住且相对强,1.35,7.18,4.91,0,加权Top20+新高+抗住且相对强,半导体、芯片
881121.TI,半导体,电子,2,后续回流,2026-04-10,2026-04-13,2026-04-14,电子/电力设备/通信,002213.SZ,大为股份,兑现掉队,4.18,22.85,19.98,60日新高,3,抗住且相对强,1.4,12.43,9.99,0,加权Top20+新高+抗住且相对强,半导体、存储芯片、芯片
881121.TI,半导体,电子,2,后续回流,2026-04-10,2026-04-13,2026-04-14,电子/电力设备/通信,688008.SH,澜起科技,兑现掉队,3.13,57.81,23.8,,3,抗住且相对强,5.3,6.85,0.7,0,加权Top20+双红>=3+抗住且相对强,半导体、存储芯片、芯片
881121.TI,半导体,电子,3,后续回流,2026-04-14,2026-04-15,2026-04-17,电子/电力设备/通信,688270.SH,ST臻镭,兑现掉队,11.07,37.81,68.07,20日新高,4,抗住且相对强,2.05,3.95,2.7,0,加权Top20+新高+抗住且相对强,6G、共封装光学(CPO)、半导体、芯片
881121.TI,半导体,电子,3,后续回流,2026-04-14,2026-04-15,2026-04-17,电子/电力设备/通信,001309.SZ,德明利,兑现掉队,3.98,101.64,40.13,历史新高,5,抗住且相对强,0.94,2.61,2.49,0,加权Top20+新高+抗住且相对强,AI PC、共封装光学(CPO)、半导体、存储芯片、芯片
881121.TI,半导体,电子,3,后续回流,2026-04-14,2026-04-15,2026-04-17,电子/电力设备/通信,002156.SZ,通富微电,兑现掉队,2.41,33.43,13.93,,6,抗住且相对强,1.34,3.06,2.53,0,加权Top20+双红>=3+抗住且相对强,AI PC、先进封装、共封装光学(CPO)、半导体、存储芯片、芯片
881121.TI,半导体,电子,3,后续回流,2026-04-14,2026-04-15,2026-04-17,电子/电力设备/通信,688110.SH,东芯股份,兑现掉队,2.45,17.13,10.14,,4,补跌但相对强,0.16,1.88,2.57,0,加权Top20+双红>=3+补跌但相对强,AI PC、半导体、存储芯片、芯片
881121.TI,半导体,电子,3,后续回流,2026-04-14,2026-04-15,2026-04-17,电子/电力设备/通信,688521.SH,芯原股份,兑现掉队,2.65,66.05,21.54,,6,抗住且相对强,4.39,-1.8,-5.18,0,加权Top20+双红>=3+抗住且相对强,AI手机、AI眼镜、MCU芯片、先进封装、半导体、芯片
881121.TI,半导体,电子,3,后续回流,2026-04-14,2026-04-15,2026-04-17,电子/电力设备/通信,688362.SH,甬矽电子,兑现掉队,5.21,8.49,15.18,20日新高,4,补跌但相对强,0.56,1.13,1.41,0,加权Top20+新高+补跌但相对强,MCU芯片、先进封装、半导体、芯片
881121.TI,半导体,电子,3,后续回流,2026-04-14,2026-04-15,2026-04-17,电子/电力设备/通信,688047.SH,龙芯中科,兑现掉队,2.83,12.65,10.07,,3,补跌但相对强,0.69,2.02,2.17,0,加权Top20+双红>=3+补跌但相对强,MCU芯片、半导体、芯片
881121.TI,半导体,电子,3,后续回流,2026-04-14,2026-04-15,2026-04-17,电子/电力设备/通信,688256.SH,寒武纪,延续核心,1.83,94.13,17.75,,3,抗住且相对强,3.41,7.41,4.71,0,加权Top20+双红>=3+抗住且相对强,先进封装、半导体、芯片
881121.TI,半导体,电子,3,后续回流,2026-04-14,2026-04-15,2026-04-17,电子/电力设备/通信,688048.SH,长光华芯,兑现掉队,12.93,58.52,98.91,历史新高,4,抗住且相对强,2.04,13.5,12.14,0,加权Top20+新高+抗住且相对强,共封装光学(CPO)、半导体、可控核聚变、芯片
881121.TI,半导体,电子,3,后续回流,2026-04-14,2026-04-15,2026-04-17,电子/电力设备/通信,300604.SZ,长川科技,兑现掉队,3.35,31.05,18.67,20日新高,3,抗住且相对强,1.82,7.78,6.72,0,加权Top20+新高+抗住且相对强,半导体、存储芯片、芯片
881121.TI,半导体,电子,3,后续回流,2026-04-14,2026-04-15,2026-04-17,电子/电力设备/通信,688809.SH,强一股份,兑现掉队,5.38,12.39,18.94,20日新高,3,抗住且相对强,1.71,13.52,12.52,0,加权Top20+新高+抗住且相对强,半导体、存储芯片、芯片
881121.TI,半导体,电子,3,后续回流,2026-04-14,2026-04-15,2026-04-17,电子/电力设备/通信,688347.SH,华虹公司,兑现掉队,2.98,18.9,12.96,,3,抗住且相对强,1.46,1.66,1.03,0,加权Top20+双红>=3+抗住且相对强,半导体、存储芯片、芯片
881121.TI,半导体,电子,4,后续回流,2026-04-17,2026-04-20,2026-04-22,电子/电力设备/通信,300782.SZ,卓胜微,兑现掉队,2.45,32.61,13.99,1年新高,4,抗住且相对强,6.44,8.1,0.1,0,加权Top20+新高+抗住且相对强,6G、先进封装、半导体、芯片
881121.TI,半导体,电子,4,后续回流,2026-04-17,2026-04-20,2026-04-22,电子/电力设备/通信,920526.BJ,凯华材料,兑现掉队,29.95,0.92,28.73,20日新高,3,抗住且相对强,12.75,,,0,加权Top20+新高+抗住且相对强,PCB、半导体、芯片
881121.TI,半导体,电子,4,后续回流,2026-04-17,2026-04-20,2026-04-22,电子/电力设备/通信,688256.SH,寒武纪,兑现掉队,2.07,96.12,20.29,20日新高,3,抗住且相对强,1.75,0.22,-2.99,0,加权Top20+新高+抗住且相对强,先进封装、半导体、芯片
881121.TI,半导体,电子,4,后续回流,2026-04-17,2026-04-20,2026-04-22,电子/电力设备/通信,600206.SH,有研新材,兑现掉队,4.3,13.51,15.81,20日新高,4,抗住且相对强,8.44,15.07,4.61,0,加权Top20+新高+抗住且相对强,先进封装、光纤、半导体、芯片
881121.TI,半导体,电子,4,后续回流,2026-04-17,2026-04-20,2026-04-22,电子/电力设备/通信,688416.SH,恒烁股份,兑现掉队,6.41,6.49,16.33,20日新高,2,抗住且相对强,6.44,12.99,4.61,0,加权Top20+新高+抗住且相对强,半导体、芯片
881121.TI,半导体,电子,4,后续回流,2026-04-17,2026-04-20,2026-04-22,电子/电力设备/通信,301297.SZ,富乐德,兑现掉队,7.61,7.67,21.08,20日新高,2,抗住且相对强,2.64,13.55,8.97,0,加权Top20+新高+抗住且相对强,半导体、芯片
881121.TI,半导体,电子,9,后续回流,2026-05-11,2026-05-12,2026-05-15,电子/电力设备/通信,688270.SH,ST臻镭,兑现掉队,11.04,24.81,54.99,,4,抗住且相对强,1.2,-4.87,-6.13,0,加权Top20+双红>=3+抗住且相对强,6G、共封装光学(CPO)、半导体、芯片
881121.TI,半导体,电子,9,后续回流,2026-05-11,2026-05-12,2026-05-15,电子/电力设备/通信,300782.SZ,卓胜微,兑现掉队,3.46,30.76,19.19,,4,抗住且相对强,2.2,24.43,21.59,0,加权Top20+双红>=3+抗住且相对强,6G、先进封装、半导体、芯片
881121.TI,半导体,电子,9,后续回流,2026-05-11,2026-05-12,2026-05-15,电子/电力设备/通信,301308.SZ,江波龙,兑现掉队,15.97,145.99,192.96,历史新高,7,抗住且相对强,0.75,6.08,5.14,0,加权Top20+新高+抗住且相对强,AI PC、AI手机、AI眼镜、先进封装、半导体、存储芯片、芯片
881121.TI,半导体,电子,9,后续回流,2026-05-11,2026-05-12,2026-05-15,电子/电力设备/通信,688601.SH,力芯微,兑现掉队,12.14,10.75,39.8,20日新高,4,抗住且相对强,8.5,18.1,8.71,0,加权Top20+新高+抗住且相对强,AI手机、AI眼镜、半导体、芯片
881121.TI,半导体,电子,9,后续回流,2026-05-11,2026-05-12,2026-05-15,电子/电力设备/通信,688521.SH,芯原股份,兑现掉队,2.06,90.55,19.6,,6,抗住且相对强,1.58,-5.53,-7.13,0,加权Top20+双红>=3+抗住且相对强,AI手机、AI眼镜、MCU芯片、先进封装、半导体、芯片
881121.TI,半导体,电子,9,后续回流,2026-05-11,2026-05-12,2026-05-15,电子/电力设备/通信,688123.SH,聚辰股份,兑现掉队,15.98,35.69,95.47,20日新高,5,抗住且相对强,4.59,7.57,2.71,0,加权Top20+新高+抗住且相对强,AI眼镜、共封装光学(CPO)、半导体、存储芯片、芯片
881121.TI,半导体,电子,9,后续回流,2026-05-11,2026-05-12,2026-05-15,电子/电力设备/通信,688234.SH,天岳先进,兑现掉队,15.27,26.52,78.64,3年新高,3,抗住且相对强,3.66,26.79,22.14,0,加权Top20+新高+抗住且相对强,AI眼镜、半导体、芯片
881121.TI,半导体,电子,9,后续回流,2026-05-11,2026-05-12,2026-05-15,电子/电力设备/通信,300223.SZ,北京君正,兑现掉队,9.11,69.79,76.11,60日新高,5,抗住且相对强,0.37,-6.63,-7.1,0,加权Top20+新高+抗住且相对强,AI眼镜、MCU芯片、半导体、存储芯片、芯片
881121.TI,半导体,电子,9,后续回流,2026-05-11,2026-05-12,2026-05-15,电子/电力设备/通信,688783.SH,西安奕材-U,兑现掉队,11.06,17.76,46.61,120日新高,4,抗住且相对强,0.71,-0.23,-1.08,0,加权Top20+新高+抗住且相对强,MCU芯片、半导体、存储芯片、芯片
881121.TI,半导体,电子,9,后续回流,2026-05-11,2026-05-12,2026-05-15,电子/电力设备/通信,688766.SH,普冉股份,兑现掉队,20.0,38.88,124.71,历史新高,4,抗住且相对强,4.55,6.17,1.42,0,加权Top20+新高+抗住且相对强,MCU芯片、半导体、存储芯片、芯片
881121.TI,半导体,电子,9,后续回流,2026-05-11,2026-05-12,2026-05-15,电子/电力设备/通信,688536.SH,思瑞浦,兑现掉队,12.17,27.71,64.06,2年新高,5,抗住且相对强,3.97,4.07,-0.03,0,加权Top20+新高+抗住且相对强,MCU芯片、储能、共封装光学(CPO)、半导体、芯片
881121.TI,半导体,电子,9,后续回流,2026-05-11,2026-05-12,2026-05-15,电子/电力设备/通信,600198.SH,大唐电信,兑现掉队,9.95,6.33,25.03,20日新高,4,抗住且相对强,1.23,-4.22,-7.82,0,加权Top20+新高+抗住且相对强,MCU芯片、半导体、芯片、通信设备
881121.TI,半导体,电子,9,后续回流,2026-05-11,2026-05-12,2026-05-15,电子/电力设备/通信,688372.SH,伟测科技,兑现掉队,3.85,20.63,17.49,,5,抗住且相对强,1.0,-1.36,-2.47,0,加权Top20+双红>=3+抗住且相对强,MCU芯片、先进封装、半导体、存储芯片、芯片
881121.TI,半导体,电子,9,后续回流,2026-05-11,2026-05-12,2026-05-15,电子/电力设备/通信,688141.SH,杰华特,兑现掉队,11.54,27.1,60.07,历史新高,3,抗住且相对强,5.15,-7.87,-12.5,0,加权Top20+新高+抗住且相对强,储能、半导体、芯片
881121.TI,半导体,电子,9,后续回流,2026-05-11,2026-05-12,2026-05-15,电子/电力设备/通信,688256.SH,寒武纪,兑现掉队,1.48,275.09,24.55,,3,抗住且相对强,6.35,0.75,-5.39,0,加权Top20+双红>=3+抗住且相对强,先进封装、半导体、芯片
881121.TI,半导体,电子,9,后续回流,2026-05-11,2026-05-12,2026-05-15,电子/电力设备/通信,688535.SH,华海诚科,延续核心,5.77,11.08,19.21,历史新高,5,抗住且相对强,0.82,25.84,24.65,0,加权Top20+新高+抗住且相对强,先进封装、光伏、半导体、存储芯片、芯片
881121.TI,半导体,电子,9,后续回流,2026-05-11,2026-05-12,2026-05-15,电子/电力设备/通信,688072.SH,拓荆科技,兑现掉队,8.88,41.71,57.35,历史新高,5,抗住且相对强,0.42,5.11,4.52,0,加权Top20+新高+抗住且相对强,先进封装、半导体、半导体设备、存储芯片、芯片
881121.TI,半导体,电子,9,后续回流,2026-05-11,2026-05-12,2026-05-15,电子/电力设备/通信,605111.SH,新洁能,兑现掉队,5.75,18.52,24.75,20日新高,4,抗住且相对强,2.13,1.93,-0.33,0,加权Top20+新高+抗住且相对强,先进封装、光伏、半导体、芯片
881121.TI,半导体,电子,9,后续回流,2026-05-11,2026-05-12,2026-05-15,电子/电力设备/通信,688037.SH,芯源微,延续核心,3.73,30.28,20.53,,6,抗住且相对强,15.62,17.02,1.1,0,加权Top20+双红>=3+抗住且相对强,先进封装、光刻胶、半导体、半导体设备、存储芯片、芯片
881121.TI,半导体,电子,9,后续回流,2026-05-11,2026-05-12,2026-05-15,电子/电力设备/通信,688120.SH,华海清科,延续核心,5.59,16.73,22.86,历史新高,5,抗住且相对强,13.51,29.3,13.77,0,加权Top20+新高+抗住且相对强,先进封装、半导体、半导体设备、存储芯片、芯片
881121.TI,半导体,电子,9,后续回流,2026-05-11,2026-05-12,2026-05-15,电子/电力设备/通信,688012.SH,中微公司,兑现掉队,3.69,87.68,34.55,,5,抗住且相对强,1.11,12.84,11.44,0,加权Top20+双红>=3+抗住且相对强,先进封装、半导体、半导体设备、存储芯片、芯片
881121.TI,半导体,电子,9,后续回流,2026-05-11,2026-05-12,2026-05-15,电子/电力设备/通信,002371.SZ,北方华创,兑现掉队,5.99,82.26,54.33,历史新高,5,抗住且相对强,1.3,3.28,1.81,0,加权Top20+新高+抗住且相对强,光伏、半导体、半导体设备、存储芯片、芯片
881121.TI,半导体,电子,9,后续回流,2026-05-11,2026-05-12,2026-05-15,电子/电力设备/通信,688498.SH,源杰科技,兑现掉队,3.11,53.9,22.83,历史新高,4,抗住且相对强,6.45,-4.0,-9.94,0,加权Top20+新高+抗住且相对强,光纤、共封装光学(CPO)、半导体、芯片
881121.TI,半导体,电子,9,后续回流,2026-05-11,2026-05-12,2026-05-15,电子/电力设备/通信,300661.SZ,圣邦股份,兑现掉队,11.31,52.72,82.12,3年新高,4,抗住且相对强,4.92,9.65,4.37,0,加权Top20+新高+抗住且相对强,共封装光学(CPO)、半导体、存储芯片、芯片
881121.TI,半导体,电子,9,后续回流,2026-05-11,2026-05-12,2026-05-15,电子/电力设备/通信,920186.BJ,中科仪,兑现掉队,25.05,22.9,119.87,历史新高,4,抗住且相对强,1.96,,,0,加权Top20+新高+抗住且相对强,半导体、半导体设备、存储芯片、芯片
881121.TI,半导体,电子,9,后续回流,2026-05-11,2026-05-12,2026-05-15,电子/电力设备/通信,688693.SH,锴威特,兑现掉队,14.95,10.14,47.61,历史新高,2,抗住且相对强,11.17,10.13,-1.06,0,加权Top20+新高+抗住且相对强,半导体、芯片
881121.TI,半导体,电子,9,后续回流,2026-05-11,2026-05-12,2026-05-15,电子/电力设备/通信,301629.SZ,矽电股份,兑现掉队,12.17,15.9,48.53,历史新高,4,抗住且相对强,4.48,3.42,-1.15,0,加权Top20+新高+抗住且相对强,半导体、半导体设备、存储芯片、芯片
881121.TI,半导体,电子,9,后续回流,2026-05-11,2026-05-12,2026-05-15,电子/电力设备/通信,688126.SH,沪硅产业,兑现掉队,5.22,38.68,32.46,120日新高,3,抗住且相对强,4.28,-0.5,-4.71,0,加权Top20+新高+抗住且相对强,半导体、存储芯片、芯片
881121.TI,半导体,电子,9,后续回流,2026-05-11,2026-05-12,2026-05-15,电子/电力设备/通信,688785.SH,恒运昌,兑现掉队,9.14,6.48,23.27,20日新高,3,抗住且相对强,9.73,18.95,8.26,0,加权Top20+新高+抗住且相对强,半导体、半导体设备、芯片
881121.TI,半导体,电子,9,后续回流,2026-05-11,2026-05-12,2026-05-15,电子/电力设备/通信,688652.SH,京仪装备,兑现掉队,10.28,15.79,40.85,历史新高,4,抗住且相对强,2.26,14.57,11.88,0,加权Top20+新高+抗住且相对强,半导体、半导体设备、存储芯片、芯片
881121.TI,半导体,电子,9,后续回流,2026-05-11,2026-05-12,2026-05-15,电子/电力设备/通信,603061.SH,金海通,兑现掉队,10.0,12.7,35.64,历史新高,3,抗住且相对强,9.86,8.7,-1.18,0,加权Top20+新高+抗住且相对强,半导体、半导体设备、芯片
881121.TI,半导体,电子,9,后续回流,2026-05-11,2026-05-12,2026-05-15,电子/电力设备/通信,688508.SH,芯朋微,兑现掉队,6.18,12.35,21.72,,3,抗住且相对强,7.69,3.94,-3.61,0,加权Top20+双红>=3+抗住且相对强,半导体、芯片、高压快充
881121.TI,半导体,电子,9,后续回流,2026-05-11,2026-05-12,2026-05-15,电子/电力设备/通信,688200.SH,华峰测控,兑现掉队,8.42,12.05,29.23,,3,抗住且相对强,1.51,12.09,10.28,0,加权Top20+双红>=3+抗住且相对强,半导体、半导体设备、芯片
881121.TI,半导体,电子,10,后续回流,2026-05-15,2026-05-18,2026-05-20,电子/电力设备/机械设备,603986.SH,兆易创新,延续核心,5.38,227.92,81.22,历史新高,3,抗住且相对强,5.01,18.56,11.25,0,加权Top20+新高+抗住且相对强,人形机器人、半导体、存储芯片
881121.TI,半导体,电子,10,后续回流,2026-05-15,2026-05-18,2026-05-20,电子/电力设备/机械设备,688820.SH,盛合晶微,兑现掉队,18.76,94.98,182.83,历史新高,2,抗住且相对强,0.76,2.94,0.61,0,加权Top20+新高+抗住且相对强,半导体、存储芯片
881121.TI,半导体,电子,10,后续回流,2026-05-15,2026-05-18,2026-05-20,电子/电力设备/机械设备,688120.SH,华海清科,兑现掉队,6.79,42.42,44.22,历史新高,3,抗住且相对强,0.49,11.4,9.16,0,加权Top20+新高+抗住且相对强,半导体、半导体设备、存储芯片
881121.TI,半导体,电子,10,后续回流,2026-05-15,2026-05-18,2026-05-20,电子/电力设备/机械设备,688409.SH,富创精密,兑现掉队,14.25,19.39,62.75,历史新高,2,抗住且相对强,3.11,15.55,10.39,0,加权Top20+新高+抗住且相对强,半导体、半导体设备
881121.TI,半导体,电子,10,后续回流,2026-05-15,2026-05-18,2026-05-20,电子/电力设备/机械设备,688535.SH,华海诚科,兑现掉队,15.49,24.53,76.72,历史新高,2,抗住且相对强,1.09,5.61,2.88,0,加权Top20+新高+抗住且相对强,半导体、存储芯片
881121.TI,半导体,电子,10,后续回流,2026-05-15,2026-05-18,2026-05-20,电子/电力设备/机械设备,688037.SH,芯源微,兑现掉队,7.26,38.71,45.17,历史新高,3,抗住且相对强,1.89,11.23,7.51,0,加权Top20+新高+抗住且相对强,半导体、半导体设备、存储芯片
881121.TI,半导体,电子,10,后续回流,2026-05-15,2026-05-18,2026-05-20,电子/电力设备/机械设备,300666.SZ,江丰电子,兑现掉队,5.48,38.82,34.14,历史新高,2,抗住且相对强,4.44,12.55,6.17,0,加权Top20+新高+抗住且相对强,半导体、存储芯片
881121.TI,半导体,电子,10,后续回流,2026-05-15,2026-05-18,2026-05-20,电子/电力设备/机械设备,688809.SH,强一股份,兑现掉队,6.49,19.9,28.95,历史新高,3,抗住且相对强,0.59,17.5,15.02,0,加权Top20+新高+抗住且相对强,半导体、半导体设备、存储芯片
881121.TI,半导体,电子,11,后续回流,2026-05-20,2026-05-21,2026-05-25,电子/电力设备/机械设备,603005.SH,晶方科技,延续核心,10.01,24.24,49.28,1年新高,3,补跌但相对强,1.73,16.98,19.32,0,加权Top20+新高+补跌但相对强,光刻机、光刻胶、半导体
881121.TI,半导体,电子,11,后续回流,2026-05-20,2026-05-21,2026-05-25,电子/电力设备/机械设备,603986.SH,兆易创新,延续核心,10.0,265.24,162.86,历史新高,2,补跌但相对强,0.74,15.86,19.38,0,加权Top20+新高+补跌但相对强,半导体、存储芯片
881121.TI,半导体,电子,11,后续回流,2026-05-20,2026-05-21,2026-05-25,电子/电力设备/机械设备,688012.SH,中微公司,兑现掉队,2.26,141.71,26.9,历史新高,3,补跌但相对强,0.73,-1.03,2.0,0,加权Top20+新高+补跌但相对强,半导体、半导体设备、存储芯片
881121.TI,半导体,电子,11,后续回流,2026-05-20,2026-05-21,2026-05-25,电子/电力设备/机械设备,688082.SH,盛美上海,延续核心,7.05,34.39,41.34,60日新高,3,抗住且相对强,4.66,19.14,18.0,0,加权Top20+新高+抗住且相对强,半导体、半导体设备、存储芯片
881121.TI,半导体,电子,11,后续回流,2026-05-20,2026-05-21,2026-05-25,电子/电力设备/机械设备,600584.SH,长电科技,延续核心,8.9,186.83,121.65,历史新高,2,抗住且相对强,4.63,21.07,19.94,0,加权Top20+新高+抗住且相对强,半导体、存储芯片
881121.TI,半导体,电子,11,后续回流,2026-05-20,2026-05-21,2026-05-25,电子/电力设备/机械设备,603375.SH,盛景微,兑现掉队,10.0,3.37,18.36,2年新高,2,补跌但相对强,0.39,3.43,6.97,0,加权Top20+新高+补跌但相对强,半导体、存储芯片
881121.TI,半导体,电子,11,后续回流,2026-05-20,2026-05-21,2026-05-25,电子/电力设备/机械设备,002371.SZ,北方华创,兑现掉队,5.86,105.21,60.11,历史新高,3,抗住且相对强,4.76,6.43,5.31,0,加权Top20+新高+抗住且相对强,半导体、半导体设备、存储芯片
881121.TI,半导体,电子,11,后续回流,2026-05-20,2026-05-21,2026-05-25,电子/电力设备/机械设备,603690.SH,至纯科技,兑现掉队,6.92,16.61,28.2,60日新高,3,补跌但相对强,0.89,-0.48,2.39,0,加权Top20+新高+补跌但相对强,半导体、半导体设备、存储芯片
881121.TI,半导体,电子,11,后续回流,2026-05-20,2026-05-21,2026-05-25,电子/电力设备/机械设备,688362.SH,甬矽电子,延续核心,6.59,20.36,29.74,历史新高,1,补跌但相对强,0.13,23.24,27.79,0,加权Top20+新高+补跌但相对强,半导体
881121.TI,半导体,电子,11,后续回流,2026-05-20,2026-05-21,2026-05-25,电子/电力设备/机械设备,300672.SZ,国科微,延续核心,10.23,32.58,58.39,历史新高,2,补跌但相对强,1.85,25.84,28.19,0,加权Top20+新高+补跌但相对强,半导体、存储芯片
881121.TI,半导体,电子,11,后续回流,2026-05-20,2026-05-21,2026-05-25,电子/电力设备/机械设备,605111.SH,新洁能,延续核心,5.97,17.63,25.07,3年新高,1,补跌但相对强,1.79,16.84,19.1,0,加权Top20+新高+补跌但相对强,半导体
881121.TI,半导体,电子,11,后续回流,2026-05-20,2026-05-21,2026-05-25,电子/电力设备/机械设备,300604.SZ,长川科技,兑现掉队,7.82,90.49,74.39,历史新高,3,补跌但相对强,0.88,2.67,5.64,0,加权Top20+新高+补跌但相对强,半导体、半导体设备、存储芯片
881121.TI,半导体,电子,11,后续回流,2026-05-20,2026-05-21,2026-05-25,电子/电力设备/机械设备,002077.SZ,大港股份,兑现掉队,5.1,14.01,19.09,60日新高,2,补跌但相对强,0.69,3.44,6.63,0,加权Top20+新高+补跌但相对强,半导体、存储芯片
881121.TI,半导体,电子,11,后续回流,2026-05-20,2026-05-21,2026-05-25,电子/电力设备/机械设备,002156.SZ,通富微电,延续核心,5.81,122.88,64.4,历史新高,2,补跌但相对强,2.86,12.04,12.99,0,加权Top20+新高+补跌但相对强,半导体、存储芯片
881121.TI,半导体,电子,12,后续回流,2026-05-25,2026-05-26,2026-06-03,电子/电力设备/机械设备,300223.SZ,北京君正,兑现掉队,2.54,41.58,16.38,,5,抗住且相对强,6.19,1.72,-3.5,0,加权Top20+双红>=3+抗住且相对强,3D打印、MCU芯片、半导体、存储芯片、芯片
881121.TI,半导体,电子,12,后续回流,2026-05-25,2026-05-26,2026-06-03,电子/电力设备/机械设备,688362.SH,甬矽电子,兑现掉队,20.0,33.41,115.6,历史新高,4,抗住且相对强,12.65,-9.74,-19.32,0,加权Top20+新高+抗住且相对强,MCU芯片、先进封装、半导体、芯片
881121.TI,半导体,电子,12,后续回流,2026-05-25,2026-05-26,2026-06-03,电子/电力设备/机械设备,603986.SH,兆易创新,延续核心,10.0,293.88,171.43,历史新高,4,抗住且相对强,2.84,-4.53,-6.46,0,加权Top20+新高+抗住且相对强,MCU芯片、半导体、存储芯片、芯片
881121.TI,半导体,电子,12,后续回流,2026-05-25,2026-05-26,2026-06-03,电子/电力设备/机械设备,688172.SH,燕东微,兑现掉队,11.47,17.24,47.62,历史新高,3,抗住且相对强,5.78,9.04,3.84,0,加权Top20+新高+抗住且相对强,MCU芯片、半导体、芯片
881121.TI,半导体,电子,12,后续回流,2026-05-25,2026-05-26,2026-06-03,电子/电力设备/机械设备,688352.SH,颀中科技,兑现掉队,15.67,9.43,48.12,3年新高,4,抗住且相对强,10.23,32.33,20.91,0,加权Top20+新高+抗住且相对强,MCU芯片、先进封装、半导体、芯片
881121.TI,半导体,电子,12,后续回流,2026-05-25,2026-05-26,2026-06-03,电子/电力设备/机械设备,688469.SH,芯联集成-U,兑现掉队,8.27,25.27,41.57,,4,抗住且相对强,1.39,-5.82,-6.39,0,加权Top20+双红>=3+抗住且相对强,MCU芯片、半导体、特高压、芯片
881121.TI,半导体,电子,12,后续回流,2026-05-25,2026-05-26,2026-06-03,电子/电力设备/机械设备,688720.SH,艾森股份,兑现掉队,12.76,10.91,42.15,,6,抗住且相对强,5.51,-14.47,-18.33,0,加权Top20+双红>=3+抗住且相对强,PCB、先进封装、光刻胶、半导体、存储芯片、芯片
881121.TI,半导体,电子,12,后续回流,2026-05-25,2026-05-26,2026-06-03,电子/电力设备/机械设备,600584.SH,长电科技,兑现掉队,10.0,210.49,145.08,历史新高,5,抗住且相对强,10.78,-0.05,-9.14,0,加权Top20+新高+抗住且相对强,先进封装、共封装光学(CPO)、半导体、存储芯片、芯片
881121.TI,半导体,电子,12,后续回流,2026-05-25,2026-05-26,2026-06-03,电子/电力设备/机械设备,688072.SH,拓荆科技,兑现掉队,16.86,97.23,166.25,历史新高,5,抗住且相对强,4.8,-14.63,-17.93,0,加权Top20+新高+抗住且相对强,先进封装、半导体、半导体设备、存储芯片、芯片
881121.TI,半导体,电子,12,后续回流,2026-05-25,2026-05-26,2026-06-03,电子/电力设备/机械设备,688082.SH,盛美上海,延续核心,17.75,45.93,120.29,历史新高,5,抗住且相对强,3.16,0.77,-1.57,0,加权Top20+新高+抗住且相对强,先进封装、半导体、半导体设备、存储芯片、芯片
881121.TI,半导体,电子,12,后续回流,2026-05-25,2026-05-26,2026-06-03,电子/电力设备/机械设备,603005.SH,晶方科技,延续核心,9.99,45.1,67.09,3年新高,4,抗住且相对强,5.54,-5.85,-10.13,0,加权Top20+新高+抗住且相对强,先进封装、光刻胶、半导体、芯片
881121.TI,半导体,电子,12,后续回流,2026-05-25,2026-05-26,2026-06-03,电子/电力设备/机械设备,605111.SH,新洁能,兑现掉队,10.01,5.66,23.81,3年新高,3,抗住且相对强,2.57,2.28,0.48,0,加权Top20+新高+抗住且相对强,先进封装、半导体、芯片
881121.TI,半导体,电子,12,后续回流,2026-05-25,2026-05-26,2026-06-03,电子/电力设备/机械设备,002156.SZ,通富微电,兑现掉队,9.99,153.43,123.74,历史新高,5,抗住且相对强,8.82,0.63,-6.86,0,加权Top20+新高+抗住且相对强,先进封装、共封装光学(CPO)、半导体、存储芯片、芯片
881121.TI,半导体,电子,12,后续回流,2026-05-25,2026-05-26,2026-06-03,电子/电力设备/机械设备,688256.SH,寒武纪,兑现掉队,9.37,240.28,145.24,,3,抗住且相对强,1.1,-2.02,-2.33,0,加权Top20+双红>=3+抗住且相对强,先进封装、半导体、芯片
881121.TI,半导体,电子,12,后续回流,2026-05-25,2026-05-26,2026-06-03,电子/电力设备/机械设备,002185.SZ,华天科技,兑现掉队,9.98,48.35,69.4,3年新高,5,抗住且相对强,10.8,12.91,2.62,0,加权Top20+新高+抗住且相对强,先进封装、共封装光学(CPO)、半导体、存储芯片、芯片
881121.TI,半导体,电子,12,后续回流,2026-05-25,2026-05-26,2026-06-03,电子/电力设备/机械设备,688820.SH,盛合晶微,延续核心,13.82,95.84,135.29,历史新高,4,抗住且相对强,7.82,-12.66,-18.41,0,加权Top20+新高+抗住且相对强,先进封装、半导体、存储芯片、芯片
881121.TI,半导体,电子,12,后续回流,2026-05-25,2026-05-26,2026-06-03,电子/电力设备/机械设备,002119.SZ,康强电子,兑现掉队,6.93,14.71,26.58,60日新高,4,抗住且相对强,1.38,-4.17,-4.74,0,加权Top20+新高+抗住且相对强,先进封装、半导体、存储芯片、芯片
881121.TI,半导体,电子,12,后续回流,2026-05-25,2026-05-26,2026-06-03,电子/电力设备/机械设备,688120.SH,华海清科,兑现掉队,6.78,39.97,42.86,,5,补跌但相对强,0.72,-15.98,-15.93,0,加权Top20+双红>=3+补跌但相对强,先进封装、半导体、半导体设备、存储芯片、芯片
881121.TI,半导体,电子,12,后续回流,2026-05-25,2026-05-26,2026-06-03,电子/电力设备/机械设备,688347.SH,华虹公司,延续核心,20.0,99.77,199.77,历史新高,3,抗住且相对强,4.33,8.58,4.86,0,加权Top20+新高+抗住且相对强,半导体、存储芯片、芯片
881121.TI,半导体,电子,12,后续回流,2026-05-25,2026-05-26,2026-06-03,电子/电力设备/机械设备,300672.SZ,国科微,兑现掉队,12.29,61.47,96.36,历史新高,3,补跌但相对强,0.4,-8.8,-8.44,0,加权Top20+新高+补跌但相对强,半导体、存储芯片、芯片
881121.TI,半导体,电子,12,后续回流,2026-05-25,2026-05-26,2026-06-03,电子/电力设备/机械设备,301369.SZ,联动科技,兑现掉队,6.51,6.34,16.39,,3,抗住且相对强,4.57,-9.17,-12.49,0,加权Top20+双红>=3+抗住且相对强,半导体、半导体设备、芯片
881121.TI,半导体,电子,12,后续回流,2026-05-25,2026-05-26,2026-06-03,电子/电力设备/机械设备,300373.SZ,扬杰科技,兑现掉队,10.26,40.87,65.59,历史新高,4,抗住且相对强,3.57,11.11,8.09,0,加权Top20+新高+抗住且相对强,半导体、芯片、英伟达、高压快充
884229.TI,半导体设备,电子,1,周期首发,2026-05-11,2026-05-12,2026-05-15,电子/电力设备/通信,688072.SH,拓荆科技,兑现掉队,8.88,41.71,57.35,历史新高,5,抗住且相对强,0.42,5.11,4.52,0,加权Top20+新高+抗住且相对强,先进封装、半导体、半导体设备、存储芯片、芯片
884229.TI,半导体设备,电子,1,周期首发,2026-05-11,2026-05-12,2026-05-15,电子/电力设备/通信,688037.SH,芯源微,延续核心,3.73,30.28,20.53,,6,抗住且相对强,15.62,17.02,1.1,0,加权Top20+双红>=3+抗住且相对强,先进封装、光刻胶、半导体、半导体设备、存储芯片、芯片
884229.TI,半导体设备,电子,1,周期首发,2026-05-11,2026-05-12,2026-05-15,电子/电力设备/通信,688120.SH,华海清科,延续核心,5.59,16.73,22.86,历史新高,5,抗住且相对强,13.51,29.3,13.77,0,加权Top20+新高+抗住且相对强,先进封装、半导体、半导体设备、存储芯片、芯片
884229.TI,半导体设备,电子,1,周期首发,2026-05-11,2026-05-12,2026-05-15,电子/电力设备/通信,688012.SH,中微公司,兑现掉队,3.69,87.68,34.55,,5,抗住且相对强,1.11,12.84,11.44,0,加权Top20+双红>=3+抗住且相对强,先进封装、半导体、半导体设备、存储芯片、芯片
884229.TI,半导体设备,电子,1,周期首发,2026-05-11,2026-05-12,2026-05-15,电子/电力设备/通信,002371.SZ,北方华创,兑现掉队,5.99,82.26,54.33,历史新高,5,抗住且相对强,1.3,3.28,1.81,0,加权Top20+新高+抗住且相对强,光伏、半导体、半导体设备、存储芯片、芯片
884229.TI,半导体设备,电子,1,周期首发,2026-05-11,2026-05-12,2026-05-15,电子/电力设备/通信,920186.BJ,中科仪,兑现掉队,25.05,22.9,119.87,历史新高,4,抗住且相对强,1.96,,,0,加权Top20+新高+抗住且相对强,半导体、半导体设备、存储芯片、芯片
884229.TI,半导体设备,电子,1,周期首发,2026-05-11,2026-05-12,2026-05-15,电子/电力设备/通信,301629.SZ,矽电股份,兑现掉队,12.17,15.9,48.53,历史新高,4,抗住且相对强,4.48,3.42,-1.15,0,加权Top20+新高+抗住且相对强,半导体、半导体设备、存储芯片、芯片
884229.TI,半导体设备,电子,1,周期首发,2026-05-11,2026-05-12,2026-05-15,电子/电力设备/通信,688785.SH,恒运昌,兑现掉队,9.14,6.48,23.27,20日新高,3,抗住且相对强,9.73,18.95,8.26,0,加权Top20+新高+抗住且相对强,半导体、半导体设备、芯片
884229.TI,半导体设备,电子,1,周期首发,2026-05-11,2026-05-12,2026-05-15,电子/电力设备/通信,688652.SH,京仪装备,兑现掉队,10.28,15.79,40.85,历史新高,4,抗住且相对强,2.26,14.57,11.88,0,加权Top20+新高+抗住且相对强,半导体、半导体设备、存储芯片、芯片
884229.TI,半导体设备,电子,1,周期首发,2026-05-11,2026-05-12,2026-05-15,电子/电力设备/通信,603061.SH,金海通,兑现掉队,10.0,12.7,35.64,历史新高,3,抗住且相对强,9.86,8.7,-1.18,0,加权Top20+新高+抗住且相对强,半导体、半导体设备、芯片
884229.TI,半导体设备,电子,1,周期首发,2026-05-11,2026-05-12,2026-05-15,电子/电力设备/通信,688200.SH,华峰测控,兑现掉队,8.42,12.05,29.23,,3,抗住且相对强,1.51,12.09,10.28,0,加权Top20+双红>=3+抗住且相对强,半导体、半导体设备、芯片
884229.TI,半导体设备,电子,2,后续回流,2026-05-15,2026-05-18,2026-05-20,电子/电力设备/机械设备,688120.SH,华海清科,兑现掉队,6.79,42.42,44.22,历史新高,3,抗住且相对强,0.49,11.4,9.16,0,加权Top20+新高+抗住且相对强,半导体、半导体设备、存储芯片
884229.TI,半导体设备,电子,2,后续回流,2026-05-15,2026-05-18,2026-05-20,电子/电力设备/机械设备,688409.SH,富创精密,兑现掉队,14.25,19.39,62.75,历史新高,2,抗住且相对强,3.11,15.55,10.39,0,加权Top20+新高+抗住且相对强,半导体、半导体设备
884229.TI,半导体设备,电子,2,后续回流,2026-05-15,2026-05-18,2026-05-20,电子/电力设备/机械设备,688037.SH,芯源微,兑现掉队,7.26,38.71,45.17,历史新高,3,抗住且相对强,1.89,11.23,7.51,0,加权Top20+新高+抗住且相对强,半导体、半导体设备、存储芯片
884229.TI,半导体设备,电子,2,后续回流,2026-05-15,2026-05-18,2026-05-20,电子/电力设备/机械设备,688809.SH,强一股份,兑现掉队,6.49,19.9,28.95,历史新高,3,抗住且相对强,0.59,17.5,15.02,0,加权Top20+新高+抗住且相对强,半导体、半导体设备、存储芯片
884229.TI,半导体设备,电子,3,后续回流,2026-05-20,2026-05-21,2026-05-25,电子/电力设备/机械设备,688012.SH,中微公司,兑现掉队,2.26,141.71,26.9,历史新高,3,补跌但相对强,0.73,-1.03,2.0,0,加权Top20+新高+补跌但相对强,半导体、半导体设备、存储芯片
884229.TI,半导体设备,电子,3,后续回流,2026-05-20,2026-05-21,2026-05-25,电子/电力设备/机械设备,688082.SH,盛美上海,延续核心,7.05,34.39,41.34,60日新高,3,抗住且相对强,4.66,19.14,18.0,0,加权Top20+新高+抗住且相对强,半导体、半导体设备、存储芯片
884229.TI,半导体设备,电子,3,后续回流,2026-05-20,2026-05-21,2026-05-25,电子/电力设备/机械设备,002371.SZ,北方华创,兑现掉队,5.86,105.21,60.11,历史新高,3,抗住且相对强,4.76,6.43,5.31,0,加权Top20+新高+抗住且相对强,半导体、半导体设备、存储芯片
884229.TI,半导体设备,电子,3,后续回流,2026-05-20,2026-05-21,2026-05-25,电子/电力设备/机械设备,603690.SH,至纯科技,兑现掉队,6.92,16.61,28.2,60日新高,3,补跌但相对强,0.89,-0.48,2.39,0,加权Top20+新高+补跌但相对强,半导体、半导体设备、存储芯片
884229.TI,半导体设备,电子,3,后续回流,2026-05-20,2026-05-21,2026-05-25,电子/电力设备/机械设备,300604.SZ,长川科技,兑现掉队,7.82,90.49,74.39,历史新高,3,补跌但相对强,0.88,2.67,5.64,0,加权Top20+新高+补跌但相对强,半导体、半导体设备、存储芯片
884229.TI,半导体设备,电子,4,后续回流,2026-05-25,2026-05-26,2026-06-03,电子/电力设备/机械设备,688072.SH,拓荆科技,兑现掉队,16.86,97.23,166.25,历史新高,5,抗住且相对强,4.8,-14.63,-17.93,0,加权Top20+新高+抗住且相对强,先进封装、半导体、半导体设备、存储芯片、芯片
884229.TI,半导体设备,电子,4,后续回流,2026-05-25,2026-05-26,2026-06-03,电子/电力设备/机械设备,688082.SH,盛美上海,延续核心,17.75,45.93,120.29,历史新高,5,抗住且相对强,3.16,0.77,-1.57,0,加权Top20+新高+抗住且相对强,先进封装、半导体、半导体设备、存储芯片、芯片
884229.TI,半导体设备,电子,4,后续回流,2026-05-25,2026-05-26,2026-06-03,电子/电力设备/机械设备,688120.SH,华海清科,兑现掉队,6.78,39.97,42.86,,5,补跌但相对强,0.72,-15.98,-15.93,0,加权Top20+双红>=3+补跌但相对强,先进封装、半导体、半导体设备、存储芯片、芯片
884229.TI,半导体设备,电子,4,后续回流,2026-05-25,2026-05-26,2026-06-03,电子/电力设备/机械设备,301369.SZ,联动科技,兑现掉队,6.51,6.34,16.39,,3,抗住且相对强,4.57,-9.17,-12.49,0,加权Top20+双红>=3+抗住且相对强,半导体、半导体设备、芯片
886091.TI,华为手机,电子,1,周期首发,2026-04-10,2026-04-13,2026-04-20,电子/电力设备/通信,000049.SZ,德赛电池,兑现掉队,5.58,7.34,15.12,,7,抗住且相对强,0.08,2.9,1.58,0,加权Top20+双红>=3+抗住且相对强,AI眼镜、储能、华为手机、固态电池、电池、钠离子电池、锂电池
886091.TI,华为手机,电子,1,周期首发,2026-04-10,2026-04-13,2026-04-20,电子/电力设备/通信,603459.SH,红板科技,兑现掉队,9.57,27.24,49.95,,5,抗住且相对强,13.24,14.22,0.14,0,加权Top20+双红>=3+抗住且相对强,元件、共封装光学(CPO)、华为手机、存储芯片、芯片
886091.TI,华为手机,电子,4,后续回流,2026-05-11,2026-05-12,2026-05-20,电子/电力设备/通信,002273.SZ,水晶光电,兑现掉队,4.34,47.19,29.81,历史新高,6,抗住且相对强,0.52,5.19,4.5,0,加权Top20+新高+抗住且相对强,AI手机、AI眼镜、储能、光学光电子、共封装光学(CPO)、华为手机
886091.TI,华为手机,电子,4,后续回流,2026-05-11,2026-05-12,2026-05-20,电子/电力设备/通信,002475.SZ,立讯精密,兑现掉队,6.69,205.84,95.98,历史新高,8,抗住且相对强,1.35,-7.88,-9.22,0,加权Top20+新高+抗住且相对强,AI眼镜、MR(混合现实)、共封装光学(CPO)、华为手机、消费电子、液冷服务器、芯片、铜缆高速连接
886091.TI,华为手机,电子,4,后续回流,2026-05-11,2026-05-12,2026-05-20,电子/电力设备/通信,300537.SZ,广信材料,兑现掉队,8.71,7.57,23.96,120日新高,6,抗住且相对强,1.56,15.68,13.74,0,加权Top20+新高+抗住且相对强,BC电池、PCB、光伏、光刻胶、华为手机、芯片
886042.TI,存储芯片,电子,1,周期首发,2026-04-08,2026-04-09,2026-04-10,电子/电力设备/通信,000062.SZ,深圳华强,兑现掉队,4.74,24.48,23.45,120日新高,4,抗住且相对强,1.88,0.95,-1.38,0,加权Top20+新高+抗住且相对强,6G、共封装光学(CPO)、存储芯片、芯片
886042.TI,存储芯片,电子,1,周期首发,2026-04-08,2026-04-09,2026-04-10,电子/电力设备/通信,002436.SZ,兴森科技,延续核心,7.3,17.2,30.28,,7,抗住且相对强,1.03,5.47,3.89,0,加权Top20+双红>=3+抗住且相对强,6G、PCB、元件、先进封装、共封装光学(CPO)、存储芯片、芯片
886042.TI,存储芯片,电子,1,周期首发,2026-04-08,2026-04-09,2026-04-10,电子/电力设备/通信,001309.SZ,德明利,延续核心,4.0,75.28,34.71,,5,抗住且相对强,2.89,13.71,10.0,0,加权Top20+双红>=3+抗住且相对强,AI PC、共封装光学(CPO)、半导体、存储芯片、芯片
886042.TI,存储芯片,电子,1,周期首发,2026-04-08,2026-04-09,2026-04-10,电子/电力设备/通信,300975.SZ,商络电子,兑现掉队,10.9,12.52,38.57,,5,抗住且相对强,2.25,4.99,2.18,0,加权Top20+双红>=3+抗住且相对强,AI眼镜、MCU芯片、存储芯片、液冷服务器、芯片
886042.TI,存储芯片,电子,1,周期首发,2026-04-08,2026-04-09,2026-04-10,电子/电力设备/通信,301099.SZ,雅创电子,兑现掉队,12.51,6.22,31.2,,6,抗住且相对强,3.51,5.62,1.55,0,加权Top20+双红>=3+抗住且相对强,AI眼镜、MCU芯片、储能、光伏、存储芯片、芯片
886042.TI,存储芯片,电子,1,周期首发,2026-04-08,2026-04-09,2026-04-10,电子/电力设备/通信,300131.SZ,英唐智控,兑现掉队,8.77,12.34,30.81,,4,抗住且相对强,4.15,25.57,20.0,0,加权Top20+双红>=3+抗住且相对强,AI眼镜、共封装光学(CPO)、存储芯片、芯片
886042.TI,存储芯片,电子,1,周期首发,2026-04-08,2026-04-09,2026-04-10,电子/电力设备/通信,688766.SH,普冉股份,兑现掉队,6.16,16.45,24.98,,4,抗住且相对强,0.73,6.0,4.72,0,加权Top20+双红>=3+抗住且相对强,MCU芯片、半导体、存储芯片、芯片
886042.TI,存储芯片,电子,1,周期首发,2026-04-08,2026-04-09,2026-04-10,电子/电力设备/通信,300053.SZ,航宇微,兑现掉队,7.36,7.57,20.25,,5,抗住且相对强,0.08,-0.28,-0.85,0,加权Top20+双红>=3+抗住且相对强,MCU芯片、先进封装、半导体、存储芯片、芯片
886042.TI,存储芯片,电子,1,周期首发,2026-04-08,2026-04-09,2026-04-10,电子/电力设备/通信,001287.SZ,中电港,延续核心,10.02,8.32,28.9,,5,抗住且相对强,0.78,4.59,3.28,0,加权Top20+双红>=3+抗住且相对强,MCU芯片、储能、存储芯片、芯片、英伟达
886042.TI,存储芯片,电子,1,周期首发,2026-04-08,2026-04-09,2026-04-10,电子/电力设备/通信,002916.SZ,深南电路,延续核心,10.0,36.14,60.12,,5,抗住且相对强,1.82,10.32,7.83,0,加权Top20+双红>=3+抗住且相对强,PCB、元件、先进封装、存储芯片、芯片
886042.TI,存储芯片,电子,1,周期首发,2026-04-08,2026-04-09,2026-04-10,电子/电力设备/通信,603175.SH,超颖电子,兑现掉队,10.0,4.69,21.66,,4,抗住且相对强,4.83,3.77,-1.47,0,加权Top20+双红>=3+抗住且相对强,PCB、元件、存储芯片、芯片
886042.TI,存储芯片,电子,1,周期首发,2026-04-08,2026-04-09,2026-04-10,电子/电力设备/通信,002213.SZ,大为股份,延续核心,10.01,6.32,25.16,,4,抗住且相对强,9.53,14.62,4.18,0,加权Top20+双红>=3+抗住且相对强,PCB、半导体、存储芯片、芯片
886042.TI,存储芯片,电子,1,周期首发,2026-04-08,2026-04-09,2026-04-10,电子/电力设备/通信,300236.SZ,上海新阳,兑现掉队,9.27,10.07,29.42,,3,抗住且相对强,0.68,2.68,1.49,0,加权Top20+双红>=3+抗住且相对强,先进封装、存储芯片、芯片
886042.TI,存储芯片,电子,1,周期首发,2026-04-08,2026-04-09,2026-04-10,电子/电力设备/通信,688361.SH,中科飞测,兑现掉队,8.46,10.63,27.58,,4,抗住且相对强,3.08,3.52,-0.04,0,加权Top20+双红>=3+抗住且相对强,先进封装、半导体、存储芯片、芯片
886042.TI,存储芯片,电子,1,周期首发,2026-04-08,2026-04-09,2026-04-10,电子/电力设备/通信,002409.SZ,雅克科技,兑现掉队,6.71,9.63,20.82,,5,抗住且相对强,0.41,2.07,1.16,0,加权Top20+双红>=3+抗住且相对强,先进封装、半导体、存储芯片、特高压、芯片
886042.TI,存储芯片,电子,1,周期首发,2026-04-08,2026-04-09,2026-04-10,电子/电力设备/通信,300054.SZ,鼎龙股份,兑现掉队,4.59,25.91,23.36,,3,抗住且相对强,0.63,0.46,-0.65,0,加权Top20+双红>=3+抗住且相对强,先进封装、存储芯片、芯片
886042.TI,存储芯片,电子,1,周期首发,2026-04-08,2026-04-09,2026-04-10,电子/电力设备/通信,688012.SH,中微公司,兑现掉队,8.21,49.87,57.98,,4,抗住且相对强,0.65,1.99,0.84,0,加权Top20+双红>=3+抗住且相对强,先进封装、半导体、存储芯片、芯片
886042.TI,存储芯片,电子,1,周期首发,2026-04-08,2026-04-09,2026-04-10,电子/电力设备/通信,688072.SH,拓荆科技,兑现掉队,8.59,25.12,43.05,,4,抗住且相对强,2.78,4.9,1.58,0,加权Top20+双红>=3+抗住且相对强,先进封装、半导体、存储芯片、芯片
886042.TI,存储芯片,电子,1,周期首发,2026-04-08,2026-04-09,2026-04-10,电子/电力设备/通信,605358.SH,立昂微,兑现掉队,8.35,5.87,20.23,,5,抗住且相对强,0.05,1.28,0.74,0,加权Top20+双红>=3+抗住且相对强,光伏、共封装光学(CPO)、半导体、存储芯片、芯片
886042.TI,存储芯片,电子,1,周期首发,2026-04-08,2026-04-09,2026-04-10,电子/电力设备/通信,002371.SZ,北方华创,兑现掉队,9.41,64.47,75.56,,4,抗住且相对强,1.42,2.78,0.86,0,加权Top20+双红>=3+抗住且相对强,光伏、半导体、存储芯片、芯片
886042.TI,存储芯片,电子,1,周期首发,2026-04-08,2026-04-09,2026-04-10,电子/电力设备/通信,300661.SZ,圣邦股份,兑现掉队,6.56,26.42,33.72,,4,抗住且相对强,3.51,-0.77,-4.59,0,加权Top20+双红>=3+抗住且相对强,共封装光学(CPO)、半导体、存储芯片、芯片
886042.TI,存储芯片,电子,1,周期首发,2026-04-08,2026-04-09,2026-04-10,电子/电力设备/通信,300604.SZ,长川科技,兑现掉队,9.69,32.27,55.05,,3,抗住且相对强,2.34,5.78,2.87,0,加权Top20+双红>=3+抗住且相对强,半导体、存储芯片、芯片
886042.TI,存储芯片,电子,2,后续回流,2026-04-10,2026-04-13,2026-04-14,电子/电力设备/通信,001309.SZ,德明利,延续核心,10.0,101.9,100.95,历史新高,5,抗住且相对强,6.85,11.94,3.98,0,加权Top20+新高+抗住且相对强,AI PC、共封装光学(CPO)、半导体、存储芯片、芯片
886042.TI,存储芯片,电子,2,后续回流,2026-04-10,2026-04-13,2026-04-14,电子/电力设备/通信,301308.SZ,江波龙,兑现掉队,4.85,64.8,39.04,,6,抗住且相对强,3.06,11.78,7.62,0,加权Top20+双红>=3+抗住且相对强,AI PC、AI手机、AI眼镜、半导体、存储芯片、芯片
886042.TI,存储芯片,电子,2,后续回流,2026-04-10,2026-04-13,2026-04-14,电子/电力设备/通信,688525.SH,佰维存储,兑现掉队,6.15,102.12,62.15,,6,抗住且相对强,5.13,19.29,12.61,0,加权Top20+双红>=3+抗住且相对强,AI PC、AI手机、AI眼镜、半导体、存储芯片、芯片
886042.TI,存储芯片,电子,2,后续回流,2026-04-10,2026-04-13,2026-04-14,电子/电力设备/通信,688123.SH,聚辰股份,兑现掉队,2.69,10.44,8.69,,5,抗住且相对强,1.18,12.22,10.03,0,加权Top20+双红>=3+抗住且相对强,AI眼镜、共封装光学(CPO)、半导体、存储芯片、芯片
886042.TI,存储芯片,电子,2,后续回流,2026-04-10,2026-04-13,2026-04-14,电子/电力设备/通信,001287.SZ,中电港,兑现掉队,3.28,13.72,12.15,20日新高,5,抗住且相对强,1.2,1.4,-0.59,0,加权Top20+新高+抗住且相对强,MCU芯片、储能、存储芯片、芯片、英伟达
886042.TI,存储芯片,电子,2,后续回流,2026-04-10,2026-04-13,2026-04-14,电子/电力设备/通信,300671.SZ,富满微,兑现掉队,4.71,8.82,13.99,20日新高,4,抗住且相对强,9.45,11.06,0.73,0,加权Top20+新高+抗住且相对强,MCU芯片、半导体、存储芯片、芯片
886042.TI,存储芯片,电子,2,后续回流,2026-04-10,2026-04-13,2026-04-14,电子/电力设备/通信,300390.SZ,天华新能,兑现掉队,10.16,69.79,84.88,3年新高,5,抗住且相对强,16.2,18.67,1.06,0,加权Top20+新高+抗住且相对强,储能、固态电池、存储芯片、电池、芯片
886042.TI,存储芯片,电子,2,后续回流,2026-04-10,2026-04-13,2026-04-14,电子/电力设备/通信,603459.SH,红板科技,兑现掉队,9.57,27.24,49.95,,5,抗住且相对强,13.24,12.89,-1.02,0,加权Top20+双红>=3+抗住且相对强,元件、共封装光学(CPO)、华为手机、存储芯片、芯片
886042.TI,存储芯片,电子,2,后续回流,2026-04-10,2026-04-13,2026-04-14,电子/电力设备/通信,002916.SZ,深南电路,兑现掉队,7.83,59.55,60.42,,3,抗住且相对强,1.73,9.06,6.36,0,加权Top20+双红>=3+抗住且相对强,元件、存储芯片、芯片
886042.TI,存储芯片,电子,2,后续回流,2026-04-10,2026-04-13,2026-04-14,电子/电力设备/通信,600183.SH,生益科技,延续核心,3.4,36.81,20.63,,4,抗住且相对强,2.88,9.17,5.28,0,加权Top20+双红>=3+抗住且相对强,元件、共封装光学(CPO)、存储芯片、芯片
886042.TI,存储芯片,电子,2,后续回流,2026-04-10,2026-04-13,2026-04-14,电子/电力设备/通信,002436.SZ,兴森科技,兑现掉队,3.89,24.6,19.29,,4,抗住且相对强,9.17,10.81,0.75,0,加权Top20+双红>=3+抗住且相对强,元件、共封装光学(CPO)、存储芯片、芯片
886042.TI,存储芯片,电子,2,后续回流,2026-04-10,2026-04-13,2026-04-14,电子/电力设备/通信,688519.SH,南亚新材,延续核心,2.08,11.63,7.09,,3,抗住且相对强,3.29,16.54,11.95,0,加权Top20+双红>=3+抗住且相对强,元件、共封装光学(CPO)、存储芯片
886042.TI,存储芯片,电子,2,后续回流,2026-04-10,2026-04-13,2026-04-14,电子/电力设备/通信,688478.SH,晶升股份,兑现掉队,20.0,3.73,38.63,20日新高,4,抗住且相对强,3.62,2.65,-1.71,0,加权Top20+新高+抗住且相对强,光伏、半导体、存储芯片、芯片
886042.TI,存储芯片,电子,2,后续回流,2026-04-10,2026-04-13,2026-04-14,电子/电力设备/通信,603773.SH,沃格光电,兑现掉队,9.99,13.03,36.06,,3,抗住且相对强,1.18,4.36,2.32,0,加权Top20+双红>=3+抗住且相对强,共封装光学(CPO)、存储芯片、芯片
886042.TI,存储芯片,电子,2,后续回流,2026-04-10,2026-04-13,2026-04-14,电子/电力设备/通信,301419.SZ,阿莱德,兑现掉队,5.83,5.3,13.42,2年新高,3,抗住且相对强,3.78,7.78,4.1,0,加权Top20+新高+抗住且相对强,共封装光学(CPO)、存储芯片、液冷服务器
886042.TI,存储芯片,电子,2,后续回流,2026-04-10,2026-04-13,2026-04-14,电子/电力设备/通信,002213.SZ,大为股份,兑现掉队,4.18,22.85,19.98,60日新高,3,抗住且相对强,1.4,12.43,9.99,0,加权Top20+新高+抗住且相对强,半导体、存储芯片、芯片
886042.TI,存储芯片,电子,2,后续回流,2026-04-10,2026-04-13,2026-04-14,电子/电力设备/通信,688008.SH,澜起科技,兑现掉队,3.13,57.81,23.8,,3,抗住且相对强,5.3,6.85,0.7,0,加权Top20+双红>=3+抗住且相对强,半导体、存储芯片、芯片
886042.TI,存储芯片,电子,3,后续回流,2026-04-14,2026-04-15,2026-04-22,电子/电力设备/通信,001309.SZ,德明利,兑现掉队,3.98,101.64,40.13,历史新高,5,抗住且相对强,0.94,4.87,4.75,0,加权Top20+新高+抗住且相对强,AI PC、共封装光学(CPO)、半导体、存储芯片、芯片
886042.TI,存储芯片,电子,3,后续回流,2026-04-14,2026-04-15,2026-04-22,电子/电力设备/通信,002156.SZ,通富微电,兑现掉队,2.41,33.43,13.93,,6,抗住且相对强,1.34,4.58,4.04,0,加权Top20+双红>=3+抗住且相对强,AI PC、先进封装、共封装光学(CPO)、半导体、存储芯片、芯片
886042.TI,存储芯片,电子,3,后续回流,2026-04-14,2026-04-15,2026-04-22,电子/电力设备/通信,688110.SH,东芯股份,兑现掉队,2.45,17.13,10.14,,4,补跌但相对强,0.16,1.06,1.74,0,加权Top20+双红>=3+补跌但相对强,AI PC、半导体、存储芯片、芯片
886042.TI,存储芯片,电子,3,后续回流,2026-04-14,2026-04-15,2026-04-22,电子/电力设备/通信,300857.SZ,协创数据,兑现掉队,20.0,42.21,129.94,,6,抗住且相对强,13.29,4.47,-7.1,0,加权Top20+双红>=3+抗住且相对强,AI眼镜、共封装光学(CPO)、存储芯片、消费电子、芯片、英伟达
886042.TI,存储芯片,电子,3,后续回流,2026-04-14,2026-04-15,2026-04-22,电子/电力设备/通信,688519.SH,南亚新材,兑现掉队,11.95,14.91,46.14,,4,抗住且相对强,2.95,0.21,-1.87,0,加权Top20+双红>=3+抗住且相对强,PCB、元件、共封装光学(CPO)、存储芯片
886042.TI,存储芯片,电子,3,后续回流,2026-04-14,2026-04-15,2026-04-22,电子/电力设备/通信,600183.SH,生益科技,兑现掉队,5.28,53.06,38.46,20日新高,6,抗住且相对强,0.95,13.74,13.6,0,加权Top20+新高+抗住且相对强,PCB、元件、先进封装、共封装光学(CPO)、存储芯片、芯片
886042.TI,存储芯片,电子,3,后续回流,2026-04-14,2026-04-15,2026-04-22,电子/电力设备/通信,300903.SZ,科翔股份,兑现掉队,13.68,18.84,59.38,,7,抗住且相对强,6.02,16.19,10.46,0,加权Top20+双红>=3+抗住且相对强,PCB、元件、先进封装、共封装光学(CPO)、存储芯片、芯片、钠离子电池
886042.TI,存储芯片,电子,3,后续回流,2026-04-14,2026-04-15,2026-04-22,电子/电力设备/通信,603175.SH,超颖电子,兑现掉队,4.61,5.62,10.93,,4,补跌但相对强,0.22,13.33,14.03,0,加权Top20+双红>=3+补跌但相对强,PCB、元件、存储芯片、芯片
886042.TI,存储芯片,电子,3,后续回流,2026-04-14,2026-04-15,2026-04-22,电子/电力设备/通信,688733.SH,壹石通,兑现掉队,6.48,3.24,11.66,,6,抗住且相对强,1.58,-0.27,-1.28,0,加权Top20+双红>=3+抗住且相对强,PCB、先进封装、存储芯片、燃料电池、芯片、钠离子电池
886042.TI,存储芯片,电子,3,后续回流,2026-04-14,2026-04-15,2026-04-22,电子/电力设备/通信,300604.SZ,长川科技,兑现掉队,3.35,31.05,18.67,20日新高,3,抗住且相对强,1.82,8.93,7.85,0,加权Top20+新高+抗住且相对强,半导体、存储芯片、芯片
886042.TI,存储芯片,电子,3,后续回流,2026-04-14,2026-04-15,2026-04-22,电子/电力设备/通信,688809.SH,强一股份,兑现掉队,5.38,12.39,18.94,20日新高,3,抗住且相对强,1.71,18.96,17.92,0,加权Top20+新高+抗住且相对强,半导体、存储芯片、芯片
886042.TI,存储芯片,电子,3,后续回流,2026-04-14,2026-04-15,2026-04-22,电子/电力设备/通信,688347.SH,华虹公司,兑现掉队,2.98,18.9,12.96,,3,抗住且相对强,1.46,5.52,4.86,0,加权Top20+双红>=3+抗住且相对强,半导体、存储芯片、芯片
886042.TI,存储芯片,电子,3,后续回流,2026-04-14,2026-04-15,2026-04-22,电子/电力设备/通信,688106.SH,金宏气体,兑现掉队,7.64,14.12,28.71,,5,补跌但相对强,0.15,17.43,18.23,0,加权Top20+双红>=3+补跌但相对强,可控核聚变、存储芯片、氢能源、燃料电池、芯片
886042.TI,存储芯片,电子,8,后续回流,2026-05-11,2026-05-12,2026-05-15,电子/电力设备/通信,002436.SZ,兴森科技,兑现掉队,3.62,49.66,25.51,历史新高,7,抗住且相对强,0.7,-5.06,-5.86,0,加权Top20+新高+抗住且相对强,6G、PCB、元件、先进封装、共封装光学(CPO)、存储芯片、芯片
886042.TI,存储芯片,电子,8,后续回流,2026-05-11,2026-05-12,2026-05-15,电子/电力设备/通信,603773.SH,沃格光电,兑现掉队,10.01,20.35,45.16,历史新高,8,抗住且相对强,2.02,-6.3,-8.28,0,加权Top20+新高+抗住且相对强,6G、先进封装、光刻机、光学光电子、共封装光学(CPO)、存储芯片、芯片、钙钛矿电池
886042.TI,存储芯片,电子,8,后续回流,2026-05-11,2026-05-12,2026-05-15,电子/电力设备/通信,301308.SZ,江波龙,兑现掉队,15.97,145.99,192.96,历史新高,7,抗住且相对强,0.75,6.08,5.14,0,加权Top20+新高+抗住且相对强,AI PC、AI手机、AI眼镜、先进封装、半导体、存储芯片、芯片
886042.TI,存储芯片,电子,8,后续回流,2026-05-11,2026-05-12,2026-05-15,电子/电力设备/通信,688123.SH,聚辰股份,兑现掉队,15.98,35.69,95.47,20日新高,5,抗住且相对强,4.59,7.57,2.71,0,加权Top20+新高+抗住且相对强,AI眼镜、共封装光学(CPO)、半导体、存储芯片、芯片
886042.TI,存储芯片,电子,8,后续回流,2026-05-11,2026-05-12,2026-05-15,电子/电力设备/通信,300223.SZ,北京君正,兑现掉队,9.11,69.79,76.11,60日新高,5,抗住且相对强,0.37,-6.63,-7.1,0,加权Top20+新高+抗住且相对强,AI眼镜、MCU芯片、半导体、存储芯片、芯片
886042.TI,存储芯片,电子,8,后续回流,2026-05-11,2026-05-12,2026-05-15,电子/电力设备/通信,688783.SH,西安奕材-U,兑现掉队,11.06,17.76,46.61,120日新高,4,抗住且相对强,0.71,-0.23,-1.08,0,加权Top20+新高+抗住且相对强,MCU芯片、半导体、存储芯片、芯片
886042.TI,存储芯片,电子,8,后续回流,2026-05-11,2026-05-12,2026-05-15,电子/电力设备/通信,688766.SH,普冉股份,兑现掉队,20.0,38.88,124.71,历史新高,4,抗住且相对强,4.55,6.17,1.42,0,加权Top20+新高+抗住且相对强,MCU芯片、半导体、存储芯片、芯片
886042.TI,存储芯片,电子,8,后续回流,2026-05-11,2026-05-12,2026-05-15,电子/电力设备/通信,688372.SH,伟测科技,兑现掉队,3.85,20.63,17.49,,5,抗住且相对强,1.0,-1.36,-2.47,0,加权Top20+双红>=3+抗住且相对强,MCU芯片、先进封装、半导体、存储芯片、芯片
886042.TI,存储芯片,电子,8,后续回流,2026-05-11,2026-05-12,2026-05-15,电子/电力设备/通信,300903.SZ,科翔股份,兑现掉队,4.55,22.93,21.79,历史新高,7,抗住且相对强,13.9,23.64,8.42,0,加权Top20+新高+抗住且相对强,PCB、储能、元件、先进封装、共封装光学(CPO)、存储芯片、芯片
886042.TI,存储芯片,电子,8,后续回流,2026-05-11,2026-05-12,2026-05-15,电子/电力设备/通信,688545.SH,兴福电子,兑现掉队,20.0,20.28,90.07,历史新高,4,抗住且相对强,5.68,22.58,15.84,0,加权Top20+新高+抗住且相对强,先进封装、光刻胶、存储芯片、芯片
886042.TI,存储芯片,电子,8,后续回流,2026-05-11,2026-05-12,2026-05-15,电子/电力设备/通信,300398.SZ,飞凯材料,兑现掉队,8.05,32.51,45.9,历史新高,6,抗住且相对强,1.78,0.18,-1.7,0,加权Top20+新高+抗住且相对强,先进封装、光伏、光刻胶、光纤、存储芯片、芯片
886042.TI,存储芯片,电子,8,后续回流,2026-05-11,2026-05-12,2026-05-15,电子/电力设备/通信,688535.SH,华海诚科,延续核心,5.77,11.08,19.21,历史新高,5,抗住且相对强,0.82,25.84,24.65,0,加权Top20+新高+抗住且相对强,先进封装、光伏、半导体、存储芯片、芯片
886042.TI,存储芯片,电子,8,后续回流,2026-05-11,2026-05-12,2026-05-15,电子/电力设备/通信,688072.SH,拓荆科技,兑现掉队,8.88,41.71,57.35,历史新高,5,抗住且相对强,0.42,5.11,4.52,0,加权Top20+新高+抗住且相对强,先进封装、半导体、半导体设备、存储芯片、芯片
886042.TI,存储芯片,电子,8,后续回流,2026-05-11,2026-05-12,2026-05-15,电子/电力设备/通信,688037.SH,芯源微,延续核心,3.73,30.28,20.53,,6,抗住且相对强,15.62,17.02,1.1,0,加权Top20+双红>=3+抗住且相对强,先进封装、光刻胶、半导体、半导体设备、存储芯片、芯片
886042.TI,存储芯片,电子,8,后续回流,2026-05-11,2026-05-12,2026-05-15,电子/电力设备/通信,688019.SH,安集科技,兑现掉队,5.55,18.49,23.86,20日新高,4,抗住且相对强,0.34,2.44,1.95,0,加权Top20+新高+抗住且相对强,先进封装、光刻胶、存储芯片、芯片
886042.TI,存储芯片,电子,8,后续回流,2026-05-11,2026-05-12,2026-05-15,电子/电力设备/通信,688120.SH,华海清科,延续核心,5.59,16.73,22.86,历史新高,5,抗住且相对强,13.51,29.3,13.77,0,加权Top20+新高+抗住且相对强,先进封装、半导体、半导体设备、存储芯片、芯片
886042.TI,存储芯片,电子,8,后续回流,2026-05-11,2026-05-12,2026-05-15,电子/电力设备/通信,688012.SH,中微公司,兑现掉队,3.69,87.68,34.55,,5,抗住且相对强,1.11,12.84,11.44,0,加权Top20+双红>=3+抗住且相对强,先进封装、半导体、半导体设备、存储芯片、芯片
886042.TI,存储芯片,电子,8,后续回流,2026-05-11,2026-05-12,2026-05-15,电子/电力设备/通信,002371.SZ,北方华创,兑现掉队,5.99,82.26,54.33,历史新高,5,抗住且相对强,1.3,3.28,1.81,0,加权Top20+新高+抗住且相对强,光伏、半导体、半导体设备、存储芯片、芯片
886042.TI,存储芯片,电子,8,后续回流,2026-05-11,2026-05-12,2026-05-15,电子/电力设备/通信,300661.SZ,圣邦股份,兑现掉队,11.31,52.72,82.12,3年新高,4,抗住且相对强,4.92,9.65,4.37,0,加权Top20+新高+抗住且相对强,共封装光学(CPO)、半导体、存储芯片、芯片
886042.TI,存储芯片,电子,8,后续回流,2026-05-11,2026-05-12,2026-05-15,电子/电力设备/通信,920186.BJ,中科仪,兑现掉队,25.05,22.9,119.87,历史新高,4,抗住且相对强,1.96,,,0,加权Top20+新高+抗住且相对强,半导体、半导体设备、存储芯片、芯片
886042.TI,存储芯片,电子,8,后续回流,2026-05-11,2026-05-12,2026-05-15,电子/电力设备/通信,301629.SZ,矽电股份,兑现掉队,12.17,15.9,48.53,历史新高,4,抗住且相对强,4.48,3.42,-1.15,0,加权Top20+新高+抗住且相对强,半导体、半导体设备、存储芯片、芯片
886042.TI,存储芯片,电子,8,后续回流,2026-05-11,2026-05-12,2026-05-15,电子/电力设备/通信,688126.SH,沪硅产业,兑现掉队,5.22,38.68,32.46,120日新高,3,抗住且相对强,4.28,-0.5,-4.71,0,加权Top20+新高+抗住且相对强,半导体、存储芯片、芯片
886042.TI,存储芯片,电子,8,后续回流,2026-05-11,2026-05-12,2026-05-15,电子/电力设备/通信,688652.SH,京仪装备,兑现掉队,10.28,15.79,40.85,历史新高,4,抗住且相对强,2.26,14.57,11.88,0,加权Top20+新高+抗住且相对强,半导体、半导体设备、存储芯片、芯片
886042.TI,存储芯片,电子,8,后续回流,2026-05-11,2026-05-12,2026-05-15,电子/电力设备/通信,688159.SH,有方科技,兑现掉队,10.66,7.47,29.14,60日新高,3,抗住且相对强,4.45,12.51,5.02,0,加权Top20+新高+抗住且相对强,存储芯片、星闪、通信设备
886042.TI,存储芯片,电子,9,后续回流,2026-05-15,2026-05-18,2026-05-20,电子/电力设备/机械设备,603986.SH,兆易创新,延续核心,5.38,227.92,81.22,历史新高,3,抗住且相对强,5.01,18.56,11.25,0,加权Top20+新高+抗住且相对强,人形机器人、半导体、存储芯片
886042.TI,存储芯片,电子,9,后续回流,2026-05-15,2026-05-18,2026-05-20,电子/电力设备/机械设备,688820.SH,盛合晶微,兑现掉队,18.76,94.98,182.83,历史新高,2,抗住且相对强,0.76,2.94,0.61,0,加权Top20+新高+抗住且相对强,半导体、存储芯片
886042.TI,存储芯片,电子,9,后续回流,2026-05-15,2026-05-18,2026-05-20,电子/电力设备/机械设备,688120.SH,华海清科,兑现掉队,6.79,42.42,44.22,历史新高,3,抗住且相对强,0.49,11.4,9.16,0,加权Top20+新高+抗住且相对强,半导体、半导体设备、存储芯片
886042.TI,存储芯片,电子,9,后续回流,2026-05-15,2026-05-18,2026-05-20,电子/电力设备/机械设备,688535.SH,华海诚科,兑现掉队,15.49,24.53,76.72,历史新高,2,抗住且相对强,1.09,5.61,2.88,0,加权Top20+新高+抗住且相对强,半导体、存储芯片
886042.TI,存储芯片,电子,9,后续回流,2026-05-15,2026-05-18,2026-05-20,电子/电力设备/机械设备,688037.SH,芯源微,兑现掉队,7.26,38.71,45.17,历史新高,3,抗住且相对强,1.89,11.23,7.51,0,加权Top20+新高+抗住且相对强,半导体、半导体设备、存储芯片
886042.TI,存储芯片,电子,9,后续回流,2026-05-15,2026-05-18,2026-05-20,电子/电力设备/机械设备,300666.SZ,江丰电子,兑现掉队,5.48,38.82,34.14,历史新高,2,抗住且相对强,4.44,12.55,6.17,0,加权Top20+新高+抗住且相对强,半导体、存储芯片
886042.TI,存储芯片,电子,9,后续回流,2026-05-15,2026-05-18,2026-05-20,电子/电力设备/机械设备,688809.SH,强一股份,兑现掉队,6.49,19.9,28.95,历史新高,3,抗住且相对强,0.59,17.5,15.02,0,加权Top20+新高+抗住且相对强,半导体、半导体设备、存储芯片
886042.TI,存储芯片,电子,9,后续回流,2026-05-15,2026-05-18,2026-05-20,电子/电力设备/机械设备,688596.SH,正帆科技,兑现掉队,4.01,23.11,19.28,120日新高,1,抗住且相对强,2.24,4.6,2.26,0,加权Top20+新高+抗住且相对强,存储芯片
886042.TI,存储芯片,电子,9,后续回流,2026-05-15,2026-05-18,2026-05-20,电子/电力设备/机械设备,688549.SH,中巨芯-U,兑现掉队,20.01,11.96,69.2,历史新高,1,抗住且相对强,9.34,6.73,-3.76,0,加权Top20+新高+抗住且相对强,存储芯片
886042.TI,存储芯片,电子,9,后续回流,2026-05-15,2026-05-18,2026-05-20,电子/电力设备/机械设备,300567.SZ,精测电子,兑现掉队,10.06,26.2,51.49,历史新高,2,抗住且相对强,2.17,13.47,11.01,0,加权Top20+新高+抗住且相对强,存储芯片、通用设备
886042.TI,存储芯片,电子,9,后续回流,2026-05-15,2026-05-18,2026-05-20,电子/电力设备/机械设备,603078.SH,江化微,兑现掉队,10.0,14.78,38.44,60日新高,1,抗住且相对强,5.22,16.5,9.1,0,加权Top20+新高+抗住且相对强,存储芯片
886042.TI,存储芯片,电子,9,后续回流,2026-05-15,2026-05-18,2026-05-20,电子/电力设备/机械设备,688808.SH,联讯仪器,兑现掉队,6.84,44.39,45.57,历史新高,2,抗住且相对强,14.91,34.62,17.1,0,加权Top20+新高+抗住且相对强,存储芯片、通用设备
886042.TI,存储芯片,电子,10,后续回流,2026-05-20,2026-05-21,2026-05-25,电子/电力设备/机械设备,002008.SZ,大族激光,兑现掉队,5.51,88.17,51.74,,3,补跌但相对强,1.13,-1.6,-0.25,0,加权Top20+双红>=3+补跌但相对强,光刻机、固态电池、存储芯片
886042.TI,存储芯片,电子,10,后续回流,2026-05-20,2026-05-21,2026-05-25,电子/电力设备/机械设备,300655.SZ,晶瑞电材,兑现掉队,6.29,22.88,30.09,20日新高,2,补跌但相对强,0.01,2.76,6.68,0,加权Top20+新高+补跌但相对强,光刻胶、存储芯片
886042.TI,存储芯片,电子,10,后续回流,2026-05-20,2026-05-21,2026-05-25,电子/电力设备/机械设备,603986.SH,兆易创新,延续核心,10.0,265.24,162.86,历史新高,2,补跌但相对强,0.74,15.86,19.38,0,加权Top20+新高+补跌但相对强,半导体、存储芯片
886042.TI,存储芯片,电子,10,后续回流,2026-05-20,2026-05-21,2026-05-25,电子/电力设备/机械设备,688012.SH,中微公司,兑现掉队,2.26,141.71,26.9,历史新高,3,补跌但相对强,0.73,-1.03,2.0,0,加权Top20+新高+补跌但相对强,半导体、半导体设备、存储芯片
886042.TI,存储芯片,电子,10,后续回流,2026-05-20,2026-05-21,2026-05-25,电子/电力设备/机械设备,688082.SH,盛美上海,延续核心,7.05,34.39,41.34,60日新高,3,抗住且相对强,4.66,19.14,18.0,0,加权Top20+新高+抗住且相对强,半导体、半导体设备、存储芯片
886042.TI,存储芯片,电子,10,后续回流,2026-05-20,2026-05-21,2026-05-25,电子/电力设备/机械设备,600584.SH,长电科技,延续核心,8.9,186.83,121.65,历史新高,2,抗住且相对强,4.63,21.07,19.94,0,加权Top20+新高+抗住且相对强,半导体、存储芯片
886042.TI,存储芯片,电子,10,后续回流,2026-05-20,2026-05-21,2026-05-25,电子/电力设备/机械设备,603375.SH,盛景微,兑现掉队,10.0,3.37,18.36,2年新高,2,补跌但相对强,0.39,3.43,6.97,0,加权Top20+新高+补跌但相对强,半导体、存储芯片
886042.TI,存储芯片,电子,10,后续回流,2026-05-20,2026-05-21,2026-05-25,电子/电力设备/机械设备,002371.SZ,北方华创,兑现掉队,5.86,105.21,60.11,历史新高,3,抗住且相对强,4.76,6.43,5.31,0,加权Top20+新高+抗住且相对强,半导体、半导体设备、存储芯片
886042.TI,存储芯片,电子,10,后续回流,2026-05-20,2026-05-21,2026-05-25,电子/电力设备/机械设备,603690.SH,至纯科技,兑现掉队,6.92,16.61,28.2,60日新高,3,补跌但相对强,0.89,-0.48,2.39,0,加权Top20+新高+补跌但相对强,半导体、半导体设备、存储芯片
886042.TI,存储芯片,电子,10,后续回流,2026-05-20,2026-05-21,2026-05-25,电子/电力设备/机械设备,300672.SZ,国科微,延续核心,10.23,32.58,58.39,历史新高,2,补跌但相对强,1.85,25.84,28.19,0,加权Top20+新高+补跌但相对强,半导体、存储芯片
886042.TI,存储芯片,电子,10,后续回流,2026-05-20,2026-05-21,2026-05-25,电子/电力设备/机械设备,300604.SZ,长川科技,兑现掉队,7.82,90.49,74.39,历史新高,3,补跌但相对强,0.88,2.67,5.64,0,加权Top20+新高+补跌但相对强,半导体、半导体设备、存储芯片
886042.TI,存储芯片,电子,10,后续回流,2026-05-20,2026-05-21,2026-05-25,电子/电力设备/机械设备,002077.SZ,大港股份,兑现掉队,5.1,14.01,19.09,60日新高,2,补跌但相对强,0.69,3.44,6.63,0,加权Top20+新高+补跌但相对强,半导体、存储芯片
886042.TI,存储芯片,电子,10,后续回流,2026-05-20,2026-05-21,2026-05-25,电子/电力设备/机械设备,002156.SZ,通富微电,延续核心,5.81,122.88,64.4,历史新高,2,补跌但相对强,2.86,12.04,12.99,0,加权Top20+新高+补跌但相对强,半导体、存储芯片
886042.TI,存储芯片,电子,10,后续回流,2026-05-20,2026-05-21,2026-05-25,电子/电力设备/机械设备,301013.SZ,利和兴,兑现掉队,20.0,22.12,94.06,120日新高,1,补跌但相对强,0.66,18.34,20.53,0,加权Top20+新高+补跌但相对强,存储芯片
886042.TI,存储芯片,电子,11,后续回流,2026-05-25,2026-05-26,2026-06-03,电子/电力设备/机械设备,000988.SZ,华工科技,兑现掉队,10.0,178.98,133.78,历史新高,8,补跌但相对强,0.62,-10.21,-9.35,0,加权Top20+新高+补跌但相对强,3D打印、PCB、先进封装、共封装光学(CPO)、存储芯片、芯片、铜缆高速连接、高压快充
886042.TI,存储芯片,电子,11,后续回流,2026-05-25,2026-05-26,2026-06-03,电子/电力设备/机械设备,300606.SZ,金太阳,兑现掉队,7.9,7.53,21.68,,4,补跌但相对强,1.0,-18.59,-18.13,0,加权Top20+双红>=3+补跌但相对强,3D打印、PCB、存储芯片、芯片
886042.TI,存储芯片,电子,11,后续回流,2026-05-25,2026-05-26,2026-06-03,电子/电力设备/机械设备,300223.SZ,北京君正,兑现掉队,2.54,41.58,16.38,,5,抗住且相对强,6.19,1.72,-3.5,0,加权Top20+双红>=3+抗住且相对强,3D打印、MCU芯片、半导体、存储芯片、芯片
886042.TI,存储芯片,电子,11,后续回流,2026-05-25,2026-05-26,2026-06-03,电子/电力设备/机械设备,603986.SH,兆易创新,延续核心,10.0,293.88,171.43,历史新高,4,抗住且相对强,2.84,-4.53,-6.46,0,加权Top20+新高+抗住且相对强,MCU芯片、半导体、存储芯片、芯片
886042.TI,存储芯片,电子,11,后续回流,2026-05-25,2026-05-26,2026-06-03,电子/电力设备/机械设备,301563.SZ,云汉芯城,兑现掉队,16.67,11.86,57.41,120日新高,5,补跌但相对强,0.67,3.2,3.31,0,加权Top20+新高+补跌但相对强,MCU芯片、MLCC、PCB、存储芯片、芯片
886042.TI,存储芯片,电子,11,后续回流,2026-05-25,2026-05-26,2026-06-03,电子/电力设备/机械设备,300975.SZ,商络电子,兑现掉队,20.0,28.19,106.19,历史新高,4,抗住且相对强,6.99,56.03,46.9,0,加权Top20+新高+抗住且相对强,MCU芯片、MLCC、存储芯片、芯片
886042.TI,存储芯片,电子,11,后续回流,2026-05-25,2026-05-26,2026-06-03,电子/电力设备/机械设备,002916.SZ,深南电路,兑现掉队,5.74,64.73,46.18,历史新高,4,抗住且相对强,5.66,-4.5,-8.94,0,加权Top20+新高+抗住且相对强,PCB、先进封装、存储芯片、芯片
886042.TI,存储芯片,电子,11,后续回流,2026-05-25,2026-05-26,2026-06-03,电子/电力设备/机械设备,603936.SH,博敏电子,兑现掉队,10.0,15.08,38.83,3年新高,4,抗住且相对强,6.37,-12.64,-17.26,0,加权Top20+新高+抗住且相对强,PCB、先进封装、共封装光学(CPO)、存储芯片
886042.TI,存储芯片,电子,11,后续回流,2026-05-25,2026-05-26,2026-06-03,电子/电力设备/机械设备,600183.SH,生益科技,兑现掉队,7.88,91.02,75.18,历史新高,5,抗住且相对强,10.78,21.09,10.08,0,加权Top20+新高+抗住且相对强,PCB、先进封装、共封装光学(CPO)、存储芯片、芯片
886042.TI,存储芯片,电子,11,后续回流,2026-05-25,2026-05-26,2026-06-03,电子/电力设备/机械设备,002436.SZ,兴森科技,兑现掉队,7.62,74.18,65.63,历史新高,5,补跌但相对强,0.75,4.46,4.49,0,加权Top20+新高+补跌但相对强,PCB、先进封装、共封装光学(CPO)、存储芯片、芯片
886042.TI,存储芯片,电子,11,后续回流,2026-05-25,2026-05-26,2026-06-03,电子/电力设备/机械设备,688720.SH,艾森股份,兑现掉队,12.76,10.91,42.15,,6,抗住且相对强,5.51,-14.47,-18.33,0,加权Top20+双红>=3+抗住且相对强,PCB、先进封装、光刻胶、半导体、存储芯片、芯片
886042.TI,存储芯片,电子,11,后续回流,2026-05-25,2026-05-26,2026-06-03,电子/电力设备/机械设备,603203.SH,快克智能,兑现掉队,10.0,8.55,29.24,,5,抗住且相对强,5.06,2.18,-1.28,0,加权Top20+双红>=3+抗住且相对强,PCB、先进封装、共封装光学(CPO)、存储芯片、芯片
886042.TI,存储芯片,电子,11,后续回流,2026-05-25,2026-05-26,2026-06-03,电子/电力设备/机械设备,600584.SH,长电科技,兑现掉队,10.0,210.49,145.08,历史新高,5,抗住且相对强,10.78,-0.05,-9.14,0,加权Top20+新高+抗住且相对强,先进封装、共封装光学(CPO)、半导体、存储芯片、芯片
886042.TI,存储芯片,电子,11,后续回流,2026-05-25,2026-05-26,2026-06-03,电子/电力设备/机械设备,688072.SH,拓荆科技,兑现掉队,16.86,97.23,166.25,历史新高,5,抗住且相对强,4.8,-14.63,-17.93,0,加权Top20+新高+抗住且相对强,先进封装、半导体、半导体设备、存储芯片、芯片
886042.TI,存储芯片,电子,11,后续回流,2026-05-25,2026-05-26,2026-06-03,电子/电力设备/机械设备,688082.SH,盛美上海,延续核心,17.75,45.93,120.29,历史新高,5,抗住且相对强,3.16,0.77,-1.57,0,加权Top20+新高+抗住且相对强,先进封装、半导体、半导体设备、存储芯片、芯片
886042.TI,存储芯片,电子,11,后续回流,2026-05-25,2026-05-26,2026-06-03,电子/电力设备/机械设备,603773.SH,沃格光电,兑现掉队,4.03,22.56,19.14,,4,抗住且相对强,10.78,42.78,29.8,0,加权Top20+双红>=3+抗住且相对强,先进封装、共封装光学(CPO)、存储芯片、芯片
886042.TI,存储芯片,电子,11,后续回流,2026-05-25,2026-05-26,2026-06-03,电子/电力设备/机械设备,002156.SZ,通富微电,兑现掉队,9.99,153.43,123.74,历史新高,5,抗住且相对强,8.82,0.63,-6.86,0,加权Top20+新高+抗住且相对强,先进封装、共封装光学(CPO)、半导体、存储芯片、芯片
886042.TI,存储芯片,电子,11,后续回流,2026-05-25,2026-05-26,2026-06-03,电子/电力设备/机械设备,002185.SZ,华天科技,兑现掉队,9.98,48.35,69.4,3年新高,5,抗住且相对强,10.8,12.91,2.62,0,加权Top20+新高+抗住且相对强,先进封装、共封装光学(CPO)、半导体、存储芯片、芯片
886042.TI,存储芯片,电子,11,后续回流,2026-05-25,2026-05-26,2026-06-03,电子/电力设备/机械设备,688019.SH,安集科技,兑现掉队,5.79,29.98,31.7,,4,抗住且相对强,3.84,-15.25,-17.77,0,加权Top20+双红>=3+抗住且相对强,先进封装、光刻胶、存储芯片、芯片
886042.TI,存储芯片,电子,11,后续回流,2026-05-25,2026-05-26,2026-06-03,电子/电力设备/机械设备,688820.SH,盛合晶微,延续核心,13.82,95.84,135.29,历史新高,4,抗住且相对强,7.82,-12.66,-18.41,0,加权Top20+新高+抗住且相对强,先进封装、半导体、存储芯片、芯片
886042.TI,存储芯片,电子,11,后续回流,2026-05-25,2026-05-26,2026-06-03,电子/电力设备/机械设备,000021.SZ,深科技,延续核心,9.06,94.37,88.01,历史新高,6,抗住且相对强,4.67,-6.93,-10.41,0,加权Top20+新高+抗住且相对强,先进封装、共封装光学(CPO)、存储芯片、消费电子、芯片、超级电容
886042.TI,存储芯片,电子,11,后续回流,2026-05-25,2026-05-26,2026-06-03,电子/电力设备/机械设备,002119.SZ,康强电子,兑现掉队,6.93,14.71,26.58,60日新高,4,抗住且相对强,1.38,-4.17,-4.74,0,加权Top20+新高+抗住且相对强,先进封装、半导体、存储芯片、芯片
886042.TI,存储芯片,电子,11,后续回流,2026-05-25,2026-05-26,2026-06-03,电子/电力设备/机械设备,688120.SH,华海清科,兑现掉队,6.78,39.97,42.86,,5,补跌但相对强,0.72,-15.98,-15.93,0,加权Top20+双红>=3+补跌但相对强,先进封装、半导体、半导体设备、存储芯片、芯片
886042.TI,存储芯片,电子,11,后续回流,2026-05-25,2026-05-26,2026-06-03,电子/电力设备/机械设备,300054.SZ,鼎龙股份,延续核心,5.48,38.91,34.18,,4,抗住且相对强,4.09,-8.57,-11.5,0,加权Top20+双红>=3+抗住且相对强,先进封装、光刻胶、存储芯片、芯片
886042.TI,存储芯片,电子,11,后续回流,2026-05-25,2026-05-26,2026-06-03,电子/电力设备/机械设备,688347.SH,华虹公司,延续核心,20.0,99.77,199.77,历史新高,3,抗住且相对强,4.33,8.58,4.86,0,加权Top20+新高+抗住且相对强,半导体、存储芯片、芯片
886042.TI,存储芯片,电子,11,后续回流,2026-05-25,2026-05-26,2026-06-03,电子/电力设备/机械设备,300672.SZ,国科微,兑现掉队,12.29,61.47,96.36,历史新高,3,补跌但相对强,0.4,-8.8,-8.44,0,加权Top20+新高+补跌但相对强,半导体、存储芯片、芯片
886042.TI,存储芯片,电子,11,后续回流,2026-05-25,2026-05-26,2026-06-03,电子/电力设备/机械设备,000670.SZ,盈方微,兑现掉队,3.93,17.39,16.39,60日新高,2,抗住且相对强,8.35,-4.97,-11.66,0,加权Top20+新高+抗住且相对强,存储芯片、芯片
881124.TI,消费电子,电子,1,周期首发,2026-04-08,2026-04-09,2026-04-10,电子/电力设备/通信,002947.SZ,恒铭达,兑现掉队,9.03,9.66,28.07,历史新高,3,抗住且相对强,9.51,13.43,3.12,0,加权Top20+新高+抗住且相对强,AI PC、储能、消费电子
881124.TI,消费电子,电子,1,周期首发,2026-04-08,2026-04-09,2026-04-10,电子/电力设备/通信,603890.SH,春秋电子,兑现掉队,10.01,7.8,27.96,20日新高,3,抗住且相对强,0.6,0.19,-0.89,0,加权Top20+新高+抗住且相对强,AI PC、AI眼镜、消费电子
881124.TI,消费电子,电子,1,周期首发,2026-04-08,2026-04-09,2026-04-10,电子/电力设备/通信,601231.SH,环旭电子,兑现掉队,6.94,17.0,28.61,,4,抗住且相对强,3.95,1.48,-2.84,0,加权Top20+双红>=3+抗住且相对强,AI眼镜、共封装光学(CPO)、消费电子、芯片
881124.TI,消费电子,电子,1,周期首发,2026-04-08,2026-04-09,2026-04-10,电子/电力设备/通信,002475.SZ,立讯精密,兑现掉队,8.02,103.42,81.56,20日新高,7,抗住且相对强,4.91,11.31,5.61,0,加权Top20+新高+抗住且相对强,AI眼镜、MR(混合现实)、共封装光学(CPO)、消费电子、液冷服务器、芯片、铜缆高速连接
881124.TI,消费电子,电子,1,周期首发,2026-04-08,2026-04-09,2026-04-10,电子/电力设备/通信,002241.SZ,歌尔股份,兑现掉队,5.75,21.77,26.83,,4,抗住且相对强,0.15,3.7,3.04,0,加权Top20+双红>=3+抗住且相对强,AI眼镜、MR(混合现实)、消费电子、芯片
881124.TI,消费电子,电子,1,周期首发,2026-04-08,2026-04-09,2026-04-10,电子/电力设备/通信,301486.SZ,致尚科技,兑现掉队,8.62,16.53,35.05,,6,抗住且相对强,2.49,2.39,-0.57,0,加权Top20+双红>=3+抗住且相对强,MR(混合现实)、光纤、共封装光学(CPO)、消费电子、芯片、通信设备
881124.TI,消费电子,电子,1,周期首发,2026-04-08,2026-04-09,2026-04-10,电子/电力设备/通信,300679.SZ,电连技术,兑现掉队,19.99,17.81,84.36,20日新高,2,抗住且相对强,9.25,6.62,-2.84,0,加权Top20+新高+抗住且相对强,PCB、消费电子
881124.TI,消费电子,电子,1,周期首发,2026-04-08,2026-04-09,2026-04-10,电子/电力设备/通信,301123.SZ,奕东电子,兑现掉队,7.96,8.08,22.63,,6,抗住且相对强,9.26,8.9,-0.77,0,加权Top20+双红>=3+抗住且相对强,PCB、储能、共封装光学(CPO)、消费电子、液冷服务器、铜缆高速连接
881124.TI,消费电子,电子,1,周期首发,2026-04-08,2026-04-09,2026-04-10,电子/电力设备/通信,300686.SZ,智动力,兑现掉队,18.01,7.59,49.62,20日新高,2,抗住且相对强,1.59,3.27,1.16,0,加权Top20+新高+抗住且相对强,固态电池、消费电子
881124.TI,消费电子,电子,1,周期首发,2026-04-08,2026-04-09,2026-04-10,电子/电力设备/通信,603629.SH,利通电子,兑现掉队,10.0,19.76,44.45,,4,抗住且相对强,5.5,3.24,-2.6,0,加权Top20+双红>=3+抗住且相对强,消费电子、液冷服务器、芯片、英伟达
881124.TI,消费电子,电子,2,后续回流,2026-04-10,2026-04-13,2026-04-14,电子/电力设备/通信,002600.SZ,领益智造,兑现掉队,2.41,14.09,9.05,,9,抗住且相对强,0.22,1.98,0.95,0,加权Top20+双红>=3+抗住且相对强,AI PC、AI手机、AI眼镜、储能、光伏、共封装光学(CPO)、消费电子、液冷服务器、英伟达
881124.TI,消费电子,电子,2,后续回流,2026-04-10,2026-04-13,2026-04-14,电子/电力设备/通信,300868.SZ,杰美特,延续核心,12.12,5.68,28.89,3年新高,2,抗住且相对强,4.94,13.72,7.54,0,加权Top20+新高+抗住且相对强,AI眼镜、消费电子
881124.TI,消费电子,电子,2,后续回流,2026-04-10,2026-04-13,2026-04-14,电子/电力设备/通信,301189.SZ,奥尼电子,延续核心,14.82,5.64,35.2,3年新高,2,抗住且相对强,3.85,25.59,20.0,0,加权Top20+新高+抗住且相对强,消费电子、英伟达
881124.TI,消费电子,电子,3,后续回流,2026-04-14,2026-04-15,2026-04-20,电子/电力设备/通信,300136.SZ,信维通信,兑现掉队,7.92,73.99,68.13,,4,补跌但相对强,0.73,13.46,13.58,0,加权Top20+双红>=3+补跌但相对强,6G、AI眼镜、消费电子、芯片
881124.TI,消费电子,电子,3,后续回流,2026-04-14,2026-04-15,2026-04-20,电子/电力设备/通信,603890.SH,春秋电子,兑现掉队,8.62,12.2,30.11,60日新高,3,抗住且相对强,10.82,18.22,7.48,0,加权Top20+新高+抗住且相对强,AI PC、AI眼镜、消费电子
881124.TI,消费电子,电子,3,后续回流,2026-04-14,2026-04-15,2026-04-20,电子/电力设备/通信,300868.SZ,杰美特,兑现掉队,7.54,5.43,17.57,3年新高,2,抗住且相对强,4.94,7.38,3.14,0,加权Top20+新高+抗住且相对强,AI眼镜、消费电子
881124.TI,消费电子,电子,3,后续回流,2026-04-14,2026-04-15,2026-04-20,电子/电力设备/通信,002475.SZ,立讯精密,兑现掉队,0.92,144.87,11.07,60日新高,6,补跌但相对强,0.22,11.14,11.82,0,加权Top20+新高+补跌但相对强,AI眼镜、MR(混合现实)、共封装光学(CPO)、消费电子、液冷服务器、芯片
881124.TI,消费电子,电子,3,后续回流,2026-04-14,2026-04-15,2026-04-20,电子/电力设备/通信,300857.SZ,协创数据,兑现掉队,20.0,42.21,129.94,,6,抗住且相对强,13.29,23.39,9.73,0,加权Top20+双红>=3+抗住且相对强,AI眼镜、共封装光学(CPO)、存储芯片、消费电子、芯片、英伟达
881124.TI,消费电子,电子,3,后续回流,2026-04-14,2026-04-15,2026-04-20,电子/电力设备/通信,301189.SZ,奥尼电子,兑现掉队,20.0,8.05,56.75,历史新高,2,抗住且相对强,20.83,19.24,-0.64,0,加权Top20+新高+抗住且相对强,消费电子、英伟达
881124.TI,消费电子,电子,3,后续回流,2026-04-14,2026-04-15,2026-04-20,电子/电力设备/通信,603629.SH,利通电子,兑现掉队,10.0,24.95,49.95,历史新高,4,抗住且相对强,10.84,34.18,21.98,0,加权Top20+新高+抗住且相对强,消费电子、液冷服务器、芯片、英伟达
881124.TI,消费电子,电子,7,后续回流,2026-05-11,2026-05-12,2026-05-13,电子/电力设备/通信,002475.SZ,立讯精密,兑现掉队,6.69,205.84,95.98,历史新高,8,抗住且相对强,1.35,5.38,3.83,0,加权Top20+新高+抗住且相对强,AI眼镜、MR(混合现实)、共封装光学(CPO)、华为手机、消费电子、液冷服务器、芯片、铜缆高速连接
881124.TI,消费电子,电子,7,后续回流,2026-05-11,2026-05-12,2026-05-13,电子/电力设备/通信,688260.SH,昀冢科技,兑现掉队,10.87,9.02,32.65,历史新高,2,抗住且相对强,0.23,0.89,0.51,0,加权Top20+新高+抗住且相对强,光纤、消费电子
881124.TI,消费电子,电子,8,后续回流,2026-05-13,2026-05-14,2026-05-25,电子/电力设备/通信,603052.SH,可川科技,兑现掉队,10.01,3.6,18.99,历史新高,1,抗住且相对强,12.4,-3.71,-12.46,0,加权Top20+新高+抗住且相对强,消费电子
881124.TI,消费电子,电子,8,后续回流,2026-05-13,2026-05-14,2026-05-25,电子/电力设备/通信,300433.SZ,蓝思科技,兑现掉队,7.25,57.69,55.07,20日新高,1,补跌但相对强,1.24,20.89,22.32,0,加权Top20+新高+补跌但相对强,消费电子
881124.TI,消费电子,电子,8,后续回流,2026-05-13,2026-05-14,2026-05-25,电子/电力设备/通信,301285.SZ,鸿日达,兑现掉队,9.75,11.41,32.93,历史新高,1,抗住且相对强,7.48,3.36,-1.64,0,加权Top20+新高+抗住且相对强,消费电子
881124.TI,消费电子,电子,8,后续回流,2026-05-13,2026-05-14,2026-05-25,电子/电力设备/通信,002993.SZ,奥海科技,兑现掉队,10.0,4.36,20.88,3年新高,1,抗住且相对强,2.52,17.69,17.55,0,加权Top20+新高+抗住且相对强,消费电子
881124.TI,消费电子,电子,8,后续回流,2026-05-13,2026-05-14,2026-05-25,电子/电力设备/通信,000021.SZ,深科技,延续核心,7.12,55.76,53.17,20日新高,2,补跌但相对强,1.62,18.9,19.83,0,加权Top20+新高+补跌但相对强,消费电子、虚拟电厂
881124.TI,消费电子,电子,9,后续回流,2026-05-25,2026-05-26,2026-06-05,电子/电力设备/机械设备,300735.SZ,光弘科技,回流日无法确认新核心,18.01,14.74,69.15,20日新高,3,抗住且相对强,1.6,-11.25,-11.97,1,加权Top20+新高+抗住且相对强,MCU芯片、华为手机、消费电子
881124.TI,消费电子,电子,9,后续回流,2026-05-25,2026-05-26,2026-06-05,电子/电力设备/机械设备,300602.SZ,飞荣达,回流日无法确认新核心,15.24,32.07,86.3,历史新高,4,抗住且相对强,2.72,-11.13,-12.82,1,加权Top20+新高+抗住且相对强,MR(混合现实)、共封装光学(CPO)、华为手机、消费电子
881124.TI,消费电子,电子,9,后续回流,2026-05-25,2026-05-26,2026-06-05,电子/电力设备/机械设备,000021.SZ,深科技,回流日无法确认新核心,9.06,94.37,88.01,历史新高,6,抗住且相对强,4.67,-7.34,-10.81,1,加权Top20+新高+抗住且相对强,先进封装、共封装光学(CPO)、存储芯片、消费电子、芯片、超级电容
881124.TI,消费电子,电子,9,后续回流,2026-05-25,2026-05-26,2026-06-05,电子/电力设备/机械设备,300322.SZ,硕贝德,回流日无法确认新核心,8.82,18.56,38.0,,3,抗住且相对强,1.77,0.98,-0.0,1,加权Top20+双红>=3+抗住且相对强,先进封装、消费电子、芯片
881124.TI,消费电子,电子,9,后续回流,2026-05-25,2026-05-26,2026-06-05,电子/电力设备/机械设备,601138.SH,工业富联,回流日无法确认新核心,4.68,184.56,63.58,,4,补跌但相对强,0.32,5.34,5.83,1,加权Top20+双红>=3+补跌但相对强,共封装光学(CPO)、消费电子、芯片、英伟达
881124.TI,消费电子,电子,9,后续回流,2026-05-25,2026-05-26,2026-06-05,电子/电力设备/机械设备,600203.SH,福日电子,回流日无法确认新核心,6.9,10.51,22.37,60日新高,2,抗住且相对强,7.01,-1.98,-7.72,1,加权Top20+新高+抗住且相对强,华为手机、消费电子
881124.TI,消费电子,电子,9,后续回流,2026-05-25,2026-05-26,2026-06-05,电子/电力设备/机械设备,688260.SH,昀冢科技,回流日无法确认新核心,8.29,13.28,30.21,历史新高,2,抗住且相对强,3.7,12.83,9.62,1,加权Top20+新高+抗住且相对强,MLCC、消费电子
881124.TI,消费电子,电子,9,后续回流,2026-05-25,2026-05-26,2026-06-05,电子/电力设备/机械设备,300868.SZ,杰美特,回流日无法确认新核心,20.0,3.32,36.44,历史新高,1,抗住且相对强,2.11,3.15,1.8,1,加权Top20+新高+抗住且相对强,消费电子
881124.TI,消费电子,电子,9,后续回流,2026-05-25,2026-05-26,2026-06-05,电子/电力设备/机械设备,603890.SH,春秋电子,回流日无法确认新核心,3.79,20.8,17.29,历史新高,1,抗住且相对强,2.58,31.04,28.71,1,加权Top20+新高+抗住且相对强,消费电子
881124.TI,消费电子,电子,9,后续回流,2026-05-25,2026-05-26,2026-06-05,电子/电力设备/机械设备,300976.SZ,达瑞电子,回流日无法确认新核心,11.63,6.57,29.81,3年新高,2,抗住且相对强,3.14,-25.19,-26.92,1,加权Top20+新高+抗住且相对强,消费电子、芯片
881124.TI,消费电子,电子,9,后续回流,2026-05-25,2026-05-26,2026-06-05,电子/电力设备/机械设备,603629.SH,利通电子,回流日无法确认新核心,3.25,70.63,27.31,历史新高,3,抗住且相对强,5.7,-10.7,-14.89,1,加权Top20+新高+抗住且相对强,消费电子、芯片、英伟达
881124.TI,消费电子,电子,9,后续回流,2026-05-25,2026-05-26,2026-06-05,电子/电力设备/机械设备,301626.SZ,苏州天脉,回流日无法确认新核心,7.4,10.18,23.61,历史新高,1,抗住且相对强,5.89,1.63,-3.31,1,加权Top20+新高+抗住且相对强,消费电子
881124.TI,消费电子,电子,9,后续回流,2026-05-25,2026-05-26,2026-06-05,电子/电力设备/机械设备,002947.SZ,恒铭达,回流日无法确认新核心,10.0,9.35,30.58,历史新高,1,抗住且相对强,4.31,-10.39,-13.44,1,加权Top20+新高+抗住且相对强,消费电子
885756.TI,芯片,电子,1,周期首发,2026-04-08,2026-04-09,2026-04-10,电子/电力设备/通信,603186.SH,华正新材,兑现掉队,6.93,13.26,25.24,,7,抗住且相对强,3.94,2.91,-1.46,0,加权Top20+双红>=3+抗住且相对强,6G、PCB、储能、元件、先进封装、固态电池、芯片
885756.TI,芯片,电子,1,周期首发,2026-04-08,2026-04-09,2026-04-10,电子/电力设备/通信,002281.SZ,光迅科技,兑现掉队,6.39,67.07,52.33,,6,抗住且相对强,8.99,9.73,-0.25,0,加权Top20+双红>=3+抗住且相对强,6G、光纤、共封装光学(CPO)、液冷服务器、芯片、通信设备
885756.TI,芯片,电子,1,周期首发,2026-04-08,2026-04-09,2026-04-10,电子/电力设备/通信,000062.SZ,深圳华强,兑现掉队,4.74,24.48,23.45,120日新高,4,抗住且相对强,1.88,0.95,-1.38,0,加权Top20+新高+抗住且相对强,6G、共封装光学(CPO)、存储芯片、芯片
885756.TI,芯片,电子,1,周期首发,2026-04-08,2026-04-09,2026-04-10,电子/电力设备/通信,603803.SH,瑞斯康达,兑现掉队,6.63,9.7,20.65,,4,抗住且相对强,1.42,-0.93,-3.28,0,加权Top20+双红>=3+抗住且相对强,6G、共封装光学(CPO)、芯片、通信设备
885756.TI,芯片,电子,1,周期首发,2026-04-08,2026-04-09,2026-04-10,电子/电力设备/通信,002436.SZ,兴森科技,延续核心,7.3,17.2,30.28,,7,抗住且相对强,1.03,5.47,3.89,0,加权Top20+双红>=3+抗住且相对强,6G、PCB、元件、先进封装、共封装光学(CPO)、存储芯片、芯片
885756.TI,芯片,电子,1,周期首发,2026-04-08,2026-04-09,2026-04-10,电子/电力设备/通信,000063.SZ,中兴通讯,兑现掉队,5.26,32.82,30.13,,8,抗住且相对强,3.46,5.14,0.65,0,加权Top20+双红>=3+抗住且相对强,6G、AI手机、AI眼镜、储能、光纤、液冷服务器、芯片、通信设备
885756.TI,芯片,电子,1,周期首发,2026-04-08,2026-04-09,2026-04-10,电子/电力设备/通信,688387.SH,信科移动-U,兑现掉队,10.51,13.09,38.03,,3,抗住且相对强,0.63,-1.77,-3.35,0,加权Top20+双红>=3+抗住且相对强,6G、芯片、通信设备
885756.TI,芯片,电子,1,周期首发,2026-04-08,2026-04-09,2026-04-10,电子/电力设备/通信,600498.SH,烽火通信,兑现掉队,5.0,61.83,39.32,,8,抗住且相对强,6.21,2.24,-4.64,0,加权Top20+双红>=3+抗住且相对强,6G、MCU芯片、光纤、共封装光学(CPO)、液冷服务器、特高压、芯片、通信设备
885756.TI,芯片,电子,1,周期首发,2026-04-08,2026-04-09,2026-04-10,电子/电力设备/通信,001309.SZ,德明利,延续核心,4.0,75.28,34.71,,5,抗住且相对强,2.89,13.71,10.0,0,加权Top20+双红>=3+抗住且相对强,AI PC、共封装光学(CPO)、半导体、存储芯片、芯片
885756.TI,芯片,电子,1,周期首发,2026-04-08,2026-04-09,2026-04-10,电子/电力设备/通信,002384.SZ,东山精密,延续核心,10.0,27.85,52.77,,7,抗住且相对强,9.51,19.71,8.83,0,加权Top20+双红>=3+抗住且相对强,AI手机、PCB、元件、光纤、共封装光学(CPO)、芯片、高压快充
885756.TI,芯片,电子,1,周期首发,2026-04-08,2026-04-09,2026-04-10,电子/电力设备/通信,300975.SZ,商络电子,兑现掉队,10.9,12.52,38.57,,5,抗住且相对强,2.25,4.99,2.18,0,加权Top20+双红>=3+抗住且相对强,AI眼镜、MCU芯片、存储芯片、液冷服务器、芯片
885756.TI,芯片,电子,1,周期首发,2026-04-08,2026-04-09,2026-04-10,电子/电力设备/通信,301099.SZ,雅创电子,兑现掉队,12.51,6.22,31.2,,6,抗住且相对强,3.51,5.62,1.55,0,加权Top20+双红>=3+抗住且相对强,AI眼镜、MCU芯片、储能、光伏、存储芯片、芯片
885756.TI,芯片,电子,1,周期首发,2026-04-08,2026-04-09,2026-04-10,电子/电力设备/通信,600330.SH,天通股份,兑现掉队,7.31,26.62,37.72,,6,抗住且相对强,9.5,6.09,-3.55,0,加权Top20+双红>=3+抗住且相对强,AI眼镜、PCB、储能、先进封装、光伏、芯片
885756.TI,芯片,电子,1,周期首发,2026-04-08,2026-04-09,2026-04-10,电子/电力设备/通信,300131.SZ,英唐智控,兑现掉队,8.77,12.34,30.81,,4,抗住且相对强,4.15,25.57,20.0,0,加权Top20+双红>=3+抗住且相对强,AI眼镜、共封装光学(CPO)、存储芯片、芯片
885756.TI,芯片,电子,1,周期首发,2026-04-08,2026-04-09,2026-04-10,电子/电力设备/通信,601231.SH,环旭电子,兑现掉队,6.94,17.0,28.61,,4,抗住且相对强,3.95,1.48,-2.84,0,加权Top20+双红>=3+抗住且相对强,AI眼镜、共封装光学(CPO)、消费电子、芯片
885756.TI,芯片,电子,1,周期首发,2026-04-08,2026-04-09,2026-04-10,电子/电力设备/通信,002475.SZ,立讯精密,兑现掉队,8.02,103.42,81.56,20日新高,7,抗住且相对强,4.91,11.31,5.61,0,加权Top20+新高+抗住且相对强,AI眼镜、MR(混合现实)、共封装光学(CPO)、消费电子、液冷服务器、芯片、铜缆高速连接
885756.TI,芯片,电子,1,周期首发,2026-04-08,2026-04-09,2026-04-10,电子/电力设备/通信,002241.SZ,歌尔股份,兑现掉队,5.75,21.77,26.83,,4,抗住且相对强,0.15,3.7,3.04,0,加权Top20+双红>=3+抗住且相对强,AI眼镜、MR(混合现实)、消费电子、芯片
885756.TI,芯片,电子,1,周期首发,2026-04-08,2026-04-09,2026-04-10,电子/电力设备/通信,688362.SH,甬矽电子,兑现掉队,7.81,6.58,20.03,20日新高,4,抗住且相对强,2.1,0.54,-2.0,0,加权Top20+新高+抗住且相对强,MCU芯片、先进封装、半导体、芯片
885756.TI,芯片,电子,1,周期首发,2026-04-08,2026-04-09,2026-04-10,电子/电力设备/通信,688766.SH,普冉股份,兑现掉队,6.16,16.45,24.98,,4,抗住且相对强,0.73,6.0,4.72,0,加权Top20+双红>=3+抗住且相对强,MCU芯片、半导体、存储芯片、芯片
885756.TI,芯片,电子,1,周期首发,2026-04-08,2026-04-09,2026-04-10,电子/电力设备/通信,300053.SZ,航宇微,兑现掉队,7.36,7.57,20.25,,5,抗住且相对强,0.08,-0.28,-0.85,0,加权Top20+双红>=3+抗住且相对强,MCU芯片、先进封装、半导体、存储芯片、芯片
885756.TI,芯片,电子,1,周期首发,2026-04-08,2026-04-09,2026-04-10,电子/电力设备/通信,001287.SZ,中电港,延续核心,10.02,8.32,28.9,,5,抗住且相对强,0.78,4.59,3.28,0,加权Top20+双红>=3+抗住且相对强,MCU芯片、储能、存储芯片、芯片、英伟达
885756.TI,芯片,电子,1,周期首发,2026-04-08,2026-04-09,2026-04-10,电子/电力设备/通信,301486.SZ,致尚科技,兑现掉队,8.62,16.53,35.05,,6,抗住且相对强,2.49,2.39,-0.57,0,加权Top20+双红>=3+抗住且相对强,MR(混合现实)、光纤、共封装光学(CPO)、消费电子、芯片、通信设备
885756.TI,芯片,电子,1,周期首发,2026-04-08,2026-04-09,2026-04-10,电子/电力设备/通信,002463.SZ,沪电股份,兑现掉队,10.0,81.45,90.25,,3,抗住且相对强,1.62,5.06,2.89,0,加权Top20+双红>=3+抗住且相对强,PCB、元件、芯片
885756.TI,芯片,电子,1,周期首发,2026-04-08,2026-04-09,2026-04-10,电子/电力设备/通信,688603.SH,天承科技,兑现掉队,12.57,5.81,30.3,,3,抗住且相对强,1.21,1.12,-0.56,0,加权Top20+双红>=3+抗住且相对强,PCB、先进封装、芯片
885756.TI,芯片,电子,1,周期首发,2026-04-08,2026-04-09,2026-04-10,电子/电力设备/通信,002916.SZ,深南电路,延续核心,10.0,36.14,60.12,,5,抗住且相对强,1.82,10.32,7.83,0,加权Top20+双红>=3+抗住且相对强,PCB、元件、先进封装、存储芯片、芯片
885756.TI,芯片,电子,1,周期首发,2026-04-08,2026-04-09,2026-04-10,电子/电力设备/通信,603175.SH,超颖电子,兑现掉队,10.0,4.69,21.66,,4,抗住且相对强,4.83,3.77,-1.47,0,加权Top20+双红>=3+抗住且相对强,PCB、元件、存储芯片、芯片
885756.TI,芯片,电子,1,周期首发,2026-04-08,2026-04-09,2026-04-10,电子/电力设备/通信,002213.SZ,大为股份,延续核心,10.01,6.32,25.16,,4,抗住且相对强,9.53,14.62,4.18,0,加权Top20+双红>=3+抗住且相对强,PCB、半导体、存储芯片、芯片
885756.TI,芯片,电子,1,周期首发,2026-04-08,2026-04-09,2026-04-10,电子/电力设备/通信,688141.SH,杰华特,兑现掉队,10.92,11.01,36.23,历史新高,3,抗住且相对强,2.57,4.97,1.85,0,加权Top20+新高+抗住且相对强,储能、半导体、芯片
885756.TI,芯片,电子,1,周期首发,2026-04-08,2026-04-09,2026-04-10,电子/电力设备/通信,600869.SH,远东股份,兑现掉队,10.01,20.51,45.33,历史新高,13,抗住且相对强,1.52,-1.45,-2.38,0,加权Top20+新高+抗住且相对强,储能、光伏、光纤、可控核聚变、固态电池、液冷服务器、特高压、电网设备、芯片、钠离子电池、铜缆高速连接、雅下水电、风电
885756.TI,芯片,电子,1,周期首发,2026-04-08,2026-04-09,2026-04-10,电子/电力设备/通信,002851.SZ,麦格米特,兑现掉队,9.29,17.48,38.84,,6,抗住且相对强,0.64,2.55,2.48,0,加权Top20+双红>=3+抗住且相对强,储能、光伏、芯片、英伟达、风电、高压快充
885756.TI,芯片,电子,1,周期首发,2026-04-08,2026-04-09,2026-04-10,电子/电力设备/通信,601615.SH,明阳智能,兑现掉队,5.4,14.13,20.3,,6,补跌但相对强,0.14,0.91,1.35,0,加权Top20+双红>=3+补跌但相对强,储能、光伏、氢能源、芯片、钙钛矿电池、风电
885756.TI,芯片,电子,1,周期首发,2026-04-08,2026-04-09,2026-04-10,电子/电力设备/通信,688256.SH,寒武纪,兑现掉队,4.02,121.36,44.29,20日新高,3,抗住且相对强,2.43,4.01,1.06,0,加权Top20+新高+抗住且相对强,先进封装、半导体、芯片
885756.TI,芯片,电子,1,周期首发,2026-04-08,2026-04-09,2026-04-10,电子/电力设备/通信,300236.SZ,上海新阳,兑现掉队,9.27,10.07,29.42,,3,抗住且相对强,0.68,2.68,1.49,0,加权Top20+双红>=3+抗住且相对强,先进封装、存储芯片、芯片
885756.TI,芯片,电子,1,周期首发,2026-04-08,2026-04-09,2026-04-10,电子/电力设备/通信,688361.SH,中科飞测,兑现掉队,8.46,10.63,27.58,,4,抗住且相对强,3.08,3.52,-0.04,0,加权Top20+双红>=3+抗住且相对强,先进封装、半导体、存储芯片、芯片
885756.TI,芯片,电子,1,周期首发,2026-04-08,2026-04-09,2026-04-10,电子/电力设备/通信,002409.SZ,雅克科技,兑现掉队,6.71,9.63,20.82,,5,抗住且相对强,0.41,2.07,1.16,0,加权Top20+双红>=3+抗住且相对强,先进封装、半导体、存储芯片、特高压、芯片
885756.TI,芯片,电子,1,周期首发,2026-04-08,2026-04-09,2026-04-10,电子/电力设备/通信,300054.SZ,鼎龙股份,兑现掉队,4.59,25.91,23.36,,3,抗住且相对强,0.63,0.46,-0.65,0,加权Top20+双红>=3+抗住且相对强,先进封装、存储芯片、芯片
885756.TI,芯片,电子,1,周期首发,2026-04-08,2026-04-09,2026-04-10,电子/电力设备/通信,688012.SH,中微公司,兑现掉队,8.21,49.87,57.98,,4,抗住且相对强,0.65,1.99,0.84,0,加权Top20+双红>=3+抗住且相对强,先进封装、半导体、存储芯片、芯片
885756.TI,芯片,电子,1,周期首发,2026-04-08,2026-04-09,2026-04-10,电子/电力设备/通信,300037.SZ,新宙邦,兑现掉队,5.81,11.93,20.07,,6,抗住且相对强,3.57,9.36,6.18,0,加权Top20+双红>=3+抗住且相对强,先进封装、固态电池、液冷服务器、电池、芯片、钠离子电池
885756.TI,芯片,电子,1,周期首发,2026-04-08,2026-04-09,2026-04-10,电子/电力设备/通信,688072.SH,拓荆科技,兑现掉队,8.59,25.12,43.05,,4,抗住且相对强,2.78,4.9,1.58,0,加权Top20+双红>=3+抗住且相对强,先进封装、半导体、存储芯片、芯片
885756.TI,芯片,电子,1,周期首发,2026-04-08,2026-04-09,2026-04-10,电子/电力设备/通信,605358.SH,立昂微,兑现掉队,8.35,5.87,20.23,,5,抗住且相对强,0.05,1.28,0.74,0,加权Top20+双红>=3+抗住且相对强,光伏、共封装光学(CPO)、半导体、存储芯片、芯片
885756.TI,芯片,电子,1,周期首发,2026-04-08,2026-04-09,2026-04-10,电子/电力设备/通信,002371.SZ,北方华创,兑现掉队,9.41,64.47,75.56,,4,抗住且相对强,1.42,2.78,0.86,0,加权Top20+双红>=3+抗住且相对强,光伏、半导体、存储芯片、芯片
885756.TI,芯片,电子,1,周期首发,2026-04-08,2026-04-09,2026-04-10,电子/电力设备/通信,300548.SZ,长芯博创,兑现掉队,13.96,66.32,113.69,历史新高,5,抗住且相对强,11.33,8.44,-3.48,0,加权Top20+新高+抗住且相对强,光纤、共封装光学(CPO)、芯片、通信设备、铜缆高速连接
885756.TI,芯片,电子,1,周期首发,2026-04-08,2026-04-09,2026-04-10,电子/电力设备/通信,600105.SH,永鼎股份,延续核心,10.0,50.03,70.73,历史新高,6,抗住且相对强,3.23,14.66,9.99,0,加权Top20+新高+抗住且相对强,光纤、共封装光学(CPO)、可控核聚变、芯片、通信设备、风电
885756.TI,芯片,电子,1,周期首发,2026-04-08,2026-04-09,2026-04-10,电子/电力设备/通信,688313.SH,仕佳光子,兑现掉队,8.0,42.55,52.18,,4,抗住且相对强,7.26,7.28,-0.92,0,加权Top20+双红>=3+抗住且相对强,光纤、共封装光学(CPO)、芯片、通信设备
885756.TI,芯片,电子,1,周期首发,2026-04-08,2026-04-09,2026-04-10,电子/电力设备/通信,300570.SZ,太辰光,兑现掉队,6.89,36.39,41.56,,5,抗住且相对强,3.33,3.42,-0.89,0,加权Top20+双红>=3+抗住且相对强,光纤、共封装光学(CPO)、芯片、通信设备、铜缆高速连接
885756.TI,芯片,电子,1,周期首发,2026-04-08,2026-04-09,2026-04-10,电子/电力设备/通信,300661.SZ,圣邦股份,兑现掉队,6.56,26.42,33.72,,4,抗住且相对强,3.51,-0.77,-4.59,0,加权Top20+双红>=3+抗住且相对强,共封装光学(CPO)、半导体、存储芯片、芯片
885756.TI,芯片,电子,1,周期首发,2026-04-08,2026-04-09,2026-04-10,电子/电力设备/通信,301205.SZ,联特科技,兑现掉队,6.94,26.62,35.81,,3,抗住且相对强,5.87,4.93,-1.83,0,加权Top20+双红>=3+抗住且相对强,共封装光学(CPO)、芯片、通信设备
885756.TI,芯片,电子,1,周期首发,2026-04-08,2026-04-09,2026-04-10,电子/电力设备/通信,688693.SH,锴威特,延续核心,19.99,5.09,45.1,2年新高,2,抗住且相对强,16.81,21.2,3.32,0,加权Top20+新高+抗住且相对强,半导体、芯片
885756.TI,芯片,电子,1,周期首发,2026-04-08,2026-04-09,2026-04-10,电子/电力设备/通信,688702.SH,盛科通信-U,兑现掉队,14.24,20.37,64.27,历史新高,2,抗住且相对强,0.18,-2.74,-3.38,0,加权Top20+新高+抗住且相对强,半导体、芯片
885756.TI,芯片,电子,1,周期首发,2026-04-08,2026-04-09,2026-04-10,电子/电力设备/通信,300604.SZ,长川科技,兑现掉队,9.69,32.27,55.05,,3,抗住且相对强,2.34,5.78,2.87,0,加权Top20+双红>=3+抗住且相对强,半导体、存储芯片、芯片
885756.TI,芯片,电子,1,周期首发,2026-04-08,2026-04-09,2026-04-10,电子/电力设备/通信,603629.SH,利通电子,兑现掉队,10.0,19.76,44.45,,4,抗住且相对强,5.5,3.24,-2.6,0,加权Top20+双红>=3+抗住且相对强,消费电子、液冷服务器、芯片、英伟达
885756.TI,芯片,电子,2,后续回流,2026-04-10,2026-04-13,2026-04-14,电子/电力设备/通信,001309.SZ,德明利,延续核心,10.0,101.9,100.95,历史新高,5,抗住且相对强,6.85,11.94,3.98,0,加权Top20+新高+抗住且相对强,AI PC、共封装光学(CPO)、半导体、存储芯片、芯片
885756.TI,芯片,电子,2,后续回流,2026-04-10,2026-04-13,2026-04-14,电子/电力设备/通信,301308.SZ,江波龙,兑现掉队,4.85,64.8,39.04,,6,抗住且相对强,3.06,11.78,7.62,0,加权Top20+双红>=3+抗住且相对强,AI PC、AI手机、AI眼镜、半导体、存储芯片、芯片
885756.TI,芯片,电子,2,后续回流,2026-04-10,2026-04-13,2026-04-14,电子/电力设备/通信,688525.SH,佰维存储,兑现掉队,6.15,102.12,62.15,,6,抗住且相对强,5.13,19.29,12.61,0,加权Top20+双红>=3+抗住且相对强,AI PC、AI手机、AI眼镜、半导体、存储芯片、芯片
885756.TI,芯片,电子,2,后续回流,2026-04-10,2026-04-13,2026-04-14,电子/电力设备/通信,300476.SZ,胜宏科技,兑现掉队,4.23,140.27,50.1,,8,抗住且相对强,2.08,6.98,3.97,0,加权Top20+双红>=3+抗住且相对强,AI PC、AI手机、储能、元件、光伏、共封装光学(CPO)、芯片、英伟达
885756.TI,芯片,电子,2,后续回流,2026-04-10,2026-04-13,2026-04-14,电子/电力设备/通信,002384.SZ,东山精密,兑现掉队,8.83,200.94,125.17,历史新高,5,抗住且相对强,1.47,1.71,-0.57,0,加权Top20+新高+抗住且相对强,AI手机、元件、共封装光学(CPO)、芯片、高压快充
885756.TI,芯片,电子,2,后续回流,2026-04-10,2026-04-13,2026-04-14,电子/电力设备/通信,688123.SH,聚辰股份,兑现掉队,2.69,10.44,8.69,,5,抗住且相对强,1.18,12.22,10.03,0,加权Top20+双红>=3+抗住且相对强,AI眼镜、共封装光学(CPO)、半导体、存储芯片、芯片
885756.TI,芯片,电子,2,后续回流,2026-04-10,2026-04-13,2026-04-14,电子/电力设备/通信,301536.SZ,星宸科技,兑现掉队,2.87,4.82,6.3,,3,抗住且相对强,1.34,2.47,0.32,0,加权Top20+双红>=3+抗住且相对强,AI眼镜、半导体、芯片
885756.TI,芯片,电子,2,后续回流,2026-04-10,2026-04-13,2026-04-14,电子/电力设备/通信,688807.SH,优迅股份,兑现掉队,2.88,6.14,7.14,20日新高,4,抗住且相对强,13.15,14.34,0.33,0,加权Top20+新高+抗住且相对强,MCU芯片、共封装光学(CPO)、半导体、芯片
885756.TI,芯片,电子,2,后续回流,2026-04-10,2026-04-13,2026-04-14,电子/电力设备/通信,001287.SZ,中电港,兑现掉队,3.28,13.72,12.15,20日新高,5,抗住且相对强,1.2,1.4,-0.59,0,加权Top20+新高+抗住且相对强,MCU芯片、储能、存储芯片、芯片、英伟达
885756.TI,芯片,电子,2,后续回流,2026-04-10,2026-04-13,2026-04-14,电子/电力设备/通信,300671.SZ,富满微,兑现掉队,4.71,8.82,13.99,20日新高,4,抗住且相对强,9.45,11.06,0.73,0,加权Top20+新高+抗住且相对强,MCU芯片、半导体、存储芯片、芯片
885756.TI,芯片,电子,2,后续回流,2026-04-10,2026-04-13,2026-04-14,电子/电力设备/通信,300390.SZ,天华新能,兑现掉队,10.16,69.79,84.88,3年新高,5,抗住且相对强,16.2,18.67,1.06,0,加权Top20+新高+抗住且相对强,储能、固态电池、存储芯片、电池、芯片
885756.TI,芯片,电子,2,后续回流,2026-04-10,2026-04-13,2026-04-14,电子/电力设备/通信,002245.SZ,蔚蓝锂芯,兑现掉队,2.41,24.44,11.91,20日新高,6,抗住且相对强,0.19,2.62,1.19,0,加权Top20+新高+抗住且相对强,储能、固态电池、电池、芯片、钠离子电池、锂电池
885756.TI,芯片,电子,2,后续回流,2026-04-10,2026-04-13,2026-04-14,电子/电力设备/通信,603659.SH,璞泰来,兑现掉队,5.45,30.29,29.99,,6,抗住且相对强,1.69,4.49,1.53,0,加权Top20+双红>=3+抗住且相对强,储能、固态电池、氢能源、电池、芯片、钠离子电池
885756.TI,芯片,电子,2,后续回流,2026-04-10,2026-04-13,2026-04-14,电子/电力设备/通信,300763.SZ,锦浪科技,兑现掉队,3.22,26.63,16.62,,4,抗住且相对强,0.18,3.2,1.78,0,加权Top20+双红>=3+抗住且相对强,储能、光伏、光伏设备、芯片
885756.TI,芯片,电子,2,后续回流,2026-04-10,2026-04-13,2026-04-14,电子/电力设备/通信,603459.SH,红板科技,兑现掉队,9.57,27.24,49.95,,5,抗住且相对强,13.24,12.89,-1.02,0,加权Top20+双红>=3+抗住且相对强,元件、共封装光学(CPO)、华为手机、存储芯片、芯片
885756.TI,芯片,电子,2,后续回流,2026-04-10,2026-04-13,2026-04-14,电子/电力设备/通信,002916.SZ,深南电路,兑现掉队,7.83,59.55,60.42,,3,抗住且相对强,1.73,9.06,6.36,0,加权Top20+双红>=3+抗住且相对强,元件、存储芯片、芯片
885756.TI,芯片,电子,2,后续回流,2026-04-10,2026-04-13,2026-04-14,电子/电力设备/通信,600183.SH,生益科技,延续核心,3.4,36.81,20.63,,4,抗住且相对强,2.88,9.17,5.28,0,加权Top20+双红>=3+抗住且相对强,元件、共封装光学(CPO)、存储芯片、芯片
885756.TI,芯片,电子,2,后续回流,2026-04-10,2026-04-13,2026-04-14,电子/电力设备/通信,002436.SZ,兴森科技,兑现掉队,3.89,24.6,19.29,,4,抗住且相对强,9.17,10.81,0.75,0,加权Top20+双红>=3+抗住且相对强,元件、共封装光学(CPO)、存储芯片、芯片
885756.TI,芯片,电子,2,后续回流,2026-04-10,2026-04-13,2026-04-14,电子/电力设备/通信,688478.SH,晶升股份,兑现掉队,20.0,3.73,38.63,20日新高,4,抗住且相对强,3.62,2.65,-1.71,0,加权Top20+新高+抗住且相对强,光伏、半导体、存储芯片、芯片
885756.TI,芯片,电子,2,后续回流,2026-04-10,2026-04-13,2026-04-14,电子/电力设备/通信,301319.SZ,唯特偶,兑现掉队,4.67,3.63,8.9,20日新高,2,抗住且相对强,1.11,6.79,4.78,0,加权Top20+新高+抗住且相对强,光伏、芯片
885756.TI,芯片,电子,2,后续回流,2026-04-10,2026-04-13,2026-04-14,电子/电力设备/通信,001269.SZ,欧晶科技,兑现掉队,10.01,1.04,10.21,,3,抗住且相对强,1.58,-0.86,-3.57,0,加权Top20+双红>=3+抗住且相对强,光伏、光伏设备、芯片
885756.TI,芯片,电子,2,后续回流,2026-04-10,2026-04-13,2026-04-14,电子/电力设备/通信,300724.SZ,捷佳伟创,兑现掉队,2.16,17.23,8.97,,3,抗住且相对强,0.22,3.8,2.33,0,加权Top20+双红>=3+抗住且相对强,光伏、光伏设备、芯片
885756.TI,芯片,电子,2,后续回流,2026-04-10,2026-04-13,2026-04-14,电子/电力设备/通信,603773.SH,沃格光电,兑现掉队,9.99,13.03,36.06,,3,抗住且相对强,1.18,4.36,2.32,0,加权Top20+双红>=3+抗住且相对强,共封装光学(CPO)、存储芯片、芯片
885756.TI,芯片,电子,2,后续回流,2026-04-10,2026-04-13,2026-04-14,电子/电力设备/通信,300308.SZ,中际旭创,延续核心,6.01,238.43,92.8,历史新高,3,抗住且相对强,0.71,5.22,4.74,0,加权Top20+新高+抗住且相对强,共封装光学(CPO)、液冷服务器、芯片
885756.TI,芯片,电子,2,后续回流,2026-04-10,2026-04-13,2026-04-14,电子/电力设备/通信,600105.SH,永鼎股份,兑现掉队,9.99,84.24,91.69,历史新高,3,抗住且相对强,1.82,-2.41,-3.93,0,加权Top20+新高+抗住且相对强,共封装光学(CPO)、可控核聚变、芯片
885756.TI,芯片,电子,2,后续回流,2026-04-10,2026-04-13,2026-04-14,电子/电力设备/通信,688498.SH,源杰科技,兑现掉队,8.58,46.6,58.57,历史新高,3,抗住且相对强,2.53,2.16,-1.15,0,加权Top20+新高+抗住且相对强,共封装光学(CPO)、半导体、芯片
885756.TI,芯片,电子,2,后续回流,2026-04-10,2026-04-13,2026-04-14,电子/电力设备/通信,688048.SH,长光华芯,延续核心,4.06,50.56,28.87,历史新高,4,抗住且相对强,6.09,20.72,12.93,0,加权Top20+新高+抗住且相对强,共封装光学(CPO)、半导体、可控核聚变、芯片
885756.TI,芯片,电子,2,后续回流,2026-04-10,2026-04-13,2026-04-14,电子/电力设备/通信,300285.SZ,国瓷材料,兑现掉队,3.07,13.17,11.14,,4,抗住且相对强,3.36,3.71,-0.44,0,加权Top20+双红>=3+抗住且相对强,共封装光学(CPO)、固态电池、氢能源、芯片
885756.TI,芯片,电子,2,后续回流,2026-04-10,2026-04-13,2026-04-14,电子/电力设备/通信,688693.SH,锴威特,兑现掉队,3.32,7.39,9.03,2年新高,2,抗住且相对强,3.53,17.86,12.96,0,加权Top20+新高+抗住且相对强,半导体、芯片
885756.TI,芯片,电子,2,后续回流,2026-04-10,2026-04-13,2026-04-14,电子/电力设备/通信,300782.SZ,卓胜微,兑现掉队,2.42,37.08,14.74,1年新高,2,抗住且相对强,1.35,7.18,4.91,0,加权Top20+新高+抗住且相对强,半导体、芯片
885756.TI,芯片,电子,2,后续回流,2026-04-10,2026-04-13,2026-04-14,电子/电力设备/通信,002213.SZ,大为股份,兑现掉队,4.18,22.85,19.98,60日新高,3,抗住且相对强,1.4,12.43,9.99,0,加权Top20+新高+抗住且相对强,半导体、存储芯片、芯片
885756.TI,芯片,电子,2,后续回流,2026-04-10,2026-04-13,2026-04-14,电子/电力设备/通信,688008.SH,澜起科技,兑现掉队,3.13,57.81,23.8,,3,抗住且相对强,5.3,6.85,0.7,0,加权Top20+双红>=3+抗住且相对强,半导体、存储芯片、芯片
885756.TI,芯片,电子,2,后续回流,2026-04-10,2026-04-13,2026-04-14,电子/电力设备/通信,688148.SH,芳源股份,兑现掉队,5.41,2.11,7.86,,3,抗住且相对强,2.74,6.76,2.69,0,加权Top20+双红>=3+抗住且相对强,固态电池、电池、芯片
885756.TI,芯片,电子,2,后续回流,2026-04-10,2026-04-13,2026-04-14,电子/电力设备/通信,688322.SH,奥比中光-W,兑现掉队,3.92,5.96,9.57,20日新高,2,抗住且相对强,1.33,1.91,-0.23,0,加权Top20+新高+抗住且相对强,芯片、英伟达
885756.TI,芯片,电子,3,后续回流,2026-04-14,2026-04-15,2026-04-17,电子/电力设备/通信,688270.SH,ST臻镭,兑现掉队,11.07,37.81,68.07,20日新高,4,抗住且相对强,2.05,3.95,2.7,0,加权Top20+新高+抗住且相对强,6G、共封装光学(CPO)、半导体、芯片
885756.TI,芯片,电子,3,后续回流,2026-04-14,2026-04-15,2026-04-17,电子/电力设备/通信,688387.SH,信科移动-U,兑现掉队,11.32,21.96,53.05,20日新高,2,抗住且相对强,3.58,5.87,3.55,0,加权Top20+新高+抗住且相对强,6G、芯片
885756.TI,芯片,电子,3,后续回流,2026-04-14,2026-04-15,2026-04-17,电子/电力设备/通信,300136.SZ,信维通信,延续核心,7.92,73.99,68.13,,4,补跌但相对强,0.73,9.25,9.36,0,加权Top20+双红>=3+补跌但相对强,6G、AI眼镜、消费电子、芯片
885756.TI,芯片,电子,3,后续回流,2026-04-14,2026-04-15,2026-04-17,电子/电力设备/通信,001309.SZ,德明利,兑现掉队,3.98,101.64,40.13,历史新高,5,抗住且相对强,0.94,2.61,2.49,0,加权Top20+新高+抗住且相对强,AI PC、共封装光学(CPO)、半导体、存储芯片、芯片
885756.TI,芯片,电子,3,后续回流,2026-04-14,2026-04-15,2026-04-17,电子/电力设备/通信,002156.SZ,通富微电,兑现掉队,2.41,33.43,13.93,,6,抗住且相对强,1.34,3.06,2.53,0,加权Top20+双红>=3+抗住且相对强,AI PC、先进封装、共封装光学(CPO)、半导体、存储芯片、芯片
885756.TI,芯片,电子,3,后续回流,2026-04-14,2026-04-15,2026-04-17,电子/电力设备/通信,688110.SH,东芯股份,兑现掉队,2.45,17.13,10.14,,4,补跌但相对强,0.16,1.88,2.57,0,加权Top20+双红>=3+补跌但相对强,AI PC、半导体、存储芯片、芯片
885756.TI,芯片,电子,3,后续回流,2026-04-14,2026-04-15,2026-04-17,电子/电力设备/通信,688521.SH,芯原股份,兑现掉队,2.65,66.05,21.54,,6,抗住且相对强,4.39,-1.8,-5.18,0,加权Top20+双红>=3+抗住且相对强,AI手机、AI眼镜、MCU芯片、先进封装、半导体、芯片
885756.TI,芯片,电子,3,后续回流,2026-04-14,2026-04-15,2026-04-17,电子/电力设备/通信,002475.SZ,立讯精密,兑现掉队,0.92,144.87,11.07,60日新高,6,补跌但相对强,0.22,1.03,1.65,0,加权Top20+新高+补跌但相对强,AI眼镜、MR(混合现实)、共封装光学(CPO)、消费电子、液冷服务器、芯片
885756.TI,芯片,电子,3,后续回流,2026-04-14,2026-04-15,2026-04-17,电子/电力设备/通信,300857.SZ,协创数据,兑现掉队,20.0,42.21,129.94,,6,抗住且相对强,13.29,26.96,12.9,0,加权Top20+双红>=3+抗住且相对强,AI眼镜、共封装光学(CPO)、存储芯片、消费电子、芯片、英伟达
885756.TI,芯片,电子,3,后续回流,2026-04-14,2026-04-15,2026-04-17,电子/电力设备/通信,300632.SZ,光莆股份,兑现掉队,7.81,8.89,23.29,60日新高,5,抗住且相对强,1.95,4.77,3.61,0,加权Top20+新高+抗住且相对强,AI眼镜、PCB、先进封装、共封装光学(CPO)、芯片
885756.TI,芯片,电子,3,后续回流,2026-04-14,2026-04-15,2026-04-17,电子/电力设备/通信,688362.SH,甬矽电子,兑现掉队,5.21,8.49,15.18,20日新高,4,补跌但相对强,0.56,1.13,1.41,0,加权Top20+新高+补跌但相对强,MCU芯片、先进封装、半导体、芯片
885756.TI,芯片,电子,3,后续回流,2026-04-14,2026-04-15,2026-04-17,电子/电力设备/通信,688047.SH,龙芯中科,兑现掉队,2.83,12.65,10.07,,3,补跌但相对强,0.69,2.02,2.17,0,加权Top20+双红>=3+补跌但相对强,MCU芯片、半导体、芯片
885756.TI,芯片,电子,3,后续回流,2026-04-14,2026-04-15,2026-04-17,电子/电力设备/通信,600183.SH,生益科技,兑现掉队,5.28,53.06,38.46,20日新高,6,抗住且相对强,0.95,3.64,3.51,0,加权Top20+新高+抗住且相对强,PCB、元件、先进封装、共封装光学(CPO)、存储芯片、芯片
885756.TI,芯片,电子,3,后续回流,2026-04-14,2026-04-15,2026-04-17,电子/电力设备/通信,603002.SH,宏昌电子,兑现掉队,10.01,7.78,27.92,历史新高,4,抗住且相对强,0.99,0.62,0.47,0,加权Top20+新高+抗住且相对强,PCB、先进封装、芯片、英伟达
885756.TI,芯片,电子,3,后续回流,2026-04-14,2026-04-15,2026-04-17,电子/电力设备/通信,300903.SZ,科翔股份,兑现掉队,13.68,18.84,59.38,,7,抗住且相对强,6.02,3.97,-1.16,0,加权Top20+双红>=3+抗住且相对强,PCB、元件、先进封装、共封装光学(CPO)、存储芯片、芯片、钠离子电池
885756.TI,芯片,电子,3,后续回流,2026-04-14,2026-04-15,2026-04-17,电子/电力设备/通信,603175.SH,超颖电子,兑现掉队,4.61,5.62,10.93,,4,补跌但相对强,0.22,1.79,2.41,0,加权Top20+双红>=3+补跌但相对强,PCB、元件、存储芯片、芯片
885756.TI,芯片,电子,3,后续回流,2026-04-14,2026-04-15,2026-04-17,电子/电力设备/通信,300283.SZ,温州宏丰,兑现掉队,4.93,7.09,13.13,3年新高,2,补跌但相对强,0.12,5.57,6.03,0,加权Top20+新高+补跌但相对强,PCB、芯片
885756.TI,芯片,电子,3,后续回流,2026-04-14,2026-04-15,2026-04-17,电子/电力设备/通信,688733.SH,壹石通,兑现掉队,6.48,3.24,11.66,,6,抗住且相对强,1.58,0.58,-0.44,0,加权Top20+双红>=3+抗住且相对强,PCB、先进封装、存储芯片、燃料电池、芯片、钠离子电池
885756.TI,芯片,电子,3,后续回流,2026-04-14,2026-04-15,2026-04-17,电子/电力设备/通信,688256.SH,寒武纪,延续核心,1.83,94.13,17.75,,3,抗住且相对强,3.41,7.41,4.71,0,加权Top20+双红>=3+抗住且相对强,先进封装、半导体、芯片
885756.TI,芯片,电子,3,后续回流,2026-04-14,2026-04-15,2026-04-17,电子/电力设备/通信,300548.SZ,长芯博创,延续核心,2.83,56.23,21.22,历史新高,2,抗住且相对强,3.69,12.4,9.82,0,加权Top20+新高+抗住且相对强,共封装光学(CPO)、芯片
885756.TI,芯片,电子,3,后续回流,2026-04-14,2026-04-15,2026-04-17,电子/电力设备/通信,688048.SH,长光华芯,兑现掉队,12.93,58.52,98.91,历史新高,4,抗住且相对强,2.04,13.5,12.14,0,加权Top20+新高+抗住且相对强,共封装光学(CPO)、半导体、可控核聚变、芯片
885756.TI,芯片,电子,3,后续回流,2026-04-14,2026-04-15,2026-04-17,电子/电力设备/通信,300308.SZ,中际旭创,延续核心,4.74,224.76,71.06,历史新高,3,抗住且相对强,2.24,10.09,9.11,0,加权Top20+新高+抗住且相对强,共封装光学(CPO)、液冷服务器、芯片
885756.TI,芯片,电子,3,后续回流,2026-04-14,2026-04-15,2026-04-17,电子/电力设备/通信,301205.SZ,联特科技,延续核心,3.04,34.09,17.75,20日新高,2,抗住且相对强,2.13,9.89,9.03,0,加权Top20+新高+抗住且相对强,共封装光学(CPO)、芯片
885756.TI,芯片,电子,3,后续回流,2026-04-14,2026-04-15,2026-04-17,电子/电力设备/通信,300604.SZ,长川科技,兑现掉队,3.35,31.05,18.67,20日新高,3,抗住且相对强,1.82,7.78,6.72,0,加权Top20+新高+抗住且相对强,半导体、存储芯片、芯片
885756.TI,芯片,电子,3,后续回流,2026-04-14,2026-04-15,2026-04-17,电子/电力设备/通信,688809.SH,强一股份,兑现掉队,5.38,12.39,18.94,20日新高,3,抗住且相对强,1.71,13.52,12.52,0,加权Top20+新高+抗住且相对强,半导体、存储芯片、芯片
885756.TI,芯片,电子,3,后续回流,2026-04-14,2026-04-15,2026-04-17,电子/电力设备/通信,688347.SH,华虹公司,兑现掉队,2.98,18.9,12.96,,3,抗住且相对强,1.46,1.66,1.03,0,加权Top20+双红>=3+抗住且相对强,半导体、存储芯片、芯片
885756.TI,芯片,电子,3,后续回流,2026-04-14,2026-04-15,2026-04-17,电子/电力设备/通信,688106.SH,金宏气体,兑现掉队,7.64,14.12,28.71,,5,补跌但相对强,0.15,-2.01,-1.34,0,加权Top20+双红>=3+补跌但相对强,可控核聚变、存储芯片、氢能源、燃料电池、芯片
885756.TI,芯片,电子,3,后续回流,2026-04-14,2026-04-15,2026-04-17,电子/电力设备/通信,603629.SH,利通电子,延续核心,10.0,24.95,49.95,历史新高,4,抗住且相对强,10.84,31.88,19.89,0,加权Top20+新高+抗住且相对强,消费电子、液冷服务器、芯片、英伟达
885756.TI,芯片,电子,3,后续回流,2026-04-14,2026-04-15,2026-04-17,电子/电力设备/通信,920181.BJ,赛英电子,兑现掉队,8.61,3.78,16.74,历史新高,1,抗住且相对强,2.01,,,0,加权Top20+新高+抗住且相对强,芯片
885756.TI,芯片,电子,4,后续回流,2026-04-17,2026-04-20,2026-04-22,电子/电力设备/通信,603773.SH,沃格光电,兑现掉队,10.0,11.31,33.63,历史新高,5,抗住且相对强,8.44,21.66,10.6,0,加权Top20+新高+抗住且相对强,6G、先进封装、光学光电子、共封装光学(CPO)、芯片
885756.TI,芯片,电子,4,后续回流,2026-04-17,2026-04-20,2026-04-22,电子/电力设备/通信,603738.SH,泰晶科技,兑现掉队,9.99,18.26,42.69,3年新高,4,抗住且相对强,2.91,17.73,12.69,0,加权Top20+新高+抗住且相对强,6G、元件、共封装光学(CPO)、芯片
885756.TI,芯片,电子,4,后续回流,2026-04-17,2026-04-20,2026-04-22,电子/电力设备/通信,003031.SZ,中瓷电子,兑现掉队,10.0,15.88,39.85,历史新高,4,抗住且相对强,8.76,11.49,5.37,0,加权Top20+新高+抗住且相对强,6G、共封装光学(CPO)、芯片、通信设备
885756.TI,芯片,电子,4,后续回流,2026-04-17,2026-04-20,2026-04-22,电子/电力设备/通信,300136.SZ,信维通信,兑现掉队,7.32,88.53,68.87,20日新高,2,抗住且相对强,2.3,6.15,2.21,0,加权Top20+新高+抗住且相对强,6G、芯片
885756.TI,芯片,电子,4,后续回流,2026-04-17,2026-04-20,2026-04-22,电子/电力设备/通信,920438.BJ,戈碧迦,兑现掉队,11.64,4.09,23.54,20日新高,4,抗住且相对强,1.01,,,0,加权Top20+新高+抗住且相对强,6G、先进封装、光学光电子、芯片
885756.TI,芯片,电子,4,后续回流,2026-04-17,2026-04-20,2026-04-22,电子/电力设备/通信,603803.SH,瑞斯康达,兑现掉队,3.62,15.1,14.07,,4,补跌但相对强,2.63,0.57,0.89,0,加权Top20+双红>=3+补跌但相对强,6G、共封装光学(CPO)、芯片、通信设备
885756.TI,芯片,电子,4,后续回流,2026-04-17,2026-04-20,2026-04-22,电子/电力设备/通信,300184.SZ,力源信息,兑现掉队,5.87,23.18,28.26,120日新高,4,抗住且相对强,0.97,6.81,4.17,0,加权Top20+新高+抗住且相对强,6G、PCB、光伏、芯片
885756.TI,芯片,电子,4,后续回流,2026-04-17,2026-04-20,2026-04-22,电子/电力设备/通信,603118.SH,共进股份,兑现掉队,10.0,10.66,32.65,1年新高,6,补跌但相对强,0.78,-0.13,2.09,0,加权Top20+新高+补跌但相对强,6G、PCB、先进封装、共封装光学(CPO)、芯片、通信设备
885756.TI,芯片,电子,4,后续回流,2026-04-17,2026-04-20,2026-04-22,电子/电力设备/通信,002281.SZ,光迅科技,兑现掉队,10.0,71.17,84.36,历史新高,5,抗住且相对强,5.71,6.11,3.27,0,加权Top20+新高+抗住且相对强,6G、光纤、共封装光学(CPO)、芯片、通信设备
885756.TI,芯片,电子,4,后续回流,2026-04-17,2026-04-20,2026-04-22,电子/电力设备/通信,300782.SZ,卓胜微,兑现掉队,2.45,32.61,13.99,1年新高,4,抗住且相对强,6.44,8.1,0.1,0,加权Top20+新高+抗住且相对强,6G、先进封装、半导体、芯片
885756.TI,芯片,电子,4,后续回流,2026-04-17,2026-04-20,2026-04-22,电子/电力设备/通信,000062.SZ,深圳华强,兑现掉队,3.98,25.73,20.19,120日新高,3,抗住且相对强,3.18,9.68,4.72,0,加权Top20+新高+抗住且相对强,6G、共封装光学(CPO)、芯片
885756.TI,芯片,电子,4,后续回流,2026-04-17,2026-04-20,2026-04-22,电子/电力设备/通信,600487.SH,亨通光电,兑现掉队,4.72,115.81,50.79,,5,抗住且相对强,12.37,18.2,8.03,0,加权Top20+双红>=3+抗住且相对强,6G、光纤、共封装光学(CPO)、芯片、通信设备
885756.TI,芯片,电子,4,后续回流,2026-04-17,2026-04-20,2026-04-22,电子/电力设备/通信,300476.SZ,胜宏科技,兑现掉队,7.55,215.82,110.92,60日新高,6,抗住且相对强,3.52,5.01,-0.06,0,加权Top20+新高+抗住且相对强,AI PC、PCB、元件、光伏、共封装光学(CPO)、芯片
885756.TI,芯片,电子,4,后续回流,2026-04-17,2026-04-20,2026-04-22,电子/电力设备/通信,920526.BJ,凯华材料,兑现掉队,29.95,0.92,28.73,20日新高,3,抗住且相对强,12.75,,,0,加权Top20+新高+抗住且相对强,PCB、半导体、芯片
885756.TI,芯片,电子,4,后续回流,2026-04-17,2026-04-20,2026-04-22,电子/电力设备/通信,300776.SZ,帝尔激光,兑现掉队,20.0,18.88,86.9,20日新高,5,抗住且相对强,9.16,13.73,5.94,0,加权Top20+新高+抗住且相对强,PCB、TOPCON电池、先进封装、光伏、芯片
885756.TI,芯片,电子,4,后续回流,2026-04-17,2026-04-20,2026-04-22,电子/电力设备/通信,600330.SH,天通股份,兑现掉队,10.03,8.2,28.72,历史新高,4,抗住且相对强,8.43,19.05,8.24,0,加权Top20+新高+抗住且相对强,PCB、先进封装、光伏、芯片
885756.TI,芯片,电子,4,后续回流,2026-04-17,2026-04-20,2026-04-22,电子/电力设备/通信,002916.SZ,深南电路,兑现掉队,4.78,37.33,29.2,,4,抗住且相对强,0.05,6.44,4.76,0,加权Top20+双红>=3+抗住且相对强,PCB、元件、先进封装、芯片
885756.TI,芯片,电子,4,后续回流,2026-04-17,2026-04-20,2026-04-22,电子/电力设备/通信,688516.SH,奥特维,兑现掉队,4.42,13.25,16.09,,4,抗住且相对强,2.41,-1.12,-1.7,0,加权Top20+双红>=3+抗住且相对强,TOPCON电池、光伏、共封装光学(CPO)、芯片
885756.TI,芯片,电子,4,后续回流,2026-04-17,2026-04-20,2026-04-22,电子/电力设备/通信,603212.SH,赛伍技术,兑现掉队,5.89,3.91,11.65,,4,补跌但相对强,1.23,-2.24,-1.67,0,加权Top20+双红>=3+补跌但相对强,TOPCON电池、先进封装、光伏、芯片
885756.TI,芯片,电子,4,后续回流,2026-04-17,2026-04-20,2026-04-22,电子/电力设备/通信,301319.SZ,唯特偶,兑现掉队,20.0,9.08,60.27,历史新高,3,抗住且相对强,1.16,5.85,3.05,0,加权Top20+新高+抗住且相对强,先进封装、光伏、芯片
885756.TI,芯片,电子,4,后续回流,2026-04-17,2026-04-20,2026-04-22,电子/电力设备/通信,600703.SH,三安光电,兑现掉队,9.98,55.53,74.37,,5,抗住且相对强,0.76,11.99,9.45,0,加权Top20+双红>=3+抗住且相对强,先进封装、光伏、光学光电子、共封装光学(CPO)、芯片
885756.TI,芯片,电子,4,后续回流,2026-04-17,2026-04-20,2026-04-22,电子/电力设备/通信,688256.SH,寒武纪,兑现掉队,2.07,96.12,20.29,20日新高,3,抗住且相对强,1.75,0.22,-2.99,0,加权Top20+新高+抗住且相对强,先进封装、半导体、芯片
885756.TI,芯片,电子,4,后续回流,2026-04-17,2026-04-20,2026-04-22,电子/电力设备/通信,600206.SH,有研新材,兑现掉队,4.3,13.51,15.81,20日新高,4,抗住且相对强,8.44,15.07,4.61,0,加权Top20+新高+抗住且相对强,先进封装、光纤、半导体、芯片
885756.TI,芯片,电子,4,后续回流,2026-04-17,2026-04-20,2026-04-22,电子/电力设备/通信,300346.SZ,南大光电,兑现掉队,3.04,21.23,14.01,20日新高,2,抗住且相对强,0.64,4.0,1.76,0,加权Top20+新高+抗住且相对强,光伏、芯片
885756.TI,芯片,电子,4,后续回流,2026-04-17,2026-04-20,2026-04-22,电子/电力设备/通信,688502.SH,茂莱光学,兑现掉队,16.33,12.51,57.76,20日新高,2,抗住且相对强,11.67,21.19,7.03,0,加权Top20+新高+抗住且相对强,光学光电子、芯片
885756.TI,芯片,电子,4,后续回流,2026-04-17,2026-04-20,2026-04-22,电子/电力设备/通信,300323.SZ,华灿光电,兑现掉队,3.32,9.97,10.48,,3,抗住且相对强,4.68,9.16,2.75,0,加权Top20+双红>=3+抗住且相对强,光学光电子、共封装光学(CPO)、芯片
885756.TI,芯片,电子,4,后续回流,2026-04-17,2026-04-20,2026-04-22,电子/电力设备/通信,688313.SH,仕佳光子,兑现掉队,9.49,65.18,76.62,历史新高,4,补跌但相对强,2.6,16.05,16.46,0,加权Top20+新高+补跌但相对强,光纤、共封装光学(CPO)、芯片、通信设备
885756.TI,芯片,电子,4,后续回流,2026-04-17,2026-04-20,2026-04-22,电子/电力设备/通信,300548.SZ,长芯博创,兑现掉队,7.79,59.46,60.07,历史新高,4,补跌但相对强,1.54,7.39,8.92,0,加权Top20+新高+补跌但相对强,光纤、共封装光学(CPO)、芯片、通信设备
885756.TI,芯片,电子,4,后续回流,2026-04-17,2026-04-20,2026-04-22,电子/电力设备/通信,300570.SZ,太辰光,兑现掉队,4.98,47.55,34.34,20日新高,4,补跌但相对强,0.28,3.03,5.86,0,加权Top20+新高+补跌但相对强,光纤、共封装光学(CPO)、芯片、通信设备
885756.TI,芯片,电子,4,后续回流,2026-04-17,2026-04-20,2026-04-22,电子/电力设备/通信,688143.SH,长盈通,兑现掉队,8.25,13.28,30.06,历史新高,4,补跌但相对强,2.43,13.23,13.82,0,加权Top20+新高+补跌但相对强,光纤、共封装光学(CPO)、芯片、通信设备
885756.TI,芯片,电子,4,后续回流,2026-04-17,2026-04-20,2026-04-22,电子/电力设备/通信,600105.SH,永鼎股份,兑现掉队,4.64,69.38,38.65,历史新高,4,抗住且相对强,4.16,10.24,8.92,0,加权Top20+新高+抗住且相对强,光纤、共封装光学(CPO)、芯片、通信设备
885756.TI,芯片,电子,4,后续回流,2026-04-17,2026-04-20,2026-04-22,电子/电力设备/通信,300620.SZ,光库科技,兑现掉队,8.99,68.01,74.14,历史新高,4,补跌但相对强,2.59,9.01,9.41,0,加权Top20+新高+补跌但相对强,光纤、共封装光学(CPO)、芯片、通信设备
885756.TI,芯片,电子,4,后续回流,2026-04-17,2026-04-20,2026-04-22,电子/电力设备/通信,603052.SH,可川科技,兑现掉队,10.0,9.12,30.2,历史新高,2,抗住且相对强,8.45,9.61,-0.36,0,加权Top20+新高+抗住且相对强,共封装光学(CPO)、芯片
885756.TI,芯片,电子,4,后续回流,2026-04-17,2026-04-20,2026-04-22,电子/电力设备/通信,301205.SZ,联特科技,兑现掉队,7.81,31.71,43.98,历史新高,3,补跌但相对强,1.18,2.96,4.81,0,加权Top20+新高+补跌但相对强,共封装光学(CPO)、芯片、通信设备
885756.TI,芯片,电子,4,后续回流,2026-04-17,2026-04-20,2026-04-22,电子/电力设备/通信,300308.SZ,中际旭创,兑现掉队,5.11,336.3,93.71,历史新高,3,补跌但相对强,2.83,4.19,4.31,0,加权Top20+新高+补跌但相对强,共封装光学(CPO)、芯片、通信设备
885756.TI,芯片,电子,4,后续回流,2026-04-17,2026-04-20,2026-04-22,电子/电力设备/通信,601231.SH,环旭电子,兑现掉队,5.88,26.85,30.47,20日新高,2,抗住且相对强,3.89,10.2,4.51,0,加权Top20+新高+抗住且相对强,共封装光学(CPO)、芯片
885756.TI,芯片,电子,4,后续回流,2026-04-17,2026-04-20,2026-04-22,电子/电力设备/通信,300502.SZ,新易盛,兑现掉队,9.58,238.74,148.02,历史新高,3,补跌但相对强,1.93,5.72,6.81,0,加权Top20+新高+补跌但相对强,共封装光学(CPO)、芯片、通信设备
885756.TI,芯片,电子,4,后续回流,2026-04-17,2026-04-20,2026-04-22,电子/电力设备/通信,300131.SZ,英唐智控,兑现掉队,3.49,20.24,15.7,20日新高,2,抗住且相对强,1.43,14.7,11.37,0,加权Top20+新高+抗住且相对强,共封装光学(CPO)、芯片
885756.TI,芯片,电子,4,后续回流,2026-04-17,2026-04-20,2026-04-22,电子/电力设备/通信,688416.SH,恒烁股份,兑现掉队,6.41,6.49,16.33,20日新高,2,抗住且相对强,6.44,12.99,4.61,0,加权Top20+新高+抗住且相对强,半导体、芯片
885756.TI,芯片,电子,4,后续回流,2026-04-17,2026-04-20,2026-04-22,电子/电力设备/通信,301297.SZ,富乐德,兑现掉队,7.61,7.67,21.08,20日新高,2,抗住且相对强,2.64,13.55,8.97,0,加权Top20+新高+抗住且相对强,半导体、芯片
885756.TI,芯片,电子,4,后续回流,2026-04-17,2026-04-20,2026-04-22,电子/电力设备/通信,603629.SH,利通电子,兑现掉队,10.01,37.47,61.27,历史新高,1,抗住且相对强,0.19,2.62,0.86,0,加权Top20+新高+抗住且相对强,芯片
885756.TI,芯片,电子,4,后续回流,2026-04-17,2026-04-20,2026-04-22,电子/电力设备/通信,300390.SZ,天华新能,兑现掉队,2.46,71.88,20.86,3年新高,1,补跌但相对强,0.47,-3.34,-2.02,0,加权Top20+新高+补跌但相对强,芯片
885756.TI,芯片,电子,4,后续回流,2026-04-17,2026-04-20,2026-04-22,电子/电力设备/通信,603322.SH,超讯通信,兑现掉队,5.05,12.38,17.77,20日新高,1,补跌但相对强,1.53,-5.78,-4.42,0,加权Top20+新高+补跌但相对强,芯片
885756.TI,芯片,电子,4,后续回流,2026-04-17,2026-04-20,2026-04-22,电子/电力设备/通信,300593.SZ,新雷能,兑现掉队,5.56,10.45,17.97,20日新高,1,抗住且相对强,2.73,3.77,2.83,0,加权Top20+新高+抗住且相对强,芯片
885756.TI,芯片,电子,4,后续回流,2026-04-17,2026-04-20,2026-04-22,电子/电力设备/通信,920640.BJ,富士达,兑现掉队,6.8,4.03,13.65,20日新高,2,抗住且相对强,4.38,,,0,加权Top20+新高+抗住且相对强,芯片、通信设备
885756.TI,芯片,电子,8,后续回流,2026-05-11,2026-05-12,2026-05-25,电子/电力设备/通信,603738.SH,泰晶科技,兑现掉队,10.0,13.44,36.66,历史新高,7,抗住且相对强,4.83,-4.87,-9.38,0,加权Top20+新高+抗住且相对强,6G、AI眼镜、MCU芯片、元件、光刻机、共封装光学(CPO)、芯片
885756.TI,芯片,电子,8,后续回流,2026-05-11,2026-05-12,2026-05-25,电子/电力设备/通信,688270.SH,ST臻镭,兑现掉队,11.04,24.81,54.99,,4,抗住且相对强,1.2,-16.32,-17.43,0,加权Top20+双红>=3+抗住且相对强,6G、共封装光学(CPO)、半导体、芯片
885756.TI,芯片,电子,8,后续回流,2026-05-11,2026-05-12,2026-05-25,电子/电力设备/通信,002436.SZ,兴森科技,延续核心,3.62,49.66,25.51,历史新高,7,抗住且相对强,0.7,14.92,13.96,0,加权Top20+新高+抗住且相对强,6G、PCB、元件、先进封装、共封装光学(CPO)、存储芯片、芯片
885756.TI,芯片,电子,8,后续回流,2026-05-11,2026-05-12,2026-05-25,电子/电力设备/通信,603773.SH,沃格光电,延续核心,10.01,20.35,45.16,历史新高,8,抗住且相对强,2.02,3.99,1.79,0,加权Top20+新高+抗住且相对强,6G、先进封装、光刻机、光学光电子、共封装光学(CPO)、存储芯片、芯片、钙钛矿电池
885756.TI,芯片,电子,8,后续回流,2026-05-11,2026-05-12,2026-05-25,电子/电力设备/通信,300782.SZ,卓胜微,兑现掉队,3.46,30.76,19.19,,4,抗住且相对强,2.2,14.74,12.12,0,加权Top20+双红>=3+抗住且相对强,6G、先进封装、半导体、芯片
885756.TI,芯片,电子,8,后续回流,2026-05-11,2026-05-12,2026-05-25,电子/电力设备/通信,301308.SZ,江波龙,兑现掉队,15.97,145.99,192.96,历史新高,7,抗住且相对强,0.75,1.59,0.69,0,加权Top20+新高+抗住且相对强,AI PC、AI手机、AI眼镜、先进封装、半导体、存储芯片、芯片
885756.TI,芯片,电子,8,后续回流,2026-05-11,2026-05-12,2026-05-25,电子/电力设备/通信,002384.SZ,东山精密,兑现掉队,3.27,193.64,45.5,历史新高,7,抗住且相对强,0.39,3.64,3.09,0,加权Top20+新高+抗住且相对强,AI手机、PCB、元件、光纤、共封装光学(CPO)、芯片、高压快充
885756.TI,芯片,电子,8,后续回流,2026-05-11,2026-05-12,2026-05-25,电子/电力设备/通信,688601.SH,力芯微,兑现掉队,12.14,10.75,39.8,20日新高,4,抗住且相对强,8.5,11.95,3.05,0,加权Top20+新高+抗住且相对强,AI手机、AI眼镜、半导体、芯片
885756.TI,芯片,电子,8,后续回流,2026-05-11,2026-05-12,2026-05-25,电子/电力设备/通信,688521.SH,芯原股份,兑现掉队,2.06,90.55,19.6,,6,抗住且相对强,1.58,7.06,5.25,0,加权Top20+双红>=3+抗住且相对强,AI手机、AI眼镜、MCU芯片、先进封装、半导体、芯片
885756.TI,芯片,电子,8,后续回流,2026-05-11,2026-05-12,2026-05-25,电子/电力设备/通信,688123.SH,聚辰股份,兑现掉队,15.98,35.69,95.47,20日新高,5,抗住且相对强,4.59,2.53,-2.1,0,加权Top20+新高+抗住且相对强,AI眼镜、共封装光学(CPO)、半导体、存储芯片、芯片
885756.TI,芯片,电子,8,后续回流,2026-05-11,2026-05-12,2026-05-25,电子/电力设备/通信,600330.SH,天通股份,兑现掉队,10.01,40.95,64.06,历史新高,6,抗住且相对强,1.67,-2.4,-4.13,0,加权Top20+新高+抗住且相对强,AI眼镜、PCB、储能、先进封装、光伏、芯片
885756.TI,芯片,电子,8,后续回流,2026-05-11,2026-05-12,2026-05-25,电子/电力设备/通信,300323.SZ,华灿光电,兑现掉队,4.89,18.33,20.94,3年新高,4,抗住且相对强,6.03,26.92,19.54,0,加权Top20+新高+抗住且相对强,AI眼镜、光学光电子、共封装光学(CPO)、芯片
885756.TI,芯片,电子,8,后续回流,2026-05-11,2026-05-12,2026-05-25,电子/电力设备/通信,688234.SH,天岳先进,兑现掉队,15.27,26.52,78.64,3年新高,3,抗住且相对强,3.66,27.99,23.31,0,加权Top20+新高+抗住且相对强,AI眼镜、半导体、芯片
885756.TI,芯片,电子,8,后续回流,2026-05-11,2026-05-12,2026-05-25,电子/电力设备/通信,300223.SZ,北京君正,延续核心,9.11,69.79,76.11,60日新高,5,抗住且相对强,0.37,-2.85,-3.34,0,加权Top20+新高+抗住且相对强,AI眼镜、MCU芯片、半导体、存储芯片、芯片
885756.TI,芯片,电子,8,后续回流,2026-05-11,2026-05-12,2026-05-25,电子/电力设备/通信,600703.SH,三安光电,兑现掉队,4.97,59.11,38.21,20日新高,6,抗住且相对强,4.1,0.56,-3.53,0,加权Top20+新高+抗住且相对强,AI眼镜、先进封装、光伏、光学光电子、共封装光学(CPO)、芯片
885756.TI,芯片,电子,8,后续回流,2026-05-11,2026-05-12,2026-05-25,电子/电力设备/通信,002475.SZ,立讯精密,兑现掉队,6.69,205.84,95.98,历史新高,8,抗住且相对强,1.35,-1.79,-3.23,0,加权Top20+新高+抗住且相对强,AI眼镜、MR(混合现实)、共封装光学(CPO)、华为手机、消费电子、液冷服务器、芯片、铜缆高速连接
885756.TI,芯片,电子,8,后续回流,2026-05-11,2026-05-12,2026-05-25,电子/电力设备/通信,300537.SZ,广信材料,兑现掉队,8.71,7.57,23.96,120日新高,6,抗住且相对强,1.56,20.6,18.58,0,加权Top20+新高+抗住且相对强,BC电池、PCB、光伏、光刻胶、华为手机、芯片
885756.TI,芯片,电子,8,后续回流,2026-05-11,2026-05-12,2026-05-25,电子/电力设备/通信,688783.SH,西安奕材-U,兑现掉队,11.06,17.76,46.61,120日新高,4,抗住且相对强,0.71,-2.73,-3.55,0,加权Top20+新高+抗住且相对强,MCU芯片、半导体、存储芯片、芯片
885756.TI,芯片,电子,8,后续回流,2026-05-11,2026-05-12,2026-05-25,电子/电力设备/通信,688766.SH,普冉股份,兑现掉队,20.0,38.88,124.71,历史新高,4,抗住且相对强,4.55,10.23,5.3,0,加权Top20+新高+抗住且相对强,MCU芯片、半导体、存储芯片、芯片
885756.TI,芯片,电子,8,后续回流,2026-05-11,2026-05-12,2026-05-25,电子/电力设备/通信,688536.SH,思瑞浦,兑现掉队,12.17,27.71,64.06,2年新高,5,抗住且相对强,3.97,12.81,8.36,0,加权Top20+新高+抗住且相对强,MCU芯片、储能、共封装光学(CPO)、半导体、芯片
885756.TI,芯片,电子,8,后续回流,2026-05-11,2026-05-12,2026-05-25,电子/电力设备/通信,600198.SH,大唐电信,兑现掉队,9.95,6.33,25.03,20日新高,4,抗住且相对强,1.23,-7.92,-11.39,0,加权Top20+新高+抗住且相对强,MCU芯片、半导体、芯片、通信设备
885756.TI,芯片,电子,8,后续回流,2026-05-11,2026-05-12,2026-05-25,电子/电力设备/通信,688372.SH,伟测科技,兑现掉队,3.85,20.63,17.49,,5,抗住且相对强,1.0,12.04,10.77,0,加权Top20+双红>=3+抗住且相对强,MCU芯片、先进封装、半导体、存储芯片、芯片
885756.TI,芯片,电子,8,后续回流,2026-05-11,2026-05-12,2026-05-25,电子/电力设备/通信,688603.SH,天承科技,兑现掉队,20.0,11.43,67.62,历史新高,3,抗住且相对强,8.59,51.02,38.89,0,加权Top20+新高+抗住且相对强,PCB、先进封装、芯片
885756.TI,芯片,电子,8,后续回流,2026-05-11,2026-05-12,2026-05-25,电子/电力设备/通信,300903.SZ,科翔股份,兑现掉队,4.55,22.93,21.79,历史新高,7,抗住且相对强,13.9,36.51,19.71,0,加权Top20+新高+抗住且相对强,PCB、储能、元件、先进封装、共封装光学(CPO)、存储芯片、芯片
885756.TI,芯片,电子,8,后续回流,2026-05-11,2026-05-12,2026-05-25,电子/电力设备/通信,300820.SZ,英杰电气,兑现掉队,8.05,7.11,21.46,20日新高,6,抗住且相对强,1.45,23.67,23.17,0,加权Top20+新高+抗住且相对强,TOPCON电池、储能、光伏、可控核聚变、氢能源、芯片
885756.TI,芯片,电子,8,后续回流,2026-05-11,2026-05-12,2026-05-25,电子/电力设备/通信,688551.SH,科威尔,兑现掉队,20.01,5.11,45.23,2年新高,4,抗住且相对强,4.26,18.95,15.26,0,加权Top20+新高+抗住且相对强,储能、光伏、氢能源、芯片
885756.TI,芯片,电子,8,后续回流,2026-05-11,2026-05-12,2026-05-25,电子/电力设备/通信,688141.SH,杰华特,兑现掉队,11.54,27.1,60.07,历史新高,3,抗住且相对强,5.15,-1.33,-6.28,0,加权Top20+新高+抗住且相对强,储能、半导体、芯片
885756.TI,芯片,电子,8,后续回流,2026-05-11,2026-05-12,2026-05-25,电子/电力设备/通信,600869.SH,远东股份,兑现掉队,9.98,25.23,50.13,历史新高,11,抗住且相对强,11.04,0.86,-8.3,0,加权Top20+新高+抗住且相对强,储能、光伏、光纤、可控核聚变、液冷服务器、特高压、电网设备、芯片、铜缆高速连接、雅下水电、风电
885756.TI,芯片,电子,8,后续回流,2026-05-11,2026-05-12,2026-05-25,电子/电力设备/通信,601179.SH,中国西电,兑现掉队,5.29,57.39,40.08,,8,抗住且相对强,7.13,-8.01,-13.28,0,加权Top20+双红>=3+抗住且相对强,储能、光伏、可控核聚变、特高压、电网设备、芯片、超级电容、风电
885756.TI,芯片,电子,8,后续回流,2026-05-11,2026-05-12,2026-05-25,电子/电力设备/通信,600406.SH,国电南瑞,兑现掉队,2.95,66.48,24.05,20日新高,8,抗住且相对强,1.24,-2.2,-2.38,0,加权Top20+新高+抗住且相对强,储能、光伏、氢能源、特高压、电网设备、芯片、虚拟电厂、雅下水电
885756.TI,芯片,电子,8,后续回流,2026-05-11,2026-05-12,2026-05-25,电子/电力设备/通信,688545.SH,兴福电子,兑现掉队,20.0,20.28,90.07,历史新高,4,抗住且相对强,5.68,7.35,1.45,0,加权Top20+新高+抗住且相对强,先进封装、光刻胶、存储芯片、芯片
885756.TI,芯片,电子,8,后续回流,2026-05-11,2026-05-12,2026-05-25,电子/电力设备/通信,688256.SH,寒武纪,延续核心,1.48,275.09,24.55,,3,抗住且相对强,6.35,17.21,10.07,0,加权Top20+双红>=3+抗住且相对强,先进封装、半导体、芯片
885756.TI,芯片,电子,8,后续回流,2026-05-11,2026-05-12,2026-05-25,电子/电力设备/通信,300398.SZ,飞凯材料,兑现掉队,8.05,32.51,45.9,历史新高,6,抗住且相对强,1.78,8.48,6.44,0,加权Top20+新高+抗住且相对强,先进封装、光伏、光刻胶、光纤、存储芯片、芯片
885756.TI,芯片,电子,8,后续回流,2026-05-11,2026-05-12,2026-05-25,电子/电力设备/通信,688535.SH,华海诚科,兑现掉队,5.77,11.08,19.21,历史新高,5,抗住且相对强,0.82,28.88,27.66,0,加权Top20+新高+抗住且相对强,先进封装、光伏、半导体、存储芯片、芯片
885756.TI,芯片,电子,8,后续回流,2026-05-11,2026-05-12,2026-05-25,电子/电力设备/通信,688072.SH,拓荆科技,延续核心,8.88,41.71,57.35,历史新高,5,抗住且相对强,0.42,43.0,42.2,0,加权Top20+新高+抗住且相对强,先进封装、半导体、半导体设备、存储芯片、芯片
885756.TI,芯片,电子,8,后续回流,2026-05-11,2026-05-12,2026-05-25,电子/电力设备/通信,605111.SH,新洁能,延续核心,5.75,18.52,24.75,20日新高,4,抗住且相对强,2.13,34.28,31.3,0,加权Top20+新高+抗住且相对强,先进封装、光伏、半导体、芯片
885756.TI,芯片,电子,8,后续回流,2026-05-11,2026-05-12,2026-05-25,电子/电力设备/通信,688037.SH,芯源微,兑现掉队,3.73,30.28,20.53,,6,抗住且相对强,15.62,22.1,5.48,0,加权Top20+双红>=3+抗住且相对强,先进封装、光刻胶、半导体、半导体设备、存储芯片、芯片
885756.TI,芯片,电子,8,后续回流,2026-05-11,2026-05-12,2026-05-25,电子/电力设备/通信,688392.SH,XD骄成超,兑现掉队,10.96,8.88,32.66,历史新高,3,抗住且相对强,3.9,5.59,2.66,0,加权Top20+新高+抗住且相对强,先进封装、液冷服务器、芯片
885756.TI,芯片,电子,8,后续回流,2026-05-11,2026-05-12,2026-05-25,电子/电力设备/通信,688019.SH,安集科技,延续核心,5.55,18.49,23.86,20日新高,4,抗住且相对强,0.34,21.84,21.26,0,加权Top20+新高+抗住且相对强,先进封装、光刻胶、存储芯片、芯片
885756.TI,芯片,电子,8,后续回流,2026-05-11,2026-05-12,2026-05-25,电子/电力设备/通信,688120.SH,华海清科,延续核心,5.59,16.73,22.86,历史新高,5,抗住且相对强,13.51,42.59,25.46,0,加权Top20+新高+抗住且相对强,先进封装、半导体、半导体设备、存储芯片、芯片
885756.TI,芯片,电子,8,后续回流,2026-05-11,2026-05-12,2026-05-25,电子/电力设备/通信,688012.SH,中微公司,兑现掉队,3.69,87.68,34.55,,5,抗住且相对强,1.11,26.5,24.93,0,加权Top20+双红>=3+抗住且相对强,先进封装、半导体、半导体设备、存储芯片、芯片
885756.TI,芯片,电子,8,后续回流,2026-05-11,2026-05-12,2026-05-25,电子/电力设备/通信,002371.SZ,北方华创,兑现掉队,5.99,82.26,54.33,历史新高,5,抗住且相对强,1.3,21.81,20.08,0,加权Top20+新高+抗住且相对强,光伏、半导体、半导体设备、存储芯片、芯片
885756.TI,芯片,电子,8,后续回流,2026-05-11,2026-05-12,2026-05-25,电子/电力设备/通信,688146.SH,中船特气,兑现掉队,20.0,25.22,100.44,历史新高,2,抗住且相对强,2.15,40.2,37.07,0,加权Top20+新高+抗住且相对强,光刻机、芯片
885756.TI,芯片,电子,8,后续回流,2026-05-11,2026-05-12,2026-05-25,电子/电力设备/通信,688127.SH,蓝特光学,兑现掉队,5.14,12.74,18.35,历史新高,4,抗住且相对强,1.37,5.43,3.86,0,加权Top20+新高+抗住且相对强,光刻机、光学光电子、共封装光学(CPO)、芯片
885756.TI,芯片,电子,8,后续回流,2026-05-11,2026-05-12,2026-05-25,电子/电力设备/通信,688205.SH,德科立,兑现掉队,6.99,42.07,45.34,,4,抗住且相对强,6.13,-3.04,-10.9,0,加权Top20+双红>=3+抗住且相对强,光纤、共封装光学(CPO)、芯片、通信设备
885756.TI,芯片,电子,8,后续回流,2026-05-11,2026-05-12,2026-05-25,电子/电力设备/通信,688498.SH,源杰科技,兑现掉队,3.11,53.9,22.83,历史新高,4,抗住且相对强,6.45,-33.24,-37.37,0,加权Top20+新高+抗住且相对强,光纤、共封装光学(CPO)、半导体、芯片
885756.TI,芯片,电子,8,后续回流,2026-05-11,2026-05-12,2026-05-25,电子/电力设备/通信,300661.SZ,圣邦股份,兑现掉队,11.31,52.72,82.12,3年新高,4,抗住且相对强,4.92,20.53,14.72,0,加权Top20+新高+抗住且相对强,共封装光学(CPO)、半导体、存储芯片、芯片
885756.TI,芯片,电子,8,后续回流,2026-05-11,2026-05-12,2026-05-25,电子/电力设备/通信,300308.SZ,中际旭创,兑现掉队,6.11,293.99,104.76,历史新高,4,抗住且相对强,5.6,16.26,7.37,0,加权Top20+新高+抗住且相对强,共封装光学(CPO)、液冷服务器、芯片、通信设备
885756.TI,芯片,电子,8,后续回流,2026-05-11,2026-05-12,2026-05-25,电子/电力设备/通信,300502.SZ,新易盛,兑现掉队,2.18,318.12,38.88,,3,抗住且相对强,2.43,16.91,11.22,0,加权Top20+双红>=3+抗住且相对强,共封装光学(CPO)、芯片、通信设备
885756.TI,芯片,电子,8,后续回流,2026-05-11,2026-05-12,2026-05-25,电子/电力设备/通信,920186.BJ,中科仪,兑现掉队,25.05,22.9,119.87,历史新高,4,抗住且相对强,1.96,,,0,加权Top20+新高+抗住且相对强,半导体、半导体设备、存储芯片、芯片
885756.TI,芯片,电子,8,后续回流,2026-05-11,2026-05-12,2026-05-25,电子/电力设备/通信,688693.SH,锴威特,兑现掉队,14.95,10.14,47.61,历史新高,2,抗住且相对强,11.17,0.24,-9.94,0,加权Top20+新高+抗住且相对强,半导体、芯片
885756.TI,芯片,电子,8,后续回流,2026-05-11,2026-05-12,2026-05-25,电子/电力设备/通信,301629.SZ,矽电股份,兑现掉队,12.17,15.9,48.53,历史新高,4,抗住且相对强,4.48,5.79,1.12,0,加权Top20+新高+抗住且相对强,半导体、半导体设备、存储芯片、芯片
885756.TI,芯片,电子,8,后续回流,2026-05-11,2026-05-12,2026-05-25,电子/电力设备/通信,688126.SH,沪硅产业,兑现掉队,5.22,38.68,32.46,120日新高,3,抗住且相对强,4.28,20.09,15.0,0,加权Top20+新高+抗住且相对强,半导体、存储芯片、芯片
885756.TI,芯片,电子,8,后续回流,2026-05-11,2026-05-12,2026-05-25,电子/电力设备/通信,688785.SH,恒运昌,兑现掉队,9.14,6.48,23.27,20日新高,3,抗住且相对强,9.73,11.75,1.72,0,加权Top20+新高+抗住且相对强,半导体、半导体设备、芯片
885756.TI,芯片,电子,8,后续回流,2026-05-11,2026-05-12,2026-05-25,电子/电力设备/通信,688652.SH,京仪装备,兑现掉队,10.28,15.79,40.85,历史新高,4,抗住且相对强,2.26,11.37,8.76,0,加权Top20+新高+抗住且相对强,半导体、半导体设备、存储芯片、芯片
885756.TI,芯片,电子,8,后续回流,2026-05-11,2026-05-12,2026-05-25,电子/电力设备/通信,603061.SH,金海通,兑现掉队,10.0,12.7,35.64,历史新高,3,抗住且相对强,9.86,14.01,3.64,0,加权Top20+新高+抗住且相对强,半导体、半导体设备、芯片
885756.TI,芯片,电子,8,后续回流,2026-05-11,2026-05-12,2026-05-25,电子/电力设备/通信,688508.SH,芯朋微,兑现掉队,6.18,12.35,21.72,,3,抗住且相对强,7.69,7.88,0.04,0,加权Top20+双红>=3+抗住且相对强,半导体、芯片、高压快充
885756.TI,芯片,电子,8,后续回流,2026-05-11,2026-05-12,2026-05-25,电子/电力设备/通信,688200.SH,华峰测控,兑现掉队,8.42,12.05,29.23,,3,抗住且相对强,1.51,25.83,23.8,0,加权Top20+双红>=3+抗住且相对强,半导体、半导体设备、芯片
885756.TI,芯片,电子,9,后续回流,2026-05-25,2026-05-26,2026-06-03,电子/电力设备/机械设备,000988.SZ,华工科技,兑现掉队,10.0,178.98,133.78,历史新高,8,补跌但相对强,0.62,-10.21,-9.35,0,加权Top20+新高+补跌但相对强,3D打印、PCB、先进封装、共封装光学(CPO)、存储芯片、芯片、铜缆高速连接、高压快充
885756.TI,芯片,电子,9,后续回流,2026-05-25,2026-05-26,2026-06-03,电子/电力设备/机械设备,300606.SZ,金太阳,兑现掉队,7.9,7.53,21.68,,4,补跌但相对强,1.0,-18.59,-18.13,0,加权Top20+双红>=3+补跌但相对强,3D打印、PCB、存储芯片、芯片
885756.TI,芯片,电子,9,后续回流,2026-05-25,2026-05-26,2026-06-03,电子/电力设备/机械设备,300223.SZ,北京君正,兑现掉队,2.54,41.58,16.38,,5,抗住且相对强,6.19,1.72,-3.5,0,加权Top20+双红>=3+抗住且相对强,3D打印、MCU芯片、半导体、存储芯片、芯片
885756.TI,芯片,电子,9,后续回流,2026-05-25,2026-05-26,2026-06-03,电子/电力设备/机械设备,601615.SH,明阳智能,兑现掉队,4.41,31.76,24.85,20日新高,3,抗住且相对强,7.2,-15.12,-20.43,0,加权Top20+新高+抗住且相对强,HJT电池、芯片、风电
885756.TI,芯片,电子,9,后续回流,2026-05-25,2026-05-26,2026-06-03,电子/电力设备/机械设备,688362.SH,甬矽电子,兑现掉队,20.0,33.41,115.6,历史新高,4,抗住且相对强,12.65,-9.74,-19.32,0,加权Top20+新高+抗住且相对强,MCU芯片、先进封装、半导体、芯片
885756.TI,芯片,电子,9,后续回流,2026-05-25,2026-05-26,2026-06-03,电子/电力设备/机械设备,603986.SH,兆易创新,延续核心,10.0,293.88,171.43,历史新高,4,抗住且相对强,2.84,-4.53,-6.46,0,加权Top20+新高+抗住且相对强,MCU芯片、半导体、存储芯片、芯片
885756.TI,芯片,电子,9,后续回流,2026-05-25,2026-05-26,2026-06-03,电子/电力设备/机械设备,688172.SH,燕东微,兑现掉队,11.47,17.24,47.62,历史新高,3,抗住且相对强,5.78,9.04,3.84,0,加权Top20+新高+抗住且相对强,MCU芯片、半导体、芯片
885756.TI,芯片,电子,9,后续回流,2026-05-25,2026-05-26,2026-06-03,电子/电力设备/机械设备,688352.SH,颀中科技,兑现掉队,15.67,9.43,48.12,3年新高,4,抗住且相对强,10.23,32.33,20.91,0,加权Top20+新高+抗住且相对强,MCU芯片、先进封装、半导体、芯片
885756.TI,芯片,电子,9,后续回流,2026-05-25,2026-05-26,2026-06-03,电子/电力设备/机械设备,301563.SZ,云汉芯城,兑现掉队,16.67,11.86,57.41,120日新高,5,补跌但相对强,0.67,3.2,3.31,0,加权Top20+新高+补跌但相对强,MCU芯片、MLCC、PCB、存储芯片、芯片
885756.TI,芯片,电子,9,后续回流,2026-05-25,2026-05-26,2026-06-03,电子/电力设备/机械设备,300975.SZ,商络电子,兑现掉队,20.0,28.19,106.19,历史新高,4,抗住且相对强,6.99,56.03,46.9,0,加权Top20+新高+抗住且相对强,MCU芯片、MLCC、存储芯片、芯片
885756.TI,芯片,电子,9,后续回流,2026-05-25,2026-05-26,2026-06-03,电子/电力设备/机械设备,688469.SH,芯联集成-U,兑现掉队,8.27,25.27,41.57,,4,抗住且相对强,1.39,-5.82,-6.39,0,加权Top20+双红>=3+抗住且相对强,MCU芯片、半导体、特高压、芯片
885756.TI,芯片,电子,9,后续回流,2026-05-25,2026-05-26,2026-06-03,电子/电力设备/机械设备,300219.SZ,鸿利智汇,兑现掉队,6.52,7.34,17.66,3年新高,2,抗住且相对强,5.79,-7.13,-11.56,0,加权Top20+新高+抗住且相对强,MR(混合现实)、芯片
885756.TI,芯片,电子,9,后续回流,2026-05-25,2026-05-26,2026-06-03,电子/电力设备/机械设备,603186.SH,华正新材,兑现掉队,5.98,29.72,32.6,历史新高,3,抗住且相对强,1.81,-9.71,-10.63,0,加权Top20+新高+抗住且相对强,PCB、先进封装、芯片
885756.TI,芯片,电子,9,后续回流,2026-05-25,2026-05-26,2026-06-03,电子/电力设备/机械设备,002916.SZ,深南电路,兑现掉队,5.74,64.73,46.18,历史新高,4,抗住且相对强,5.66,-4.5,-8.94,0,加权Top20+新高+抗住且相对强,PCB、先进封装、存储芯片、芯片
885756.TI,芯片,电子,9,后续回流,2026-05-25,2026-05-26,2026-06-03,电子/电力设备/机械设备,600183.SH,生益科技,兑现掉队,7.88,91.02,75.18,历史新高,5,抗住且相对强,10.78,21.09,10.08,0,加权Top20+新高+抗住且相对强,PCB、先进封装、共封装光学(CPO)、存储芯片、芯片
885756.TI,芯片,电子,9,后续回流,2026-05-25,2026-05-26,2026-06-03,电子/电力设备/机械设备,002463.SZ,沪电股份,兑现掉队,7.43,121.17,81.79,历史新高,2,抗住且相对强,9.61,5.92,-2.67,0,加权Top20+新高+抗住且相对强,PCB、芯片
885756.TI,芯片,电子,9,后续回流,2026-05-25,2026-05-26,2026-06-03,电子/电力设备/机械设备,301568.SZ,思泰克,兑现掉队,6.16,7.87,17.28,2年新高,3,抗住且相对强,3.61,13.57,11.29,0,加权Top20+新高+抗住且相对强,PCB、光刻胶、芯片
885756.TI,芯片,电子,9,后续回流,2026-05-25,2026-05-26,2026-06-03,电子/电力设备/机械设备,301366.SZ,一博科技,兑现掉队,8.27,7.51,22.66,1年新高,4,抗住且相对强,3.58,15.83,12.67,0,加权Top20+新高+抗住且相对强,PCB、共封装光学(CPO)、芯片、英伟达
885756.TI,芯片,电子,9,后续回流,2026-05-25,2026-05-26,2026-06-03,电子/电力设备/机械设备,002741.SZ,光华科技,兑现掉队,10.02,12.28,35.11,3年新高,4,抗住且相对强,1.6,1.15,0.32,0,加权Top20+新高+抗住且相对强,PCB、先进封装、共封装光学(CPO)、芯片
885756.TI,芯片,电子,9,后续回流,2026-05-25,2026-05-26,2026-06-03,电子/电力设备/机械设备,002436.SZ,兴森科技,兑现掉队,7.62,74.18,65.63,历史新高,5,补跌但相对强,0.75,4.46,4.49,0,加权Top20+新高+补跌但相对强,PCB、先进封装、共封装光学(CPO)、存储芯片、芯片
885756.TI,芯片,电子,9,后续回流,2026-05-25,2026-05-26,2026-06-03,电子/电力设备/机械设备,688720.SH,艾森股份,兑现掉队,12.76,10.91,42.15,,6,抗住且相对强,5.51,-14.47,-18.33,0,加权Top20+双红>=3+抗住且相对强,PCB、先进封装、光刻胶、半导体、存储芯片、芯片
885756.TI,芯片,电子,9,后续回流,2026-05-25,2026-05-26,2026-06-03,电子/电力设备/机械设备,603203.SH,快克智能,兑现掉队,10.0,8.55,29.24,,5,抗住且相对强,5.06,2.18,-1.28,0,加权Top20+双红>=3+抗住且相对强,PCB、先进封装、共封装光学(CPO)、存储芯片、芯片
885756.TI,芯片,电子,9,后续回流,2026-05-25,2026-05-26,2026-06-03,电子/电力设备/机械设备,300476.SZ,胜宏科技,延续核心,2.13,275.43,35.35,历史新高,4,抗住且相对强,3.24,-7.84,-10.05,0,加权Top20+新高+抗住且相对强,PCB、共封装光学(CPO)、芯片、英伟达
885756.TI,芯片,电子,9,后续回流,2026-05-25,2026-05-26,2026-06-03,电子/电力设备/机械设备,920125.BJ,鸿仕达,兑现掉队,20.33,5.74,48.71,历史新高,3,抗住且相对强,17.61,,,0,加权Top20+新高+抗住且相对强,PCB、先进封装、芯片
885756.TI,芯片,电子,9,后续回流,2026-05-25,2026-05-26,2026-06-03,电子/电力设备/机械设备,600584.SH,长电科技,兑现掉队,10.0,210.49,145.08,历史新高,5,抗住且相对强,10.78,-0.05,-9.14,0,加权Top20+新高+抗住且相对强,先进封装、共封装光学(CPO)、半导体、存储芯片、芯片
885756.TI,芯片,电子,9,后续回流,2026-05-25,2026-05-26,2026-06-03,电子/电力设备/机械设备,688072.SH,拓荆科技,兑现掉队,16.86,97.23,166.25,历史新高,5,抗住且相对强,4.8,-14.63,-17.93,0,加权Top20+新高+抗住且相对强,先进封装、半导体、半导体设备、存储芯片、芯片
885756.TI,芯片,电子,9,后续回流,2026-05-25,2026-05-26,2026-06-03,电子/电力设备/机械设备,688082.SH,盛美上海,延续核心,17.75,45.93,120.29,历史新高,5,抗住且相对强,3.16,0.77,-1.57,0,加权Top20+新高+抗住且相对强,先进封装、半导体、半导体设备、存储芯片、芯片
885756.TI,芯片,电子,9,后续回流,2026-05-25,2026-05-26,2026-06-03,电子/电力设备/机械设备,603005.SH,晶方科技,延续核心,9.99,45.1,67.09,3年新高,4,抗住且相对强,5.54,-5.85,-10.13,0,加权Top20+新高+抗住且相对强,先进封装、光刻胶、半导体、芯片
885756.TI,芯片,电子,9,后续回流,2026-05-25,2026-05-26,2026-06-03,电子/电力设备/机械设备,605111.SH,新洁能,兑现掉队,10.01,5.66,23.81,3年新高,3,抗住且相对强,2.57,2.28,0.48,0,加权Top20+新高+抗住且相对强,先进封装、半导体、芯片
885756.TI,芯片,电子,9,后续回流,2026-05-25,2026-05-26,2026-06-03,电子/电力设备/机械设备,000725.SZ,京东方Ａ,延续核心,2.13,224.99,31.95,3年新高,2,抗住且相对强,10.27,6.07,-3.12,0,加权Top20+新高+抗住且相对强,先进封装、芯片
885756.TI,芯片,电子,9,后续回流,2026-05-25,2026-05-26,2026-06-03,电子/电力设备/机械设备,603773.SH,沃格光电,兑现掉队,4.03,22.56,19.14,,4,抗住且相对强,10.78,42.78,29.8,0,加权Top20+双红>=3+抗住且相对强,先进封装、共封装光学(CPO)、存储芯片、芯片
885756.TI,芯片,电子,9,后续回流,2026-05-25,2026-05-26,2026-06-03,电子/电力设备/机械设备,002156.SZ,通富微电,兑现掉队,9.99,153.43,123.74,历史新高,5,抗住且相对强,8.82,0.63,-6.86,0,加权Top20+新高+抗住且相对强,先进封装、共封装光学(CPO)、半导体、存储芯片、芯片
885756.TI,芯片,电子,9,后续回流,2026-05-25,2026-05-26,2026-06-03,电子/电力设备/机械设备,688256.SH,寒武纪,兑现掉队,9.37,240.28,145.24,,3,抗住且相对强,1.1,-2.02,-2.33,0,加权Top20+双红>=3+抗住且相对强,先进封装、半导体、芯片
885756.TI,芯片,电子,9,后续回流,2026-05-25,2026-05-26,2026-06-03,电子/电力设备/机械设备,002185.SZ,华天科技,兑现掉队,9.98,48.35,69.4,3年新高,5,抗住且相对强,10.8,12.91,2.62,0,加权Top20+新高+抗住且相对强,先进封装、共封装光学(CPO)、半导体、存储芯片、芯片
885756.TI,芯片,电子,9,后续回流,2026-05-25,2026-05-26,2026-06-03,电子/电力设备/机械设备,688019.SH,安集科技,兑现掉队,5.79,29.98,31.7,,4,抗住且相对强,3.84,-15.25,-17.77,0,加权Top20+双红>=3+抗住且相对强,先进封装、光刻胶、存储芯片、芯片
885756.TI,芯片,电子,9,后续回流,2026-05-25,2026-05-26,2026-06-03,电子/电力设备/机械设备,688820.SH,盛合晶微,延续核心,13.82,95.84,135.29,历史新高,4,抗住且相对强,7.82,-12.66,-18.41,0,加权Top20+新高+抗住且相对强,先进封装、半导体、存储芯片、芯片
885756.TI,芯片,电子,9,后续回流,2026-05-25,2026-05-26,2026-06-03,电子/电力设备/机械设备,600520.SH,三佳科技,兑现掉队,9.99,4.51,21.22,1年新高,2,抗住且相对强,11.57,-12.16,-20.15,0,加权Top20+新高+抗住且相对强,先进封装、芯片
885756.TI,芯片,电子,9,后续回流,2026-05-25,2026-05-26,2026-06-03,电子/电力设备/机械设备,000021.SZ,深科技,延续核心,9.06,94.37,88.01,历史新高,6,抗住且相对强,4.67,-6.93,-10.41,0,加权Top20+新高+抗住且相对强,先进封装、共封装光学(CPO)、存储芯片、消费电子、芯片、超级电容
885756.TI,芯片,电子,9,后续回流,2026-05-25,2026-05-26,2026-06-03,电子/电力设备/机械设备,002119.SZ,康强电子,兑现掉队,6.93,14.71,26.58,60日新高,4,抗住且相对强,1.38,-4.17,-4.74,0,加权Top20+新高+抗住且相对强,先进封装、半导体、存储芯片、芯片
885756.TI,芯片,电子,9,后续回流,2026-05-25,2026-05-26,2026-06-03,电子/电力设备/机械设备,688120.SH,华海清科,兑现掉队,6.78,39.97,42.86,,5,补跌但相对强,0.72,-15.98,-15.93,0,加权Top20+双红>=3+补跌但相对强,先进封装、半导体、半导体设备、存储芯片、芯片
885756.TI,芯片,电子,9,后续回流,2026-05-25,2026-05-26,2026-06-03,电子/电力设备/机械设备,300054.SZ,鼎龙股份,延续核心,5.48,38.91,34.18,,4,抗住且相对强,4.09,-8.57,-11.5,0,加权Top20+双红>=3+抗住且相对强,先进封装、光刻胶、存储芯片、芯片
885756.TI,芯片,电子,9,后续回流,2026-05-25,2026-05-26,2026-06-03,电子/电力设备/机械设备,300322.SZ,硕贝德,兑现掉队,8.82,18.56,38.0,,3,抗住且相对强,1.77,-15.95,-16.77,0,加权Top20+双红>=3+抗住且相对强,先进封装、消费电子、芯片
885756.TI,芯片,电子,9,后续回流,2026-05-25,2026-05-26,2026-06-03,电子/电力设备/机械设备,603931.SH,格林达,兑现掉队,8.6,6.7,22.26,历史新高,2,抗住且相对强,2.04,1.74,0.47,0,加权Top20+新高+抗住且相对强,光刻胶、芯片
885756.TI,芯片,电子,9,后续回流,2026-05-25,2026-05-26,2026-06-03,电子/电力设备/机械设备,601138.SH,工业富联,兑现掉队,4.68,184.56,63.58,,4,补跌但相对强,0.32,15.29,15.82,0,加权Top20+双红>=3+补跌但相对强,共封装光学(CPO)、消费电子、芯片、英伟达
885756.TI,芯片,电子,9,后续回流,2026-05-25,2026-05-26,2026-06-03,电子/电力设备/机械设备,688347.SH,华虹公司,延续核心,20.0,99.77,199.77,历史新高,3,抗住且相对强,4.33,8.58,4.86,0,加权Top20+新高+抗住且相对强,半导体、存储芯片、芯片
885756.TI,芯片,电子,9,后续回流,2026-05-25,2026-05-26,2026-06-03,电子/电力设备/机械设备,300672.SZ,国科微,兑现掉队,12.29,61.47,96.36,历史新高,3,补跌但相对强,0.4,-8.8,-8.44,0,加权Top20+新高+补跌但相对强,半导体、存储芯片、芯片
885756.TI,芯片,电子,9,后续回流,2026-05-25,2026-05-26,2026-06-03,电子/电力设备/机械设备,301369.SZ,联动科技,兑现掉队,6.51,6.34,16.39,,3,抗住且相对强,4.57,-9.17,-12.49,0,加权Top20+双红>=3+抗住且相对强,半导体、半导体设备、芯片
885756.TI,芯片,电子,9,后续回流,2026-05-25,2026-05-26,2026-06-03,电子/电力设备/机械设备,300373.SZ,扬杰科技,兑现掉队,10.26,40.87,65.59,历史新高,4,抗住且相对强,3.57,11.11,8.09,0,加权Top20+新高+抗住且相对强,半导体、芯片、英伟达、高压快充
885756.TI,芯片,电子,9,后续回流,2026-05-25,2026-05-26,2026-06-03,电子/电力设备/机械设备,002438.SZ,江苏神通,兑现掉队,9.98,3.78,19.4,20日新高,3,补跌但相对强,1.45,-5.46,-5.36,0,加权Top20+新高+补跌但相对强,可控核聚变、芯片、风电
885756.TI,芯片,电子,9,后续回流,2026-05-25,2026-05-26,2026-06-03,电子/电力设备/机械设备,000670.SZ,盈方微,兑现掉队,3.93,17.39,16.39,60日新高,2,抗住且相对强,8.35,-4.97,-11.66,0,加权Top20+新高+抗住且相对强,存储芯片、芯片
885756.TI,芯片,电子,9,后续回流,2026-05-25,2026-05-26,2026-06-03,电子/电力设备/机械设备,300976.SZ,达瑞电子,兑现掉队,11.63,6.57,29.81,3年新高,2,抗住且相对强,3.14,-29.23,-30.86,0,加权Top20+新高+抗住且相对强,消费电子、芯片
885756.TI,芯片,电子,9,后续回流,2026-05-25,2026-05-26,2026-06-03,电子/电力设备/机械设备,603629.SH,利通电子,兑现掉队,3.25,70.63,27.31,历史新高,3,抗住且相对强,5.7,2.91,-1.92,0,加权Top20+新高+抗住且相对强,消费电子、芯片、英伟达
885756.TI,芯片,电子,9,后续回流,2026-05-25,2026-05-26,2026-06-03,电子/电力设备/机械设备,300593.SZ,新雷能,兑现掉队,17.05,34.42,100.03,3年新高,1,抗住且相对强,4.2,-9.36,-12.56,0,加权Top20+新高+抗住且相对强,芯片
885756.TI,芯片,电子,9,后续回流,2026-05-25,2026-05-26,2026-06-03,电子/电力设备/机械设备,920725.BJ,惠丰钻石,兑现掉队,11.01,3.65,21.03,60日新高,1,抗住且相对强,6.52,,,0,加权Top20+新高+抗住且相对强,芯片
885756.TI,芯片,电子,9,后续回流,2026-05-25,2026-05-26,2026-06-03,电子/电力设备/机械设备,003019.SZ,宸展光电,兑现掉队,8.66,6.48,22.04,120日新高,1,抗住且相对强,7.69,-1.47,-7.84,0,加权Top20+新高+抗住且相对强,芯片
885756.TI,芯片,电子,9,后续回流,2026-05-25,2026-05-26,2026-06-03,电子/电力设备/机械设备,300151.SZ,昌红科技,兑现掉队,9.01,9.99,28.48,3年新高,1,抗住且相对强,3.04,4.58,3.05,0,加权Top20+新高+抗住且相对强,芯片
885756.TI,芯片,电子,9,后续回流,2026-05-25,2026-05-26,2026-06-03,电子/电力设备/机械设备,002851.SZ,麦格米特,兑现掉队,10.0,39.27,62.67,,5,抗住且相对强,4.78,19.36,14.49,0,加权Top20+双红>=3+抗住且相对强,芯片、英伟达、超级电容、风电、高压快充
886048.TI,英伟达,电子,1,周期首发,2026-04-08,2026-04-09,2026-04-10,电子/电力设备/通信,001287.SZ,中电港,延续核心,10.02,8.32,28.9,,5,抗住且相对强,0.78,4.59,3.28,0,加权Top20+双红>=3+抗住且相对强,MCU芯片、储能、存储芯片、芯片、英伟达
886048.TI,英伟达,电子,1,周期首发,2026-04-08,2026-04-09,2026-04-10,电子/电力设备/通信,002851.SZ,麦格米特,兑现掉队,9.29,17.48,38.84,,6,抗住且相对强,0.64,2.55,2.48,0,加权Top20+双红>=3+抗住且相对强,储能、光伏、芯片、英伟达、风电、高压快充
886048.TI,英伟达,电子,1,周期首发,2026-04-08,2026-04-09,2026-04-10,电子/电力设备/通信,300394.SZ,天孚通信,兑现掉队,6.19,153.98,76.81,,5,抗住且相对强,1.93,6.5,3.46,0,加权Top20+双红>=3+抗住且相对强,先进封装、光纤、共封装光学(CPO)、英伟达、通信设备
886048.TI,英伟达,电子,1,周期首发,2026-04-08,2026-04-09,2026-04-10,电子/电力设备/通信,603629.SH,利通电子,兑现掉队,10.0,19.76,44.45,,4,抗住且相对强,5.5,3.24,-2.6,0,加权Top20+双红>=3+抗住且相对强,消费电子、液冷服务器、芯片、英伟达
886048.TI,英伟达,电子,2,后续回流,2026-04-10,2026-04-13,2026-04-14,电子/电力设备/通信,300476.SZ,胜宏科技,兑现掉队,4.23,140.27,50.1,,8,抗住且相对强,2.08,6.98,3.97,0,加权Top20+双红>=3+抗住且相对强,AI PC、AI手机、储能、元件、光伏、共封装光学(CPO)、芯片、英伟达
886048.TI,英伟达,电子,2,后续回流,2026-04-10,2026-04-13,2026-04-14,电子/电力设备/通信,002600.SZ,领益智造,兑现掉队,2.41,14.09,9.05,,9,抗住且相对强,0.22,1.98,0.95,0,加权Top20+双红>=3+抗住且相对强,AI PC、AI手机、AI眼镜、储能、光伏、共封装光学(CPO)、消费电子、液冷服务器、英伟达
886048.TI,英伟达,电子,2,后续回流,2026-04-10,2026-04-13,2026-04-14,电子/电力设备/通信,001287.SZ,中电港,兑现掉队,3.28,13.72,12.15,20日新高,5,抗住且相对强,1.2,1.4,-0.59,0,加权Top20+新高+抗住且相对强,MCU芯片、储能、存储芯片、芯片、英伟达
886048.TI,英伟达,电子,2,后续回流,2026-04-10,2026-04-13,2026-04-14,电子/电力设备/通信,301189.SZ,奥尼电子,延续核心,14.82,5.64,35.2,3年新高,2,抗住且相对强,3.85,25.59,20.0,0,加权Top20+新高+抗住且相对强,消费电子、英伟达
886048.TI,英伟达,电子,2,后续回流,2026-04-10,2026-04-13,2026-04-14,电子/电力设备/通信,688322.SH,奥比中光-W,兑现掉队,3.92,5.96,9.57,20日新高,2,抗住且相对强,1.33,1.91,-0.23,0,加权Top20+新高+抗住且相对强,芯片、英伟达
886048.TI,英伟达,电子,3,后续回流,2026-04-14,2026-04-15,2026-04-22,电子/电力设备/通信,300857.SZ,协创数据,兑现掉队,20.0,42.21,129.94,,6,抗住且相对强,13.29,4.47,-7.1,0,加权Top20+双红>=3+抗住且相对强,AI眼镜、共封装光学(CPO)、存储芯片、消费电子、芯片、英伟达
886048.TI,英伟达,电子,3,后续回流,2026-04-14,2026-04-15,2026-04-22,电子/电力设备/通信,603002.SH,宏昌电子,兑现掉队,10.01,7.78,27.92,历史新高,4,抗住且相对强,0.99,7.93,7.76,0,加权Top20+新高+抗住且相对强,PCB、先进封装、芯片、英伟达
886048.TI,英伟达,电子,3,后续回流,2026-04-14,2026-04-15,2026-04-22,电子/电力设备/通信,301189.SZ,奥尼电子,兑现掉队,20.0,8.05,56.75,历史新高,2,抗住且相对强,20.83,18.09,-1.6,0,加权Top20+新高+抗住且相对强,消费电子、英伟达
886048.TI,英伟达,电子,3,后续回流,2026-04-14,2026-04-15,2026-04-22,电子/电力设备/通信,603629.SH,利通电子,兑现掉队,10.0,24.95,49.95,历史新高,4,抗住且相对强,10.84,35.33,23.02,0,加权Top20+新高+抗住且相对强,消费电子、液冷服务器、芯片、英伟达
886048.TI,英伟达,电子,3,后续回流,2026-04-14,2026-04-15,2026-04-22,电子/电力设备/通信,688668.SH,鼎通科技,兑现掉队,6.3,13.35,23.02,20日新高,2,抗住且相对强,2.21,33.18,32.03,0,加权Top20+新高+抗住且相对强,液冷服务器、英伟达
886048.TI,英伟达,电子,6,后续回流,2026-05-11,2026-05-12,2026-05-13,电子/电力设备/通信,300394.SZ,天孚通信,兑现掉队,1.72,152.71,21.26,,5,抗住且相对强,0.49,13.94,10.44,0,加权Top20+双红>=3+抗住且相对强,先进封装、光纤、共封装光学(CPO)、英伟达、通信设备
886048.TI,英伟达,电子,7,后续回流,2026-05-13,2026-05-14,2026-05-25,电子/电力设备/通信,301666.SZ,大普微-UW,兑现掉队,19.96,39.49,125.43,历史新高,1,抗住且相对强,2.4,31.06,31.06,0,加权Top20+新高+抗住且相对强,英伟达
886048.TI,英伟达,电子,7,后续回流,2026-05-13,2026-05-14,2026-05-25,电子/电力设备/通信,603002.SH,宏昌电子,兑现掉队,7.22,16.95,29.73,历史新高,1,抗住且相对强,3.39,2.04,1.04,0,加权Top20+新高+抗住且相对强,英伟达
886048.TI,英伟达,电子,8,后续回流,2026-05-25,2026-05-26,2026-06-03,电子/电力设备/机械设备,603228.SH,景旺电子,兑现掉队,5.36,61.9,42.17,历史新高,4,抗住且相对强,1.45,-14.54,-15.11,0,加权Top20+新高+抗住且相对强,PCB、共封装光学(CPO)、华为手机、英伟达
886048.TI,英伟达,电子,8,后续回流,2026-05-25,2026-05-26,2026-06-03,电子/电力设备/机械设备,301366.SZ,一博科技,兑现掉队,8.27,7.51,22.66,1年新高,4,抗住且相对强,3.58,15.83,12.67,0,加权Top20+新高+抗住且相对强,PCB、共封装光学(CPO)、芯片、英伟达
886048.TI,英伟达,电子,8,后续回流,2026-05-25,2026-05-26,2026-06-03,电子/电力设备/机械设备,300476.SZ,胜宏科技,延续核心,2.13,275.43,35.35,历史新高,4,抗住且相对强,3.24,-7.84,-10.05,0,加权Top20+新高+抗住且相对强,PCB、共封装光学(CPO)、芯片、英伟达
886048.TI,英伟达,电子,8,后续回流,2026-05-25,2026-05-26,2026-06-03,电子/电力设备/机械设备,601138.SH,工业富联,兑现掉队,4.68,184.56,63.58,,4,补跌但相对强,0.32,15.29,15.82,0,加权Top20+双红>=3+补跌但相对强,共封装光学(CPO)、消费电子、芯片、英伟达
886048.TI,英伟达,电子,8,后续回流,2026-05-25,2026-05-26,2026-06-03,电子/电力设备/机械设备,300373.SZ,扬杰科技,兑现掉队,10.26,40.87,65.59,历史新高,4,抗住且相对强,3.57,11.11,8.09,0,加权Top20+新高+抗住且相对强,半导体、芯片、英伟达、高压快充
886048.TI,英伟达,电子,8,后续回流,2026-05-25,2026-05-26,2026-06-03,电子/电力设备/机械设备,603629.SH,利通电子,兑现掉队,3.25,70.63,27.31,历史新高,3,抗住且相对强,5.7,2.91,-1.92,0,加权Top20+新高+抗住且相对强,消费电子、芯片、英伟达
886048.TI,英伟达,电子,8,后续回流,2026-05-25,2026-05-26,2026-06-03,电子/电力设备/机械设备,002851.SZ,麦格米特,兑现掉队,10.0,39.27,62.67,,5,抗住且相对强,4.78,19.36,14.49,0,加权Top20+双红>=3+抗住且相对强,芯片、英伟达、超级电容、风电、高压快充
886048.TI,英伟达,电子,8,后续回流,2026-05-25,2026-05-26,2026-06-03,电子/电力设备/机械设备,301458.SZ,钧崴电子,延续核心,6.43,6.62,16.54,1年新高,2,补跌但相对强,0.19,8.67,9.31,0,加权Top20+新高+补跌但相对强,英伟达、高压快充
886037.TI,6G,通信,1,周期首发,2026-04-08,2026-04-09,2026-04-14,电子/电力设备/通信,301183.SZ,东田微,兑现掉队,9.88,27.13,51.46,60日新高,3,抗住且相对强,1.93,0.9,-1.48,0,加权Top20+新高+抗住且相对强,6G、光学光电子、共封装光学(CPO)
886037.TI,6G,通信,1,周期首发,2026-04-08,2026-04-09,2026-04-14,电子/电力设备/通信,603186.SH,华正新材,兑现掉队,6.93,13.26,25.24,,7,抗住且相对强,3.94,5.26,0.8,0,加权Top20+双红>=3+抗住且相对强,6G、PCB、储能、元件、先进封装、固态电池、芯片
886037.TI,6G,通信,1,周期首发,2026-04-08,2026-04-09,2026-04-14,电子/电力设备/通信,002281.SZ,光迅科技,兑现掉队,6.39,67.07,52.33,,6,抗住且相对强,8.99,13.37,3.06,0,加权Top20+双红>=3+抗住且相对强,6G、光纤、共封装光学(CPO)、液冷服务器、芯片、通信设备
886037.TI,6G,通信,1,周期首发,2026-04-08,2026-04-09,2026-04-14,电子/电力设备/通信,000062.SZ,深圳华强,兑现掉队,4.74,24.48,23.45,120日新高,4,抗住且相对强,1.88,0.92,-1.41,0,加权Top20+新高+抗住且相对强,6G、共封装光学(CPO)、存储芯片、芯片
886037.TI,6G,通信,1,周期首发,2026-04-08,2026-04-09,2026-04-14,电子/电力设备/通信,603803.SH,瑞斯康达,兑现掉队,6.63,9.7,20.65,,4,抗住且相对强,1.42,7.14,4.6,0,加权Top20+双红>=3+抗住且相对强,6G、共封装光学(CPO)、芯片、通信设备
886037.TI,6G,通信,1,周期首发,2026-04-08,2026-04-09,2026-04-14,电子/电力设备/通信,002436.SZ,兴森科技,兑现掉队,7.3,17.2,30.28,,7,抗住且相对强,1.03,16.87,15.13,0,加权Top20+双红>=3+抗住且相对强,6G、PCB、元件、先进封装、共封装光学(CPO)、存储芯片、芯片
886037.TI,6G,通信,1,周期首发,2026-04-08,2026-04-09,2026-04-14,电子/电力设备/通信,000070.SZ,特发信息,兑现掉队,4.69,26.7,24.23,,6,抗住且相对强,9.0,6.85,-2.87,0,加权Top20+双红>=3+抗住且相对强,6G、光伏、光纤、共封装光学(CPO)、特高压、通信设备
886037.TI,6G,通信,1,周期首发,2026-04-08,2026-04-09,2026-04-14,电子/电力设备/通信,000063.SZ,中兴通讯,兑现掉队,5.26,32.82,30.13,,8,抗住且相对强,3.46,5.26,0.76,0,加权Top20+双红>=3+抗住且相对强,6G、AI手机、AI眼镜、储能、光纤、液冷服务器、芯片、通信设备
886037.TI,6G,通信,1,周期首发,2026-04-08,2026-04-09,2026-04-14,电子/电力设备/通信,688387.SH,信科移动-U,延续核心,10.51,13.09,38.03,,3,抗住且相对强,0.63,8.33,6.58,0,加权Top20+双红>=3+抗住且相对强,6G、芯片、通信设备
886037.TI,6G,通信,1,周期首发,2026-04-08,2026-04-09,2026-04-14,电子/电力设备/通信,600498.SH,烽火通信,兑现掉队,5.0,61.83,39.32,,8,抗住且相对强,6.21,-0.92,-7.59,0,加权Top20+双红>=3+抗住且相对强,6G、MCU芯片、光纤、共封装光学(CPO)、液冷服务器、特高压、芯片、通信设备
886037.TI,6G,通信,2,后续回流,2026-04-14,2026-04-15,2026-04-17,电子/电力设备/通信,688270.SH,ST臻镭,兑现掉队,11.07,37.81,68.07,20日新高,4,抗住且相对强,2.05,3.95,2.7,0,加权Top20+新高+抗住且相对强,6G、共封装光学(CPO)、半导体、芯片
886037.TI,6G,通信,2,后续回流,2026-04-14,2026-04-15,2026-04-17,电子/电力设备/通信,688418.SH,震有科技,兑现掉队,11.92,7.63,32.93,20日新高,1,补跌但相对强,0.08,-0.27,1.0,0,加权Top20+新高+补跌但相对强,6G
886037.TI,6G,通信,2,后续回流,2026-04-14,2026-04-15,2026-04-17,电子/电力设备/通信,688387.SH,信科移动-U,兑现掉队,11.32,21.96,53.05,20日新高,2,抗住且相对强,3.58,5.87,3.55,0,加权Top20+新高+抗住且相对强,6G、芯片
886037.TI,6G,通信,2,后续回流,2026-04-14,2026-04-15,2026-04-17,电子/电力设备/通信,300136.SZ,信维通信,延续核心,7.92,73.99,68.13,,4,补跌但相对强,0.73,9.25,9.36,0,加权Top20+双红>=3+补跌但相对强,6G、AI眼镜、消费电子、芯片
886037.TI,6G,通信,2,后续回流,2026-04-14,2026-04-15,2026-04-17,电子/电力设备/通信,603220.SH,中贝通信,兑现掉队,4.56,15.69,18.06,20日新高,2,抗住且相对强,4.25,14.29,11.06,0,加权Top20+新高+抗住且相对强,6G、共封装光学(CPO)
886037.TI,6G,通信,3,后续回流,2026-04-17,2026-04-20,2026-04-20,电子/电力设备/通信,603773.SH,沃格光电,兑现掉队,10.0,11.31,33.63,历史新高,5,抗住且相对强,8.44,10.0,0.0,0,加权Top20+新高+抗住且相对强,6G、先进封装、光学光电子、共封装光学(CPO)、芯片
886037.TI,6G,通信,3,后续回流,2026-04-17,2026-04-20,2026-04-20,电子/电力设备/通信,603738.SH,泰晶科技,兑现掉队,9.99,18.26,42.69,3年新高,4,抗住且相对强,2.91,4.47,0.0,0,加权Top20+新高+抗住且相对强,6G、元件、共封装光学(CPO)、芯片
886037.TI,6G,通信,3,后续回流,2026-04-17,2026-04-20,2026-04-20,电子/电力设备/通信,003031.SZ,中瓷电子,兑现掉队,10.0,15.88,39.85,历史新高,4,抗住且相对强,8.76,5.81,0.0,0,加权Top20+新高+抗住且相对强,6G、共封装光学(CPO)、芯片、通信设备
886037.TI,6G,通信,3,后续回流,2026-04-17,2026-04-20,2026-04-20,电子/电力设备/通信,300136.SZ,信维通信,兑现掉队,7.32,88.53,68.87,20日新高,2,抗住且相对强,2.3,3.86,0.0,0,加权Top20+新高+抗住且相对强,6G、芯片
886037.TI,6G,通信,3,后续回流,2026-04-17,2026-04-20,2026-04-20,电子/电力设备/通信,920438.BJ,戈碧迦,兑现掉队,11.64,4.09,23.54,20日新高,4,抗住且相对强,1.01,,,0,加权Top20+新高+抗住且相对强,6G、先进封装、光学光电子、芯片
886037.TI,6G,通信,3,后续回流,2026-04-17,2026-04-20,2026-04-20,电子/电力设备/通信,603803.SH,瑞斯康达,兑现掉队,3.62,15.1,14.07,,4,补跌但相对强,2.63,-0.32,0.0,0,加权Top20+双红>=3+补跌但相对强,6G、共封装光学(CPO)、芯片、通信设备
886037.TI,6G,通信,3,后续回流,2026-04-17,2026-04-20,2026-04-20,电子/电力设备/通信,002792.SZ,通宇通讯,兑现掉队,3.32,39.25,20.8,20日新高,3,抗住且相对强,6.6,3.65,0.0,0,加权Top20+新高+抗住且相对强,6G、共封装光学(CPO)、通信设备
886037.TI,6G,通信,3,后续回流,2026-04-17,2026-04-20,2026-04-20,电子/电力设备/通信,300184.SZ,力源信息,兑现掉队,5.87,23.18,28.26,120日新高,4,抗住且相对强,0.97,2.53,0.0,0,加权Top20+新高+抗住且相对强,6G、PCB、光伏、芯片
886037.TI,6G,通信,3,后续回流,2026-04-17,2026-04-20,2026-04-20,电子/电力设备/通信,603118.SH,共进股份,兑现掉队,10.0,10.66,32.65,1年新高,6,补跌但相对强,0.78,-2.17,0.0,0,加权Top20+新高+补跌但相对强,6G、PCB、先进封装、共封装光学(CPO)、芯片、通信设备
886037.TI,6G,通信,3,后续回流,2026-04-17,2026-04-20,2026-04-20,电子/电力设备/通信,002281.SZ,光迅科技,兑现掉队,10.0,71.17,84.36,历史新高,5,抗住且相对强,5.71,2.76,0.0,0,加权Top20+新高+抗住且相对强,6G、光纤、共封装光学(CPO)、芯片、通信设备
886037.TI,6G,通信,3,后续回流,2026-04-17,2026-04-20,2026-04-20,电子/电力设备/通信,300782.SZ,卓胜微,兑现掉队,2.45,32.61,13.99,1年新高,4,抗住且相对强,6.44,8.0,0.0,0,加权Top20+新高+抗住且相对强,6G、先进封装、半导体、芯片
886037.TI,6G,通信,3,后续回流,2026-04-17,2026-04-20,2026-04-20,电子/电力设备/通信,002796.SZ,世嘉科技,兑现掉队,10.0,16.29,40.36,,3,抗住且相对强,7.54,4.59,0.0,0,加权Top20+双红>=3+抗住且相对强,6G、共封装光学(CPO)、通信设备
886037.TI,6G,通信,3,后续回流,2026-04-17,2026-04-20,2026-04-20,电子/电力设备/通信,000062.SZ,深圳华强,兑现掉队,3.98,25.73,20.19,120日新高,3,抗住且相对强,3.18,4.74,0.0,0,加权Top20+新高+抗住且相对强,6G、共封装光学(CPO)、芯片
886037.TI,6G,通信,3,后续回流,2026-04-17,2026-04-20,2026-04-20,电子/电力设备/通信,600487.SH,亨通光电,兑现掉队,4.72,115.81,50.79,,5,抗住且相对强,12.37,9.42,0.0,0,加权Top20+双红>=3+抗住且相对强,6G、光纤、共封装光学(CPO)、芯片、通信设备
886037.TI,6G,通信,7,后续回流,2026-05-11,2026-05-12,2026-06-03,电子/电力设备/通信,688800.SH,瑞可达,延续核心,5.56,21.17,25.58,历史新高,6,抗住且相对强,6.92,-2.15,-8.6,0,加权Top20+新高+抗住且相对强,6G、储能、光伏、液冷服务器、铜缆高速连接、高压快充
886037.TI,6G,通信,7,后续回流,2026-05-11,2026-05-12,2026-06-03,电子/电力设备/通信,603738.SH,泰晶科技,兑现掉队,10.0,13.44,36.66,历史新高,7,抗住且相对强,4.83,-11.43,-15.62,0,加权Top20+新高+抗住且相对强,6G、AI眼镜、MCU芯片、元件、光刻机、共封装光学(CPO)、芯片
886037.TI,6G,通信,7,后续回流,2026-05-11,2026-05-12,2026-06-03,电子/电力设备/通信,688270.SH,ST臻镭,兑现掉队,11.04,24.81,54.99,,4,抗住且相对强,1.2,-27.28,-28.24,0,加权Top20+双红>=3+抗住且相对强,6G、共封装光学(CPO)、半导体、芯片
886037.TI,6G,通信,7,后续回流,2026-05-11,2026-05-12,2026-06-03,电子/电力设备/通信,002436.SZ,兴森科技,兑现掉队,3.62,49.66,25.51,历史新高,7,抗住且相对强,0.7,20.05,19.04,0,加权Top20+新高+抗住且相对强,6G、PCB、元件、先进封装、共封装光学(CPO)、存储芯片、芯片
886037.TI,6G,通信,7,后续回流,2026-05-11,2026-05-12,2026-06-03,电子/电力设备/通信,002897.SZ,意华股份,延续核心,7.7,15.92,30.72,,6,抗住且相对强,3.62,33.9,25.97,0,加权Top20+双红>=3+抗住且相对强,6G、光伏、共封装光学(CPO)、液冷服务器、通信设备、铜缆高速连接
886037.TI,6G,通信,7,后续回流,2026-05-11,2026-05-12,2026-06-03,电子/电力设备/通信,603773.SH,沃格光电,兑现掉队,10.01,20.35,45.16,历史新高,8,抗住且相对强,2.02,48.47,45.33,0,加权Top20+新高+抗住且相对强,6G、先进封装、光刻机、光学光电子、共封装光学(CPO)、存储芯片、芯片、钙钛矿电池
886037.TI,6G,通信,7,后续回流,2026-05-11,2026-05-12,2026-06-03,电子/电力设备/通信,300782.SZ,卓胜微,兑现掉队,3.46,30.76,19.19,,4,抗住且相对强,2.2,-2.64,-4.87,0,加权Top20+双红>=3+抗住且相对强,6G、先进封装、半导体、芯片
886037.TI,6G,通信,8,后续回流,2026-06-03,2026-06-04,2026-06-05,电子/通信/电力设备,600487.SH,亨通光电,回流日无法确认新核心,10.0,63.33,79.58,历史新高,6,抗住且相对强,6.97,5.13,-1.79,1,加权Top20+新高+抗住且相对强,6G、光纤、共封装光学(CPO)、液冷服务器、芯片、通信设备
886037.TI,6G,通信,8,后续回流,2026-06-03,2026-06-04,2026-06-05,电子/通信/电力设备,600522.SH,中天科技,回流日无法确认新核心,4.87,189.63,67.06,,12,抗住且相对强,2.33,2.42,0.02,1,加权Top20+双红>=3+抗住且相对强,6G、PCB、PET铜箔、光伏、光纤、共封装光学(CPO)、可控核聚变、液冷服务器、芯片、通信设备、钙钛矿电池、铜缆高速连接
886037.TI,6G,通信,8,后续回流,2026-06-03,2026-06-04,2026-06-05,电子/通信/电力设备,002897.SZ,意华股份,回流日无法确认新核心,3.4,28.78,18.24,历史新高,6,抗住且相对强,5.36,0.27,-4.89,1,加权Top20+新高+抗住且相对强,6G、光伏、共封装光学(CPO)、液冷服务器、通信设备、铜缆高速连接
886037.TI,6G,通信,8,后续回流,2026-06-03,2026-06-04,2026-06-05,电子/通信/电力设备,600498.SH,烽火通信,回流日无法确认新核心,5.09,60.29,39.52,,7,抗住且相对强,1.33,8.57,7.07,1,加权Top20+双红>=3+抗住且相对强,6G、MCU芯片、光纤、共封装光学(CPO)、液冷服务器、芯片、通信设备
886037.TI,6G,通信,8,后续回流,2026-06-03,2026-06-04,2026-06-05,电子/通信/电力设备,002815.SZ,崇达技术,回流日无法确认新核心,3.03,18.36,12.98,,6,抗住且相对强,2.57,4.6,-0.22,1,加权Top20+双红>=3+抗住且相对强,6G、PCB、元件、先进封装、共封装光学(CPO)、芯片
886037.TI,6G,通信,8,后续回流,2026-06-03,2026-06-04,2026-06-05,电子/通信/电力设备,688800.SH,瑞可达,回流日无法确认新核心,4.78,16.03,19.14,,4,抗住且相对强,5.75,0.89,-6.59,1,加权Top20+双红>=3+抗住且相对强,6G、光伏、液冷服务器、铜缆高速连接
886037.TI,6G,通信,8,后续回流,2026-06-03,2026-06-04,2026-06-05,电子/通信/电力设备,300136.SZ,信维通信,回流日无法确认新核心,3.95,91.41,37.77,,3,抗住且相对强,0.25,11.22,8.5,1,加权Top20+双红>=3+抗住且相对强,6G、AI眼镜、芯片
886084.TI,光纤,通信,1,周期首发,2026-04-08,2026-04-09,2026-04-17,电子/电力设备/通信,002281.SZ,光迅科技,延续核心,6.39,67.07,52.33,,6,抗住且相对强,8.99,18.9,8.09,0,加权Top20+双红>=3+抗住且相对强,6G、光纤、共封装光学(CPO)、液冷服务器、芯片、通信设备
886084.TI,光纤,通信,1,周期首发,2026-04-08,2026-04-09,2026-04-17,电子/电力设备/通信,000070.SZ,特发信息,兑现掉队,4.69,26.7,24.23,,6,抗住且相对强,9.0,7.11,-2.63,0,加权Top20+双红>=3+抗住且相对强,6G、光伏、光纤、共封装光学(CPO)、特高压、通信设备
886084.TI,光纤,通信,1,周期首发,2026-04-08,2026-04-09,2026-04-17,电子/电力设备/通信,000063.SZ,中兴通讯,兑现掉队,5.26,32.82,30.13,,8,抗住且相对强,3.46,3.79,-0.65,0,加权Top20+双红>=3+抗住且相对强,6G、AI手机、AI眼镜、储能、光纤、液冷服务器、芯片、通信设备
886084.TI,光纤,通信,1,周期首发,2026-04-08,2026-04-09,2026-04-17,电子/电力设备/通信,600498.SH,烽火通信,兑现掉队,5.0,61.83,39.32,,8,抗住且相对强,6.21,-3.86,-10.34,0,加权Top20+双红>=3+抗住且相对强,6G、MCU芯片、光纤、共封装光学(CPO)、液冷服务器、特高压、芯片、通信设备
886084.TI,光纤,通信,1,周期首发,2026-04-08,2026-04-09,2026-04-17,电子/电力设备/通信,002384.SZ,东山精密,兑现掉队,10.0,27.85,52.77,,7,抗住且相对强,9.51,35.18,22.9,0,加权Top20+双红>=3+抗住且相对强,AI手机、PCB、元件、光纤、共封装光学(CPO)、芯片、高压快充
886084.TI,光纤,通信,1,周期首发,2026-04-08,2026-04-09,2026-04-17,电子/电力设备/通信,301486.SZ,致尚科技,兑现掉队,8.62,16.53,35.05,,6,抗住且相对强,2.49,3.79,0.78,0,加权Top20+双红>=3+抗住且相对强,MR(混合现实)、光纤、共封装光学(CPO)、消费电子、芯片、通信设备
886084.TI,光纤,通信,1,周期首发,2026-04-08,2026-04-09,2026-04-17,电子/电力设备/通信,002491.SZ,通鼎互联,兑现掉队,9.99,11.13,33.33,3年新高,4,抗住且相对强,5.17,-0.46,-6.26,0,加权Top20+新高+抗住且相对强,储能、光纤、固态电池、通信设备
886084.TI,光纤,通信,1,周期首发,2026-04-08,2026-04-09,2026-04-17,电子/电力设备/通信,600869.SH,远东股份,兑现掉队,10.01,20.51,45.33,历史新高,13,抗住且相对强,1.52,-7.14,-8.01,0,加权Top20+新高+抗住且相对强,储能、光伏、光纤、可控核聚变、固态电池、液冷服务器、特高压、电网设备、芯片、钠离子电池、铜缆高速连接、雅下水电、风电
886084.TI,光纤,通信,1,周期首发,2026-04-08,2026-04-09,2026-04-17,电子/电力设备/通信,300394.SZ,天孚通信,延续核心,6.19,153.98,76.81,,5,抗住且相对强,1.93,12.55,9.33,0,加权Top20+双红>=3+抗住且相对强,先进封装、光纤、共封装光学(CPO)、英伟达、通信设备
886084.TI,光纤,通信,1,周期首发,2026-04-08,2026-04-09,2026-04-17,电子/电力设备/通信,300548.SZ,长芯博创,延续核心,13.96,66.32,113.69,历史新高,5,抗住且相对强,11.33,26.0,12.16,0,加权Top20+新高+抗住且相对强,光纤、共封装光学(CPO)、芯片、通信设备、铜缆高速连接
886084.TI,光纤,通信,1,周期首发,2026-04-08,2026-04-09,2026-04-17,电子/电力设备/通信,600105.SH,永鼎股份,延续核心,10.0,50.03,70.73,历史新高,6,抗住且相对强,3.23,24.29,19.23,0,加权Top20+新高+抗住且相对强,光纤、共封装光学(CPO)、可控核聚变、芯片、通信设备、风电
886084.TI,光纤,通信,1,周期首发,2026-04-08,2026-04-09,2026-04-17,电子/电力设备/通信,688313.SH,仕佳光子,延续核心,8.0,42.55,52.18,,4,抗住且相对强,7.26,27.3,17.58,0,加权Top20+双红>=3+抗住且相对强,光纤、共封装光学(CPO)、芯片、通信设备
886084.TI,光纤,通信,1,周期首发,2026-04-08,2026-04-09,2026-04-17,电子/电力设备/通信,920045.BJ,蘅东光,延续核心,10.22,8.05,29.0,,3,抗住且相对强,0.87,,,0,加权Top20+双红>=3+抗住且相对强,光纤、共封装光学(CPO)、通信设备
886084.TI,光纤,通信,1,周期首发,2026-04-08,2026-04-09,2026-04-17,电子/电力设备/通信,300570.SZ,太辰光,延续核心,6.89,36.39,41.56,,5,抗住且相对强,3.33,14.86,10.08,0,加权Top20+双红>=3+抗住且相对强,光纤、共封装光学(CPO)、芯片、通信设备、铜缆高速连接
886084.TI,光纤,通信,2,后续回流,2026-04-17,2026-04-20,2026-04-20,电子/电力设备/通信,002281.SZ,光迅科技,兑现掉队,10.0,71.17,84.36,历史新高,5,抗住且相对强,5.71,2.76,0.0,0,加权Top20+新高+抗住且相对强,6G、光纤、共封装光学(CPO)、芯片、通信设备
886084.TI,光纤,通信,2,后续回流,2026-04-17,2026-04-20,2026-04-20,电子/电力设备/通信,600487.SH,亨通光电,兑现掉队,4.72,115.81,50.79,,5,抗住且相对强,12.37,9.42,0.0,0,加权Top20+双红>=3+抗住且相对强,6G、光纤、共封装光学(CPO)、芯片、通信设备
886084.TI,光纤,通信,2,后续回流,2026-04-17,2026-04-20,2026-04-20,电子/电力设备/通信,600206.SH,有研新材,兑现掉队,4.3,13.51,15.81,20日新高,4,抗住且相对强,8.44,10.0,0.0,0,加权Top20+新高+抗住且相对强,先进封装、光纤、半导体、芯片
886084.TI,光纤,通信,2,后续回流,2026-04-17,2026-04-20,2026-04-20,电子/电力设备/通信,300394.SZ,天孚通信,兑现掉队,6.67,170.79,87.17,20日新高,4,补跌但相对强,1.69,-1.26,0.0,0,加权Top20+新高+补跌但相对强,先进封装、光纤、共封装光学(CPO)、通信设备
886084.TI,光纤,通信,2,后续回流,2026-04-17,2026-04-20,2026-04-20,电子/电力设备/通信,920045.BJ,蘅东光,兑现掉队,16.71,10.78,54.86,历史新高,3,抗住且相对强,6.22,,,0,加权Top20+新高+抗住且相对强,光纤、共封装光学(CPO)、通信设备
886084.TI,光纤,通信,2,后续回流,2026-04-17,2026-04-20,2026-04-20,电子/电力设备/通信,688668.SH,鼎通科技,兑现掉队,2.3,22.24,10.85,历史新高,2,补跌但相对强,2.57,-0.38,0.0,0,加权Top20+新高+补跌但相对强,光纤、通信设备
886084.TI,光纤,通信,2,后续回流,2026-04-17,2026-04-20,2026-04-20,电子/电力设备/通信,688313.SH,仕佳光子,兑现掉队,9.49,65.18,76.62,历史新高,4,补跌但相对强,2.6,-0.35,0.0,0,加权Top20+新高+补跌但相对强,光纤、共封装光学(CPO)、芯片、通信设备
886084.TI,光纤,通信,2,后续回流,2026-04-17,2026-04-20,2026-04-20,电子/电力设备/通信,300548.SZ,长芯博创,兑现掉队,7.79,59.46,60.07,历史新高,4,补跌但相对强,1.54,-1.41,0.0,0,加权Top20+新高+补跌但相对强,光纤、共封装光学(CPO)、芯片、通信设备
886084.TI,光纤,通信,2,后续回流,2026-04-17,2026-04-20,2026-04-20,电子/电力设备/通信,300570.SZ,太辰光,兑现掉队,4.98,47.55,34.34,20日新高,4,补跌但相对强,0.28,-2.67,0.0,0,加权Top20+新高+补跌但相对强,光纤、共封装光学(CPO)、芯片、通信设备
886084.TI,光纤,通信,2,后续回流,2026-04-17,2026-04-20,2026-04-20,电子/电力设备/通信,688143.SH,长盈通,兑现掉队,8.25,13.28,30.06,历史新高,4,补跌但相对强,2.43,-0.52,0.0,0,加权Top20+新高+补跌但相对强,光纤、共封装光学(CPO)、芯片、通信设备
886084.TI,光纤,通信,2,后续回流,2026-04-17,2026-04-20,2026-04-20,电子/电力设备/通信,600105.SH,永鼎股份,兑现掉队,4.64,69.38,38.65,历史新高,4,抗住且相对强,4.16,1.21,0.0,0,加权Top20+新高+抗住且相对强,光纤、共封装光学(CPO)、芯片、通信设备
886084.TI,光纤,通信,2,后续回流,2026-04-17,2026-04-20,2026-04-20,电子/电力设备/通信,300620.SZ,光库科技,兑现掉队,8.99,68.01,74.14,历史新高,4,补跌但相对强,2.59,-0.36,0.0,0,加权Top20+新高+补跌但相对强,光纤、共封装光学(CPO)、芯片、通信设备
886084.TI,光纤,通信,7,后续回流,2026-05-11,2026-05-12,2026-06-03,电子/电力设备/通信,002384.SZ,东山精密,延续核心,3.27,193.64,45.5,历史新高,7,抗住且相对强,0.39,2.61,2.06,0,加权Top20+新高+抗住且相对强,AI手机、PCB、元件、光纤、共封装光学(CPO)、芯片、高压快充
886084.TI,光纤,通信,7,后续回流,2026-05-11,2026-05-12,2026-06-03,电子/电力设备/通信,002491.SZ,通鼎互联,兑现掉队,10.02,19.82,44.61,3年新高,3,抗住且相对强,7.31,7.3,-2.44,0,加权Top20+新高+抗住且相对强,储能、光纤、通信设备
886084.TI,光纤,通信,7,后续回流,2026-05-11,2026-05-12,2026-06-03,电子/电力设备/通信,600869.SH,远东股份,延续核心,9.98,25.23,50.13,历史新高,11,抗住且相对强,11.04,29.2,17.47,0,加权Top20+新高+抗住且相对强,储能、光伏、光纤、可控核聚变、液冷服务器、特高压、电网设备、芯片、铜缆高速连接、雅下水电、风电
886084.TI,光纤,通信,7,后续回流,2026-05-11,2026-05-12,2026-06-03,电子/电力设备/通信,300292.SZ,吴通控股,兑现掉队,11.07,16.39,44.82,1年新高,4,抗住且相对强,12.35,-1.47,-14.35,0,加权Top20+新高+抗住且相对强,储能、光纤、共封装光学(CPO)、通信服务
886084.TI,光纤,通信,7,后续回流,2026-05-11,2026-05-12,2026-06-03,电子/电力设备/通信,300398.SZ,飞凯材料,延续核心,8.05,32.51,45.9,历史新高,6,抗住且相对强,1.78,1.29,-0.62,0,加权Top20+新高+抗住且相对强,先进封装、光伏、光刻胶、光纤、存储芯片、芯片
886084.TI,光纤,通信,7,后续回流,2026-05-11,2026-05-12,2026-06-03,电子/电力设备/通信,300394.SZ,天孚通信,兑现掉队,1.72,152.71,21.26,,5,抗住且相对强,0.49,49.85,45.24,0,加权Top20+双红>=3+抗住且相对强,先进封装、光纤、共封装光学(CPO)、英伟达、通信设备
886084.TI,光纤,通信,7,后续回流,2026-05-11,2026-05-12,2026-06-03,电子/电力设备/通信,688260.SH,昀冢科技,兑现掉队,10.87,9.02,32.65,历史新高,2,抗住且相对强,0.23,81.99,81.31,0,加权Top20+新高+抗住且相对强,光纤、消费电子
886084.TI,光纤,通信,7,后续回流,2026-05-11,2026-05-12,2026-06-03,电子/电力设备/通信,688205.SH,德科立,兑现掉队,6.99,42.07,45.34,,4,抗住且相对强,6.13,-10.37,-17.63,0,加权Top20+双红>=3+抗住且相对强,光纤、共封装光学(CPO)、芯片、通信设备
886084.TI,光纤,通信,7,后续回流,2026-05-11,2026-05-12,2026-06-03,电子/电力设备/通信,688498.SH,源杰科技,兑现掉队,3.11,53.9,22.83,历史新高,4,抗住且相对强,6.45,-13.49,-18.83,0,加权Top20+新高+抗住且相对强,光纤、共封装光学(CPO)、半导体、芯片
886084.TI,光纤,通信,8,后续回流,2026-06-03,2026-06-04,2026-06-05,电子/通信/电力设备,600487.SH,亨通光电,回流日无法确认新核心,10.0,63.33,79.58,历史新高,6,抗住且相对强,6.97,5.13,-1.79,1,加权Top20+新高+抗住且相对强,6G、光纤、共封装光学(CPO)、液冷服务器、芯片、通信设备
886084.TI,光纤,通信,8,后续回流,2026-06-03,2026-06-04,2026-06-05,电子/通信/电力设备,600522.SH,中天科技,回流日无法确认新核心,4.87,189.63,67.06,,12,抗住且相对强,2.33,2.42,0.02,1,加权Top20+双红>=3+抗住且相对强,6G、PCB、PET铜箔、光伏、光纤、共封装光学(CPO)、可控核聚变、液冷服务器、芯片、通信设备、钙钛矿电池、铜缆高速连接
886084.TI,光纤,通信,8,后续回流,2026-06-03,2026-06-04,2026-06-05,电子/通信/电力设备,600498.SH,烽火通信,回流日无法确认新核心,5.09,60.29,39.52,,7,抗住且相对强,1.33,8.57,7.07,1,加权Top20+双红>=3+抗住且相对强,6G、MCU芯片、光纤、共封装光学(CPO)、液冷服务器、芯片、通信设备
886084.TI,光纤,通信,8,后续回流,2026-06-03,2026-06-04,2026-06-05,电子/通信/电力设备,002384.SZ,东山精密,回流日无法确认新核心,6.19,265.54,100.87,,6,抗住且相对强,3.91,-1.15,-6.89,1,加权Top20+双红>=3+抗住且相对强,AI手机、PCB、元件、光纤、共封装光学(CPO)、芯片
886084.TI,光纤,通信,8,后续回流,2026-06-03,2026-06-04,2026-06-05,电子/通信/电力设备,000725.SZ,京东方Ａ,回流日无法确认新核心,2.19,209.85,31.72,,7,抗住且相对强,7.76,15.02,4.55,1,加权Top20+双红>=3+抗住且相对强,AI眼镜、先进封装、光伏、光学光电子、光纤、芯片、钙钛矿电池
886084.TI,光纤,通信,8,后续回流,2026-06-03,2026-06-04,2026-06-05,电子/通信/电力设备,600869.SH,远东股份,回流日无法确认新核心,6.41,51.15,45.84,历史新高,7,补跌但相对强,0.47,5.98,7.58,1,加权Top20+新高+补跌但相对强,PET铜箔、光伏、光纤、可控核聚变、液冷服务器、芯片、铜缆高速连接
886084.TI,光纤,通信,8,后续回流,2026-06-03,2026-06-04,2026-06-05,电子/通信/电力设备,603618.SH,杭电股份,回流日无法确认新核心,3.57,46.69,24.39,历史新高,3,补跌但相对强,1.57,-4.66,-4.29,1,加权Top20+新高+补跌但相对强,PET铜箔、光伏、光纤
886084.TI,光纤,通信,8,后续回流,2026-06-03,2026-06-04,2026-06-05,电子/通信/电力设备,300398.SZ,飞凯材料,回流日无法确认新核心,8.64,29.61,47.01,,6,抗住且相对强,4.84,6.81,-0.27,1,加权Top20+双红>=3+抗住且相对强,先进封装、光伏、光刻胶、光纤、存储芯片、芯片
886084.TI,光纤,通信,8,后续回流,2026-06-03,2026-06-04,2026-06-05,电子/通信/电力设备,601869.SH,长飞光纤,回流日无法确认新核心,8.87,93.84,85.92,历史新高,5,抗住且相对强,2.38,-0.75,-3.12,1,加权Top20+新高+抗住且相对强,光纤、共封装光学(CPO)、芯片、通信设备、铜缆高速连接
886084.TI,光纤,通信,8,后续回流,2026-06-03,2026-06-04,2026-06-05,电子/通信/电力设备,600105.SH,永鼎股份,回流日无法确认新核心,4.64,121.22,51.09,,5,抗住且相对强,4.49,6.74,2.08,1,加权Top20+双红>=3+抗住且相对强,光纤、共封装光学(CPO)、可控核聚变、芯片、通信设备
886084.TI,光纤,通信,8,后续回流,2026-06-03,2026-06-04,2026-06-05,电子/通信/电力设备,688048.SH,长光华芯,回流日无法确认新核心,7.72,75.53,67.09,,5,抗住且相对强,0.07,-3.25,-5.46,1,加权Top20+双红>=3+抗住且相对强,光纤、共封装光学(CPO)、半导体、可控核聚变、芯片
886084.TI,光纤,通信,8,后续回流,2026-06-03,2026-06-04,2026-06-05,电子/通信/电力设备,688668.SH,鼎通科技,回流日无法确认新核心,4.23,15.74,16.78,,5,抗住且相对强,19.93,31.11,9.26,1,加权Top20+双红>=3+抗住且相对强,光纤、液冷服务器、英伟达、通信设备、铜缆高速连接
886084.TI,光纤,通信,8,后续回流,2026-06-03,2026-06-04,2026-06-05,电子/通信/电力设备,300570.SZ,太辰光,回流日无法确认新核心,4.94,61.94,38.88,,5,抗住且相对强,1.63,-0.25,-1.92,1,加权Top20+双红>=3+抗住且相对强,光纤、共封装光学(CPO)、芯片、通信设备、铜缆高速连接
886055.TI,星闪,通信,2,后续回流,2026-05-11,2026-05-12,2026-06-02,电子/电力设备/通信,688159.SH,有方科技,兑现掉队,10.66,7.47,29.14,60日新高,3,抗住且相对强,4.45,-18.41,-23.84,0,加权Top20+新高+抗住且相对强,存储芯片、星闪、通信设备
881162.TI,通信服务,通信,1,周期首发,2026-05-11,2026-05-12,2026-05-13,电子/电力设备/通信,300292.SZ,吴通控股,兑现掉队,11.07,16.39,44.82,1年新高,4,抗住且相对强,12.35,12.25,-2.41,0,加权Top20+新高+抗住且相对强,储能、光纤、共封装光学(CPO)、通信服务
881129.TI,通信设备,通信,1,周期首发,2026-04-08,2026-04-09,2026-04-17,电子/电力设备/通信,002281.SZ,光迅科技,延续核心,6.39,67.07,52.33,,6,抗住且相对强,8.99,18.9,8.09,0,加权Top20+双红>=3+抗住且相对强,6G、光纤、共封装光学(CPO)、液冷服务器、芯片、通信设备
881129.TI,通信设备,通信,1,周期首发,2026-04-08,2026-04-09,2026-04-17,电子/电力设备/通信,603803.SH,瑞斯康达,延续核心,6.63,9.7,20.65,,4,抗住且相对强,1.42,12.5,9.83,0,加权Top20+双红>=3+抗住且相对强,6G、共封装光学(CPO)、芯片、通信设备
881129.TI,通信设备,通信,1,周期首发,2026-04-08,2026-04-09,2026-04-17,电子/电力设备/通信,000070.SZ,特发信息,兑现掉队,4.69,26.7,24.23,,6,抗住且相对强,9.0,7.11,-2.63,0,加权Top20+双红>=3+抗住且相对强,6G、光伏、光纤、共封装光学(CPO)、特高压、通信设备
881129.TI,通信设备,通信,1,周期首发,2026-04-08,2026-04-09,2026-04-17,电子/电力设备/通信,000063.SZ,中兴通讯,兑现掉队,5.26,32.82,30.13,,8,抗住且相对强,3.46,3.79,-0.65,0,加权Top20+双红>=3+抗住且相对强,6G、AI手机、AI眼镜、储能、光纤、液冷服务器、芯片、通信设备
881129.TI,通信设备,通信,1,周期首发,2026-04-08,2026-04-09,2026-04-17,电子/电力设备/通信,688387.SH,信科移动-U,兑现掉队,10.51,13.09,38.03,,3,抗住且相对强,0.63,14.69,12.84,0,加权Top20+双红>=3+抗住且相对强,6G、芯片、通信设备
881129.TI,通信设备,通信,1,周期首发,2026-04-08,2026-04-09,2026-04-17,电子/电力设备/通信,600498.SH,烽火通信,兑现掉队,5.0,61.83,39.32,,8,抗住且相对强,6.21,-3.86,-10.34,0,加权Top20+双红>=3+抗住且相对强,6G、MCU芯片、光纤、共封装光学(CPO)、液冷服务器、特高压、芯片、通信设备
881129.TI,通信设备,通信,1,周期首发,2026-04-08,2026-04-09,2026-04-17,电子/电力设备/通信,301486.SZ,致尚科技,兑现掉队,8.62,16.53,35.05,,6,抗住且相对强,2.49,3.79,0.78,0,加权Top20+双红>=3+抗住且相对强,MR(混合现实)、光纤、共封装光学(CPO)、消费电子、芯片、通信设备
881129.TI,通信设备,通信,1,周期首发,2026-04-08,2026-04-09,2026-04-17,电子/电力设备/通信,002491.SZ,通鼎互联,兑现掉队,9.99,11.13,33.33,3年新高,4,抗住且相对强,5.17,-0.46,-6.26,0,加权Top20+新高+抗住且相对强,储能、光纤、固态电池、通信设备
881129.TI,通信设备,通信,1,周期首发,2026-04-08,2026-04-09,2026-04-17,电子/电力设备/通信,300394.SZ,天孚通信,延续核心,6.19,153.98,76.81,,5,抗住且相对强,1.93,12.55,9.33,0,加权Top20+双红>=3+抗住且相对强,先进封装、光纤、共封装光学(CPO)、英伟达、通信设备
881129.TI,通信设备,通信,1,周期首发,2026-04-08,2026-04-09,2026-04-17,电子/电力设备/通信,300548.SZ,长芯博创,延续核心,13.96,66.32,113.69,历史新高,5,抗住且相对强,11.33,26.0,12.16,0,加权Top20+新高+抗住且相对强,光纤、共封装光学(CPO)、芯片、通信设备、铜缆高速连接
881129.TI,通信设备,通信,1,周期首发,2026-04-08,2026-04-09,2026-04-17,电子/电力设备/通信,600105.SH,永鼎股份,延续核心,10.0,50.03,70.73,历史新高,6,抗住且相对强,3.23,24.29,19.23,0,加权Top20+新高+抗住且相对强,光纤、共封装光学(CPO)、可控核聚变、芯片、通信设备、风电
881129.TI,通信设备,通信,1,周期首发,2026-04-08,2026-04-09,2026-04-17,电子/电力设备/通信,688313.SH,仕佳光子,延续核心,8.0,42.55,52.18,,4,抗住且相对强,7.26,27.3,17.58,0,加权Top20+双红>=3+抗住且相对强,光纤、共封装光学(CPO)、芯片、通信设备
881129.TI,通信设备,通信,1,周期首发,2026-04-08,2026-04-09,2026-04-17,电子/电力设备/通信,920045.BJ,蘅东光,延续核心,10.22,8.05,29.0,,3,抗住且相对强,0.87,,,0,加权Top20+双红>=3+抗住且相对强,光纤、共封装光学(CPO)、通信设备
881129.TI,通信设备,通信,1,周期首发,2026-04-08,2026-04-09,2026-04-17,电子/电力设备/通信,300570.SZ,太辰光,延续核心,6.89,36.39,41.56,,5,抗住且相对强,3.33,14.86,10.08,0,加权Top20+双红>=3+抗住且相对强,光纤、共封装光学(CPO)、芯片、通信设备、铜缆高速连接
881129.TI,通信设备,通信,1,周期首发,2026-04-08,2026-04-09,2026-04-17,电子/电力设备/通信,301205.SZ,联特科技,延续核心,6.94,26.62,35.81,,3,抗住且相对强,5.87,22.88,14.96,0,加权Top20+双红>=3+抗住且相对强,共封装光学(CPO)、芯片、通信设备
881129.TI,通信设备,通信,1,周期首发,2026-04-08,2026-04-09,2026-04-17,电子/电力设备/通信,603083.SH,剑桥科技,延续核心,10.0,41.56,64.47,,3,抗住且相对强,2.58,30.25,25.74,0,加权Top20+双红>=3+抗住且相对强,共封装光学(CPO)、液冷服务器、通信设备
881129.TI,通信设备,通信,2,后续回流,2026-04-17,2026-04-20,2026-04-22,电子/电力设备/通信,003031.SZ,中瓷电子,兑现掉队,10.0,15.88,39.85,历史新高,4,抗住且相对强,8.76,11.49,5.37,0,加权Top20+新高+抗住且相对强,6G、共封装光学(CPO)、芯片、通信设备
881129.TI,通信设备,通信,2,后续回流,2026-04-17,2026-04-20,2026-04-22,电子/电力设备/通信,603803.SH,瑞斯康达,兑现掉队,3.62,15.1,14.07,,4,补跌但相对强,2.63,0.57,0.89,0,加权Top20+双红>=3+补跌但相对强,6G、共封装光学(CPO)、芯片、通信设备
881129.TI,通信设备,通信,2,后续回流,2026-04-17,2026-04-20,2026-04-22,电子/电力设备/通信,002792.SZ,通宇通讯,兑现掉队,3.32,39.25,20.8,20日新高,3,抗住且相对强,6.6,2.18,-1.42,0,加权Top20+新高+抗住且相对强,6G、共封装光学(CPO)、通信设备
881129.TI,通信设备,通信,2,后续回流,2026-04-17,2026-04-20,2026-04-22,电子/电力设备/通信,603118.SH,共进股份,兑现掉队,10.0,10.66,32.65,1年新高,6,补跌但相对强,0.78,-0.13,2.09,0,加权Top20+新高+补跌但相对强,6G、PCB、先进封装、共封装光学(CPO)、芯片、通信设备
881129.TI,通信设备,通信,2,后续回流,2026-04-17,2026-04-20,2026-04-22,电子/电力设备/通信,002281.SZ,光迅科技,兑现掉队,10.0,71.17,84.36,历史新高,5,抗住且相对强,5.71,6.11,3.27,0,加权Top20+新高+抗住且相对强,6G、光纤、共封装光学(CPO)、芯片、通信设备
881129.TI,通信设备,通信,2,后续回流,2026-04-17,2026-04-20,2026-04-22,电子/电力设备/通信,002796.SZ,世嘉科技,兑现掉队,10.0,16.29,40.36,,3,抗住且相对强,7.54,15.07,10.02,0,加权Top20+双红>=3+抗住且相对强,6G、共封装光学(CPO)、通信设备
881129.TI,通信设备,通信,2,后续回流,2026-04-17,2026-04-20,2026-04-22,电子/电力设备/通信,600487.SH,亨通光电,兑现掉队,4.72,115.81,50.79,,5,抗住且相对强,12.37,18.2,8.03,0,加权Top20+双红>=3+抗住且相对强,6G、光纤、共封装光学(CPO)、芯片、通信设备
881129.TI,通信设备,通信,2,后续回流,2026-04-17,2026-04-20,2026-04-22,电子/电力设备/通信,300394.SZ,天孚通信,兑现掉队,6.67,170.79,87.17,20日新高,4,补跌但相对强,1.69,-1.02,0.24,0,加权Top20+新高+补跌但相对强,先进封装、光纤、共封装光学(CPO)、通信设备
881129.TI,通信设备,通信,2,后续回流,2026-04-17,2026-04-20,2026-04-22,电子/电力设备/通信,920045.BJ,蘅东光,兑现掉队,16.71,10.78,54.86,历史新高,3,抗住且相对强,6.22,,,0,加权Top20+新高+抗住且相对强,光纤、共封装光学(CPO)、通信设备
881129.TI,通信设备,通信,2,后续回流,2026-04-17,2026-04-20,2026-04-22,电子/电力设备/通信,688668.SH,鼎通科技,兑现掉队,2.3,22.24,10.85,历史新高,2,补跌但相对强,2.57,7.55,7.96,0,加权Top20+新高+补跌但相对强,光纤、通信设备
881129.TI,通信设备,通信,2,后续回流,2026-04-17,2026-04-20,2026-04-22,电子/电力设备/通信,688313.SH,仕佳光子,兑现掉队,9.49,65.18,76.62,历史新高,4,补跌但相对强,2.6,16.05,16.46,0,加权Top20+新高+补跌但相对强,光纤、共封装光学(CPO)、芯片、通信设备
881129.TI,通信设备,通信,2,后续回流,2026-04-17,2026-04-20,2026-04-22,电子/电力设备/通信,300548.SZ,长芯博创,兑现掉队,7.79,59.46,60.07,历史新高,4,补跌但相对强,1.54,7.39,8.92,0,加权Top20+新高+补跌但相对强,光纤、共封装光学(CPO)、芯片、通信设备
881129.TI,通信设备,通信,2,后续回流,2026-04-17,2026-04-20,2026-04-22,电子/电力设备/通信,300570.SZ,太辰光,兑现掉队,4.98,47.55,34.34,20日新高,4,补跌但相对强,0.28,3.03,5.86,0,加权Top20+新高+补跌但相对强,光纤、共封装光学(CPO)、芯片、通信设备
881129.TI,通信设备,通信,2,后续回流,2026-04-17,2026-04-20,2026-04-22,电子/电力设备/通信,688143.SH,长盈通,兑现掉队,8.25,13.28,30.06,历史新高,4,补跌但相对强,2.43,13.23,13.82,0,加权Top20+新高+补跌但相对强,光纤、共封装光学(CPO)、芯片、通信设备
881129.TI,通信设备,通信,2,后续回流,2026-04-17,2026-04-20,2026-04-22,电子/电力设备/通信,600105.SH,永鼎股份,兑现掉队,4.64,69.38,38.65,历史新高,4,抗住且相对强,4.16,10.24,8.92,0,加权Top20+新高+抗住且相对强,光纤、共封装光学(CPO)、芯片、通信设备
881129.TI,通信设备,通信,2,后续回流,2026-04-17,2026-04-20,2026-04-22,电子/电力设备/通信,300620.SZ,光库科技,兑现掉队,8.99,68.01,74.14,历史新高,4,补跌但相对强,2.59,9.01,9.41,0,加权Top20+新高+补跌但相对强,光纤、共封装光学(CPO)、芯片、通信设备
881129.TI,通信设备,通信,2,后续回流,2026-04-17,2026-04-20,2026-04-22,电子/电力设备/通信,603083.SH,剑桥科技,兑现掉队,10.0,33.83,58.16,历史新高,2,抗住且相对强,7.77,18.51,13.05,0,加权Top20+新高+抗住且相对强,共封装光学(CPO)、通信设备
881129.TI,通信设备,通信,2,后续回流,2026-04-17,2026-04-20,2026-04-22,电子/电力设备/通信,301205.SZ,联特科技,兑现掉队,7.81,31.71,43.98,历史新高,3,补跌但相对强,1.18,2.96,4.81,0,加权Top20+新高+补跌但相对强,共封装光学(CPO)、芯片、通信设备
881129.TI,通信设备,通信,2,后续回流,2026-04-17,2026-04-20,2026-04-22,电子/电力设备/通信,300308.SZ,中际旭创,兑现掉队,5.11,336.3,93.71,历史新高,3,补跌但相对强,2.83,4.19,4.31,0,加权Top20+新高+补跌但相对强,共封装光学(CPO)、芯片、通信设备
881129.TI,通信设备,通信,2,后续回流,2026-04-17,2026-04-20,2026-04-22,电子/电力设备/通信,300502.SZ,新易盛,兑现掉队,9.58,238.74,148.02,历史新高,3,补跌但相对强,1.93,5.72,6.81,0,加权Top20+新高+补跌但相对强,共封装光学(CPO)、芯片、通信设备
881129.TI,通信设备,通信,2,后续回流,2026-04-17,2026-04-20,2026-04-22,电子/电力设备/通信,920640.BJ,富士达,兑现掉队,6.8,4.03,13.65,20日新高,2,抗住且相对强,4.38,,,0,加权Top20+新高+抗住且相对强,芯片、通信设备
881129.TI,通信设备,通信,2,后续回流,2026-04-17,2026-04-20,2026-04-22,电子/电力设备/通信,600776.SH,东方通信,兑现掉队,7.17,14.49,27.29,20日新高,1,抗住且相对强,3.25,3.35,3.04,0,加权Top20+新高+抗住且相对强,通信设备
881129.TI,通信设备,通信,5,后续回流,2026-05-11,2026-05-12,2026-06-02,电子/电力设备/通信,002897.SZ,意华股份,兑现掉队,7.7,15.92,30.72,,6,抗住且相对强,3.62,29.5,21.82,0,加权Top20+双红>=3+抗住且相对强,6G、光伏、共封装光学(CPO)、液冷服务器、通信设备、铜缆高速连接
881129.TI,通信设备,通信,5,后续回流,2026-05-11,2026-05-12,2026-06-02,电子/电力设备/通信,600198.SH,大唐电信,兑现掉队,9.95,6.33,25.03,20日新高,4,抗住且相对强,1.23,-17.18,-20.3,0,加权Top20+新高+抗住且相对强,MCU芯片、半导体、芯片、通信设备
881129.TI,通信设备,通信,5,后续回流,2026-05-11,2026-05-12,2026-06-02,电子/电力设备/通信,002491.SZ,通鼎互联,兑现掉队,10.02,19.82,44.61,3年新高,3,抗住且相对强,7.31,10.38,0.36,0,加权Top20+新高+抗住且相对强,储能、光纤、通信设备
881129.TI,通信设备,通信,5,后续回流,2026-05-11,2026-05-12,2026-06-02,电子/电力设备/通信,300394.SZ,天孚通信,兑现掉队,1.72,152.71,21.26,,5,抗住且相对强,0.49,37.68,33.45,0,加权Top20+双红>=3+抗住且相对强,先进封装、光纤、共封装光学(CPO)、英伟达、通信设备
881129.TI,通信设备,通信,5,后续回流,2026-05-11,2026-05-12,2026-06-02,电子/电力设备/通信,688205.SH,德科立,兑现掉队,6.99,42.07,45.34,,4,抗住且相对强,6.13,-13.5,-20.5,0,加权Top20+双红>=3+抗住且相对强,光纤、共封装光学(CPO)、芯片、通信设备
881129.TI,通信设备,通信,5,后续回流,2026-05-11,2026-05-12,2026-06-02,电子/电力设备/通信,300308.SZ,中际旭创,兑现掉队,6.11,293.99,104.76,历史新高,4,抗住且相对强,5.6,26.77,17.07,0,加权Top20+新高+抗住且相对强,共封装光学(CPO)、液冷服务器、芯片、通信设备
881129.TI,通信设备,通信,5,后续回流,2026-05-11,2026-05-12,2026-06-02,电子/电力设备/通信,300502.SZ,新易盛,兑现掉队,2.18,318.12,38.88,,3,抗住且相对强,2.43,32.52,26.07,0,加权Top20+双红>=3+抗住且相对强,共封装光学(CPO)、芯片、通信设备
881129.TI,通信设备,通信,5,后续回流,2026-05-11,2026-05-12,2026-06-02,电子/电力设备/通信,688159.SH,有方科技,兑现掉队,10.66,7.47,29.14,60日新高,3,抗住且相对强,4.45,-18.41,-23.84,0,加权Top20+新高+抗住且相对强,存储芯片、星闪、通信设备
881129.TI,通信设备,通信,6,后续回流,2026-06-02,2026-06-03,2026-06-03,电子/电力设备/通信,300620.SZ,光库科技,兑现掉队,14.85,87.37,138.81,历史新高,1,抗住且相对强,0.54,5.32,0.0,0,加权Top20+新高+抗住且相对强,通信设备
881129.TI,通信设备,通信,6,后续回流,2026-06-02,2026-06-03,2026-06-03,电子/电力设备/通信,600487.SH,亨通光电,延续核心,10.01,154.81,124.55,历史新高,1,抗住且相对强,5.22,10.0,0.0,0,加权Top20+新高+抗住且相对强,通信设备
881129.TI,通信设备,通信,6,后续回流,2026-06-02,2026-06-03,2026-06-03,电子/电力设备/通信,301419.SZ,阿莱德,兑现掉队,20.0,7.38,54.33,历史新高,1,抗住且相对强,7.43,12.21,0.0,0,加权Top20+新高+抗住且相对强,通信设备
881129.TI,通信设备,通信,7,后续回流,2026-06-03,2026-06-04,2026-06-05,电子/通信/电力设备,600487.SH,亨通光电,回流日无法确认新核心,10.0,63.33,79.58,历史新高,6,抗住且相对强,6.97,5.13,-1.79,1,加权Top20+新高+抗住且相对强,6G、光纤、共封装光学(CPO)、液冷服务器、芯片、通信设备
881129.TI,通信设备,通信,7,后续回流,2026-06-03,2026-06-04,2026-06-05,电子/通信/电力设备,600522.SH,中天科技,回流日无法确认新核心,4.87,189.63,67.06,,12,抗住且相对强,2.33,2.42,0.02,1,加权Top20+双红>=3+抗住且相对强,6G、PCB、PET铜箔、光伏、光纤、共封装光学(CPO)、可控核聚变、液冷服务器、芯片、通信设备、钙钛矿电池、铜缆高速连接
881129.TI,通信设备,通信,7,后续回流,2026-06-03,2026-06-04,2026-06-05,电子/通信/电力设备,002897.SZ,意华股份,回流日无法确认新核心,3.4,28.78,18.24,历史新高,6,抗住且相对强,5.36,0.27,-4.89,1,加权Top20+新高+抗住且相对强,6G、光伏、共封装光学(CPO)、液冷服务器、通信设备、铜缆高速连接
881129.TI,通信设备,通信,7,后续回流,2026-06-03,2026-06-04,2026-06-05,电子/通信/电力设备,600498.SH,烽火通信,回流日无法确认新核心,5.09,60.29,39.52,,7,抗住且相对强,1.33,8.57,7.07,1,加权Top20+双红>=3+抗住且相对强,6G、MCU芯片、光纤、共封装光学(CPO)、液冷服务器、芯片、通信设备
881129.TI,通信设备,通信,7,后续回流,2026-06-03,2026-06-04,2026-06-05,电子/通信/电力设备,600198.SH,大唐电信,回流日无法确认新核心,10.06,2.77,16.74,,4,抗住且相对强,4.33,1.24,-3.03,1,加权Top20+双红>=3+抗住且相对强,MCU芯片、半导体、芯片、通信设备
881129.TI,通信设备,通信,7,后续回流,2026-06-03,2026-06-04,2026-06-05,电子/通信/电力设备,601869.SH,长飞光纤,回流日无法确认新核心,8.87,93.84,85.92,历史新高,5,抗住且相对强,2.38,-0.75,-3.12,1,加权Top20+新高+抗住且相对强,光纤、共封装光学(CPO)、芯片、通信设备、铜缆高速连接
881129.TI,通信设备,通信,7,后续回流,2026-06-03,2026-06-04,2026-06-05,电子/通信/电力设备,600105.SH,永鼎股份,回流日无法确认新核心,4.64,121.22,51.09,,5,抗住且相对强,4.49,6.74,2.08,1,加权Top20+双红>=3+抗住且相对强,光纤、共封装光学(CPO)、可控核聚变、芯片、通信设备
881129.TI,通信设备,通信,7,后续回流,2026-06-03,2026-06-04,2026-06-05,电子/通信/电力设备,688668.SH,鼎通科技,回流日无法确认新核心,4.23,15.74,16.78,,5,抗住且相对强,19.93,31.11,9.26,1,加权Top20+双红>=3+抗住且相对强,光纤、液冷服务器、英伟达、通信设备、铜缆高速连接
881129.TI,通信设备,通信,7,后续回流,2026-06-03,2026-06-04,2026-06-05,电子/通信/电力设备,300570.SZ,太辰光,回流日无法确认新核心,4.94,61.94,38.88,,5,抗住且相对强,1.63,-0.25,-1.92,1,加权Top20+双红>=3+抗住且相对强,光纤、共封装光学(CPO)、芯片、通信设备、铜缆高速连接
881129.TI,通信设备,通信,7,后续回流,2026-06-03,2026-06-04,2026-06-05,电子/通信/电力设备,300308.SZ,中际旭创,回流日无法确认新核心,6.98,438.81,146.22,历史新高,4,抗住且相对强,0.32,-7.45,-7.81,1,加权Top20+新高+抗住且相对强,共封装光学(CPO)、液冷服务器、芯片、通信设备
881129.TI,通信设备,通信,7,后续回流,2026-06-03,2026-06-04,2026-06-05,电子/通信/电力设备,603083.SH,剑桥科技,回流日无法确认新核心,6.72,94.56,65.35,,3,抗住且相对强,0.7,-5.22,-5.95,1,加权Top20+双红>=3+抗住且相对强,共封装光学(CPO)、液冷服务器、通信设备
881129.TI,通信设备,通信,7,后续回流,2026-06-03,2026-06-04,2026-06-05,电子/通信/电力设备,301577.SZ,美信科技,回流日无法确认新核心,13.97,5.23,31.95,历史新高,1,抗住且相对强,2.26,6.53,4.11,1,加权Top20+新高+抗住且相对强,通信设备
