event_date,next_day,stock_ts_code,stock_name,sw_l1,top3_industries,pct_event,amount_event,weighted_event,high_event,double_red_hits,event_sectors,lifecycle_stages,next_day_path,next_day_rel_pct,limit_theme_hit,limit_theme_count_max,limit_theme_count_sum,limit_stock_hit,limit_sw_count,limit_theme_rank_in_sw,limit_tag,ma5_value,ma5_position,ma5_trend,ma5_interval_type,ma5_interval_delta,ma5_favorable,ma5_risk,forward_available_days,ret_3d,ret_5d,ret_7d,ret_10d,peak_ret_10d,peak_day_10d,peak_date_10d,max_drawdown_after_peak_10d,peak_ge_5,peak_ge_10,peak_ge_20
2026-04-08,2026-04-09,300548.SZ,长芯博创,通信,电子/电力设备/通信,13.96,66.32,113.69,历史新高,5,光纤、共封装光学(CPO)、芯片、通信设备、铜缆高速连接,d1新启动,抗住且相对强,11.33,True,5,13,False,74,2,limit_strong,3082.8,高位区,上升,波峰→当前,0.0,True,False,10,9.02,14.73,26.0,35.31,35.31,10,2026-04-22,0.0,True,True,True
2026-04-08,2026-04-09,002463.SZ,沪电股份,电子,电子/电力设备/通信,10.0,81.45,90.25,,3,PCB、元件、芯片,d1新启动,抗住且相对强,1.62,True,10,14,True,165,1,limit_strong,3082.8,高位区,上升,波峰→当前,0.0,True,False,10,5.47,10.36,16.17,22.84,22.84,10,2026-04-22,0.0,True,True,True
2026-04-08,2026-04-09,300679.SZ,电连技术,电子,电子/电力设备/通信,19.99,17.81,84.36,20日新高,2,PCB、消费电子,d1新启动,抗住且相对强,9.25,True,4,7,True,165,1,limit_strong,3082.8,高位区,上升,波峰→当前,0.0,True,False,10,5.23,2.02,7.42,9.56,9.74,1,2026-04-09,-7.03,True,False,False
2026-04-08,2026-04-09,002475.SZ,立讯精密,电子,电子/电力设备/通信,8.02,103.42,81.56,20日新高,7,AI眼镜、MR(混合现实)、共封装光学(CPO)、消费电子、液冷服务器、芯片、铜缆高速连接,d1新启动,抗住且相对强,4.91,True,8,19,False,165,7,limit_strong,3082.8,高位区,上升,波峰→当前,0.0,True,False,10,12.11,12.45,14.31,30.15,30.15,10,2026-04-22,0.0,True,True,True
2026-04-08,2026-04-09,300394.SZ,天孚通信,通信,电子/电力设备/通信,6.19,153.98,76.81,,5,先进封装、光纤、共封装光学(CPO)、英伟达、通信设备,d1新启动,抗住且相对强,1.93,True,5,14,False,74,2,limit_strong,3082.8,高位区,上升,波峰→当前,0.0,True,False,10,4.15,-1.88,12.55,11.4,12.55,7,2026-04-17,-6.93,True,True,False
2026-04-08,2026-04-09,002371.SZ,北方华创,电子,电子/电力设备/通信,9.41,64.47,75.56,,4,光伏、半导体、存储芯片、芯片,d1新启动,抗住且相对强,1.42,True,1,3,False,165,11,limit_medium,3082.8,高位区,上升,波峰→当前,0.0,True,False,10,1.84,2.38,1.28,3.01,3.8,4,2026-04-14,-6.49,False,False,False
2026-04-08,2026-04-09,600105.SH,永鼎股份,通信,电子/电力设备/通信,10.0,50.03,70.73,历史新高,6,光纤、共封装光学(CPO)、可控核聚变、芯片、通信设备、风电,d1新启动,抗住且相对强,3.23,True,5,14,True,74,2,limit_strong,3082.8,高位区,上升,波峰→当前,0.0,True,False,10,16.46,12.97,24.29,37.01,37.01,10,2026-04-22,0.0,True,True,True
2026-04-08,2026-04-09,600875.SH,东方电气,电力设备,电子/电力设备/通信,9.99,44.93,66.96,,7,储能、光伏、可控核聚变、氢能源、燃料电池、雅下水电、风电,d1新启动,抗住且相对强,0.6,True,2,8,True,45,1,limit_strong,3082.8,高位区,上升,波峰→当前,0.0,True,False,10,3.71,-0.21,8.93,10.21,10.99,8,2026-04-20,-1.18,True,True,False
2026-04-08,2026-04-09,603083.SH,剑桥科技,通信,电子/电力设备/通信,10.0,41.56,64.47,,3,共封装光学(CPO)、液冷服务器、通信设备,d1新启动,抗住且相对强,2.58,True,8,17,True,74,2,limit_strong,3082.8,高位区,上升,波峰→当前,0.0,True,False,10,6.3,12.77,30.25,54.35,54.35,10,2026-04-22,0.0,True,True,True
2026-04-08,2026-04-09,688702.SH,盛科通信-U,电子,电子/电力设备/通信,14.24,20.37,64.27,历史新高,2,半导体、芯片,d1新启动,抗住且相对强,0.18,True,1,1,False,165,19,limit_medium,3082.8,高位区,上升,波峰→当前,0.0,True,False,10,2.16,1.15,3.74,2.65,7.71,8,2026-04-20,-4.82,True,False,False
2026-04-08,2026-04-09,688676.SH,金盘科技,电力设备,电子/电力设备/通信,14.53,18.69,62.82,,5,储能、光伏、电网设备、雅下水电、风电,d1新启动,抗住且相对强,5.16,True,2,7,False,45,1,limit_strong,3082.8,高位区,上升,波峰→当前,0.0,True,False,10,2.73,5.49,7.88,15.61,15.61,10,2026-04-22,0.0,True,True,False
2026-04-08,2026-04-09,002916.SZ,深南电路,电子,电子/电力设备/通信,10.0,36.14,60.12,,5,PCB、元件、先进封装、存储芯片、芯片,d1新启动,抗住且相对强,1.82,True,10,16,True,165,1,limit_strong,3082.8,高位区,上升,波峰→当前,0.0,True,False,10,13.13,14.07,19.18,26.86,26.86,10,2026-04-22,0.0,True,True,True
2026-04-08,2026-04-09,002273.SZ,水晶光电,电子,电子/电力设备/通信,9.99,33.76,58.05,,5,AI手机、AI眼镜、储能、光学光电子、共封装光学(CPO),d1新启动,抗住且相对强,6.36,True,4,11,True,165,7,limit_strong,3082.8,高位区,上升,波峰→当前,0.0,True,False,10,7.42,3.02,3.05,17.35,17.35,10,2026-04-22,0.0,True,True,False
2026-04-08,2026-04-09,688012.SH,中微公司,电子,电子/电力设备/通信,8.21,49.87,57.98,,4,先进封装、半导体、存储芯片、芯片,d1新启动,抗住且相对强,0.65,True,1,3,False,165,11,limit_medium,3082.8,高位区,上升,波峰→当前,0.0,True,False,10,-0.35,0.84,-1.16,0.72,2.14,4,2026-04-14,-4.81,False,False,False
2026-04-08,2026-04-09,300604.SZ,长川科技,电子,电子/电力设备/通信,9.69,32.27,55.05,,3,半导体、存储芯片、芯片,d1新启动,抗住且相对强,2.34,True,1,2,False,165,11,limit_medium,3082.8,高位区,上升,波峰→当前,0.0,True,False,10,3.66,8.2,15.47,16.7,18.07,6,2026-04-16,-3.76,True,True,False
2026-04-08,2026-04-09,002384.SZ,东山精密,电子,电子/电力设备/通信,10.0,27.85,52.77,,7,AI手机、PCB、元件、光纤、共封装光学(CPO)、芯片、高压快充,d1新启动,抗住且相对强,9.51,True,10,23,True,165,1,limit_strong,3082.8,高位区,上升,波峰→当前,0.0,True,False,10,22.45,21.59,35.18,55.4,55.4,10,2026-04-22,0.0,True,True,True
2026-04-08,2026-04-09,002281.SZ,光迅科技,通信,电子/电力设备/通信,6.39,67.07,52.33,,6,6G、光纤、共封装光学(CPO)、液冷服务器、芯片、通信设备,d1新启动,抗住且相对强,8.99,True,8,21,False,74,2,limit_strong,3082.8,高位区,上升,波峰→当前,0.0,True,False,10,15.74,8.59,18.9,26.17,26.17,10,2026-04-22,0.0,True,True,True
2026-04-08,2026-04-09,688313.SH,仕佳光子,通信,电子/电力设备/通信,8.0,42.55,52.18,,4,光纤、共封装光学(CPO)、芯片、通信设备,d1新启动,抗住且相对强,7.26,True,5,12,False,74,2,limit_strong,3082.8,高位区,上升,波峰→当前,0.0,True,False,10,18.21,15.97,27.3,47.74,47.74,10,2026-04-22,0.0,True,True,True
2026-04-08,2026-04-09,301183.SZ,东田微,电子,电子/电力设备/通信,9.88,27.13,51.46,60日新高,3,6G、光学光电子、共封装光学(CPO),d1新启动,抗住且相对强,1.93,True,4,9,False,165,7,limit_strong,3082.8,高位区,上升,波峰→当前,0.0,True,False,10,-0.03,-2.45,4.1,11.91,11.91,10,2026-04-22,0.0,True,True,False
2026-04-08,2026-04-09,300686.SZ,智动力,电子,电子/电力设备/通信,18.01,7.59,49.62,20日新高,2,固态电池、消费电子,d1新启动,抗住且相对强,1.59,True,3,4,False,165,16,limit_strong,3082.8,高位区,上升,波峰→当前,0.0,True,False,10,4.39,5.91,5.01,14.3,14.3,10,2026-04-22,0.0,True,True,False
2026-04-08,2026-04-09,600869.SH,远东股份,电力设备,电子/电力设备/通信,10.01,20.51,45.33,历史新高,13,储能、光伏、光纤、可控核聚变、固态电池、液冷服务器、特高压、电网设备、芯片、钠离子电池、铜缆高速连接、雅下水电、风电,d1新启动,抗住且相对强,1.52,True,8,24,True,45,1,limit_strong,3082.8,高位区,上升,波峰→当前,0.0,True,False,10,-3.85,-2.84,-7.14,8.53,8.53,10,2026-04-22,0.0,True,False,False
2026-04-08,2026-04-09,688693.SH,锴威特,电子,电子/电力设备/通信,19.99,5.09,45.1,2年新高,2,半导体、芯片,d1新启动,抗住且相对强,16.81,True,1,1,True,165,19,limit_strong,3082.8,高位区,上升,波峰→当前,0.0,True,False,10,26.46,36.75,52.21,32.19,52.21,7,2026-04-17,-13.16,True,True,True
2026-04-08,2026-04-09,603629.SH,利通电子,电子,电子/电力设备/通信,10.0,19.76,44.45,,4,消费电子、液冷服务器、芯片、英伟达,d1新启动,抗住且相对强,5.5,True,8,12,True,165,16,limit_strong,3082.8,高位区,上升,波峰→当前,0.0,True,False,10,3.24,24.93,49.77,53.69,53.69,10,2026-04-22,0.0,True,True,True
2026-04-08,2026-04-09,688256.SH,寒武纪,电子,电子/电力设备/通信,4.02,121.36,44.29,20日新高,3,先进封装、半导体、芯片,d1新启动,抗住且相对强,2.43,True,1,2,False,165,19,limit_medium,3082.8,高位区,上升,波峰→当前,0.0,True,False,10,4.78,9.45,14.6,14.86,18.4,8,2026-04-20,-3.5,True,True,False
2026-04-08,2026-04-09,688072.SH,拓荆科技,电子,电子/电力设备/通信,8.59,25.12,43.05,,4,先进封装、半导体、存储芯片、芯片,d1新启动,抗住且相对强,2.78,True,1,3,False,165,11,limit_medium,3082.8,高位区,上升,波峰→当前,0.0,True,False,10,4.23,5.94,2.87,4.09,7.68,4,2026-04-14,-4.93,True,False,False
2026-04-08,2026-04-09,300570.SZ,太辰光,通信,电子/电力设备/通信,6.89,36.39,41.56,,5,光纤、共封装光学(CPO)、芯片、通信设备、铜缆高速连接,d1新启动,抗住且相对强,3.33,True,5,13,False,74,2,limit_strong,3082.8,高位区,上升,波峰→当前,0.0,True,False,10,11.1,5.76,14.86,18.34,18.34,10,2026-04-22,0.0,True,True,False
2026-04-08,2026-04-09,688150.SH,莱特光电,电子,电子/电力设备/通信,13.66,9.14,41.3,历史新高,2,PCB、钙钛矿电池,d1新启动,抗住且相对强,1.29,True,4,5,False,165,1,limit_strong,3082.8,高位区,上升,波峰→当前,0.0,True,False,10,6.14,2.89,8.95,22.81,22.81,10,2026-04-22,0.0,True,True,True
2026-04-08,2026-04-09,300014.SZ,亿纬锂能,电力设备,电子/电力设备/通信,5.88,46.41,40.06,,6,储能、固态电池、氢能源、燃料电池、电池、钠离子电池,d1新启动,抗住且相对强,1.91,True,1,5,False,45,2,limit_medium,3082.8,高位区,上升,波峰→当前,0.0,True,False,10,8.98,9.45,8.72,11.72,12.53,4,2026-04-14,-4.62,True,True,False
2026-04-08,2026-04-09,600498.SH,烽火通信,通信,电子/电力设备/通信,5.0,61.83,39.32,,8,6G、MCU芯片、光纤、共封装光学(CPO)、液冷服务器、特高压、芯片、通信设备,d1新启动,抗住且相对强,6.21,True,8,24,False,74,2,limit_strong,3082.8,高位区,上升,波峰→当前,0.0,True,False,10,-2.11,-5.4,-3.86,9.78,9.78,10,2026-04-22,0.0,True,False,False
2026-04-08,2026-04-09,301489.SZ,思泉新材,电子,电子/电力设备/通信,12.16,10.21,38.85,,5,AI PC、AI手机、AI眼镜、储能、液冷服务器,d1新启动,抗住且相对强,1.06,True,8,14,False,165,9,limit_strong,3082.8,高位区,上升,波峰→当前,0.0,True,False,10,8.61,8.89,20.24,20.29,20.29,10,2026-04-22,0.0,True,True,True
2026-04-08,2026-04-09,002851.SZ,麦格米特,电力设备,电子/电力设备/通信,9.29,17.48,38.84,,6,储能、光伏、芯片、英伟达、风电、高压快充,d1新启动,抗住且相对强,0.64,True,1,5,False,45,1,limit_medium,3082.8,高位区,上升,波峰→当前,0.0,True,False,10,1.9,3.01,3.54,5.73,9.32,8,2026-04-20,-4.1,True,False,False
2026-04-08,2026-04-09,300975.SZ,商络电子,电子,电子/电力设备/通信,10.9,12.52,38.57,,5,AI眼镜、MCU芯片、存储芯片、液冷服务器、芯片,d1新启动,抗住且相对强,2.25,True,8,11,False,165,11,limit_strong,3082.8,高位区,上升,波峰→当前,0.0,True,False,10,3.64,-0.2,1.65,5.99,5.99,10,2026-04-22,0.0,True,False,False
2026-04-08,2026-04-09,688387.SH,信科移动-U,通信,电子/电力设备/通信,10.51,13.09,38.03,,3,6G、芯片、通信设备,d1新启动,抗住且相对强,0.63,True,5,6,False,74,2,limit_strong,3082.8,高位区,上升,波峰→当前,0.0,True,False,10,-2.69,10.75,14.69,17.7,17.84,8,2026-04-20,-1.34,True,True,False
2026-04-08,2026-04-09,600330.SH,天通股份,电子,电子/电力设备/通信,7.31,26.62,37.72,,6,AI眼镜、PCB、储能、先进封装、光伏、芯片,d1新启动,抗住且相对强,9.5,True,4,8,False,165,1,limit_strong,3082.8,高位区,上升,波峰→当前,0.0,True,False,10,9.55,10.55,21.33,44.44,44.44,10,2026-04-22,0.0,True,True,True
2026-04-08,2026-04-09,688141.SH,杰华特,电子,电子/电力设备/通信,10.92,11.01,36.23,历史新高,3,储能、半导体、芯片,d1新启动,抗住且相对强,2.57,True,1,2,False,165,9,limit_medium,3082.8,高位区,上升,波峰→当前,0.0,True,False,10,2.84,10.12,8.74,13.37,13.37,10,2026-04-22,0.0,True,True,False
2026-04-08,2026-04-09,601126.SH,四方股份,电力设备,电子/电力设备/通信,9.65,13.99,36.09,,8,储能、光伏、氢能源、特高压、电网设备、虚拟电厂、雅下水电、风电,d1新启动,抗住且相对强,0.64,True,2,11,False,45,1,limit_strong,3082.8,高位区,上升,波峰→当前,0.0,True,False,10,1.39,2.97,10.01,22.06,22.06,10,2026-04-22,0.0,True,True,True
2026-04-08,2026-04-09,002929.SZ,润建股份,通信,电子/电力设备/通信,10.0,12.86,35.86,,4,MR(混合现实)、储能、光伏、虚拟电厂,d1新启动,抗住且相对强,1.83,True,2,5,True,74,4,limit_strong,3082.8,高位区,上升,波峰→当前,0.0,True,False,10,9.24,13.78,17.6,8.61,25.17,6,2026-04-16,-14.73,True,True,True
2026-04-08,2026-04-09,301205.SZ,联特科技,通信,电子/电力设备/通信,6.94,26.62,35.81,,3,共封装光学(CPO)、芯片、通信设备,d1新启动,抗住且相对强,5.87,True,5,9,False,74,2,limit_strong,3082.8,高位区,上升,波峰→当前,0.0,True,False,10,8.52,12.7,22.88,26.51,26.51,10,2026-04-22,0.0,True,True,True
2026-04-08,2026-04-09,600482.SH,中国动力,电力设备,电子/电力设备/通信,7.86,20.13,35.27,,6,储能、固态电池、氢能源、燃料电池、钠离子电池、风电,d1新启动,抗住且相对强,5.6,True,1,6,False,45,1,limit_medium,3082.8,高位区,上升,波峰→当前,0.0,True,False,10,17.71,5.49,9.17,12.6,17.71,3,2026-04-13,-10.39,True,True,False
2026-04-08,2026-04-09,603920.SH,世运电路,电子,电子/电力设备/通信,10.01,12.29,35.09,,6,AI眼镜、PCB、储能、元件、光伏、共封装光学(CPO),d1新启动,抗住且相对强,5.06,True,10,21,True,165,1,limit_strong,3082.8,高位区,上升,波峰→当前,0.0,True,False,10,0.67,-1.05,9.28,15.66,15.66,10,2026-04-22,0.0,True,True,False
2026-04-08,2026-04-09,301486.SZ,致尚科技,电子,电子/电力设备/通信,8.62,16.53,35.05,,6,MR(混合现实)、光纤、共封装光学(CPO)、消费电子、芯片、通信设备,d1新启动,抗住且相对强,2.49,True,5,17,False,165,7,limit_strong,3082.8,高位区,上升,波峰→当前,0.0,True,False,10,6.59,2.97,3.79,30.62,30.62,10,2026-04-22,0.0,True,True,True
2026-04-08,2026-04-09,001309.SZ,德明利,电子,电子/电力设备/通信,4.0,75.28,34.71,,5,AI PC、共封装光学(CPO)、半导体、存储芯片、芯片,d1新启动,抗住且相对强,2.89,True,4,9,False,165,7,limit_strong,3082.8,高位区,上升,波峰→当前,0.0,True,False,10,22.42,27.43,30.61,33.49,33.49,10,2026-04-22,0.0,True,True,True
2026-04-08,2026-04-09,002335.SZ,科华数据,电力设备,电子/电力设备/通信,8.82,15.22,34.41,,4,储能、光伏、氢能源、液冷服务器,d1新启动,抗住且相对强,2.62,True,8,11,False,45,2,limit_strong,3082.8,高位区,上升,波峰→当前,0.0,True,False,10,2.73,4.97,6.62,17.52,17.52,10,2026-04-22,0.0,True,True,False
2026-04-08,2026-04-09,300661.SZ,圣邦股份,电子,电子/电力设备/通信,6.56,26.42,33.72,,4,共封装光学(CPO)、半导体、存储芯片、芯片,d1新启动,抗住且相对强,3.51,True,4,6,False,165,7,limit_strong,3082.8,高位区,上升,波峰→当前,0.0,True,False,10,-2.7,-1.03,1.12,6.8,6.8,10,2026-04-22,0.0,True,False,False
2026-04-08,2026-04-09,002202.SZ,金风科技,电力设备,电子/电力设备/通信,4.15,65.61,33.62,,4,储能、氢能源、特高压、风电,d1新启动,抗住且相对强,0.57,True,2,5,False,45,1,limit_strong,3082.8,高位区,上升,波峰→当前,0.0,True,False,10,1.26,4.95,6.5,10.03,11.54,8,2026-04-20,-1.73,True,True,False
2026-04-08,2026-04-09,002491.SZ,通鼎互联,通信,电子/电力设备/通信,9.99,11.13,33.33,3年新高,4,储能、光纤、固态电池、通信设备,d1新启动,抗住且相对强,5.17,True,5,10,True,74,2,limit_strong,3082.8,高位区,上升,波峰→当前,0.0,True,False,10,-2.5,-6.58,-0.46,13.29,13.29,10,2026-04-22,0.0,True,True,False
2026-04-08,2026-04-09,002938.SZ,鹏鼎控股,电子,电子/电力设备/通信,7.34,20.55,33.27,,6,AI PC、AI手机、AI眼镜、PCB、元件、共封装光学(CPO),d1新启动,抗住且相对强,1.21,True,10,23,False,165,1,limit_strong,3082.8,高位区,上升,波峰→当前,0.0,True,False,10,5.91,8.69,13.63,39.35,39.35,10,2026-04-22,0.0,True,True,True
2026-04-08,2026-04-09,001389.SZ,广合科技,电子,电子/电力设备/通信,10.0,10.89,33.0,,4,AI PC、PCB、元件、共封装光学(CPO),d1新启动,抗住且相对强,0.7,True,10,21,True,165,1,limit_strong,3082.8,高位区,上升,波峰→当前,0.0,True,False,10,5.08,1.78,18.79,26.19,26.19,10,2026-04-22,0.0,True,True,True
2026-04-08,2026-04-09,300870.SZ,欧陆通,电力设备,电子/电力设备/通信,8.07,16.19,32.47,,3,储能、光伏、液冷服务器,d1新启动,抗住且相对强,3.8,True,8,10,False,45,2,limit_strong,3082.8,高位区,上升,波峰→当前,0.0,True,False,10,6.71,16.31,23.5,28.34,32.83,8,2026-04-20,-4.73,True,True,True
2026-04-08,2026-04-09,301099.SZ,雅创电子,电子,电子/电力设备/通信,12.51,6.22,31.2,,6,AI眼镜、MCU芯片、储能、光伏、存储芯片、芯片,d1新启动,抗住且相对强,3.51,True,1,5,False,165,9,limit_medium,3082.8,高位区,上升,波峰→当前,0.0,True,False,10,3.93,4.38,7.35,11.54,19.41,9,2026-04-21,-6.59,True,True,False
2026-04-08,2026-04-09,300131.SZ,英唐智控,电子,电子/电力设备/通信,8.77,12.34,30.81,,4,AI眼镜、共封装光学(CPO)、存储芯片、芯片,d1新启动,抗住且相对强,4.15,True,4,6,False,165,7,limit_strong,3082.8,高位区,上升,波峰→当前,0.0,True,False,10,26.14,25.9,27.93,46.74,46.74,10,2026-04-22,0.0,True,True,True
2026-04-08,2026-04-09,688603.SH,天承科技,电子,电子/电力设备/通信,12.57,5.81,30.3,,3,PCB、先进封装、芯片,d1新启动,抗住且相对强,1.21,True,4,5,False,165,1,limit_strong,3082.8,高位区,上升,波峰→当前,0.0,True,False,10,-1.21,12.9,11.51,10.88,12.9,5,2026-04-15,-4.55,True,True,False
2026-04-08,2026-04-09,002436.SZ,兴森科技,电子,电子/电力设备/通信,7.3,17.2,30.28,,7,6G、PCB、元件、先进封装、共封装光学(CPO)、存储芯片、芯片,d1新启动,抗住且相对强,1.03,True,10,21,False,165,1,limit_strong,3082.8,高位区,上升,波峰→当前,0.0,True,False,10,16.0,13.56,20.23,31.63,31.63,10,2026-04-22,0.0,True,True,True
2026-04-08,2026-04-09,000063.SZ,中兴通讯,通信,电子/电力设备/通信,5.26,32.82,30.13,,8,6G、AI手机、AI眼镜、储能、光纤、液冷服务器、芯片、通信设备,d1新启动,抗住且相对强,3.46,True,8,20,False,74,2,limit_strong,3082.8,高位区,上升,波峰→当前,0.0,True,False,10,4.94,3.44,3.79,9.69,9.69,10,2026-04-22,0.0,True,False,False
2026-04-08,2026-04-09,300236.SZ,上海新阳,电子,电子/电力设备/通信,9.27,10.07,29.42,,3,先进封装、存储芯片、芯片,d1新启动,抗住且相对强,0.68,True,1,2,False,165,11,limit_medium,3082.8,高位区,上升,波峰→当前,0.0,True,False,10,3.23,3.81,8.46,6.17,8.46,7,2026-04-17,-2.74,True,False,False
2026-04-08,2026-04-09,001287.SZ,中电港,电子,电子/电力设备/通信,10.02,8.32,28.9,,5,MCU芯片、储能、存储芯片、芯片、英伟达,d1新启动,抗住且相对强,0.78,True,1,4,True,165,9,limit_strong,3082.8,高位区,上升,波峰→当前,0.0,True,False,10,6.69,8.43,6.77,9.14,9.78,8,2026-04-20,-0.94,True,False,False
2026-04-08,2026-04-09,601231.SH,环旭电子,电子,电子/电力设备/通信,6.94,17.0,28.61,,4,AI眼镜、共封装光学(CPO)、消费电子、芯片,d1新启动,抗住且相对强,3.95,True,4,8,False,165,7,limit_strong,3082.8,高位区,上升,波峰→当前,0.0,True,False,10,6.44,4.27,14.41,26.08,26.08,10,2026-04-22,0.0,True,True,True
2026-04-08,2026-04-09,002947.SZ,恒铭达,电子,电子/电力设备/通信,9.03,9.66,28.07,历史新高,3,AI PC、储能、消费电子,d1新启动,抗住且相对强,9.51,True,3,7,False,165,9,limit_strong,3082.8,高位区,上升,波峰→当前,0.0,True,False,10,13.87,16.82,20.07,22.85,22.85,10,2026-04-22,0.0,True,True,True
2026-04-08,2026-04-09,603890.SH,春秋电子,电子,电子/电力设备/通信,10.01,7.8,27.96,20日新高,3,AI PC、AI眼镜、消费电子,d1新启动,抗住且相对强,0.6,True,3,7,True,165,15,limit_strong,3082.8,高位区,上升,波峰→当前,0.0,True,False,10,0.32,19.86,21.2,27.1,28.83,8,2026-04-20,-1.54,True,True,True
2026-04-08,2026-04-09,301291.SZ,明阳电气,电力设备,电子/电力设备/通信,10.45,7.09,27.83,,5,储能、光伏、氢能源、电网设备、风电,d1新启动,补跌但相对强,0.19,True,2,6,False,45,1,limit_strong,3082.8,高位区,上升,波峰→当前,0.0,True,False,10,-2.79,1.87,3.98,6.29,6.29,10,2026-04-22,0.0,True,False,False
2026-04-08,2026-04-09,688361.SH,中科飞测,电子,电子/电力设备/通信,8.46,10.63,27.58,,4,先进封装、半导体、存储芯片、芯片,d1新启动,抗住且相对强,3.08,True,1,3,False,165,11,limit_medium,3082.8,高位区,上升,波峰→当前,0.0,True,False,10,0.42,5.41,7.45,4.23,7.5,4,2026-04-14,-9.3,True,False,False
2026-04-08,2026-04-09,603328.SH,依顿电子,电子,电子/电力设备/通信,10.04,7.44,27.39,,4,PCB、元件、光伏、共封装光学(CPO),d1新启动,抗住且相对强,2.93,True,10,19,True,165,1,limit_strong,3082.8,高位区,上升,波峰→当前,0.0,True,False,10,4.8,3.26,6.6,15.72,15.72,10,2026-04-22,0.0,True,True,False
2026-04-08,2026-04-09,301630.SZ,同宇新材,电子,电子/电力设备/通信,8.3,10.72,27.18,20日新高,1,PCB,d1新启动,抗住且相对强,1.43,True,4,4,False,165,1,limit_strong,3082.8,高位区,上升,波峰→当前,0.0,True,False,10,6.75,-3.17,-3.31,-5.56,6.75,3,2026-04-13,-12.85,True,False,False
2026-04-08,2026-04-09,002241.SZ,歌尔股份,电子,电子/电力设备/通信,5.75,21.77,26.83,,4,AI眼镜、MR(混合现实)、消费电子、芯片,d1新启动,抗住且相对强,0.15,True,3,6,False,165,15,limit_strong,3082.8,高位区,上升,波峰→当前,0.0,True,False,10,3.23,2.38,2.76,5.48,5.69,8,2026-04-20,-1.25,True,False,False
2026-04-08,2026-04-09,002922.SZ,伊戈尔,电子,电子/电力设备/通信,9.11,7.79,25.43,,3,储能、光伏、高压快充,d1新启动,抗住且相对强,0.61,True,1,3,False,165,9,limit_medium,3082.8,高位区,上升,波峰→当前,0.0,True,False,10,1.5,3.6,6.71,11.98,11.98,10,2026-04-22,0.0,True,True,False
2026-04-08,2026-04-09,603186.SH,华正新材,电子,电子/电力设备/通信,6.93,13.26,25.24,,7,6G、PCB、储能、元件、先进封装、固态电池、芯片,d1新启动,抗住且相对强,3.94,True,10,18,False,165,1,limit_strong,3082.8,高位区,上升,波峰→当前,0.0,True,False,10,3.46,2.79,6.32,4.36,6.32,7,2026-04-17,-1.84,True,False,False
2026-04-08,2026-04-09,002213.SZ,大为股份,电子,电子/电力设备/通信,10.01,6.32,25.16,,4,PCB、半导体、存储芯片、芯片,d1新启动,抗住且相对强,9.53,True,4,6,True,165,1,limit_strong,3082.8,高位区,上升,波峰→当前,0.0,True,False,10,17.16,17.94,27.68,21.18,29.75,6,2026-04-16,-6.6,True,True,True
2026-04-08,2026-04-09,688766.SH,普冉股份,电子,电子/电力设备/通信,6.16,16.45,24.98,,4,MCU芯片、半导体、存储芯片、芯片,d1新启动,抗住且相对强,0.73,True,1,3,False,165,11,limit_medium,3082.8,高位区,上升,波峰→当前,0.0,True,False,10,5.39,10.67,10.27,14.02,14.69,9,2026-04-21,-0.58,True,True,False
2026-04-08,2026-04-09,000070.SZ,特发信息,通信,电子/电力设备/通信,4.69,26.7,24.23,,6,6G、光伏、光纤、共封装光学(CPO)、特高压、通信设备,d1新启动,抗住且相对强,9.0,True,5,16,False,74,2,limit_strong,3082.8,高位区,上升,波峰→当前,0.0,True,False,10,11.17,-0.53,7.11,11.96,11.96,10,2026-04-22,0.0,True,True,False
2026-04-08,2026-04-09,000062.SZ,深圳华强,电子,电子/电力设备/通信,4.74,24.48,23.45,120日新高,4,6G、共封装光学(CPO)、存储芯片、芯片,d1新启动,抗住且相对强,1.88,True,4,6,False,165,7,limit_strong,3082.8,高位区,上升,波峰→当前,0.0,True,False,10,1.34,-1.1,5.12,15.29,15.29,10,2026-04-22,0.0,True,True,False
2026-04-08,2026-04-09,300054.SZ,鼎龙股份,电子,电子/电力设备/通信,4.59,25.91,23.36,,3,先进封装、存储芯片、芯片,d1新启动,抗住且相对强,0.63,True,1,2,False,165,11,limit_medium,3082.8,高位区,上升,波峰→当前,0.0,True,False,10,-0.17,0.12,2.38,5.41,5.41,10,2026-04-22,0.0,True,False,False
2026-04-08,2026-04-09,300617.SZ,安靠智电,电力设备,电子/电力设备/通信,10.35,4.94,23.0,,6,储能、光伏、特高压、电网设备、虚拟电厂、风电,d1新启动,抗住且相对强,1.18,True,2,8,False,45,1,limit_strong,3082.8,高位区,上升,波峰→当前,0.0,True,False,10,4.44,3.62,6.73,10.71,14.42,8,2026-04-20,-5.08,True,True,False
2026-04-08,2026-04-09,301123.SZ,奕东电子,电子,电子/电力设备/通信,7.96,8.08,22.63,,6,PCB、储能、共封装光学(CPO)、消费电子、液冷服务器、铜缆高速连接,d1新启动,抗住且相对强,9.26,True,8,21,False,165,1,limit_strong,3082.8,高位区,上升,波峰→当前,0.0,True,False,10,7.36,4.95,15.35,11.6,17.17,6,2026-04-16,-7.11,True,True,False
2026-04-08,2026-04-09,603175.SH,超颖电子,电子,电子/电力设备/通信,10.0,4.69,21.66,,4,PCB、元件、存储芯片、芯片,d1新启动,抗住且相对强,4.83,True,10,15,True,165,1,limit_strong,3082.8,高位区,上升,波峰→当前,0.0,True,False,10,2.42,6.49,9.06,21.42,21.42,10,2026-04-22,0.0,True,True,True
2026-04-08,2026-04-09,300750.SZ,宁德时代,电力设备,电子/电力设备/通信,1.74,143.15,20.82,,4,储能、固态电池、电池、钠离子电池,d1新启动,补跌但相对强,0.24,True,1,3,False,45,2,limit_medium,3082.8,高位区,上升,波峰→当前,0.0,True,False,10,9.16,10.15,13.52,11.51,16.02,6,2026-04-16,-4.73,True,True,False
2026-04-08,2026-04-09,002409.SZ,雅克科技,电子,电子/电力设备/通信,6.71,9.63,20.82,,5,先进封装、半导体、存储芯片、特高压、芯片,d1新启动,抗住且相对强,0.41,True,2,5,False,165,11,limit_strong,3082.8,高位区,上升,波峰→当前,0.0,True,False,10,2.22,2.86,2.63,8.1,8.1,10,2026-04-22,0.0,True,False,False
2026-04-08,2026-04-09,603803.SH,瑞斯康达,通信,电子/电力设备/通信,6.63,9.7,20.65,,4,6G、共封装光学(CPO)、芯片、通信设备,d1新启动,抗住且相对强,1.42,True,5,10,False,74,2,limit_strong,3082.8,高位区,上升,波峰→当前,0.0,True,False,10,9.0,10.86,12.5,13.14,13.14,10,2026-04-22,0.0,True,True,False
2026-04-08,2026-04-09,300684.SZ,中石科技,电子,电子/电力设备/通信,8.51,5.83,20.55,,6,AI PC、MR(混合现实)、储能、光伏、共封装光学(CPO)、液冷服务器,d1新启动,抗住且相对强,0.48,True,8,19,False,165,7,limit_strong,3082.8,高位区,上升,波峰→当前,0.0,True,False,10,3.69,5.1,15.74,22.16,22.16,10,2026-04-22,0.0,True,True,True
2026-04-08,2026-04-09,600268.SH,国电南自,电力设备,电子/电力设备/通信,7.71,7.04,20.46,,6,储能、特高压、电网设备、虚拟电厂、雅下水电、风电,d1新启动,抗住且相对强,1.73,True,2,9,False,45,1,limit_strong,3082.8,高位区,上升,波峰→当前,0.0,True,False,10,0.75,6.82,6.48,7.77,10.7,8,2026-04-20,-2.65,True,True,False
2026-04-08,2026-04-09,601615.SH,明阳智能,电力设备,电子/电力设备/通信,5.4,14.13,20.3,,6,储能、光伏、氢能源、芯片、钙钛矿电池、风电,d1新启动,补跌但相对强,0.14,True,1,5,False,45,1,limit_medium,3082.8,高位区,上升,波峰→当前,0.0,True,False,10,-0.24,0.55,3.23,5.55,5.55,10,2026-04-22,0.0,True,False,False
2026-04-08,2026-04-09,300053.SZ,航宇微,电子,电子/电力设备/通信,7.36,7.57,20.25,,5,MCU芯片、先进封装、半导体、存储芯片、芯片,d1新启动,抗住且相对强,0.08,True,1,4,False,165,11,limit_medium,3082.8,高位区,上升,波峰→当前,0.0,True,False,10,0.74,3.06,4.14,7.2,7.71,8,2026-04-20,-0.58,True,False,False
2026-04-08,2026-04-09,605358.SH,立昂微,电子,电子/电力设备/通信,8.35,5.87,20.23,,5,光伏、共封装光学(CPO)、半导体、存储芯片、芯片,d1新启动,抗住且相对强,0.05,True,4,7,False,165,7,limit_strong,3082.8,高位区,上升,波峰→当前,0.0,True,False,10,1.8,1.17,4.42,13.18,13.18,10,2026-04-22,0.0,True,True,False
2026-04-08,2026-04-09,300037.SZ,新宙邦,电力设备,电子/电力设备/通信,5.81,11.93,20.07,,6,先进封装、固态电池、液冷服务器、电池、芯片、钠离子电池,d1新启动,抗住且相对强,3.57,True,8,11,False,45,21,limit_strong,3082.8,高位区,上升,波峰→当前,0.0,True,False,10,8.66,8.08,7.65,7.55,10.53,4,2026-04-14,-2.98,True,True,False
2026-04-08,2026-04-09,688362.SH,甬矽电子,电子,电子/电力设备/通信,7.81,6.58,20.03,20日新高,4,MCU芯片、先进封装、半导体、芯片,d1新启动,抗住且相对强,2.1,True,1,3,False,165,19,limit_medium,3082.8,高位区,上升,波峰→当前,0.0,True,False,10,5.57,10.77,12.33,11.51,13.38,6,2026-04-16,-8.16,True,True,False
2026-04-09,2026-04-10,002475.SZ,立讯精密,电子,电子/电力设备/通信,5.4,163.01,68.94,20日新高,1,铜缆高速连接,d2二次回流,抗住且相对强,3.6,True,1,1,False,57,,limit_medium,2411.8,中位区,下降,波峰→当前,-671.0,False,True,10,7.35,9.73,19.31,23.02,23.49,9,2026-04-22,-0.38,True,True,True
2026-04-10,2026-04-13,002384.SZ,东山精密,电子,电子/电力设备/通信,8.83,200.94,125.17,历史新高,5,AI手机、元件、共封装光学(CPO)、芯片、高压快充,d2二次回流,抗住且相对强,1.47,True,6,11,False,51,1,limit_strong,2996.8,震荡区间,震荡,当前震荡区间,195.6,False,False,10,1.57,12.92,18.01,30.9,30.9,10,2026-04-24,0.0,True,True,True
2026-04-10,2026-04-13,001309.SZ,德明利,电子,电子/电力设备/通信,10.0,101.9,100.95,历史新高,5,AI PC、共封装光学(CPO)、半导体、存储芯片、芯片,d2二次回流,抗住且相对强,6.85,True,6,18,True,51,1,limit_strong,2996.8,震荡区间,震荡,当前震荡区间,195.6,False,False,10,12.07,14.86,15.06,9.53,17.39,8,2026-04-22,-6.69,True,True,False
2026-04-10,2026-04-13,300750.SZ,宁德时代,电力设备,电子/电力设备/通信,6.67,207.52,96.09,,5,储能、固态电池、电池、钠离子电池、锂电池,d1新启动、d2二次回流,抗住且相对强,1.46,True,4,9,False,60,1,limit_strong,2996.8,震荡区间,震荡,当前震荡区间,195.6,False,False,10,3.61,6.78,7.6,6.95,9.13,4,2026-04-16,-4.73,True,False,False
2026-04-10,2026-04-13,300308.SZ,中际旭创,通信,电子/电力设备/通信,6.01,238.43,92.8,历史新高,3,共封装光学(CPO)、液冷服务器、芯片,d2二次回流,抗住且相对强,0.71,True,6,10,False,21,9,limit_strong,2996.8,震荡区间,震荡,当前震荡区间,195.6,False,False,10,6.17,15.84,17.72,20.74,22.1,9,2026-04-23,-1.12,True,True,True
2026-04-10,2026-04-13,600105.SH,永鼎股份,通信,电子/电力设备/通信,9.99,84.24,91.69,历史新高,3,共封装光学(CPO)、可控核聚变、芯片,d2二次回流,抗住且相对强,1.82,True,6,10,True,21,9,limit_strong,2996.8,震荡区间,震荡,当前震荡区间,195.6,False,False,10,-1.47,8.4,8.64,28.64,28.64,10,2026-04-24,0.0,True,True,True
2026-04-10,2026-04-13,300390.SZ,天华新能,电力设备,电子/电力设备/通信,10.16,69.79,84.88,3年新高,5,储能、固态电池、存储芯片、电池、芯片,d2二次回流,抗住且相对强,16.2,True,6,19,False,60,1,limit_strong,2996.8,震荡区间,震荡,当前震荡区间,195.6,False,False,10,12.64,28.54,25.64,33.24,33.24,10,2026-04-24,0.0,True,True,True
2026-04-10,2026-04-13,300274.SZ,阳光电源,电力设备,电子/电力设备/通信,5.65,136.83,66.09,,5,储能、光伏、光伏设备、氢能源、虚拟电厂,d2二次回流,抗住且相对强,1.42,True,2,6,False,60,1,limit_strong,2996.8,震荡区间,震荡,当前震荡区间,195.6,False,False,10,2.37,1.5,4.16,2.29,6.63,2,2026-04-14,-4.81,True,False,False
2026-04-10,2026-04-13,002074.SZ,国轩高科,电力设备,电子/电力设备/通信,10.01,40.36,63.59,,6,储能、固态电池、电池、钠离子电池、锂电池、高压快充,d1新启动、d2二次回流,抗住且相对强,0.56,True,4,11,True,60,1,limit_strong,2996.8,震荡区间,震荡,当前震荡区间,195.6,False,False,10,-0.23,3.66,4.51,2.76,4.51,7,2026-04-21,-1.97,False,False,False
2026-04-10,2026-04-13,688525.SH,佰维存储,电子,电子/电力设备/通信,6.15,102.12,62.15,,6,AI PC、AI手机、AI眼镜、半导体、存储芯片、芯片,d2二次回流,抗住且相对强,5.13,True,6,16,False,51,1,limit_strong,2996.8,震荡区间,震荡,当前震荡区间,195.6,False,False,10,18.18,12.07,14.26,10.35,19.29,2,2026-04-14,-8.26,True,True,False
2026-04-10,2026-04-13,002916.SZ,深南电路,电子,电子/电力设备/通信,7.83,59.55,60.42,,3,元件、存储芯片、芯片,d2二次回流,抗住且相对强,1.73,True,6,12,False,51,1,limit_strong,2996.8,震荡区间,震荡,当前震荡区间,195.6,False,False,10,3.4,8.03,12.71,15.01,15.01,10,2026-04-24,0.0,True,True,False
2026-04-10,2026-04-13,002580.SZ,圣阳股份,电力设备,电子/电力设备/通信,10.03,34.65,59.04,,5,储能、固态电池、液冷服务器、电池、钠离子电池,d2二次回流,抗住且相对强,8.79,True,4,9,True,60,1,limit_strong,2996.8,震荡区间,震荡,当前震荡区间,195.6,False,False,10,33.14,61.12,56.48,45.94,73.87,6,2026-04-20,-19.0,True,True,True
2026-04-10,2026-04-13,688498.SH,源杰科技,电子,电子/电力设备/通信,8.58,46.6,58.57,历史新高,3,共封装光学(CPO)、半导体、芯片,d2二次回流,抗住且相对强,2.53,True,6,11,False,51,1,limit_strong,2996.8,震荡区间,震荡,当前震荡区间,195.6,False,False,10,4.98,17.96,14.19,13.87,19.51,8,2026-04-22,-4.72,True,True,False
2026-04-10,2026-04-13,300014.SZ,亿纬锂能,电力设备,电子/电力设备/通信,6.1,73.67,52.36,,7,储能、固态电池、氢能源、燃料电池、电池、钠离子电池、锂电池,d1新启动、d2二次回流,抗住且相对强,0.14,True,4,11,False,60,1,limit_strong,2996.8,震荡区间,震荡,当前震荡区间,195.6,False,False,10,1.8,1.11,4.2,5.4,5.4,10,2026-04-24,0.0,True,False,False
2026-04-10,2026-04-13,300476.SZ,胜宏科技,电子,电子/电力设备/通信,4.23,140.27,50.1,,8,AI PC、AI手机、储能、元件、光伏、共封装光学(CPO)、芯片、英伟达,d2二次回流,抗住且相对强,2.08,True,6,13,False,51,1,limit_strong,2996.8,震荡区间,震荡,当前震荡区间,195.6,False,False,10,1.96,12.65,14.19,8.91,18.37,6,2026-04-20,-7.99,True,True,False
2026-04-10,2026-04-13,603459.SH,红板科技,电子,电子/电力设备/通信,9.57,27.24,49.95,,5,元件、共封装光学(CPO)、华为手机、存储芯片、芯片,d1新启动、d2二次回流,抗住且相对强,13.24,True,6,16,False,51,1,limit_strong,2996.8,震荡区间,震荡,当前震荡区间,195.6,False,False,10,24.18,22.17,12.56,9.11,24.71,4,2026-04-16,-14.02,True,True,True
2026-04-10,2026-04-13,600482.SH,中国动力,电力设备,电子/电力设备/通信,10.01,18.05,42.53,3年新高,5,储能、固态电池、氢能源、燃料电池、钠离子电池,d2二次回流,抗住且相对强,0.66,True,2,6,True,60,1,limit_strong,2996.8,震荡区间,震荡,当前震荡区间,195.6,False,False,10,-8.7,-5.51,-6.33,-0.1,4.5,9,2026-04-23,-4.4,False,False,False
2026-04-10,2026-04-13,605117.SH,德业股份,电力设备,电子/电力设备/通信,10.0,17.77,42.15,,3,储能、光伏、光伏设备,d2二次回流,抗住且相对强,4.04,True,2,4,True,60,1,limit_strong,2996.8,震荡区间,震荡,当前震荡区间,195.6,False,False,10,-2.36,3.14,2.44,5.17,6.59,9,2026-04-23,-1.33,True,False,False
2026-04-10,2026-04-13,688183.SH,生益电子,电子,电子/电力设备/通信,7.09,31.57,39.84,20日新高,2,元件、共封装光学(CPO),d2二次回流,抗住且相对强,10.45,True,3,3,False,51,6,limit_strong,2996.8,震荡区间,震荡,当前震荡区间,195.6,False,False,10,9.59,15.82,18.52,15.66,21.93,8,2026-04-22,-5.15,True,True,True
2026-04-10,2026-04-13,301308.SZ,江波龙,电子,电子/电力设备/通信,4.85,64.8,39.04,,6,AI PC、AI手机、AI眼镜、半导体、存储芯片、芯片,d2二次回流,抗住且相对强,3.06,True,6,16,False,51,1,limit_strong,2996.8,震荡区间,震荡,当前震荡区间,195.6,False,False,10,8.87,8.56,10.16,9.34,12.14,8,2026-04-22,-6.41,True,True,False
2026-04-10,2026-04-13,300438.SZ,鹏辉能源,电力设备,电子/电力设备/通信,7.1,29.92,38.84,,7,储能、固态电池、燃料电池、电池、虚拟电厂、钠离子电池、锂电池,d1新启动、d2二次回流,抗住且相对强,2.82,True,4,11,False,60,1,limit_strong,2996.8,震荡区间,震荡,当前震荡区间,195.6,False,False,10,9.99,20.64,17.38,21.2,21.2,10,2026-04-24,0.0,True,True,True
2026-04-10,2026-04-13,688478.SH,晶升股份,电子,电子/电力设备/通信,20.0,3.73,38.63,20日新高,4,光伏、半导体、存储芯片、芯片,d2二次回流,抗住且相对强,3.62,True,6,15,True,51,1,limit_strong,2996.8,震荡区间,震荡,当前震荡区间,195.6,False,False,10,1.59,7.78,14.21,18.59,23.86,9,2026-04-23,-4.25,True,True,True
2026-04-10,2026-04-13,603773.SH,沃格光电,电子,电子/电力设备/通信,9.99,13.03,36.06,,3,共封装光学(CPO)、存储芯片、芯片,d2二次回流,抗住且相对强,1.18,True,6,15,True,51,1,limit_strong,2996.8,震荡区间,震荡,当前震荡区间,195.6,False,False,10,14.79,22.62,35.63,35.14,49.19,8,2026-04-22,-9.42,True,True,True
2026-04-10,2026-04-13,002733.SZ,雄韬股份,电力设备,电子/电力设备/通信,10.0,12.39,35.2,3年新高,6,储能、固态电池、氢能源、燃料电池、电池、钠离子电池,d2二次回流,抗住且相对强,0.76,True,4,10,True,60,1,limit_strong,2996.8,震荡区间,震荡,当前震荡区间,195.6,False,False,10,-0.3,4.53,-0.17,-0.6,6.38,4,2026-04-16,-8.23,True,False,False
2026-04-10,2026-04-13,301189.SZ,奥尼电子,电子,电子/电力设备/通信,14.82,5.64,35.2,3年新高,2,消费电子、英伟达,d2二次回流,抗住且相对强,3.85,False,0,0,False,51,,limit_weak,2996.8,震荡区间,震荡,当前震荡区间,195.6,False,False,10,50.72,43.06,50.09,42.5,50.72,3,2026-04-15,-6.38,True,True,True
2026-04-10,2026-04-13,688275.SH,万润新能,电力设备,电子/电力设备/通信,9.49,10.41,30.62,,4,储能、固态电池、电池、钠离子电池,d2二次回流,抗住且相对强,0.46,True,4,8,False,60,1,limit_strong,2996.8,震荡区间,震荡,当前震荡区间,195.6,False,False,10,2.83,9.84,11.34,15.81,15.81,10,2026-04-24,0.0,True,True,False
2026-04-10,2026-04-13,603659.SH,璞泰来,电力设备,电子/电力设备/通信,5.45,30.29,29.99,,6,储能、固态电池、氢能源、电池、芯片、钠离子电池,d2二次回流,抗住且相对强,1.69,True,6,15,False,60,1,limit_strong,2996.8,震荡区间,震荡,当前震荡区间,195.6,False,False,10,3.68,6.72,7.64,9.09,9.09,10,2026-04-24,0.0,True,False,False
2026-04-10,2026-04-13,600537.SH,*ST亿晶,电力设备,电子/电力设备/通信,10.0,8.4,28.98,20日新高,2,光伏、光伏设备,d2二次回流,抗住且相对强,2.22,True,1,2,True,60,6,limit_strong,2996.8,震荡区间,震荡,当前震荡区间,195.6,False,False,10,3.93,-1.23,-14.99,-8.6,6.63,2,2026-04-14,-22.12,True,False,False
2026-04-10,2026-04-13,300868.SZ,杰美特,电子,电子/电力设备/通信,12.12,5.68,28.89,3年新高,2,AI眼镜、消费电子,d2二次回流,抗住且相对强,4.94,True,1,1,False,51,31,limit_medium,2996.8,震荡区间,震荡,当前震荡区间,195.6,False,False,10,18.39,19.33,19.89,11.37,22.11,6,2026-04-20,-8.8,True,True,True
2026-04-10,2026-04-13,688048.SH,长光华芯,电子,电子/电力设备/通信,4.06,50.56,28.87,历史新高,4,共封装光学(CPO)、半导体、可控核聚变、芯片,d2二次回流,抗住且相对强,6.09,True,6,12,False,51,1,limit_strong,2996.8,震荡区间,震荡,当前震荡区间,195.6,False,False,10,22.19,37.02,29.81,61.13,61.13,10,2026-04-24,0.0,True,True,True
2026-04-10,2026-04-13,002222.SZ,福晶科技,电子,电子/电力设备/通信,4.64,38.06,28.63,历史新高,1,共封装光学(CPO),d2二次回流,抗住且相对强,0.27,True,3,3,False,51,6,limit_strong,2996.8,震荡区间,震荡,当前震荡区间,195.6,False,False,10,-2.25,6.08,9.41,4.41,15.04,8,2026-04-22,-9.24,True,True,False
2026-04-10,2026-04-13,688717.SH,艾罗能源,电力设备,电子/电力设备/通信,7.07,15.53,27.86,,4,储能、光伏、光伏设备、虚拟电厂,d2二次回流,抗住且相对强,1.75,True,2,5,False,60,1,limit_strong,2996.8,震荡区间,震荡,当前震荡区间,195.6,False,False,10,-10.05,-10.39,-8.28,-10.0,2.97,1,2026-04-13,-12.98,False,False,False
2026-04-10,2026-04-13,600884.SH,杉杉股份,电力设备,电子/电力设备/通信,5.79,22.68,27.57,20日新高,5,储能、光伏、固态电池、电池、钠离子电池,d2二次回流,抗住且相对强,1.21,True,4,9,False,60,1,limit_strong,2996.8,震荡区间,震荡,当前震荡区间,195.6,False,False,10,2.9,-0.74,-0.07,2.09,4.19,2,2026-04-14,-6.29,False,False,False
2026-04-10,2026-04-13,301292.SZ,海科新源,电力设备,电子/电力设备/通信,5.0,25.49,25.24,,3,固态电池、电池、钠离子电池,d2二次回流,抗住且相对强,2.94,True,4,6,False,60,3,limit_strong,2996.8,震荡区间,震荡,当前震荡区间,195.6,False,False,10,9.16,8.32,14.57,-1.33,25.0,2,2026-04-14,-21.62,True,True,True
2026-04-10,2026-04-13,300450.SZ,先导智能,电力设备,电子/电力设备/通信,4.04,36.69,24.47,20日新高,7,储能、光伏、固态电池、氢能源、燃料电池、电池、钠离子电池,d2二次回流,抗住且相对强,0.5,True,4,11,False,60,1,limit_strong,2996.8,震荡区间,震荡,当前震荡区间,195.6,False,False,10,1.05,7.05,11.99,8.89,12.41,8,2026-04-22,-3.13,True,True,False
2026-04-10,2026-04-13,688008.SH,澜起科技,电子,电子/电力设备/通信,3.13,57.81,23.8,,3,半导体、存储芯片、芯片,d2二次回流,抗住且相对强,5.3,True,6,14,False,51,1,limit_strong,2996.8,震荡区间,震荡,当前震荡区间,195.6,False,False,10,2.54,5.05,10.36,13.91,13.91,10,2026-04-24,0.0,True,True,False
2026-04-10,2026-04-13,300769.SZ,德方纳米,电力设备,电子/电力设备/通信,5.84,14.2,22.01,,3,储能、固态电池、电池,d2二次回流,抗住且相对强,0.94,True,4,7,False,60,1,limit_strong,2996.8,震荡区间,震荡,当前震荡区间,195.6,False,False,10,2.43,6.63,8.3,12.2,12.2,10,2026-04-24,0.0,True,True,False
2026-04-10,2026-04-13,600183.SH,生益科技,电子,电子/电力设备/通信,3.4,36.81,20.63,,4,元件、共封装光学(CPO)、存储芯片、芯片,d2二次回流,抗住且相对强,2.88,True,6,15,False,51,1,limit_strong,2996.8,震荡区间,震荡,当前震荡区间,195.6,False,False,10,9.3,13.14,18.53,18.66,24.16,8,2026-04-22,-4.43,True,True,True
2026-04-10,2026-04-13,002213.SZ,大为股份,电子,电子/电力设备/通信,4.18,22.85,19.98,60日新高,3,半导体、存储芯片、芯片,d2二次回流,抗住且相对强,1.4,True,6,14,False,51,1,limit_strong,2996.8,震荡区间,震荡,当前震荡区间,195.6,False,False,10,2.89,11.4,6.82,5.23,13.2,4,2026-04-16,-10.98,True,True,False
2026-04-10,2026-04-13,002436.SZ,兴森科技,电子,电子/电力设备/通信,3.89,24.6,19.29,,4,元件、共封装光学(CPO)、存储芯片、芯片,d2二次回流,抗住且相对强,9.17,True,6,15,False,51,1,limit_strong,2996.8,震荡区间,震荡,当前震荡区间,195.6,False,False,10,7.67,13.99,22.97,24.32,24.8,8,2026-04-22,-0.8,True,True,True
2026-04-10,2026-04-13,300763.SZ,锦浪科技,电力设备,电子/电力设备/通信,3.22,26.63,16.62,,4,储能、光伏、光伏设备、芯片,d2二次回流,抗住且相对强,0.18,True,6,10,False,60,1,limit_strong,2996.8,震荡区间,震荡,当前震荡区间,195.6,False,False,10,-1.54,0.1,1.04,8.36,8.36,10,2026-04-24,0.0,True,False,False
2026-04-10,2026-04-13,688390.SH,固德威,电力设备,电子/电力设备/通信,4.55,11.83,15.65,,4,储能、光伏、光伏设备、虚拟电厂,d2二次回流,抗住且相对强,3.32,True,2,5,False,60,1,limit_strong,2996.8,震荡区间,震荡,当前震荡区间,195.6,False,False,10,0.69,1.61,2.89,4.16,7.41,8,2026-04-22,-3.02,True,False,False
2026-04-10,2026-04-13,000049.SZ,德赛电池,电力设备,电子/电力设备/通信,5.58,7.34,15.12,,7,AI眼镜、储能、华为手机、固态电池、电池、钠离子电池、锂电池,d1新启动、d2二次回流,抗住且相对强,0.08,True,4,11,False,60,1,limit_strong,2996.8,震荡区间,震荡,当前震荡区间,195.6,False,False,10,1.15,3.57,10.35,7.67,12.32,8,2026-04-22,-4.64,True,True,False
2026-04-10,2026-04-13,300782.SZ,卓胜微,电子,电子/电力设备/通信,2.42,37.08,14.74,1年新高,2,半导体、芯片,d2二次回流,抗住且相对强,1.35,True,6,8,False,51,1,limit_strong,2996.8,震荡区间,震荡,当前震荡区间,195.6,False,False,10,1.54,6.12,11.86,2.81,14.72,8,2026-04-22,-10.38,True,True,False
2026-04-10,2026-04-13,300671.SZ,富满微,电子,电子/电力设备/通信,4.71,8.82,13.99,20日新高,4,MCU芯片、半导体、存储芯片、芯片,d2二次回流,抗住且相对强,9.45,True,6,15,False,51,1,limit_strong,2996.8,震荡区间,震荡,当前震荡区间,195.6,False,False,10,4.75,4.71,8.59,12.12,12.12,10,2026-04-24,0.0,True,True,False
2026-04-10,2026-04-13,301419.SZ,阿莱德,通信,电子/电力设备/通信,5.83,5.3,13.42,2年新高,3,共封装光学(CPO)、存储芯片、液冷服务器,d2二次回流,抗住且相对强,3.78,True,6,10,False,21,12,limit_strong,2996.8,震荡区间,震荡,当前震荡区间,195.6,False,False,10,-1.11,0.8,2.27,-7.64,7.78,2,2026-04-14,-14.31,True,False,False
2026-04-10,2026-04-13,601311.SH,骆驼股份,电力设备,电子/电力设备/通信,5.17,6.46,13.14,60日新高,6,储能、固态电池、氢能源、燃料电池、电池、钠离子电池,d2二次回流,抗住且相对强,0.28,True,4,10,False,60,1,limit_strong,2996.8,震荡区间,震荡,当前震荡区间,195.6,False,False,10,1.0,4.41,2.81,3.71,9.03,8,2026-04-22,-4.88,True,False,False
2026-04-10,2026-04-13,001287.SZ,中电港,电子,电子/电力设备/通信,3.28,13.72,12.15,20日新高,5,MCU芯片、储能、存储芯片、芯片、英伟达,d2二次回流,抗住且相对强,1.2,True,6,15,False,51,1,limit_strong,2996.8,震荡区间,震荡,当前震荡区间,195.6,False,False,10,3.67,2.08,3.97,4.58,4.96,6,2026-04-20,-3.35,False,False,False
2026-04-10,2026-04-13,002245.SZ,蔚蓝锂芯,电力设备,电子/电力设备/通信,2.41,24.44,11.91,20日新高,6,储能、固态电池、电池、芯片、钠离子电池、锂电池,d1新启动、d2二次回流,抗住且相对强,0.19,True,6,15,False,60,1,limit_strong,2996.8,震荡区间,震荡,当前震荡区间,195.6,False,False,10,-0.42,3.24,5.54,9.57,10.67,9,2026-04-23,-0.99,True,True,False
2026-04-10,2026-04-13,002534.SZ,西子洁能,电力设备,电子/电力设备/通信,5.36,4.72,11.64,,3,储能、光伏、燃料电池,d2二次回流,抗住且相对强,1.69,True,2,4,False,60,1,limit_strong,2996.8,震荡区间,震荡,当前震荡区间,195.6,False,False,10,1.12,4.08,2.68,3.58,4.53,9,2026-04-23,-0.91,False,False,False
2026-04-10,2026-04-13,688063.SH,派能科技,电力设备,电子/电力设备/通信,3.52,10.17,11.23,,5,储能、固态电池、电池、钠离子电池、锂电池,d1新启动、d2二次回流,抗住且相对强,0.25,True,4,9,False,60,1,limit_strong,2996.8,震荡区间,震荡,当前震荡区间,195.6,False,False,10,2.27,8.54,9.73,5.66,10.92,8,2026-04-22,-5.31,True,True,False
2026-04-10,2026-04-13,300285.SZ,国瓷材料,电子,电子/电力设备/通信,3.07,13.17,11.14,,4,共封装光学(CPO)、固态电池、氢能源、芯片,d2二次回流,抗住且相对强,3.36,True,6,11,False,51,1,limit_strong,2996.8,震荡区间,震荡,当前震荡区间,195.6,False,False,10,1.34,11.38,9.19,8.06,11.56,8,2026-04-22,-3.14,True,True,False
2026-04-10,2026-04-13,688411.SH,海博思创,电力设备,电子/电力设备/通信,3.13,12.46,11.05,,3,储能、固态电池、钠离子电池,d2二次回流,抗住且相对强,0.38,True,2,4,False,60,1,limit_strong,2996.8,震荡区间,震荡,当前震荡区间,195.6,False,False,10,0.64,0.22,0.19,-1.21,5.15,2,2026-04-14,-6.95,True,False,False
2026-04-10,2026-04-13,002364.SZ,中恒电气,电力设备,电子/电力设备/通信,9.99,1.19,10.9,20日新高,4,储能、氢能源、虚拟电厂、高压快充,d2二次回流,抗住且相对强,8.77,True,2,6,True,60,1,limit_strong,2996.8,震荡区间,震荡,当前震荡区间,195.6,False,False,10,23.58,16.49,25.74,18.71,25.74,7,2026-04-21,-5.59,True,True,True
2026-04-10,2026-04-13,001269.SZ,欧晶科技,电力设备,电子/电力设备/通信,10.01,1.04,10.21,,3,光伏、光伏设备、芯片,d2二次回流,抗住且相对强,1.58,True,6,8,True,60,6,limit_strong,2996.8,震荡区间,震荡,当前震荡区间,195.6,False,False,10,-3.24,-2.46,-4.83,-6.99,2.8,1,2026-04-13,-9.53,False,False,False
2026-04-10,2026-04-13,688499.SH,利元亨,电力设备,电子/电力设备/通信,5.72,3.11,10.09,,7,储能、光伏、固态电池、氢能源、燃料电池、电池、钠离子电池,d2二次回流,抗住且相对强,0.93,True,4,11,False,60,1,limit_strong,2996.8,震荡区间,震荡,当前震荡区间,195.6,False,False,10,1.71,8.47,11.98,8.72,12.42,8,2026-04-22,-4.3,True,True,False
2026-04-10,2026-04-13,688353.SH,华盛锂电,电力设备,电子/电力设备/通信,3.28,8.85,9.76,,4,储能、固态电池、电池、钠离子电池,d2二次回流,抗住且相对强,2.08,True,4,8,False,60,1,limit_strong,2996.8,震荡区间,震荡,当前震荡区间,195.6,False,False,10,1.4,2.91,5.77,-1.14,11.29,2,2026-04-14,-14.24,True,True,False
2026-04-10,2026-04-13,300919.SZ,中伟新材,电力设备,电子/电力设备/通信,2.6,13.68,9.62,,4,储能、固态电池、电池、钠离子电池,d2二次回流,抗住且相对强,2.57,True,4,8,False,60,1,limit_strong,2996.8,震荡区间,震荡,当前震荡区间,195.6,False,False,10,6.36,10.3,9.75,16.85,16.85,10,2026-04-24,0.0,True,True,False
2026-04-10,2026-04-13,688322.SH,奥比中光-W,电子,电子/电力设备/通信,3.92,5.96,9.57,20日新高,2,芯片、英伟达,d2二次回流,抗住且相对强,1.33,True,6,6,False,51,1,limit_strong,2996.8,震荡区间,震荡,当前震荡区间,195.6,False,False,10,0.77,5.03,2.01,-4.34,5.03,5,2026-04-17,-8.92,True,False,False
2026-04-10,2026-04-13,002600.SZ,领益智造,电子,电子/电力设备/通信,2.41,14.09,9.05,,9,AI PC、AI手机、AI眼镜、储能、光伏、共封装光学(CPO)、消费电子、液冷服务器、英伟达,d2二次回流,抗住且相对强,0.22,True,3,9,False,51,6,limit_strong,2996.8,震荡区间,震荡,当前震荡区间,195.6,False,False,10,-0.22,1.32,5.36,4.04,9.85,8,2026-04-22,-5.28,True,False,False
2026-04-10,2026-04-13,688693.SH,锴威特,电子,电子/电力设备/通信,3.32,7.39,9.03,2年新高,2,半导体、芯片,d2二次回流,抗住且相对强,3.53,True,6,8,False,51,1,limit_strong,2996.8,震荡区间,震荡,当前震荡区间,195.6,False,False,10,12.82,25.58,9.68,2.91,25.58,5,2026-04-17,-19.2,True,True,True
2026-04-10,2026-04-13,300724.SZ,捷佳伟创,电力设备,电子/电力设备/通信,2.16,17.23,8.97,,3,光伏、光伏设备、芯片,d2二次回流,抗住且相对强,0.22,True,6,8,False,60,6,limit_strong,2996.8,震荡区间,震荡,当前震荡区间,195.6,False,False,10,2.03,2.06,0.1,-16.85,3.8,2,2026-04-14,-19.89,False,False,False
2026-04-10,2026-04-13,301319.SZ,唯特偶,电子,电子/电力设备/通信,4.67,3.63,8.9,20日新高,2,光伏、芯片,d2二次回流,抗住且相对强,1.11,True,6,7,False,51,1,limit_strong,2996.8,震荡区间,震荡,当前震荡区间,195.6,False,False,10,8.41,34.31,43.58,52.75,53.59,9,2026-04-23,-0.55,True,True,True
2026-04-10,2026-04-13,688123.SH,聚辰股份,电子,电子/电力设备/通信,2.69,10.44,8.69,,5,AI眼镜、共封装光学(CPO)、半导体、存储芯片、芯片,d2二次回流,抗住且相对强,1.18,True,6,18,False,51,1,limit_strong,2996.8,震荡区间,震荡,当前震荡区间,195.6,False,False,10,8.15,6.45,4.62,6.69,12.22,2,2026-04-14,-6.78,True,True,False
2026-04-10,2026-04-13,688148.SH,芳源股份,电力设备,电子/电力设备/通信,5.41,2.11,7.86,,3,固态电池、电池、芯片,d2二次回流,抗住且相对强,2.74,True,6,11,False,60,3,limit_strong,2996.8,震荡区间,震荡,当前震荡区间,195.6,False,False,10,6.99,8.86,11.31,19.46,19.46,10,2026-04-24,0.0,True,True,False
2026-04-10,2026-04-13,300408.SZ,三环集团,电子,电子/电力设备/通信,1.78,18.81,7.72,20日新高,3,元件、共封装光学(CPO)、燃料电池,d2二次回流,抗住且相对强,2.34,True,3,4,False,51,6,limit_strong,2996.8,震荡区间,震荡,当前震荡区间,195.6,False,False,10,9.56,9.31,10.85,25.78,25.78,10,2026-04-24,0.0,True,True,True
2026-04-10,2026-04-13,301487.SZ,盟固利,电力设备,电子/电力设备/通信,3.71,3.91,7.34,,3,固态电池、电池、钠离子电池,d2二次回流,抗住且相对强,0.8,True,4,6,False,60,3,limit_strong,2996.8,震荡区间,震荡,当前震荡区间,195.6,False,False,10,2.54,6.44,7.81,8.84,10.58,8,2026-04-22,-2.42,True,True,False
2026-04-10,2026-04-13,688807.SH,优迅股份,电子,电子/电力设备/通信,2.88,6.14,7.14,20日新高,4,MCU芯片、共封装光学(CPO)、半导体、芯片,d2二次回流,抗住且相对强,13.15,True,6,12,False,51,1,limit_strong,2996.8,震荡区间,震荡,当前震荡区间,195.6,False,False,10,12.33,41.25,33.79,51.68,51.68,10,2026-04-24,0.0,True,True,True
2026-04-10,2026-04-13,688519.SH,南亚新材,电子,电子/电力设备/通信,2.08,11.63,7.09,,3,元件、共封装光学(CPO)、存储芯片,d2二次回流,抗住且相对强,3.29,True,6,9,False,51,2,limit_strong,2996.8,震荡区间,震荡,当前震荡区间,195.6,False,False,10,19.01,8.43,11.43,17.46,19.01,3,2026-04-15,-9.73,True,True,False
2026-04-10,2026-04-13,002340.SZ,格林美,电力设备,电子/电力设备/通信,1.89,13.32,6.9,,6,储能、固态电池、氢能源、燃料电池、电池、钠离子电池,d2二次回流,抗住且相对强,0.02,True,4,10,False,60,1,limit_strong,2996.8,震荡区间,震荡,当前震荡区间,195.6,False,False,10,1.11,4.94,4.82,4.2,5.93,8,2026-04-22,-2.92,True,False,False
2026-04-10,2026-04-13,300490.SZ,华自科技,电力设备,电子/电力设备/通信,2.98,4.71,6.47,,6,储能、光伏、固态电池、虚拟电厂、钠离子电池、高压快充,d2二次回流,抗住且相对强,2.98,True,2,8,False,60,1,limit_strong,2996.8,震荡区间,震荡,当前震荡区间,195.6,False,False,10,6.18,15.93,11.79,6.46,17.63,8,2026-04-22,-9.49,True,True,False
2026-04-10,2026-04-13,301536.SZ,星宸科技,电子,电子/电力设备/通信,2.87,4.82,6.3,,3,AI眼镜、半导体、芯片,d2二次回流,抗住且相对强,1.34,True,6,9,False,51,1,limit_strong,2996.8,震荡区间,震荡,当前震荡区间,195.6,False,False,10,0.65,3.06,9.77,10.11,12.44,8,2026-04-22,-2.08,True,True,False
2026-04-14,2026-04-15,300857.SZ,协创数据,电子,电子/电力设备/通信,20.0,42.21,129.94,,6,AI眼镜、共封装光学(CPO)、存储芯片、消费电子、芯片、英伟达,d3三次确认,抗住且相对强,13.29,True,4,12,True,62,1,limit_strong,3278.4,震荡区间,震荡,当前震荡区间,525.8,False,False,10,26.96,22.02,3.01,4.57,27.8,2,2026-04-16,-19.4,True,True,True
2026-04-14,2026-04-15,688048.SH,长光华芯,电子,电子/电力设备/通信,12.93,58.52,98.91,历史新高,4,共封装光学(CPO)、半导体、可控核聚变、芯片,d3三次确认,抗住且相对强,2.04,True,2,5,False,62,1,limit_strong,3278.4,震荡区间,震荡,当前震荡区间,525.8,False,False,10,13.5,7.53,26.99,26.16,33.47,8,2026-04-24,-5.48,True,True,True
2026-04-14,2026-04-15,300308.SZ,中际旭创,通信,电子/电力设备/通信,4.74,224.76,71.06,历史新高,3,共封装光学(CPO)、液冷服务器、芯片,d3三次确认,抗住且相对强,2.24,True,1,3,False,2,,limit_medium,3278.4,震荡区间,震荡,当前震荡区间,525.8,False,False,10,10.09,11.88,16.04,6.73,16.04,7,2026-04-23,-8.03,True,True,False
2026-04-14,2026-04-15,300136.SZ,信维通信,电子,电子/电力设备/通信,7.92,73.99,68.13,,4,6G、AI眼镜、消费电子、芯片,d2二次回流、d3三次确认,补跌但相对强,0.73,True,3,5,False,62,1,limit_strong,3278.4,震荡区间,震荡,当前震荡区间,525.8,False,False,10,9.25,12.35,21.64,27.59,29.01,9,2026-04-27,-1.1,True,True,True
2026-04-14,2026-04-15,688270.SH,ST臻镭,电子,电子/电力设备/通信,11.07,37.81,68.07,20日新高,4,6G、共封装光学(CPO)、半导体、芯片,d2二次回流、d3三次确认,抗住且相对强,2.05,True,2,4,False,62,1,limit_strong,3278.4,震荡区间,震荡,当前震荡区间,525.8,False,False,10,3.95,-12.31,-5.8,-22.75,4.51,2,2026-04-16,-26.08,False,False,False
2026-04-14,2026-04-15,002580.SZ,圣阳股份,电力设备,电子/电力设备/通信,10.01,39.26,62.72,历史新高,2,液冷服务器、钠离子电池,d3三次确认,抗住且相对强,10.57,True,4,5,True,47,4,limit_strong,3278.4,震荡区间,震荡,当前震荡区间,525.8,False,False,10,33.13,29.3,17.41,28.43,43.67,4,2026-04-20,-19.0,True,True,True
2026-04-14,2026-04-15,002364.SZ,中恒电气,电力设备,电子/电力设备/通信,9.99,36.3,60.19,历史新高,2,氢能源、虚拟电厂,d3三次确认,抗住且相对强,2.7,True,1,2,True,47,18,limit_strong,3278.4,震荡区间,震荡,当前震荡区间,525.8,False,False,10,-3.72,3.93,2.45,-5.86,3.93,5,2026-04-21,-9.42,False,False,False
2026-04-14,2026-04-15,300903.SZ,科翔股份,电子,电子/电力设备/通信,13.68,18.84,59.38,,7,PCB、元件、先进封装、共封装光学(CPO)、存储芯片、芯片、钠离子电池,d2二次回流、d3三次确认,抗住且相对强,6.02,True,4,13,False,62,1,limit_strong,3278.4,震荡区间,震荡,当前震荡区间,525.8,False,False,10,3.97,1.53,12.8,20.53,20.53,10,2026-04-28,0.0,True,True,True
2026-04-14,2026-04-15,301189.SZ,奥尼电子,电子,电子/电力设备/通信,20.0,8.05,56.75,历史新高,2,消费电子、英伟达,d3三次确认,抗住且相对强,20.83,True,4,7,True,62,2,limit_strong,3278.4,震荡区间,震荡,当前震荡区间,525.8,False,False,10,13.9,19.5,12.35,8.63,20.0,1,2026-04-15,-9.48,True,True,True
2026-04-14,2026-04-15,688387.SH,信科移动-U,通信,电子/电力设备/通信,11.32,21.96,53.05,20日新高,2,6G、芯片,d2二次回流、d3三次确认,抗住且相对强,3.58,True,1,1,False,2,,limit_medium,3278.4,震荡区间,震荡,当前震荡区间,525.8,False,False,10,5.87,7.32,7.14,5.63,8.78,4,2026-04-20,-5.4,True,False,False
2026-04-14,2026-04-15,603629.SH,利通电子,电子,电子/电力设备/通信,10.0,24.95,49.95,历史新高,4,消费电子、液冷服务器、芯片、英伟达,d3三次确认,抗住且相对强,10.84,True,4,9,True,62,1,limit_strong,3278.4,震荡区间,震荡,当前震荡区间,525.8,False,False,10,31.88,26.57,45.69,49.28,49.28,10,2026-04-28,0.0,True,True,True
2026-04-14,2026-04-15,002484.SZ,江海股份,电子,电子/电力设备/通信,8.94,30.69,49.53,20日新高,2,元件、可控核聚变,d3三次确认,抗住且相对强,2.63,True,1,2,False,62,16,limit_medium,3278.4,震荡区间,震荡,当前震荡区间,525.8,False,False,10,-1.08,6.86,3.59,12.73,12.73,9,2026-04-27,0.0,True,True,False
2026-04-14,2026-04-15,688519.SH,南亚新材,电子,电子/电力设备/通信,11.95,14.91,46.14,,4,PCB、元件、共封装光学(CPO)、存储芯片,d2二次回流、d3三次确认,抗住且相对强,2.95,True,3,7,False,62,5,limit_strong,3278.4,震荡区间,震荡,当前震荡区间,525.8,False,False,10,-6.95,-4.38,-7.82,8.24,8.24,10,2026-04-28,0.0,True,False,False
2026-04-14,2026-04-15,688655.SH,迅捷兴,电子,电子/电力设备/通信,16.08,7.11,42.88,历史新高,3,PCB、元件、共封装光学(CPO),d2二次回流、d3三次确认,抗住且相对强,6.21,True,3,5,False,62,5,limit_strong,3278.4,震荡区间,震荡,当前震荡区间,525.8,False,False,10,10.13,15.51,9.16,3.87,15.51,5,2026-04-21,-13.32,True,True,False
2026-04-14,2026-04-15,001309.SZ,德明利,电子,电子/电力设备/通信,3.98,101.64,40.13,历史新高,5,AI PC、共封装光学(CPO)、半导体、存储芯片、芯片,d3三次确认,抗住且相对强,0.94,True,2,6,False,62,1,limit_strong,3278.4,震荡区间,震荡,当前震荡区间,525.8,False,False,10,2.61,2.79,-1.19,-0.85,4.87,6,2026-04-22,-7.02,False,False,False
2026-04-14,2026-04-15,600183.SH,生益科技,电子,电子/电力设备/通信,5.28,53.06,38.46,20日新高,6,PCB、元件、先进封装、共封装光学(CPO)、存储芯片、芯片,d2二次回流、d3三次确认,抗住且相对强,0.95,True,3,9,False,62,1,limit_strong,3278.4,震荡区间,震荡,当前震荡区间,525.8,False,False,10,3.64,8.58,12.17,14.67,14.74,9,2026-04-27,-0.07,True,True,False
2026-04-14,2026-04-15,603026.SH,石大胜华,电力设备,电子/电力设备/通信,10.0,14.01,37.43,60日新高,1,燃料电池,d3三次确认,抗住且相对强,0.69,True,1,1,True,47,17,limit_strong,3278.4,震荡区间,震荡,当前震荡区间,525.8,False,False,10,-0.48,0.63,4.3,10.04,10.94,9,2026-04-27,-0.81,True,True,False
2026-04-14,2026-04-15,600152.SH,维科技术,电力设备,电子/电力设备/通信,9.99,11.03,33.18,3年新高,1,钠离子电池,d3三次确认,抗住且相对强,2.07,True,4,4,True,47,4,limit_strong,3278.4,震荡区间,震荡,当前震荡区间,525.8,False,False,10,16.9,9.42,-0.93,31.96,31.96,10,2026-04-28,0.0,True,True,True
2026-04-14,2026-04-15,688418.SH,震有科技,通信,电子/电力设备/通信,11.92,7.63,32.93,20日新高,1,6G,d2二次回流,补跌但相对强,0.08,False,0,0,False,2,,limit_weak,3278.4,震荡区间,震荡,当前震荡区间,525.8,False,False,10,-0.27,6.69,-2.32,-12.53,6.69,5,2026-04-21,-18.02,True,False,False
2026-04-14,2026-04-15,603063.SH,禾望电气,电力设备,电子/电力设备/通信,7.46,18.91,32.44,60日新高,1,氢能源,d3三次确认,抗住且相对强,10.57,True,1,1,False,47,18,limit_medium,3278.4,震荡区间,震荡,当前震荡区间,525.8,False,False,10,17.53,19.32,20.89,21.7,22.51,9,2026-04-27,-0.66,True,True,True
2026-04-14,2026-04-15,002980.SZ,华盛昌,电力设备,电子/电力设备/通信,10.0,10.33,32.14,历史新高,2,AI眼镜、共封装光学(CPO),d3三次确认,抗住且相对强,10.54,True,1,2,True,47,22,limit_strong,3278.4,震荡区间,震荡,当前震荡区间,525.8,False,False,10,14.0,28.16,18.33,32.62,32.62,10,2026-04-28,0.0,True,True,True
2026-04-14,2026-04-15,603890.SH,春秋电子,电子,电子/电力设备/通信,8.62,12.2,30.11,60日新高,3,AI PC、AI眼镜、消费电子,d3三次确认,抗住且相对强,10.82,True,3,4,False,62,3,limit_strong,3278.4,震荡区间,震荡,当前震荡区间,525.8,False,False,10,11.23,16.4,16.17,13.17,18.22,4,2026-04-20,-7.96,True,True,False
2026-04-14,2026-04-15,688106.SH,金宏气体,电子,电子/电力设备/通信,7.64,14.12,28.71,,5,可控核聚变、存储芯片、氢能源、燃料电池、芯片,d3三次确认,补跌但相对强,0.15,True,2,6,False,62,1,limit_strong,3278.4,震荡区间,震荡,当前震荡区间,525.8,False,False,10,-2.01,17.07,23.34,46.65,46.65,10,2026-04-28,0.0,True,True,True
2026-04-14,2026-04-15,603002.SH,宏昌电子,电子,电子/电力设备/通信,10.01,7.78,27.92,历史新高,4,PCB、先进封装、芯片、英伟达,d2二次回流、d3三次确认,抗住且相对强,0.99,True,4,9,True,62,1,limit_strong,3278.4,震荡区间,震荡,当前震荡区间,525.8,False,False,10,0.62,7.78,7.85,14.7,17.81,9,2026-04-27,-2.64,True,True,False
2026-04-14,2026-04-15,300408.SZ,三环集团,电子,电子/电力设备/通信,5.06,28.68,27.1,历史新高,3,元件、共封装光学(CPO)、燃料电池,d3三次确认,抗住且相对强,1.93,True,1,3,False,62,16,limit_medium,3278.4,震荡区间,震荡,当前震荡区间,525.8,False,False,10,0.87,2.29,8.5,26.42,26.42,10,2026-04-28,0.0,True,True,True
2026-04-14,2026-04-15,300632.SZ,光莆股份,电子,电子/电力设备/通信,7.81,8.89,23.29,60日新高,5,AI眼镜、PCB、先进封装、共封装光学(CPO)、芯片,d2二次回流、d3三次确认,抗住且相对强,1.95,True,3,7,False,62,1,limit_strong,3278.4,震荡区间,震荡,当前震荡区间,525.8,False,False,10,4.77,-1.63,-7.36,-4.6,4.77,3,2026-04-17,-11.58,False,False,False
2026-04-14,2026-04-15,002929.SZ,润建股份,通信,电子/电力设备/通信,4.98,21.72,23.21,1年新高,2,MR(混合现实)、虚拟电厂,d2二次回流、d3三次确认,补跌但相对强,0.55,True,1,1,False,2,,limit_medium,3278.4,震荡区间,震荡,当前震荡区间,525.8,False,False,10,2.54,-6.94,-4.51,-8.09,9.14,2,2026-04-16,-15.79,True,False,False
2026-04-14,2026-04-15,688668.SH,鼎通科技,通信,电子/电力设备/通信,6.3,13.35,23.02,20日新高,2,液冷服务器、英伟达,d3三次确认,抗住且相对强,2.21,True,4,5,False,2,,limit_strong,3278.4,震荡区间,震荡,当前震荡区间,525.8,False,False,10,23.83,30.26,37.48,30.48,39.6,8,2026-04-24,-6.54,True,True,True
2026-04-14,2026-04-15,688521.SH,芯原股份,电子,电子/电力设备/通信,2.65,66.05,21.54,,6,AI手机、AI眼镜、MCU芯片、先进封装、半导体、芯片,d2二次回流、d3三次确认,抗住且相对强,4.39,True,2,5,False,62,1,limit_strong,3278.4,震荡区间,震荡,当前震荡区间,525.8,False,False,10,-1.8,-5.07,-4.07,-6.65,3.56,1,2026-04-15,-10.04,False,False,False
2026-04-14,2026-04-15,300548.SZ,长芯博创,通信,电子/电力设备/通信,2.83,56.23,21.22,历史新高,2,共封装光学(CPO)、芯片,d3三次确认,抗住且相对强,3.69,True,1,2,False,2,,limit_medium,3278.4,震荡区间,震荡,当前震荡区间,525.8,False,False,10,12.4,14.47,17.11,6.74,20.7,6,2026-04-22,-11.57,True,True,True
2026-04-14,2026-04-15,688809.SH,强一股份,电子,电子/电力设备/通信,5.38,12.39,18.94,20日新高,3,半导体、存储芯片、芯片,d3三次确认,抗住且相对强,1.71,True,2,5,False,62,1,limit_strong,3278.4,震荡区间,震荡,当前震荡区间,525.8,False,False,10,13.52,9.41,10.11,13.33,18.96,6,2026-04-22,-7.44,True,True,False
2026-04-14,2026-04-15,300604.SZ,长川科技,电子,电子/电力设备/通信,3.35,31.05,18.67,20日新高,3,半导体、存储芯片、芯片,d3三次确认,抗住且相对强,1.82,True,2,5,False,62,1,limit_strong,3278.4,震荡区间,震荡,当前震荡区间,525.8,False,False,10,7.78,6.06,11.29,28.24,28.24,10,2026-04-28,0.0,True,True,True
2026-04-14,2026-04-15,603220.SH,中贝通信,通信,电子/电力设备/通信,4.56,15.69,18.06,20日新高,2,6G、共封装光学(CPO),d2二次回流、d3三次确认,抗住且相对强,4.25,True,1,1,False,2,,limit_medium,3278.4,震荡区间,震荡,当前震荡区间,525.8,False,False,10,14.29,4.5,21.34,3.62,21.34,7,2026-04-23,-14.61,True,True,True
2026-04-14,2026-04-15,688256.SH,寒武纪,电子,电子/电力设备/通信,1.83,94.13,17.75,,3,先进封装、半导体、芯片,d2二次回流、d3三次确认,抗住且相对强,3.41,True,2,4,False,62,1,limit_strong,3278.4,震荡区间,震荡,当前震荡区间,525.8,False,False,10,7.41,7.09,6.52,10.67,10.97,4,2026-04-20,-4.01,True,True,False
2026-04-14,2026-04-15,301205.SZ,联特科技,通信,电子/电力设备/通信,3.04,34.09,17.75,20日新高,2,共封装光学(CPO)、芯片,d3三次确认,抗住且相对强,2.13,True,1,2,False,2,,limit_medium,3278.4,震荡区间,震荡,当前震荡区间,525.8,False,False,10,9.89,9.67,3.99,-2.89,13.14,6,2026-04-22,-14.16,True,True,False
2026-04-14,2026-04-15,300868.SZ,杰美特,电子,电子/电力设备/通信,7.54,5.43,17.57,3年新高,2,AI眼镜、消费电子,d3三次确认,抗住且相对强,4.94,True,3,4,False,62,3,limit_strong,3278.4,震荡区间,震荡,当前震荡区间,525.8,False,False,10,4.93,5.42,-0.47,-5.12,7.38,4,2026-04-20,-11.64,True,False,False
2026-04-14,2026-04-15,300442.SZ,润泽科技,通信,电子/电力设备/通信,2.15,61.14,16.81,20日新高,1,液冷服务器,d3三次确认,补跌但相对强,0.37,True,1,1,False,2,,limit_medium,3278.4,震荡区间,震荡,当前震荡区间,525.8,False,False,10,3.46,-1.2,5.19,-3.11,5.19,7,2026-04-23,-7.89,True,False,False
2026-04-14,2026-04-15,688362.SH,甬矽电子,电子,电子/电力设备/通信,5.21,8.49,15.18,20日新高,4,MCU芯片、先进封装、半导体、芯片,d2二次回流、d3三次确认,补跌但相对强,0.56,True,2,4,False,62,1,limit_strong,3278.4,震荡区间,震荡,当前震荡区间,525.8,False,False,10,1.13,-6.25,-3.59,-0.13,2.39,9,2026-04-27,-2.46,False,False,False
2026-04-14,2026-04-15,688388.SH,嘉元科技,电力设备,电子/电力设备/通信,3.8,14.41,14.42,20日新高,2,PCB、共封装光学(CPO),d2二次回流、d3三次确认,抗住且相对强,1.7,True,3,4,False,47,22,limit_strong,3278.4,震荡区间,震荡,当前震荡区间,525.8,False,False,10,4.18,6.01,-2.19,1.17,6.01,5,2026-04-21,-9.58,True,False,False
2026-04-14,2026-04-15,002156.SZ,通富微电,电子,电子/电力设备/通信,2.41,33.43,13.93,,6,AI PC、先进封装、共封装光学(CPO)、半导体、存储芯片、芯片,d2二次回流、d3三次确认,抗住且相对强,1.34,True,2,7,False,62,1,limit_strong,3278.4,震荡区间,震荡,当前震荡区间,525.8,False,False,10,3.06,1.03,1.05,7.49,9.52,9,2026-04-27,-1.86,True,False,False
2026-04-14,2026-04-15,300283.SZ,温州宏丰,电力设备,电子/电力设备/通信,4.93,7.09,13.13,3年新高,2,PCB、芯片,d2二次回流、d3三次确认,补跌但相对强,0.12,True,3,4,False,47,16,limit_strong,3278.4,震荡区间,震荡,当前震荡区间,525.8,False,False,10,5.57,9.72,6.88,28.17,28.28,8,2026-04-24,-2.81,True,True,True
2026-04-14,2026-04-15,688347.SH,华虹公司,电子,电子/电力设备/通信,2.98,18.9,12.96,,3,半导体、存储芯片、芯片,d3三次确认,抗住且相对强,1.46,True,2,5,False,62,1,limit_strong,3278.4,震荡区间,震荡,当前震荡区间,525.8,False,False,10,1.66,4.89,0.83,12.65,16.75,9,2026-04-27,-3.51,True,True,False
2026-04-14,2026-04-15,688733.SH,壹石通,电力设备,电子/电力设备/通信,6.48,3.24,11.66,,6,PCB、先进封装、存储芯片、燃料电池、芯片、钠离子电池,d2二次回流、d3三次确认,抗住且相对强,1.58,True,4,12,False,47,4,limit_strong,3278.4,震荡区间,震荡,当前震荡区间,525.8,False,False,10,0.58,-0.78,-3.3,-2.85,1.02,1,2026-04-15,-4.27,False,False,False
2026-04-14,2026-04-15,603083.SH,剑桥科技,通信,电子/电力设备/通信,1.72,43.71,11.37,20日新高,2,共封装光学(CPO)、液冷服务器,d3三次确认,抗住且相对强,5.63,True,1,2,False,2,,limit_medium,3278.4,震荡区间,震荡,当前震荡区间,525.8,False,False,10,20.45,33.62,36.24,28.66,42.75,6,2026-04-22,-10.8,True,True,True
2026-04-14,2026-04-15,002475.SZ,立讯精密,电子,电子/电力设备/通信,0.92,144.87,11.07,60日新高,6,AI眼镜、MR(混合现实)、共封装光学(CPO)、消费电子、液冷服务器、芯片,d2二次回流、d3三次确认,补跌但相对强,0.22,True,3,7,False,62,1,limit_strong,3278.4,震荡区间,震荡,当前震荡区间,525.8,False,False,10,1.03,11.18,14.59,18.16,21.69,9,2026-04-27,-2.9,True,True,True
2026-04-14,2026-04-15,603175.SH,超颖电子,电子,电子/电力设备/通信,4.61,5.62,10.93,,4,PCB、元件、存储芯片、芯片,d2二次回流、d3三次确认,补跌但相对强,0.22,True,3,7,False,62,1,limit_strong,3278.4,震荡区间,震荡,当前震荡区间,525.8,False,False,10,1.79,8.66,8.95,2.2,13.33,6,2026-04-22,-9.82,True,True,False
2026-04-14,2026-04-15,688110.SH,东芯股份,电子,电子/电力设备/通信,2.45,17.13,10.14,,4,AI PC、半导体、存储芯片、芯片,d3三次确认,补跌但相对强,0.16,True,2,5,False,62,1,limit_strong,3278.4,震荡区间,震荡,当前震荡区间,525.8,False,False,10,1.88,-2.29,-1.97,10.71,11.71,9,2026-04-27,-0.9,True,True,False
2026-04-14,2026-04-15,688047.SH,龙芯中科,电子,电子/电力设备/通信,2.83,12.65,10.07,,3,MCU芯片、半导体、芯片,d3三次确认,补跌但相对强,0.69,True,2,3,False,62,1,limit_strong,3278.4,震荡区间,震荡,当前震荡区间,525.8,False,False,10,2.02,-1.5,6.17,9.67,12.27,9,2026-04-27,-2.32,True,True,False
2026-04-15,2026-04-16,001208.SZ,华菱线缆,电力设备,电子/电力设备/通信,10.03,9.27,30.54,20日新高,2,特高压、电网设备,d2二次回流,抗住且相对强,1.32,True,3,6,True,37,2,limit_strong,2611.8,震荡区间,震荡,当前震荡区间,583.4,False,False,10,6.78,1.92,-6.92,-11.64,6.78,3,2026-04-20,-18.56,True,False,False
2026-04-15,2026-04-16,605222.SH,起帆电缆,电力设备,电子/电力设备/通信,10.02,5.88,24.3,3年新高,2,特高压、电网设备,d2二次回流,抗住且相对强,0.72,True,3,6,True,37,2,limit_strong,2611.8,震荡区间,震荡,当前震荡区间,583.4,False,False,10,21.09,32.02,29.61,28.14,32.87,9,2026-04-28,-3.56,True,True,True
2026-04-15,2026-04-16,603897.SH,长城科技,电力设备,电子/电力设备/通信,7.28,9.41,22.33,3年新高,1,电网设备,d2二次回流,抗住且相对强,7.58,True,3,3,False,37,2,limit_strong,2611.8,震荡区间,震荡,当前震荡区间,583.4,False,False,10,10.24,12.5,8.26,3.48,12.7,6,2026-04-23,-8.18,True,True,False
2026-04-16,2026-04-17,300390.SZ,天华新能,电力设备,电子/电力设备/通信,11.37,88.71,107.09,3年新高,1,电池,d3三次确认,抗住且相对强,2.49,True,5,5,False,48,1,limit_strong,3242.4,震荡区间,震荡,当前震荡区间,992.2,False,False,10,0.15,-6.55,9.98,28.97,28.97,9,2026-04-29,0.0,True,True,True
2026-04-16,2026-04-17,300438.SZ,鹏辉能源,电力设备,电子/电力设备/通信,9.05,44.44,60.33,3年新高,2,电池、锂电池,d2二次回流、d3三次确认,抗住且相对强,0.61,True,5,6,False,48,1,limit_strong,3242.4,震荡区间,震荡,当前震荡区间,992.2,False,False,10,-2.13,-0.71,0.96,25.55,25.55,10,2026-04-30,0.0,True,True,True
2026-04-16,2026-04-17,300953.SZ,震裕科技,电力设备,电子/电力设备/通信,10.07,27.0,52.33,历史新高,2,电池、锂电池,d2二次回流、d3三次确认,抗住且相对强,0.32,True,5,6,False,48,1,limit_strong,3242.4,震荡区间,震荡,当前震荡区间,992.2,False,False,10,4.77,5.05,4.63,6.13,9.29,4,2026-04-22,-7.28,True,False,False
2026-04-16,2026-04-17,002580.SZ,圣阳股份,电力设备,电子/电力设备/通信,10.01,18.31,42.83,历史新高,1,电池,d3三次确认,抗住且相对强,10.03,True,5,5,True,48,1,limit_strong,3242.4,震荡区间,震荡,当前震荡区间,992.2,False,False,10,6.83,-2.99,3.67,-1.15,18.71,2,2026-04-20,-19.0,True,True,False
2026-04-16,2026-04-17,688678.SH,福立旺,电子,电子/电力设备/通信,10.86,9.48,33.44,60日新高,1,TOPCON电池,d2二次回流,抗住且相对强,5.32,True,1,1,False,56,,limit_medium,3242.4,震荡区间,震荡,当前震荡区间,992.2,False,False,10,4.45,-19.32,-20.17,-18.73,7.33,2,2026-04-20,-26.74,True,False,False
2026-04-16,2026-04-17,603032.SH,德新科技,电力设备,电子/电力设备/通信,9.98,6.79,26.01,60日新高,1,电池,d3三次确认,抗住且相对强,2.78,True,5,5,True,48,1,limit_strong,3242.4,震荡区间,震荡,当前震荡区间,992.2,False,False,10,2.62,-1.26,5.91,5.24,5.91,7,2026-04-27,-3.5,True,False,False
2026-04-16,2026-04-17,603906.SH,龙蟠科技,电力设备,电子/电力设备/通信,10.01,5.86,24.23,3年新高,1,电池,d3三次确认,抗住且相对强,3.78,True,5,5,True,48,1,limit_strong,3242.4,震荡区间,震荡,当前震荡区间,992.2,False,False,10,3.87,21.56,25.79,32.42,32.42,10,2026-04-30,0.0,True,True,True
2026-04-16,2026-04-17,300410.SZ,正业科技,电力设备,电子/电力设备/通信,7.24,5.82,17.47,20日新高,1,电池,d3三次确认,抗住且相对强,1.9,True,5,5,False,48,1,limit_strong,3242.4,震荡区间,震荡,当前震荡区间,992.2,False,False,10,4.98,-0.62,3.32,3.01,4.98,3,2026-04-21,-5.34,False,False,False
2026-04-16,2026-04-17,300769.SZ,德方纳米,电力设备,电子/电力设备/通信,4.13,12.55,14.63,60日新高,1,电池,d3三次确认,补跌但相对强,0.01,True,5,5,False,48,1,limit_strong,3242.4,震荡区间,震荡,当前震荡区间,992.2,False,False,10,1.54,4.05,9.22,50.15,50.15,10,2026-04-30,0.0,True,True,True
2026-04-16,2026-04-17,002938.SZ,鹏鼎控股,电子,电子/电力设备/通信,2.66,23.88,13.0,20日新高,1,AI手机,多次回流成熟段,抗住且相对强,0.31,False,0,0,False,56,,limit_weak,3242.4,震荡区间,震荡,当前震荡区间,992.2,False,False,10,13.52,23.64,26.52,18.11,26.52,7,2026-04-27,-6.65,True,True,True
2026-04-16,2026-04-17,688503.SH,聚和材料,电力设备,电子/电力设备/通信,3.58,11.22,11.99,20日新高,1,TOPCON电池,d2二次回流,抗住且相对强,2.01,True,1,1,False,48,,limit_medium,3242.4,震荡区间,震荡,当前震荡区间,992.2,False,False,10,2.12,-5.15,4.29,7.48,7.48,10,2026-04-30,0.0,True,False,False
2026-04-16,2026-04-17,688359.SH,三孚新科,电子,电子/电力设备/通信,5.11,5.27,11.73,3年新高,1,TOPCON电池,d2二次回流,抗住且相对强,2.63,True,1,1,False,56,,limit_medium,3242.4,震荡区间,震荡,当前震荡区间,992.2,False,False,10,-0.91,-1.35,0.11,3.11,4.16,1,2026-04-17,-6.3,False,False,False
2026-04-17,2026-04-20,300476.SZ,胜宏科技,电子,电子/电力设备/通信,7.55,215.82,110.92,60日新高,6,AI PC、PCB、元件、光伏、共封装光学(CPO)、芯片,d3三次确认、多次回流成熟段,抗住且相对强,3.52,True,11,23,False,108,1,limit_strong,2926.2,震荡区间,震荡,当前震荡区间,-156.6,False,False,10,5.01,-3.32,-4.09,-0.15,5.08,1,2026-04-20,-8.73,True,False,False
2026-04-17,2026-04-20,300776.SZ,帝尔激光,电力设备,电子/电力设备/通信,20.0,18.88,86.9,20日新高,5,PCB、TOPCON电池、先进封装、光伏、芯片,d3三次确认、多次回流成熟段,抗住且相对强,7.01,True,11,21,True,59,2,limit_strong,2926.2,震荡区间,震荡,当前震荡区间,-156.6,False,False,10,13.73,10.79,10.1,6.59,15.26,4,2026-04-23,-8.66,True,True,False
2026-04-17,2026-04-20,002281.SZ,光迅科技,通信,电子/电力设备/通信,10.0,71.17,84.36,历史新高,5,6G、光纤、共封装光学(CPO)、芯片、通信设备,d2二次回流、d3三次确认、多次回流成熟段,抗住且相对强,2.11,True,11,27,True,35,1,limit_strong,2926.2,震荡区间,震荡,当前震荡区间,-156.6,False,False,10,6.11,10.16,17.26,29.09,29.09,10,2026-05-06,0.0,True,True,True
2026-04-17,2026-04-20,600703.SH,三安光电,电子,电子/电力设备/通信,9.98,55.53,74.37,,5,先进封装、光伏、光学光电子、共封装光学(CPO)、芯片,d2二次回流、d3三次确认、多次回流成熟段,抗住且相对强,0.76,True,11,29,True,108,1,limit_strong,2926.2,震荡区间,震荡,当前震荡区间,-156.6,False,False,10,11.99,13.27,4.87,10.04,16.27,4,2026-04-23,-11.86,True,True,False
2026-04-17,2026-04-20,300136.SZ,信维通信,电子,电子/电力设备/通信,7.32,88.53,68.87,20日新高,2,6G、芯片,d3三次确认、多次回流成熟段,抗住且相对强,2.3,True,11,15,False,108,1,limit_strong,2926.2,震荡区间,震荡,当前震荡区间,-156.6,False,False,10,6.15,8.53,16.79,29.8,29.8,10,2026-05-06,0.0,True,True,True
2026-04-17,2026-04-20,603629.SH,利通电子,电子,电子/电力设备/通信,10.01,37.47,61.27,历史新高,1,芯片,多次回流成熟段,抗住且相对强,0.19,True,11,11,True,108,1,limit_strong,2926.2,震荡区间,震荡,当前震荡区间,-156.6,False,False,10,2.62,3.77,13.19,50.65,50.65,10,2026-05-06,0.0,True,True,True
2026-04-17,2026-04-20,301319.SZ,唯特偶,电子,电子/电力设备/通信,20.0,9.08,60.27,历史新高,3,先进封装、光伏、芯片,d3三次确认、多次回流成熟段,抗住且相对强,1.16,True,11,18,True,108,1,limit_strong,2926.2,震荡区间,震荡,当前震荡区间,-156.6,False,False,10,5.85,13.73,-2.37,14.64,14.64,10,2026-05-06,0.0,True,True,False
2026-04-17,2026-04-20,603083.SH,剑桥科技,通信,电子/电力设备/通信,10.0,33.83,58.16,历史新高,2,共封装光学(CPO)、通信设备,d2二次回流、多次回流成熟段,抗住且相对强,4.17,True,6,11,True,35,1,limit_strong,2926.2,震荡区间,震荡,当前震荡区间,-156.6,False,False,10,18.51,5.75,6.81,23.35,23.35,10,2026-05-06,0.0,True,True,True
2026-04-17,2026-04-20,688502.SH,茂莱光学,电子,电子/电力设备/通信,16.33,12.51,57.76,20日新高,2,光学光电子、芯片,d2二次回流、多次回流成熟段,抗住且相对强,11.67,True,11,16,False,108,1,limit_strong,2926.2,震荡区间,震荡,当前震荡区间,-156.6,False,False,10,21.19,13.35,12.23,30.45,30.45,10,2026-05-06,0.0,True,True,True
2026-04-17,2026-04-20,603063.SH,禾望电气,电力设备,电子/电力设备/通信,9.99,25.98,50.92,120日新高,1,光伏,d3三次确认,抗住且相对强,0.4,True,1,1,True,59,2,limit_strong,2926.2,震荡区间,震荡,当前震荡区间,-156.6,False,False,10,2.81,0.17,3.54,18.8,18.8,10,2026-05-06,0.0,True,True,False
2026-04-17,2026-04-20,600487.SH,亨通光电,通信,电子/电力设备/通信,4.72,115.81,50.79,,5,6G、光纤、共封装光学(CPO)、芯片、通信设备,d2二次回流、d3三次确认、多次回流成熟段,抗住且相对强,8.77,True,11,27,False,35,1,limit_strong,2926.2,震荡区间,震荡,当前震荡区间,-156.6,False,False,10,18.2,24.96,22.71,29.02,29.02,10,2026-05-06,0.0,True,True,True
2026-04-17,2026-04-20,603738.SH,泰晶科技,电子,电子/电力设备/通信,9.99,18.26,42.69,3年新高,4,6G、元件、共封装光学(CPO)、芯片,d3三次确认、多次回流成熟段,抗住且相对强,2.91,True,11,23,True,108,1,limit_strong,2926.2,震荡区间,震荡,当前震荡区间,-156.6,False,False,10,17.73,31.95,19.99,28.77,31.99,8,2026-04-29,-3.77,True,True,True
2026-04-17,2026-04-20,002796.SZ,世嘉科技,通信,电子/电力设备/通信,10.0,16.29,40.36,,3,6G、共封装光学(CPO)、通信设备,d2二次回流、d3三次确认、多次回流成熟段,抗住且相对强,3.94,True,6,15,True,35,1,limit_strong,2926.2,震荡区间,震荡,当前震荡区间,-156.6,False,False,10,15.07,8.25,0.86,1.37,15.07,3,2026-04-22,-12.35,True,True,False
2026-04-17,2026-04-20,003031.SZ,中瓷电子,通信,电子/电力设备/通信,10.0,15.88,39.85,历史新高,4,6G、共封装光学(CPO)、芯片、通信设备,d2二次回流、d3三次确认、多次回流成熟段,抗住且相对强,5.16,True,11,26,True,35,1,limit_strong,2926.2,震荡区间,震荡,当前震荡区间,-156.6,False,False,10,11.49,13.61,13.35,14.06,14.06,10,2026-05-06,0.0,True,True,False
2026-04-17,2026-04-20,600105.SH,永鼎股份,通信,电子/电力设备/通信,4.64,69.38,38.65,历史新高,4,光纤、共封装光学(CPO)、芯片、通信设备,d2二次回流、多次回流成熟段,抗住且相对强,0.56,True,11,23,False,35,1,limit_strong,2926.2,震荡区间,震荡,当前震荡区间,-156.6,False,False,10,10.24,18.67,8.6,5.76,18.67,5,2026-04-24,-13.47,True,True,False
2026-04-17,2026-04-20,002980.SZ,华盛昌,电力设备,电子/电力设备/通信,10.0,13.72,37.04,历史新高,2,光伏、共封装光学(CPO),d3三次确认、多次回流成熟段,抗住且相对强,6.33,True,6,7,True,59,2,limit_strong,2926.2,震荡区间,震荡,当前震荡区间,-156.6,False,False,10,11.08,12.54,16.33,3.69,16.33,7,2026-04-28,-10.86,True,True,False
2026-04-17,2026-04-20,002217.SZ,合力泰,电子,电子/电力设备/通信,9.84,13.27,35.85,20日新高,2,PCB、光学光电子,d2二次回流、d3三次确认,抗住且相对强,8.51,True,5,6,True,108,2,limit_strong,2926.2,震荡区间,震荡,当前震荡区间,-156.6,False,False,10,9.33,0.37,11.19,18.66,18.66,10,2026-05-06,0.0,True,True,False
2026-04-17,2026-04-20,603773.SH,沃格光电,电子,电子/电力设备/通信,10.0,11.31,33.63,历史新高,5,6G、先进封装、光学光电子、共封装光学(CPO)、芯片,d2二次回流、d3三次确认、多次回流成熟段,抗住且相对强,8.44,True,11,32,True,108,1,limit_strong,2926.2,震荡区间,震荡,当前震荡区间,-156.6,False,False,10,21.66,10.21,19.85,26.28,31.83,8,2026-04-29,-4.22,True,True,True
2026-04-17,2026-04-20,300450.SZ,先导智能,电力设备,电子/电力设备/通信,4.36,53.94,32.02,20日新高,3,PCB、TOPCON电池、光伏,d3三次确认,抗住且相对强,0.91,True,2,4,False,59,2,limit_strong,2926.2,震荡区间,震荡,当前震荡区间,-156.6,False,False,10,5.0,1.71,-1.14,1.8,5.0,3,2026-04-22,-6.09,True,False,False
2026-04-17,2026-04-20,601231.SH,环旭电子,电子,电子/电力设备/通信,5.88,26.85,30.47,20日新高,2,共封装光学(CPO)、芯片,多次回流成熟段,抗住且相对强,3.89,True,11,17,False,108,1,limit_strong,2926.2,震荡区间,震荡,当前震荡区间,-156.6,False,False,10,10.2,-1.52,-3.41,-2.99,10.2,3,2026-04-22,-14.63,True,True,False
2026-04-17,2026-04-20,603052.SH,可川科技,电子,电子/电力设备/通信,10.0,9.12,30.2,历史新高,2,共封装光学(CPO)、芯片,多次回流成熟段,抗住且相对强,8.45,True,11,17,True,108,1,limit_strong,2926.2,震荡区间,震荡,当前震荡区间,-156.6,False,False,10,9.61,9.26,1.91,1.81,13.57,4,2026-04-23,-13.97,True,True,False
2026-04-17,2026-04-20,600707.SH,彩虹股份,电子,电子/电力设备/通信,10.03,9.06,30.19,1年新高,1,光学光电子,d2二次回流,抗住且相对强,8.45,True,5,5,True,108,5,limit_strong,2926.2,震荡区间,震荡,当前震荡区间,-156.6,False,False,10,13.74,3.59,11.17,5.52,13.99,6,2026-04-27,-8.9,True,True,False
2026-04-17,2026-04-20,002916.SZ,深南电路,电子,电子/电力设备/通信,4.78,37.33,29.2,,4,PCB、元件、先进封装、芯片,d3三次确认、多次回流成熟段,抗住且相对强,0.05,True,11,20,False,108,1,limit_strong,2926.2,震荡区间,震荡,当前震荡区间,-156.6,False,False,10,6.44,6.47,11.26,12.61,13.69,6,2026-04-27,-2.89,True,True,False
2026-04-17,2026-04-20,600330.SH,天通股份,电子,电子/电力设备/通信,10.03,8.2,28.72,历史新高,4,PCB、先进封装、光伏、芯片,d3三次确认、多次回流成熟段,抗住且相对强,8.43,True,11,19,True,108,1,limit_strong,2926.2,震荡区间,震荡,当前震荡区间,-156.6,False,False,10,19.05,19.14,21.58,24.3,28.35,9,2026-04-30,-3.16,True,True,True
2026-04-17,2026-04-20,300184.SZ,力源信息,电子,电子/电力设备/通信,5.87,23.18,28.26,120日新高,4,6G、PCB、光伏、芯片,d3三次确认、多次回流成熟段,抗住且相对强,0.97,True,11,17,False,108,1,limit_strong,2926.2,震荡区间,震荡,当前震荡区间,-156.6,False,False,10,6.81,8.47,4.83,10.06,10.06,10,2026-05-06,0.0,True,True,False
2026-04-17,2026-04-20,300489.SZ,光智科技,电子,电子/电力设备/通信,5.83,15.61,23.03,1年新高,2,先进封装、光学光电子,d2二次回流、d3三次确认,抗住且相对强,5.6,True,6,11,False,108,3,limit_strong,2926.2,震荡区间,震荡,当前震荡区间,-156.6,False,False,10,27.04,43.68,34.73,55.87,55.87,10,2026-05-06,0.0,True,True,True
2026-04-17,2026-04-20,301511.SZ,德福科技,电力设备,电子/电力设备/通信,4.92,20.11,22.06,历史新高,2,PCB、共封装光学(CPO),d3三次确认、多次回流成熟段,抗住且相对强,4.79,True,6,7,False,59,14,limit_strong,2926.2,震荡区间,震荡,当前震荡区间,-156.6,False,False,10,27.82,19.85,34.63,79.47,79.47,10,2026-05-06,0.0,True,True,True
2026-04-17,2026-04-20,301297.SZ,富乐德,电子,电子/电力设备/通信,7.61,7.67,21.08,20日新高,2,半导体、芯片,多次回流成熟段,抗住且相对强,2.64,True,11,14,False,108,1,limit_strong,2926.2,震荡区间,震荡,当前震荡区间,-156.6,False,False,10,13.55,5.7,14.76,16.76,18.53,8,2026-04-29,-2.39,True,True,False
2026-04-17,2026-04-20,002792.SZ,通宇通讯,通信,电子/电力设备/通信,3.32,39.25,20.8,20日新高,3,6G、共封装光学(CPO)、通信设备,d2二次回流、d3三次确认、多次回流成熟段,抗住且相对强,3.0,True,6,15,False,35,1,limit_strong,2926.2,震荡区间,震荡,当前震荡区间,-156.6,False,False,10,2.18,-10.58,-17.15,-5.86,3.65,1,2026-04-20,-20.06,False,False,False
2026-04-17,2026-04-20,600151.SH,航天机电,电力设备,电子/电力设备/通信,5.1,16.45,20.68,20日新高,2,TOPCON电池、光伏,d3三次确认,抗住且相对强,2.19,True,2,3,False,59,2,limit_strong,2926.2,震荡区间,震荡,当前震荡区间,-156.6,False,False,10,2.94,0.89,-6.29,3.83,4.86,4,2026-04-23,-10.63,False,False,False
2026-04-17,2026-04-20,688256.SH,寒武纪,电子,电子/电力设备/通信,2.07,96.12,20.29,20日新高,3,先进封装、半导体、芯片,d3三次确认、多次回流成熟段,抗住且相对强,1.75,True,11,20,False,108,1,limit_strong,2926.2,震荡区间,震荡,当前震荡区间,-156.6,False,False,10,0.22,1.39,3.04,36.81,36.81,10,2026-05-06,0.0,True,True,True
2026-04-17,2026-04-20,000062.SZ,深圳华强,电子,电子/电力设备/通信,3.98,25.73,20.19,120日新高,3,6G、共封装光学(CPO)、芯片,d3三次确认、多次回流成熟段,抗住且相对强,3.18,True,11,21,False,108,1,limit_strong,2926.2,震荡区间,震荡,当前震荡区间,-156.6,False,False,10,9.68,15.39,21.64,23.92,26.92,6,2026-04-27,-5.61,True,True,True
2026-04-17,2026-04-20,605222.SH,起帆电缆,电力设备,电子/电力设备/通信,6.73,7.34,18.23,3年新高,1,光伏,d3三次确认,抗住且相对强,9.66,True,1,1,False,59,2,limit_medium,2926.2,震荡区间,震荡,当前震荡区间,-156.6,False,False,10,19.93,17.75,20.7,22.46,28.06,9,2026-04-30,-4.37,True,True,True
2026-04-17,2026-04-20,300593.SZ,新雷能,电力设备,电子/电力设备/通信,5.56,10.45,17.97,20日新高,1,芯片,多次回流成熟段,抗住且相对强,0.58,True,11,11,False,59,10,limit_strong,2926.2,震荡区间,震荡,当前震荡区间,-156.6,False,False,10,3.77,0.31,-2.45,-0.44,3.77,3,2026-04-22,-6.32,False,False,False
2026-04-17,2026-04-20,688416.SH,恒烁股份,电子,电子/电力设备/通信,6.41,6.49,16.33,20日新高,2,半导体、芯片,多次回流成熟段,抗住且相对强,6.44,True,11,14,False,108,1,limit_strong,2926.2,震荡区间,震荡,当前震荡区间,-156.6,False,False,10,12.99,5.78,6.44,19.58,19.58,10,2026-05-06,0.0,True,True,False
2026-04-17,2026-04-20,688516.SH,奥特维,电力设备,电子/电力设备/通信,4.42,13.25,16.09,,4,TOPCON电池、光伏、共封装光学(CPO)、芯片,d3三次确认、多次回流成熟段,抗住且相对强,0.26,True,11,20,False,59,2,limit_strong,2926.2,震荡区间,震荡,当前震荡区间,-156.6,False,False,10,-1.12,-4.81,-4.34,4.78,4.78,10,2026-05-06,0.0,False,False,False
2026-04-17,2026-04-20,600206.SH,有研新材,电子,电子/电力设备/通信,4.3,13.51,15.81,20日新高,4,先进封装、光纤、半导体、芯片,d2二次回流、d3三次确认、多次回流成熟段,抗住且相对强,8.44,True,11,21,False,108,1,limit_strong,2926.2,震荡区间,震荡,当前震荡区间,-156.6,False,False,10,15.07,14.3,14.34,20.57,20.57,10,2026-05-06,0.0,True,True,True
2026-04-17,2026-04-20,300131.SZ,英唐智控,电子,电子/电力设备/通信,3.49,20.24,15.7,20日新高,2,共封装光学(CPO)、芯片,多次回流成熟段,抗住且相对强,1.43,True,11,17,False,108,1,limit_strong,2926.2,震荡区间,震荡,当前震荡区间,-156.6,False,False,10,14.7,3.63,4.65,4.26,14.7,3,2026-04-22,-9.82,True,True,False
2026-04-17,2026-04-20,301002.SZ,崧盛股份,电力设备,电子/电力设备/通信,7.23,4.27,14.94,20日新高,2,光伏、光学光电子,d2二次回流、d3三次确认,抗住且相对强,0.37,True,5,6,False,59,2,limit_strong,2926.2,震荡区间,震荡,当前震荡区间,-156.6,False,False,10,3.38,8.33,10.47,12.06,12.06,10,2026-05-06,0.0,True,True,False
2026-04-17,2026-04-20,601126.SH,四方股份,电力设备,电子/电力设备/通信,3.51,16.52,14.27,20日新高,1,光伏,d3三次确认,抗住且相对强,1.11,True,1,1,False,59,2,limit_medium,2926.2,震荡区间,震荡,当前震荡区间,-156.6,False,False,10,10.95,3.78,8.48,24.35,24.35,10,2026-05-06,0.0,True,True,True
2026-04-17,2026-04-20,300346.SZ,南大光电,电子,电子/电力设备/通信,3.04,21.23,14.01,20日新高,2,光伏、芯片,d3三次确认、多次回流成熟段,抗住且相对强,0.64,True,11,12,False,108,1,limit_strong,2926.2,震荡区间,震荡,当前震荡区间,-156.6,False,False,10,4.0,8.22,2.83,9.23,9.23,10,2026-05-06,0.0,True,False,False
2026-04-17,2026-04-20,300782.SZ,卓胜微,电子,电子/电力设备/通信,2.45,32.61,13.99,1年新高,4,6G、先进封装、半导体、芯片,d3三次确认、多次回流成熟段,抗住且相对强,6.44,True,11,24,False,108,1,limit_strong,2926.2,震荡区间,震荡,当前震荡区间,-156.6,False,False,10,8.1,-3.11,-1.24,-2.64,8.1,3,2026-04-22,-13.06,True,False,False
2026-04-17,2026-04-20,301012.SZ,扬电科技,电力设备,电子/电力设备/通信,3.53,12.04,12.25,3年新高,1,光伏,d3三次确认,抗住且相对强,4.93,True,1,1,False,59,2,limit_medium,2926.2,震荡区间,震荡,当前震荡区间,-156.6,False,False,10,9.65,0.5,9.45,7.86,9.65,3,2026-04-22,-9.07,True,False,False
2026-04-17,2026-04-20,600885.SH,宏发股份,电力设备,电子/电力设备/通信,4.2,7.9,11.8,20日新高,1,光伏,d3三次确认,抗住且相对强,0.54,True,1,1,False,59,2,limit_medium,2926.2,震荡区间,震荡,当前震荡区间,-156.6,False,False,10,1.86,0.53,-0.21,17.09,17.09,10,2026-05-06,0.0,True,True,False
2026-04-17,2026-04-20,002962.SZ,五方光电,电子,电子/电力设备/通信,3.89,8.55,11.37,1年新高,1,光学光电子,d2二次回流,抗住且相对强,2.65,True,5,5,False,108,5,limit_strong,2926.2,震荡区间,震荡,当前震荡区间,-156.6,False,False,10,3.05,-4.44,-5.82,-1.84,4.32,2,2026-04-21,-9.72,False,False,False
2026-04-17,2026-04-20,688499.SH,利元亨,电力设备,电子/电力设备/通信,5.4,4.38,11.3,20日新高,1,光伏,d3三次确认,抗住且相对强,0.59,True,1,1,False,59,2,limit_medium,2926.2,震荡区间,震荡,当前震荡区间,-156.6,False,False,10,3.64,0.22,-0.87,2.91,3.64,3,2026-04-22,-4.35,False,False,False
2026-04-17,2026-04-20,300323.SZ,华灿光电,电子,电子/电力设备/通信,3.32,9.97,10.48,,3,光学光电子、共封装光学(CPO)、芯片,d2二次回流、多次回流成熟段,抗住且相对强,4.68,True,11,22,False,108,1,limit_strong,2926.2,震荡区间,震荡,当前震荡区间,-156.6,False,False,10,9.16,5.46,5.17,19.79,19.79,10,2026-05-06,0.0,True,True,False
2026-04-17,2026-04-20,688099.SH,晶晨股份,电子,电子/电力设备/通信,2.62,12.59,9.3,,3,共封装光学(CPO)、半导体、芯片,多次回流成熟段,抗住且相对强,1.68,True,11,20,False,108,1,limit_strong,2926.2,震荡区间,震荡,当前震荡区间,-156.6,False,False,10,6.57,9.36,15.28,30.61,30.61,10,2026-05-06,0.0,True,True,True
2026-04-20,2026-04-21,002475.SZ,立讯精密,电子,电子/电力设备/通信,10.01,251.88,158.87,60日新高,6,AI眼镜、MR(混合现实)、华为手机、消费电子、液冷服务器、铜缆高速连接,d2二次回流、d3三次确认、多次回流成熟段,抗住且相对强,0.27,True,1,5,False,47,13,limit_medium,3135.4,震荡区间,震荡,当前震荡区间,723.6,False,False,10,3.1,9.49,4.43,5.77,9.49,5,2026-04-27,-6.91,True,False,False
2026-04-20,2026-04-21,600522.SH,中天科技,通信,电子/电力设备/通信,9.99,68.14,82.46,,8,6G、光纤、可控核聚变、液冷服务器、特高压、钙钛矿电池、铜缆高速连接、风电,d2二次回流、d3三次确认、多次回流成熟段,抗住且相对强,4.87,True,3,11,True,34,2,limit_strong,3135.4,震荡区间,震荡,当前震荡区间,723.6,False,False,10,10.08,15.61,10.76,24.01,24.01,10,2026-05-07,0.0,True,True,True
2026-04-20,2026-04-21,600498.SH,烽火通信,通信,电子/电力设备/通信,7.51,69.3,62.52,,5,6G、MCU芯片、光纤、液冷服务器、特高压,d3三次确认、多次回流成熟段,抗住且相对强,0.21,True,3,7,False,34,2,limit_strong,3135.4,震荡区间,震荡,当前震荡区间,723.6,False,False,10,3.85,-2.59,-2.78,-2.17,6.21,2,2026-04-22,-17.03,True,False,False
2026-04-20,2026-04-21,688502.SH,茂莱光学,电子,电子/电力设备/通信,13.23,19.66,58.66,120日新高,1,光学光电子,d3三次确认,抗住且相对强,3.65,True,3,3,False,47,2,limit_strong,3135.4,震荡区间,震荡,当前震荡区间,723.6,False,False,10,4.74,-0.24,2.02,18.32,18.32,10,2026-05-07,0.0,True,True,False
2026-04-20,2026-04-21,002364.SZ,中恒电气,电力设备,电子/电力设备/通信,6.82,50.79,48.6,历史新高,2,特高压、风电,d2二次回流、d3三次确认,抗住且相对强,0.19,True,2,3,False,42,1,limit_strong,3135.4,震荡区间,震荡,当前震荡区间,723.6,False,False,10,-0.39,-5.84,-9.04,5.95,5.95,10,2026-05-07,0.0,True,False,False
2026-04-20,2026-04-21,300102.SZ,乾照光电,电子,电子/电力设备/通信,7.93,36.78,48.09,20日新高,1,光学光电子,d3三次确认,抗住且相对强,1.28,True,3,3,False,47,2,limit_strong,3135.4,震荡区间,震荡,当前震荡区间,723.6,False,False,10,-4.36,-10.56,-9.57,-11.94,3.6,2,2026-04-22,-15.0,False,False,False
2026-04-20,2026-04-21,603083.SH,剑桥科技,通信,电子/电力设备/通信,4.82,97.2,47.52,历史新高,1,液冷服务器,多次回流成熟段,抗住且相对强,5.88,True,1,1,False,34,21,limit_medium,3135.4,震荡区间,震荡,当前震荡区间,723.6,False,False,10,7.9,0.85,12.09,20.86,20.86,10,2026-05-07,0.0,True,True,True
2026-04-20,2026-04-21,002273.SZ,水晶光电,电子,电子/电力设备/通信,7.37,39.84,46.52,历史新高,3,AI眼镜、光学光电子、华为手机,d2二次回流、d3三次确认、多次回流成熟段,抗住且相对强,4.12,True,3,5,False,47,2,limit_strong,3135.4,震荡区间,震荡,当前震荡区间,723.6,False,False,10,7.38,5.36,6.9,12.44,12.44,10,2026-05-07,0.0,True,True,False
2026-04-20,2026-04-21,002938.SZ,鹏鼎控股,电子,电子/电力设备/通信,6.04,33.89,35.16,历史新高,1,AI眼镜,多次回流成熟段,抗住且相对强,5.37,True,1,1,False,47,29,limit_medium,3135.4,震荡区间,震荡,当前震荡区间,723.6,False,False,10,14.5,17.17,10.55,15.12,17.17,5,2026-04-27,-6.65,True,True,False
2026-04-20,2026-04-21,002980.SZ,华盛昌,电力设备,电子/电力设备/通信,6.67,20.3,30.05,历史新高,2,AI眼镜、电网设备,d3三次确认、多次回流成熟段,抗住且相对强,4.52,True,5,6,False,42,2,limit_strong,3135.4,震荡区间,震荡,当前震荡区间,723.6,False,False,10,-2.69,3.72,4.29,6.92,9.05,6,2026-04-28,-10.86,True,False,False
2026-04-20,2026-04-21,000725.SZ,京东方Ａ,电子,电子/电力设备/通信,4.23,49.4,29.73,20日新高,4,AI眼镜、光学光电子、光纤、钙钛矿电池,d2二次回流、d3三次确认、多次回流成熟段,抗住且相对强,0.96,True,3,6,False,47,2,limit_strong,3135.4,震荡区间,震荡,当前震荡区间,723.6,False,False,10,0.0,0.48,-0.48,0.48,1.91,2,2026-04-22,-4.45,False,False,False
2026-04-20,2026-04-21,300489.SZ,光智科技,电子,电子/电力设备/通信,7.16,16.62,29.19,1年新高,1,光学光电子,d3三次确认,抗住且相对强,5.85,True,3,3,False,47,2,limit_strong,3135.4,震荡区间,震荡,当前震荡区间,723.6,False,False,10,14.57,29.74,24.12,49.47,49.47,10,2026-05-07,0.0,True,True,True
2026-04-20,2026-04-21,000533.SZ,顺钠股份,电力设备,电子/电力设备/通信,6.25,20.94,28.6,,3,可控核聚变、电网设备、风电,d2二次回流、d3三次确认、多次回流成熟段,抗住且相对强,1.77,True,5,7,False,42,1,limit_strong,3135.4,震荡区间,震荡,当前震荡区间,723.6,False,False,10,-9.57,-18.65,-17.71,-12.83,2.63,1,2026-04-21,-22.99,False,False,False
2026-04-20,2026-04-21,002217.SZ,合力泰,电子,电子/电力设备/通信,10.07,7.29,27.19,20日新高,2,光学光电子、华为手机,d2二次回流、d3三次确认,抗住且相对强,1.26,True,3,4,True,47,2,limit_strong,3135.4,震荡区间,震荡,当前震荡区间,723.6,False,False,10,-6.1,0.34,4.07,18.64,18.64,10,2026-05-07,0.0,True,True,False
2026-04-20,2026-04-21,003031.SZ,中瓷电子,通信,电子/电力设备/通信,5.81,21.72,27.08,历史新高,1,6G,多次回流成熟段,抗住且相对强,2.99,True,3,3,False,34,18,limit_strong,3135.4,震荡区间,震荡,当前震荡区间,723.6,False,False,10,4.85,6.63,4.13,11.5,11.5,10,2026-05-07,0.0,True,True,False
2026-04-20,2026-04-21,301232.SZ,飞沃科技,电力设备,电子/电力设备/通信,5.69,22.55,27.02,20日新高,1,风电,d2二次回流,抗住且相对强,0.22,True,1,1,False,42,1,limit_medium,3135.4,震荡区间,震荡,当前震荡区间,723.6,False,False,10,-4.56,-12.13,-13.71,-2.18,1.08,1,2026-04-21,-14.84,False,False,False
2026-04-20,2026-04-21,603618.SH,杭电股份,电力设备,电子/电力设备/通信,5.47,23.95,26.77,,4,光纤、特高压、电网设备、风电,d2二次回流、d3三次确认,抗住且相对强,1.14,True,5,9,False,42,1,limit_strong,3135.4,震荡区间,震荡,当前震荡区间,723.6,False,False,10,23.47,19.34,15.84,34.43,34.43,10,2026-05-07,0.0,True,True,True
2026-04-20,2026-04-21,002281.SZ,光迅科技,通信,电子/电力设备/通信,2.76,93.42,26.68,历史新高,3,6G、光纤、液冷服务器,d3三次确认、多次回流成熟段,抗住且相对强,1.51,True,3,5,False,34,2,limit_strong,3135.4,震荡区间,震荡,当前震荡区间,723.6,False,False,10,9.69,12.05,10.68,36.85,36.85,10,2026-05-07,0.0,True,True,True
2026-04-20,2026-04-21,605222.SH,起帆电缆,电力设备,电子/电力设备/通信,10.0,6.2,24.9,历史新高,4,可控核聚变、特高压、电网设备、风电,d2二次回流、d3三次确认、多次回流成熟段,抗住且相对强,3.17,True,5,9,True,42,1,limit_strong,3135.4,震荡区间,震荡,当前震荡区间,723.6,False,False,10,6.5,7.04,5.83,13.0,16.42,8,2026-04-30,-4.37,True,True,False
2026-04-20,2026-04-21,603773.SH,沃格光电,电子,电子/电力设备/通信,10.0,5.53,23.52,历史新高,3,6G、光学光电子、钙钛矿电池,d2二次回流、d3三次确认、多次回流成熟段,抗住且相对强,0.79,True,3,7,True,47,2,limit_strong,3135.4,震荡区间,震荡,当前震荡区间,723.6,False,False,10,3.97,10.21,19.85,17.89,19.85,7,2026-04-29,-4.22,True,True,False
2026-04-20,2026-04-21,688416.SH,恒烁股份,电子,电子/电力设备/通信,8.0,7.52,21.94,20日新高,1,MCU芯片,多次回流成熟段,抗住且相对强,2.61,False,0,0,False,47,,limit_weak,3135.4,震荡区间,震荡,当前震荡区间,723.6,False,False,10,6.68,-2.18,-1.44,14.92,14.92,10,2026-05-07,0.0,True,True,False
2026-04-20,2026-04-21,603738.SH,泰晶科技,电子,电子/电力设备/通信,4.47,20.93,20.45,3年新高,3,6G、AI眼镜、MCU芯片,多次回流成熟段,抗住且相对强,10.23,True,3,4,False,47,25,limit_strong,3135.4,震荡区间,震荡,当前震荡区间,723.6,False,False,10,17.39,23.51,26.33,35.6,35.6,10,2026-05-07,0.0,True,True,True
2026-04-20,2026-04-21,688396.SH,华润微,电子,电子/电力设备/通信,4.87,16.87,20.0,20日新高,1,MCU芯片,多次回流成熟段,补跌但相对强,0.12,False,0,0,False,47,,limit_weak,3135.4,震荡区间,震荡,当前震荡区间,723.6,False,False,10,2.01,6.8,7.57,10.42,10.42,10,2026-05-07,0.0,True,True,False
2026-04-20,2026-04-21,002335.SZ,科华数据,电力设备,电子/电力设备/通信,4.27,21.2,19.66,20日新高,1,液冷服务器,多次回流成熟段,抗住且相对强,4.45,True,1,1,False,42,,limit_medium,3135.4,震荡区间,震荡,当前震荡区间,723.6,False,False,10,5.48,-0.89,-3.47,8.03,8.03,10,2026-05-07,0.0,True,False,False
2026-04-20,2026-04-21,002796.SZ,世嘉科技,通信,电子/电力设备/通信,4.59,16.52,18.66,20日新高,1,6G,多次回流成熟段,抗住且相对强,0.08,True,3,3,False,34,18,limit_strong,3135.4,震荡区间,震荡,当前震荡区间,723.6,False,False,10,9.3,2.62,-1.86,4.25,10.02,2,2026-04-22,-12.35,True,True,False
2026-04-20,2026-04-21,300131.SZ,英唐智控,电子,电子/电力设备/通信,2.99,26.49,15.39,20日新高,1,AI眼镜,多次回流成熟段,抗住且相对强,9.76,True,1,1,False,47,29,limit_medium,3135.4,震荡区间,震荡,当前震荡区间,723.6,False,False,10,7.23,6.37,2.6,9.09,11.37,2,2026-04-22,-9.82,True,True,False
2026-04-20,2026-04-21,688385.SH,复旦微电,电子,电子/电力设备/通信,4.39,11.61,14.96,20日新高,1,MCU芯片,多次回流成熟段,抗住且相对强,2.17,False,0,0,False,47,,limit_weak,3135.4,震荡区间,震荡,当前震荡区间,723.6,False,False,10,0.01,-3.85,-7.14,-2.3,1.93,1,2026-04-21,-11.04,False,False,False
2026-04-20,2026-04-21,002962.SZ,五方光电,电子,电子/电力设备/通信,4.21,8.84,12.52,1年新高,2,MR(混合现实)、光学光电子,d3三次确认,抗住且相对强,0.35,True,3,3,False,47,2,limit_strong,3135.4,震荡区间,震荡,当前震荡区间,723.6,False,False,10,-5.7,-6.14,-7.96,-1.55,0.11,1,2026-04-21,-9.72,False,False,False
2026-04-20,2026-04-21,301086.SZ,鸿富瀚,电子,电子/电力设备/通信,4.32,7.49,11.82,历史新高,2,消费电子、液冷服务器,多次回流成熟段,抗住且相对强,1.72,True,1,2,False,47,13,limit_medium,3135.4,震荡区间,震荡,当前震荡区间,723.6,False,False,10,8.16,8.7,8.64,19.44,19.44,10,2026-05-07,0.0,True,True,False
2026-04-20,2026-04-21,301486.SZ,致尚科技,电子,电子/电力设备/通信,2.67,17.29,11.1,,3,MR(混合现实)、光纤、消费电子,d3三次确认、多次回流成熟段,抗住且相对强,20.24,True,1,2,False,47,13,limit_medium,3135.4,震荡区间,震荡,当前震荡区间,723.6,False,False,10,17.93,20.59,24.96,37.18,37.18,10,2026-05-07,0.0,True,True,True
2026-04-20,2026-04-21,600151.SH,航天机电,电力设备,电子/电力设备/通信,2.53,16.72,10.35,20日新高,1,光伏设备,d3三次确认,抗住且相对强,0.01,True,1,1,False,42,,limit_medium,3135.4,震荡区间,震荡,当前震荡区间,723.6,False,False,10,2.27,-5.54,-7.47,0.87,2.27,3,2026-04-23,-10.63,False,False,False
2026-04-20,2026-04-21,601138.SH,工业富联,电子,电子/电力设备/通信,0.89,131.9,10.22,20日新高,2,消费电子、液冷服务器,多次回流成熟段,补跌但相对强,0.08,True,1,2,False,47,13,limit_medium,3135.4,震荡区间,震荡,当前震荡区间,723.6,False,False,10,10.42,9.33,7.72,4.34,10.88,6,2026-04-28,-7.8,True,True,False
2026-04-20,2026-04-21,688418.SH,震有科技,通信,电子/电力设备/通信,3.73,6.14,9.24,20日新高,2,6G、光纤,d3三次确认、多次回流成熟段,抗住且相对强,3.19,True,3,4,False,34,2,limit_strong,3135.4,震荡区间,震荡,当前震荡区间,723.6,False,False,10,-5.58,-9.65,-14.16,2.75,3.13,1,2026-04-21,-18.02,False,False,False
2026-04-20,2026-04-21,002436.SZ,兴森科技,电子,电子/电力设备/通信,1.53,34.16,8.94,20日新高,1,6G,多次回流成熟段,抗住且相对强,6.49,True,3,3,False,47,25,limit_strong,3135.4,震荡区间,震荡,当前震荡区间,723.6,False,False,10,6.97,10.09,3.43,22.11,22.11,10,2026-05-07,0.0,True,True,True
2026-04-20,2026-04-21,300450.SZ,先导智能,电力设备,电子/电力设备/通信,1.25,40.41,7.95,20日新高,1,钙钛矿电池,d2二次回流,抗住且相对强,2.46,True,1,1,False,42,15,limit_medium,3135.4,震荡区间,震荡,当前震荡区间,723.6,False,False,10,0.67,1.29,-1.57,-0.69,3.7,2,2026-04-22,-6.09,False,False,False
2026-04-21,2026-04-22,301511.SZ,德福科技,电力设备,电子/电力设备/通信,15.04,32.18,85.32,历史新高,3,固态电池、电池、锂电池,d3三次确认、多次回流成熟段,抗住且相对强,5.73,True,1,1,False,2,,limit_medium,2780.6,震荡区间,震荡,当前震荡区间,-216.2,False,False,10,-0.9,11.31,23.66,55.57,55.57,10,2026-05-08,0.0,True,True,True
2026-04-21,2026-04-22,600522.SH,中天科技,通信,电子/电力设备/通信,4.81,125.41,53.87,历史新高,1,固态电池,d3三次确认,抗住且相对强,2.98,True,1,1,False,0,,limit_medium,2780.6,震荡区间,震荡,当前震荡区间,-216.2,False,False,10,2.37,7.89,2.1,26.08,26.08,10,2026-05-08,0.0,True,True,True
2026-04-21,2026-04-22,301292.SZ,海科新源,电力设备,电子/电力设备/通信,7.05,23.49,34.17,,3,固态电池、电池、钠离子电池,d3三次确认、多次回流成熟段,抗住且相对强,0.22,True,1,2,False,2,,limit_medium,2780.6,震荡区间,震荡,当前震荡区间,-216.2,False,False,10,-13.88,-17.3,-13.39,-14.83,0.18,1,2026-04-22,-17.46,False,False,False
2026-04-21,2026-04-22,688707.SH,振华新材,电力设备,电子/电力设备/通信,11.89,8.12,33.88,60日新高,3,固态电池、电池、钠离子电池,d3三次确认、多次回流成熟段,抗住且相对强,2.6,True,1,2,False,2,,limit_medium,2780.6,震荡区间,震荡,当前震荡区间,-216.2,False,False,10,2.2,5.68,0.85,7.02,8.73,8,2026-05-06,-1.85,True,False,False
2026-04-21,2026-04-22,301217.SZ,铜冠铜箔,电力设备,电子/电力设备/通信,5.45,29.42,29.56,20日新高,3,固态电池、电池、锂电池,d3三次确认、多次回流成熟段,抗住且相对强,4.4,True,1,1,False,2,,limit_medium,2780.6,震荡区间,震荡,当前震荡区间,-216.2,False,False,10,-4.74,19.88,58.78,79.45,79.47,8,2026-05-06,-1.98,True,True,True
2026-04-21,2026-04-22,300953.SZ,震裕科技,电力设备,电子/电力设备/通信,5.98,22.95,28.65,历史新高,2,电池、锂电池,d3三次确认、多次回流成熟段,抗住且相对强,4.36,False,0,0,False,2,,limit_weak,2780.6,震荡区间,震荡,当前震荡区间,-216.2,False,False,10,0.06,-2.65,1.3,8.95,9.63,9,2026-05-07,-0.63,True,False,False
2026-04-21,2026-04-22,300450.SZ,先导智能,电力设备,电子/电力设备/通信,3.32,57.01,25.07,20日新高,3,固态电池、电池、钠离子电池,d3三次确认、多次回流成熟段,抗住且相对强,0.42,True,1,2,False,2,,limit_medium,2780.6,震荡区间,震荡,当前震荡区间,-216.2,False,False,10,-2.77,-5.5,-5.74,-6.54,0.38,1,2026-04-22,-6.89,False,False,False
2026-04-21,2026-04-22,000049.SZ,德赛电池,电力设备,电子/电力设备/通信,7.24,9.28,22.06,60日新高,4,固态电池、电池、钠离子电池、锂电池,d3三次确认、多次回流成熟段,抗住且相对强,1.83,True,1,2,False,2,,limit_medium,2780.6,震荡区间,震荡,当前震荡区间,-216.2,False,False,10,-2.43,-4.55,-2.02,-3.54,1.79,1,2026-04-22,-6.23,False,False,False
2026-04-21,2026-04-22,002176.SZ,江特电机,电力设备,电子/电力设备/通信,4.37,22.84,20.88,60日新高,1,固态电池,d3三次确认,抗住且相对强,5.85,True,1,1,False,2,,limit_medium,2780.6,震荡区间,震荡,当前震荡区间,-216.2,False,False,10,16.31,24.94,37.06,29.38,37.4,6,2026-04-29,-5.84,True,True,True
2026-04-21,2026-04-22,002850.SZ,科达利,电力设备,电子/电力设备/通信,3.75,12.75,13.39,历史新高,3,固态电池、电池、锂电池,d3三次确认、多次回流成熟段,抗住且相对强,1.23,True,1,1,False,2,,limit_medium,2780.6,震荡区间,震荡,当前震荡区间,-216.2,False,False,10,0.56,-7.65,-8.04,-0.53,1.19,1,2026-04-22,-9.12,False,False,False
2026-04-21,2026-04-22,300207.SZ,欣旺达,电力设备,电子/电力设备/通信,2.1,33.42,12.14,,4,固态电池、电池、钠离子电池、锂电池,d3三次确认、多次回流成熟段,抗住且相对强,0.48,True,1,2,False,2,,limit_medium,2780.6,震荡区间,震荡,当前震荡区间,-216.2,False,False,10,-6.41,-10.79,-7.49,-9.85,0.44,1,2026-04-22,-11.18,False,False,False
2026-04-21,2026-04-22,600884.SH,杉杉股份,电力设备,电子/电力设备/通信,2.35,18.65,10.15,,3,固态电池、电池、钠离子电池,d3三次确认、多次回流成熟段,抗住且相对强,2.47,True,1,2,False,2,,limit_medium,2780.6,震荡区间,震荡,当前震荡区间,-216.2,False,False,10,2.16,6.49,12.5,12.77,19.53,8,2026-05-06,-5.65,True,True,False
2026-04-21,2026-04-22,002245.SZ,蔚蓝锂芯,电力设备,电子/电力设备/通信,2.65,14.25,10.0,120日新高,4,固态电池、电池、钠离子电池、锂电池,d3三次确认、多次回流成熟段,抗住且相对强,2.32,True,1,2,False,2,,limit_medium,2780.6,震荡区间,震荡,当前震荡区间,-216.2,False,False,10,3.82,2.87,2.38,9.17,12.64,8,2026-05-06,-3.08,True,True,False
2026-04-21,2026-04-22,688063.SH,派能科技,电力设备,电子/电力设备/通信,3.04,9.67,9.45,,4,固态电池、电池、钠离子电池、锂电池,d3三次确认、多次回流成熟段,抗住且相对强,1.12,True,1,2,False,2,,limit_medium,2780.6,震荡区间,震荡,当前震荡区间,-216.2,False,False,10,-3.71,-7.95,-1.85,-0.68,2.72,8,2026-05-06,-3.3,False,False,False
2026-04-22,2026-04-23,300857.SZ,协创数据,电子,电子/电力设备/通信,19.99,100.67,200.57,历史新高,5,共封装光学(CPO)、存储芯片、消费电子、芯片、英伟达,多次回流成熟段,补跌但相对强,0.13,True,2,5,False,79,1,limit_strong,2996.4,震荡区间,震荡,当前震荡区间,-332.8,False,False,10,-1.06,4.22,7.92,8.89,9.29,8,2026-05-07,-0.37,True,False,False
2026-04-22,2026-04-23,601138.SH,工业富联,电子,电子/电力设备/通信,8.92,203.98,127.4,60日新高,5,共封装光学(CPO)、消费电子、液冷服务器、芯片、英伟达,多次回流成熟段,抗住且相对强,3.07,True,2,5,False,79,1,limit_strong,2996.4,震荡区间,震荡,当前震荡区间,-332.8,False,False,10,0.54,-0.94,-5.7,-1.55,1.96,4,2026-04-28,-7.8,False,False,False
2026-04-22,2026-04-23,002384.SZ,东山精密,电子,电子/电力设备/通信,10.0,150.39,122.63,历史新高,5,AI手机、光纤、共封装光学(CPO)、芯片、高压快充,d3三次确认、多次回流成熟段,抗住且相对强,1.7,True,2,7,True,79,1,limit_strong,2996.4,震荡区间,震荡,当前震荡区间,-332.8,False,False,10,0.19,-1.12,2.97,17.15,17.15,10,2026-05-11,0.0,True,True,False
2026-04-22,2026-04-23,600487.SH,亨通光电,通信,电子/电力设备/通信,10.0,130.96,114.44,历史新高,6,6G、光纤、共封装光学(CPO)、液冷服务器、芯片、通信设备,d3三次确认、多次回流成熟段,抗住且相对强,6.79,True,4,12,True,41,1,limit_strong,2996.4,震荡区间,震荡,当前震荡区间,-332.8,False,False,10,8.51,2.43,9.15,14.0,17.47,9,2026-05-08,-2.95,True,True,False
2026-04-22,2026-04-23,688268.SH,华特气体,电子,电子/电力设备/通信,15.84,24.87,78.99,历史新高,2,存储芯片、芯片,多次回流成熟段,抗住且相对强,8.37,True,2,3,False,79,1,limit_strong,2996.4,震荡区间,震荡,当前震荡区间,-332.8,False,False,10,31.98,37.95,40.39,33.58,51.03,4,2026-04-28,-20.8,True,True,True
2026-04-22,2026-04-23,600330.SH,天通股份,电子,电子/电力设备/通信,9.99,51.42,71.64,历史新高,2,先进封装、芯片,多次回流成熟段,补跌但相对强,0.49,True,3,5,True,79,1,limit_strong,2996.4,震荡区间,震荡,当前震荡区间,-332.8,False,False,10,5.99,-0.81,4.41,24.0,24.0,10,2026-05-11,0.0,True,True,True
2026-04-22,2026-04-23,002938.SZ,鹏鼎控股,电子,电子/电力设备/通信,10.01,35.85,59.93,历史新高,3,AI PC、AI手机、共封装光学(CPO),多次回流成熟段,补跌但相对强,0.53,True,1,3,True,79,2,limit_strong,2996.4,震荡区间,震荡,当前震荡区间,-332.8,False,False,10,1.31,-4.41,-1.38,5.15,5.15,10,2026-05-11,0.0,True,False,False
2026-04-22,2026-04-23,600105.SH,永鼎股份,通信,电子/电力设备/通信,10.0,31.54,56.16,历史新高,4,光纤、共封装光学(CPO)、芯片、通信设备,d3三次确认、多次回流成熟段,抗住且相对强,7.62,True,4,9,True,41,1,limit_strong,2996.4,震荡区间,震荡,当前震荡区间,-332.8,False,False,10,6.57,-4.85,-4.06,12.89,12.89,10,2026-05-11,0.0,True,True,False
2026-04-22,2026-04-23,600703.SH,三安光电,电子,电子/电力设备/通信,10.01,31.2,55.91,20日新高,3,先进封装、共封装光学(CPO)、芯片,多次回流成熟段,抗住且相对强,5.35,True,3,6,True,79,1,limit_strong,2996.4,震荡区间,震荡,当前震荡区间,-332.8,False,False,10,-1.41,-6.69,-1.74,7.36,7.36,10,2026-05-11,0.0,True,False,False
2026-04-22,2026-04-23,002371.SZ,北方华创,电子,电子/电力设备/通信,6.13,81.94,55.49,,3,半导体、存储芯片、芯片,多次回流成熟段,补跌但相对强,0.91,True,2,4,False,79,1,limit_strong,2996.4,震荡区间,震荡,当前震荡区间,-332.8,False,False,10,8.01,6.85,14.1,19.93,19.93,10,2026-05-11,0.0,True,True,False
2026-04-22,2026-04-23,603906.SH,龙蟠科技,电力设备,电子/电力设备/通信,9.99,27.41,52.3,3年新高,1,液冷服务器,多次回流成熟段,抗住且相对强,7.34,True,1,1,True,48,12,limit_strong,2996.4,震荡区间,震荡,当前震荡区间,-332.8,False,False,10,10.1,15.27,17.4,5.17,17.4,7,2026-05-06,-10.42,True,True,False
2026-04-22,2026-04-23,603629.SH,利通电子,电子,电子/电力设备/通信,6.93,51.79,49.87,历史新高,4,消费电子、液冷服务器、芯片、英伟达,多次回流成熟段,抗住且相对强,9.18,True,2,4,False,79,1,limit_strong,2996.4,震荡区间,震荡,当前震荡区间,-332.8,False,False,10,0.28,21.34,46.81,50.48,54.89,9,2026-05-08,-2.85,True,True,True
2026-04-22,2026-04-23,002475.SZ,立讯精密,电子,电子/电力设备/通信,3.47,159.64,43.84,120日新高,5,共封装光学(CPO)、消费电子、液冷服务器、芯片、铜缆高速连接,多次回流成熟段,补跌但相对强,1.15,True,2,5,False,79,1,limit_strong,2996.4,震荡区间,震荡,当前震荡区间,-332.8,False,False,10,5.79,0.9,-1.4,11.8,11.8,10,2026-05-11,0.0,True,True,False
2026-04-22,2026-04-23,300308.SZ,中际旭创,通信,电子/电力设备/通信,2.52,257.05,40.4,历史新高,4,共封装光学(CPO)、液冷服务器、芯片、通信设备,d3三次确认、多次回流成熟段,抗住且相对强,2.27,True,4,8,False,41,1,limit_strong,2996.4,震荡区间,震荡,当前震荡区间,-332.8,False,False,10,-3.34,-4.58,-3.45,6.04,6.04,10,2026-05-11,0.0,True,False,False
2026-04-22,2026-04-23,002796.SZ,世嘉科技,通信,电子/电力设备/通信,10.0,14.95,38.67,20日新高,3,6G、共封装光学(CPO)、通信设备,d3三次确认、多次回流成熟段,补跌但相对强,0.45,True,4,7,True,41,1,limit_strong,2996.4,震荡区间,震荡,当前震荡区间,-332.8,False,False,10,-6.73,-10.8,-11.91,-3.27,0.0,0,2026-04-22,-12.35,False,False,False
2026-04-22,2026-04-23,603228.SH,景旺电子,电子,电子/电力设备/通信,5.8,38.25,35.87,20日新高,4,6G、AI PC、共封装光学(CPO)、英伟达,多次回流成熟段,抗住且相对强,3.05,True,2,5,False,79,2,limit_strong,2996.4,震荡区间,震荡,当前震荡区间,-332.8,False,False,10,9.28,5.66,1.77,10.01,10.01,10,2026-05-11,0.0,True,True,False
2026-04-22,2026-04-23,600183.SH,生益科技,电子,电子/电力设备/通信,4.76,50.39,33.79,历史新高,4,先进封装、共封装光学(CPO)、存储芯片、芯片,多次回流成熟段,补跌但相对强,0.15,True,3,7,False,79,1,limit_strong,2996.4,震荡区间,震荡,当前震荡区间,-332.8,False,False,10,0.88,2.63,6.33,10.08,10.08,10,2026-05-11,0.0,True,True,False
2026-04-22,2026-04-23,688234.SH,天岳先进,电子,电子/电力设备/通信,7.06,19.83,31.44,20日新高,2,半导体、芯片,多次回流成熟段,抗住且相对强,5.45,True,2,3,False,79,1,limit_strong,2996.4,震荡区间,震荡,当前震荡区间,-332.8,False,False,10,4.2,1.8,6.1,21.18,21.18,10,2026-05-11,0.0,True,True,True
2026-04-22,2026-04-23,002463.SZ,沪电股份,电子,电子/电力设备/通信,3.46,74.33,29.83,历史新高,1,芯片,多次回流成熟段,抗住且相对强,4.77,True,2,2,False,79,1,limit_strong,2996.4,震荡区间,震荡,当前震荡区间,-332.8,False,False,10,1.63,-1.25,1.47,5.24,5.27,9,2026-05-08,-0.03,True,False,False
2026-04-22,2026-04-23,300136.SZ,信维通信,电子,电子/电力设备/通信,3.22,84.59,29.62,,3,6G、消费电子、芯片,多次回流成熟段,抗住且相对强,6.42,True,2,4,False,79,1,limit_strong,2996.4,震荡区间,震荡,当前震荡区间,-332.8,False,False,10,11.24,7.53,22.27,45.33,45.33,10,2026-05-11,0.0,True,True,True
2026-04-22,2026-04-23,688678.SH,福立旺,电子,电子/电力设备/通信,8.89,10.38,28.64,120日新高,1,消费电子,多次回流成熟段,补跌但相对强,1.19,False,0,0,False,79,,limit_weak,2996.4,震荡区间,震荡,当前震荡区间,-332.8,False,False,10,-1.4,-1.61,1.02,8.97,10.45,9,2026-05-08,-1.34,True,True,False
2026-04-22,2026-04-23,300458.SZ,全志科技,电子,电子/电力设备/通信,6.01,22.52,28.52,20日新高,3,半导体、存储芯片、芯片,多次回流成熟段,抗住且相对强,1.89,True,2,4,False,79,1,limit_strong,2996.4,震荡区间,震荡,当前震荡区间,-332.8,False,False,10,5.45,0.78,-12.7,-9.33,5.45,3,2026-04-27,-17.7,True,False,False
2026-04-22,2026-04-23,603220.SH,中贝通信,通信,电子/电力设备/通信,5.56,23.86,27.16,,3,6G、光纤、共封装光学(CPO),多次回流成熟段,抗住且相对强,11.09,True,2,5,False,41,3,limit_strong,2996.4,震荡区间,震荡,当前震荡区间,-332.8,False,False,10,1.38,-6.97,-4.76,-0.06,9.99,1,2026-04-23,-17.44,True,False,False
2026-04-22,2026-04-23,300398.SZ,飞凯材料,电子,电子/电力设备/通信,5.24,24.37,25.87,20日新高,4,先进封装、光纤、存储芯片、芯片,多次回流成熟段,补跌但相对强,1.44,True,3,8,False,79,1,limit_strong,2996.4,震荡区间,震荡,当前震荡区间,-332.8,False,False,10,-2.99,-2.52,-0.5,20.11,20.11,10,2026-05-11,0.0,True,True,True
2026-04-22,2026-04-23,300657.SZ,弘信电子,电子,电子/电力设备/通信,5.92,18.89,25.73,120日新高,5,AI PC、AI手机、共封装光学(CPO)、液冷服务器、英伟达,多次回流成熟段,抗住且相对强,2.26,True,1,5,False,79,2,limit_medium,2996.4,震荡区间,震荡,当前震荡区间,-332.8,False,False,10,-5.26,-4.45,-0.19,4.83,9.93,8,2026-05-07,-4.64,True,False,False
2026-04-22,2026-04-23,300303.SZ,聚飞光电,电子,电子/电力设备/通信,5.51,21.16,25.35,20日新高,3,先进封装、共封装光学(CPO)、芯片,多次回流成熟段,补跌但相对强,0.85,True,3,6,False,79,1,limit_strong,2996.4,震荡区间,震荡,当前震荡区间,-332.8,False,False,10,-4.06,-11.41,-6.77,3.58,3.58,10,2026-05-11,0.0,False,False,False
2026-04-22,2026-04-23,300077.SZ,国民技术,电子,电子/电力设备/通信,6.67,13.28,24.31,,3,共封装光学(CPO)、半导体、芯片,多次回流成熟段,抗住且相对强,6.67,True,2,4,False,79,1,limit_strong,2996.4,震荡区间,震荡,当前震荡区间,-332.8,False,False,10,2.35,-1.73,7.05,11.93,13.48,9,2026-05-08,-1.37,True,True,False
2026-04-22,2026-04-23,300661.SZ,圣邦股份,电子,电子/电力设备/通信,4.31,30.31,23.73,20日新高,4,共封装光学(CPO)、半导体、存储芯片、芯片,多次回流成熟段,抗住且相对强,7.77,True,2,5,False,79,1,limit_strong,2996.4,震荡区间,震荡,当前震荡区间,-332.8,False,False,10,10.06,7.47,8.02,20.18,20.18,10,2026-05-11,0.0,True,True,True
2026-04-22,2026-04-23,002922.SZ,伊戈尔,电子,电子/电力设备/通信,6.46,11.9,22.28,20日新高,1,高压快充,d3三次确认,补跌但相对强,0.12,True,1,1,False,79,25,limit_medium,2996.4,震荡区间,震荡,当前震荡区间,-332.8,False,False,10,-1.53,-2.61,-0.91,0.12,2.35,8,2026-05-07,-2.18,False,False,False
2026-04-22,2026-04-23,688270.SH,ST臻镭,电子,电子/电力设备/通信,4.01,28.81,21.52,,4,6G、共封装光学(CPO)、半导体、芯片,多次回流成熟段,抗住且相对强,4.82,True,2,6,False,79,1,limit_strong,2996.4,震荡区间,震荡,当前震荡区间,-332.8,False,False,10,-5.72,-21.23,-13.19,-2.02,3.29,1,2026-04-23,-23.74,False,False,False
2026-04-22,2026-04-23,688141.SH,杰华特,电子,电子/电力设备/通信,6.44,10.54,20.91,历史新高,2,半导体、芯片,多次回流成熟段,抗住且相对强,4.54,True,2,3,False,79,1,limit_strong,2996.4,震荡区间,震荡,当前震荡区间,-332.8,False,False,10,21.34,14.37,38.04,50.4,50.4,10,2026-05-11,0.0,True,True,True
2026-04-22,2026-04-23,301666.SZ,大普微-UW,电子,电子/电力设备/通信,4.82,18.19,20.56,,3,半导体、存储芯片、英伟达,多次回流成熟段,补跌但相对强,0.24,True,1,3,False,79,16,limit_medium,2996.4,震荡区间,震荡,当前震荡区间,-332.8,False,False,10,6.59,31.61,68.52,122.84,124.46,9,2026-05-08,-0.72,True,True,True
2026-04-22,2026-04-23,300035.SZ,中科电气,电力设备,电子/电力设备/通信,4.27,22.11,20.08,60日新高,1,高压快充,d3三次确认,补跌但相对强,0.0,True,1,1,False,48,,limit_medium,2996.4,震荡区间,震荡,当前震荡区间,-332.8,False,False,10,1.86,-7.44,-12.28,-15.01,4.46,4,2026-04-28,-18.64,False,False,False
2026-04-22,2026-04-23,300054.SZ,鼎龙股份,电子,电子/电力设备/通信,4.34,20.36,19.58,,3,先进封装、存储芯片、芯片,多次回流成熟段,抗住且相对强,4.06,True,3,6,False,79,1,limit_strong,2996.4,震荡区间,震荡,当前震荡区间,-332.8,False,False,10,3.19,8.06,18.53,24.56,26.08,8,2026-05-07,-6.7,True,True,True
2026-04-22,2026-04-23,603296.SH,华勤技术,电子,电子/电力设备/通信,4.61,16.84,18.92,60日新高,5,AI PC、消费电子、液冷服务器、芯片、英伟达,多次回流成熟段,补跌但相对强,0.37,True,2,5,False,79,1,limit_strong,2996.4,震荡区间,震荡,当前震荡区间,-332.8,False,False,10,2.87,-2.49,4.49,9.3,12.87,9,2026-05-08,-3.16,True,True,False
2026-04-22,2026-04-23,688508.SH,芯朋微,电子,电子/电力设备/通信,6.52,8.36,18.85,20日新高,3,半导体、芯片、高压快充,d3三次确认、多次回流成熟段,抗住且相对强,4.29,True,2,4,False,79,1,limit_strong,2996.4,震荡区间,震荡,当前震荡区间,-332.8,False,False,10,5.83,8.04,15.62,20.97,20.97,10,2026-05-11,0.0,True,True,True
2026-04-22,2026-04-23,688279.SH,峰岹科技,电子,电子/电力设备/通信,8.64,4.75,18.83,20日新高,2,半导体、芯片,多次回流成熟段,抗住且相对强,2.37,True,2,3,False,79,1,limit_strong,2996.4,震荡区间,震荡,当前震荡区间,-332.8,False,False,10,5.14,0.67,2.15,17.9,17.9,10,2026-05-11,0.0,True,True,False
2026-04-22,2026-04-23,002281.SZ,光迅科技,通信,电子/电力设备/通信,1.79,97.91,17.71,,6,6G、光纤、共封装光学(CPO)、液冷服务器、芯片、通信设备,d3三次确认、多次回流成熟段,抗住且相对强,7.32,True,4,12,False,41,1,limit_strong,2996.4,震荡区间,震荡,当前震荡区间,-332.8,False,False,10,8.51,7.18,21.66,60.35,60.35,10,2026-05-11,0.0,True,True,True
2026-04-22,2026-04-23,600601.SH,方正科技,电子,电子/电力设备/通信,3.14,26.37,16.12,20日新高,1,共封装光学(CPO),多次回流成熟段,补跌但相对强,0.26,True,1,1,False,79,2,limit_medium,2996.4,震荡区间,震荡,当前震荡区间,-332.8,False,False,10,1.1,-0.08,0.34,12.77,12.77,10,2026-05-11,0.0,True,True,False
2026-04-22,2026-04-23,603005.SH,晶方科技,电子,电子/电力设备/通信,3.66,15.3,14.32,20日新高,3,先进封装、半导体、芯片,多次回流成熟段,补跌但相对强,0.47,True,3,6,False,79,1,limit_strong,2996.4,震荡区间,震荡,当前震荡区间,-332.8,False,False,10,-0.31,-4.31,-1.44,2.78,2.78,10,2026-05-11,0.0,False,False,False
2026-04-22,2026-04-23,300604.SZ,长川科技,电子,电子/电力设备/通信,2.7,27.49,14.16,,3,半导体、存储芯片、芯片,多次回流成熟段,抗住且相对强,3.7,True,2,4,False,79,1,limit_strong,2996.4,震荡区间,震荡,当前震荡区间,-332.8,False,False,10,14.92,14.45,15.69,43.41,43.41,10,2026-05-11,0.0,True,True,True
2026-04-24,2026-04-27,300390.SZ,天华新能,电力设备,电子/电力设备/通信,13.65,85.42,126.16,3年新高,1,电池化学品,d1新启动,抗住且相对强,4.02,True,1,1,False,37,12,limit_medium,2331.8,震荡区间,震荡,当前震荡区间,-280.0,False,False,10,21.43,26.04,13.68,9.68,26.04,5,2026-05-06,-12.98,True,True,True
2026-04-24,2026-04-27,002709.SZ,天赐材料,电力设备,电子/电力设备/通信,7.35,79.52,65.54,3年新高,1,电池化学品,d1新启动,抗住且相对强,4.66,True,1,1,False,37,12,limit_medium,2331.8,震荡区间,震荡,当前震荡区间,-280.0,False,False,10,11.84,20.66,10.12,9.2,20.66,5,2026-05-06,-9.5,True,True,True
2026-04-24,2026-04-27,300919.SZ,中伟新材,电力设备,电子/电力设备/通信,7.5,22.01,35.19,3年新高,1,电池化学品,d1新启动,抗住且相对强,1.25,True,1,1,False,37,12,limit_medium,2331.8,震荡区间,震荡,当前震荡区间,-280.0,False,False,10,6.48,6.14,-0.72,-0.62,6.48,3,2026-04-29,-7.59,True,False,False
2026-04-27,2026-04-28,002371.SZ,北方华创,电子,电子/电力设备/通信,9.21,102.78,93.37,60日新高,2,半导体、存储芯片,多次回流成熟段,抗住且相对强,1.43,True,3,5,False,98,7,limit_strong,2303.8,震荡区间,震荡,当前震荡区间,-938.6,False,False,10,4.02,6.95,11.03,9.33,12.63,8,2026-05-12,-2.93,True,True,False
2026-04-27,2026-04-28,300604.SZ,长川科技,电子,电子/电力设备/通信,10.77,73.6,92.4,历史新高,2,半导体、存储芯片,多次回流成熟段,抗住且相对强,3.69,True,3,5,False,98,7,limit_strong,2303.8,震荡区间,震荡,当前震荡区间,-938.6,False,False,10,-0.47,6.16,24.79,19.34,30.27,9,2026-05-13,-8.39,True,True,True
2026-04-27,2026-04-28,600522.SH,中天科技,通信,电子/电力设备/通信,7.74,122.23,85.57,历史新高,2,钙钛矿电池、铜缆高速连接,d3三次确认、多次回流成熟段,补跌但相对强,0.06,True,2,3,False,15,13,limit_strong,2303.8,震荡区间,震荡,当前震荡区间,-938.6,False,False,10,-7.43,7.27,22.58,23.25,23.25,10,2026-05-14,0.0,True,True,True
2026-04-27,2026-04-28,688012.SH,中微公司,电子,电子/电力设备/通信,8.85,89.51,83.73,20日新高,2,半导体、存储芯片,多次回流成熟段,抗住且相对强,4.15,True,3,5,False,98,7,limit_strong,2303.8,震荡区间,震荡,当前震荡区间,-938.6,False,False,10,6.9,9.26,8.99,9.99,15.22,9,2026-05-13,-4.54,True,True,False
2026-04-27,2026-04-28,688110.SH,东芯股份,电子,电子/电力设备/通信,12.33,41.06,79.01,20日新高,2,半导体、存储芯片,多次回流成熟段,补跌但相对强,0.34,True,3,5,False,98,7,limit_strong,2303.8,震荡区间,震荡,当前震荡区间,-938.6,False,False,10,8.15,16.92,24.34,20.05,24.34,7,2026-05-11,-6.19,True,True,True
2026-04-27,2026-04-28,301511.SZ,德福科技,电力设备,电子/电力设备/通信,12.01,39.6,75.58,历史新高,1,存储芯片,多次回流成熟段,抗住且相对强,1.79,True,2,2,False,27,,limit_strong,2303.8,震荡区间,震荡,当前震荡区间,-938.6,False,False,10,11.41,37.39,37.59,39.08,51.35,9,2026-05-13,-8.1,True,True,True
2026-04-27,2026-04-28,603501.SH,豪威集团,电子,电子/电力设备/通信,10.0,53.16,72.91,20日新高,1,半导体,多次回流成熟段,补跌但相对强,0.53,True,3,3,True,98,7,limit_strong,2303.8,震荡区间,震荡,当前震荡区间,-938.6,False,False,10,-6.05,-4.18,-3.11,-3.95,0.0,0,2026-04-27,-6.05,False,False,False
2026-04-27,2026-04-28,300475.SZ,香农芯创,电子,电子/电力设备/通信,5.52,92.08,52.97,20日新高,1,存储芯片,多次回流成熟段,抗住且相对强,1.6,True,2,2,False,98,21,limit_strong,2303.8,震荡区间,震荡,当前震荡区间,-938.6,False,False,10,2.17,10.64,13.21,17.26,17.26,10,2026-05-14,0.0,True,True,False
2026-04-27,2026-04-28,688795.SH,摩尔线程-U,电子,电子/电力设备/通信,7.99,39.63,50.3,60日新高,1,半导体,多次回流成熟段,抗住且相对强,3.99,True,3,3,False,98,7,limit_strong,2303.8,震荡区间,震荡,当前震荡区间,-938.6,False,False,10,3.8,7.76,3.99,-1.09,7.76,5,2026-05-07,-8.21,True,False,False
2026-04-27,2026-04-28,688361.SH,中科飞测,电子,电子/电力设备/通信,10.11,23.17,48.66,20日新高,2,半导体、存储芯片,多次回流成熟段,抗住且相对强,1.58,True,3,5,False,98,7,limit_strong,2303.8,震荡区间,震荡,当前震荡区间,-938.6,False,False,10,6.52,7.27,4.97,10.53,11.58,9,2026-05-13,-0.94,True,True,False
2026-04-27,2026-04-28,688530.SH,欧莱新材,电子,电子/电力设备/通信,20.0,4.84,44.0,历史新高,2,半导体、钙钛矿电池,d3三次确认、多次回流成熟段,抗住且相对强,18.97,True,3,5,True,98,7,limit_strong,2303.8,震荡区间,震荡,当前震荡区间,-938.6,False,False,10,15.15,23.81,28.38,17.58,28.38,7,2026-05-11,-8.41,True,True,True
2026-04-27,2026-04-28,300666.SZ,江丰电子,电子,电子/电力设备/通信,7.39,29.27,39.98,历史新高,2,半导体、存储芯片,多次回流成熟段,抗住且相对强,8.17,True,3,5,False,98,7,limit_strong,2303.8,震荡区间,震荡,当前震荡区间,-938.6,False,False,10,7.13,11.21,10.28,7.3,11.21,5,2026-05-07,-7.03,True,True,False
2026-04-27,2026-04-28,688106.SH,金宏气体,电子,电子/电力设备/通信,6.45,34.97,38.14,3年新高,1,存储芯片,多次回流成熟段,抗住且相对强,7.61,True,2,2,False,98,21,limit_strong,2303.8,震荡区间,震荡,当前震荡区间,-938.6,False,False,10,-9.26,-16.67,-14.72,-18.93,6.37,1,2026-04-28,-26.16,True,False,False
2026-04-27,2026-04-28,300390.SZ,天华新能,电力设备,电子/电力设备/通信,3.55,81.92,32.13,历史新高,1,存储芯片,多次回流成熟段,补跌但相对强,0.19,True,2,2,False,27,,limit_strong,2303.8,震荡区间,震荡,当前震荡区间,-938.6,False,False,10,17.27,17.88,11.96,2.43,21.72,4,2026-05-06,-15.85,True,True,True
2026-04-27,2026-04-28,688099.SH,晶晨股份,电子,电子/电力设备/通信,5.26,35.02,31.13,120日新高,1,半导体,多次回流成熟段,抗住且相对强,1.39,True,3,3,False,98,7,limit_strong,2303.8,震荡区间,震荡,当前震荡区间,-938.6,False,False,10,10.33,15.65,17.94,16.62,21.21,9,2026-05-13,-3.79,True,True,True
2026-04-27,2026-04-28,600869.SH,远东股份,电力设备,电子/电力设备/通信,6.29,21.01,28.83,历史新高,1,铜缆高速连接,多次回流成熟段,抗住且相对强,2.32,True,1,1,False,27,,limit_medium,2303.8,震荡区间,震荡,当前震荡区间,-938.6,False,False,10,-1.45,13.52,20.77,25.46,33.82,9,2026-05-13,-6.24,True,True,True
2026-04-27,2026-04-28,688503.SH,聚和材料,电力设备,电子/电力设备/通信,6.63,17.46,27.7,20日新高,1,光刻胶,d1新启动,抗住且相对强,3.29,True,1,1,False,27,,limit_medium,2303.8,震荡区间,震荡,当前震荡区间,-938.6,False,False,10,3.06,13.15,12.9,14.12,14.12,10,2026-05-14,0.0,True,True,False
2026-04-27,2026-04-28,688519.SH,南亚新材,电子,电子/电力设备/通信,6.99,13.45,25.64,历史新高,1,存储芯片,多次回流成熟段,抗住且相对强,1.62,True,2,2,False,98,21,limit_strong,2303.8,震荡区间,震荡,当前震荡区间,-938.6,False,False,10,1.21,10.4,8.89,4.94,17.08,9,2026-05-13,-10.37,True,True,False
2026-04-27,2026-04-28,688535.SH,华海诚科,电子,电子/电力设备/通信,8.26,8.46,24.03,20日新高,2,半导体、存储芯片,多次回流成熟段,补跌但相对强,0.39,True,3,5,False,98,7,limit_strong,2303.8,震荡区间,震荡,当前震荡区间,-938.6,False,False,10,-30.04,-22.01,-17.85,-10.49,1.24,2,2026-04-29,-30.89,False,False,False
2026-04-27,2026-04-28,688120.SH,华海清科,电子,电子/电力设备/通信,5.76,16.98,23.74,20日新高,2,半导体、存储芯片,多次回流成熟段,抗住且相对强,1.47,True,3,5,False,98,7,limit_strong,2303.8,震荡区间,震荡,当前震荡区间,-938.6,False,False,10,1.77,3.42,6.64,29.12,29.23,9,2026-05-13,-0.08,True,True,True
2026-04-27,2026-04-28,688147.SH,微导纳米,电力设备,电子/电力设备/通信,7.33,9.66,22.78,,3,半导体、存储芯片、钙钛矿电池,d3三次确认、多次回流成熟段,抗住且相对强,2.51,True,3,7,False,27,,limit_strong,2303.8,震荡区间,震荡,当前震荡区间,-938.6,False,False,10,15.35,17.99,20.57,27.91,33.07,9,2026-05-13,-3.88,True,True,True
2026-04-29,2026-04-30,300390.SZ,天华新能,电力设备,电子/电力设备/有色金属,18.83,98.77,187.14,历史新高,5,储能、固态电池、小金属、电池、电池化学品,d2二次回流、d3三次确认、多次回流成熟段,抗住且相对强,0.44,True,7,15,False,101,1,limit_strong,2464.2,震荡区间,震荡,当前震荡区间,-671.2,False,False,10,0.52,-4.52,-9.67,-16.41,3.8,2,2026-05-06,-19.47,False,False,False
2026-04-29,2026-04-30,300438.SZ,鹏辉能源,电力设备,电子/电力设备/有色金属,20.0,55.24,148.65,3年新高,6,储能、固态电池、燃料电池、电池、钠离子电池、锂电池,d3三次确认、久违回流/成熟重启、多次回流成熟段,抗住且相对强,6.74,True,7,13,True,101,1,limit_strong,2464.2,震荡区间,震荡,当前震荡区间,-671.2,False,False,10,10.37,9.07,3.47,5.68,10.37,3,2026-05-07,-6.81,True,True,False
2026-04-29,2026-04-30,301217.SZ,铜冠铜箔,电力设备,电子/电力设备/有色金属,20.0,50.0,141.42,历史新高,5,PET铜箔、储能、固态电池、电池、锂电池,d1新启动、d3三次确认、多次回流成熟段,抗住且相对强,10.81,True,7,12,True,101,1,limit_strong,2464.2,震荡区间,震荡,当前震荡区间,-671.2,False,False,10,22.29,22.71,39.49,22.72,39.49,7,2026-05-13,-15.97,True,True,True
2026-04-29,2026-04-30,300769.SZ,德方纳米,电力设备,电子/电力设备/有色金属,20.0,32.69,114.35,2年新高,4,储能、固态电池、电池、电池化学品,d2二次回流、d3三次确认、多次回流成熟段,抗住且相对强,13.36,True,7,14,True,101,1,limit_strong,2464.2,震荡区间,震荡,当前震荡区间,-671.2,False,False,10,26.73,26.0,23.35,13.9,26.73,3,2026-05-07,-10.12,True,True,True
2026-04-29,2026-04-30,002709.SZ,天赐材料,电力设备,电子/电力设备/有色金属,9.99,103.01,101.39,3年新高,5,储能、固态电池、电池、电池化学品、钠离子电池,d2二次回流、d3三次确认、多次回流成熟段,抗住且相对强,2.45,True,7,15,True,101,1,limit_strong,2464.2,震荡区间,震荡,当前震荡区间,-671.2,False,False,10,5.87,0.4,-2.36,-5.65,7.89,2,2026-05-06,-13.27,True,False,False
2026-04-29,2026-04-30,600111.SH,北方稀土,有色金属,电子/电力设备/有色金属,10.0,93.53,96.71,,3,小金属、稀土永磁,d1新启动、d2二次回流、多次回流成熟段,抗住且相对强,4.63,True,6,10,True,51,1,limit_strong,2464.2,震荡区间,震荡,当前震荡区间,-671.2,False,False,10,8.56,13.54,10.23,1.47,13.54,5,2026-05-11,-10.63,True,True,False
2026-04-29,2026-04-30,002176.SZ,江特电机,电力设备,电子/电力设备/有色金属,9.98,57.79,75.87,3年新高,2,固态电池、小金属,多次回流成熟段,补跌但相对强,0.19,True,1,2,True,101,3,limit_strong,2464.2,震荡区间,震荡,当前震荡区间,-671.2,False,False,10,-3.54,-4.85,-10.63,-17.59,0.0,0,2026-04-29,-17.59,False,False,False
2026-04-29,2026-04-30,688390.SH,固德威,电力设备,电子/电力设备/有色金属,15.1,23.2,72.73,20日新高,2,储能、光伏设备,d3三次确认、多次回流成熟段,抗住且相对强,6.9,True,1,2,False,101,1,limit_medium,2464.2,震荡区间,震荡,当前震荡区间,-671.2,False,False,10,8.67,12.55,18.6,23.09,23.09,10,2026-05-18,0.0,True,True,True
2026-04-29,2026-04-30,000657.SZ,中钨高新,有色金属,电子/电力设备/有色金属,10.0,45.51,67.46,,4,小金属、金属钴、金属铜,d1新启动、久违回流/成熟重启、多次回流成熟段,抗住且相对强,2.07,True,6,12,True,51,1,limit_strong,2464.2,震荡区间,震荡,当前震荡区间,-671.2,False,False,10,10.26,5.81,8.99,-0.61,10.26,3,2026-05-07,-10.65,True,True,False
2026-04-29,2026-04-30,002192.SZ,融捷股份,有色金属,电子/电力设备/有色金属,10.0,37.57,61.29,3年新高,1,储能,d3三次确认,抗住且相对强,10.53,True,1,1,True,51,10,limit_strong,2464.2,震荡区间,震荡,当前震荡区间,-671.2,False,False,10,5.85,2.8,-1.8,-8.27,11.98,2,2026-05-06,-18.08,True,True,False
2026-04-29,2026-04-30,600338.SH,西藏珠峰,有色金属,电子/电力设备/有色金属,10.0,36.4,60.33,3年新高,3,小金属、盐湖提锂、金属铜,多次回流成熟段,补跌但相对强,0.42,True,4,6,True,51,1,limit_strong,2464.2,震荡区间,震荡,当前震荡区间,-671.2,False,False,10,-7.21,-12.57,-17.06,-23.11,0.0,0,2026-04-29,-23.11,False,False,False
2026-04-29,2026-04-30,300118.SZ,东方日升,电力设备,电子/电力设备/有色金属,12.99,21.17,59.77,,3,TOPCON电池、储能、光伏设备,d3三次确认、久违回流/成熟重启、多次回流成熟段,抗住且相对强,4.0,True,1,3,False,101,1,limit_medium,2464.2,震荡区间,震荡,当前震荡区间,-671.2,False,False,10,7.36,12.03,13.19,5.49,13.19,7,2026-05-13,-6.81,True,True,False
2026-04-29,2026-04-30,002378.SZ,章源钨业,有色金属,电子/电力设备/有色金属,9.99,35.49,59.51,,3,小金属、金属铜,d1新启动、多次回流成熟段,抗住且相对强,3.39,True,6,11,True,51,1,limit_strong,2464.2,震荡区间,震荡,当前震荡区间,-671.2,False,False,10,4.92,1.12,2.76,-9.02,5.13,2,2026-05-06,-13.46,True,False,False
2026-04-29,2026-04-30,000831.SZ,中国稀土,有色金属,电子/电力设备/有色金属,10.0,31.45,56.08,,3,小金属、稀土永磁,d1新启动、d2二次回流、多次回流成熟段,抗住且相对强,1.29,True,6,10,True,51,1,limit_strong,2464.2,震荡区间,震荡,当前震荡区间,-671.2,False,False,10,2.89,7.63,5.26,-1.2,7.63,5,2026-05-11,-8.2,True,False,False
2026-04-29,2026-04-30,002851.SZ,麦格米特,电力设备,电子/电力设备/有色金属,10.0,26.11,51.1,20日新高,2,储能、高压快充,d3三次确认、多次回流成熟段,抗住且相对强,4.42,True,1,2,True,101,1,limit_strong,2464.2,震荡区间,震荡,当前震荡区间,-671.2,False,False,10,6.39,8.12,19.25,8.05,19.25,7,2026-05-13,-9.39,True,True,False
2026-04-29,2026-04-30,002460.SZ,赣锋锂业,有色金属,电子/电力设备/有色金属,5.85,72.24,49.72,,6,储能、固态电池、小金属、燃料电池、盐湖提锂、金属钴,d3三次确认、久违回流/成熟重启、多次回流成熟段,抗住且相对强,2.58,True,1,6,False,51,1,limit_medium,2464.2,震荡区间,震荡,当前震荡区间,-671.2,False,False,10,1.27,-1.98,-4.5,-8.65,5.24,2,2026-05-06,-14.64,True,False,False
2026-04-29,2026-04-30,688411.SH,海博思创,电力设备,电子/电力设备/有色金属,8.68,27.38,45.42,20日新高,3,储能、固态电池、钠离子电池,d3三次确认、多次回流成熟段,抗住且相对强,1.1,True,1,3,False,101,1,limit_medium,2464.2,震荡区间,震荡,当前震荡区间,-671.2,False,False,10,2.58,5.04,1.09,1.35,5.04,5,2026-05-11,-8.38,True,False,False
2026-04-29,2026-04-30,603906.SH,龙蟠科技,电力设备,电子/电力设备/有色金属,10.0,19.62,44.29,,6,储能、固态电池、燃料电池、电池、电池化学品、钠离子电池,d2二次回流、d3三次确认、久违回流/成熟重启、多次回流成熟段,抗住且相对强,0.99,True,7,16,True,101,1,limit_strong,2464.2,震荡区间,震荡,当前震荡区间,-671.2,False,False,10,-4.21,-8.76,-11.03,-16.34,1.85,2,2026-05-06,-17.86,False,False,False
2026-04-29,2026-04-30,002842.SZ,翔鹭钨业,有色金属,电子/电力设备/有色金属,10.0,19.17,43.78,,3,小金属、金属铜,d1新启动、多次回流成熟段,抗住且相对强,10.53,True,6,11,True,51,1,limit_strong,2464.2,震荡区间,震荡,当前震荡区间,-671.2,False,False,10,11.83,7.8,14.06,2.0,14.06,7,2026-05-13,-10.57,True,True,False
2026-04-29,2026-04-30,002240.SZ,盛新锂能,有色金属,电子/电力设备/有色金属,7.05,37.41,43.12,3年新高,3,固态电池、小金属、盐湖提锂,多次回流成熟段,抗住且相对强,10.52,True,1,3,False,51,1,limit_medium,2464.2,震荡区间,震荡,当前震荡区间,-671.2,False,False,10,9.1,5.82,0.68,-5.82,13.75,2,2026-05-06,-17.83,True,True,False
2026-04-29,2026-04-30,301511.SZ,德福科技,电力设备,电子/电力设备/有色金属,6.37,38.63,39.59,历史新高,5,PET铜箔、储能、固态电池、电池、锂电池,d1新启动、d3三次确认、多次回流成熟段,抗住且相对强,4.88,True,7,12,False,101,1,limit_strong,2464.2,震荡区间,震荡,当前震荡区间,-671.2,False,False,10,28.81,28.99,41.89,34.46,41.89,7,2026-05-13,-10.23,True,True,True
2026-04-29,2026-04-30,002466.SZ,天齐锂业,有色金属,电子/电力设备/有色金属,4.12,86.72,38.37,2年新高,3,固态电池、小金属、盐湖提锂,多次回流成熟段,抗住且相对强,6.5,True,1,3,False,51,1,limit_medium,2464.2,震荡区间,震荡,当前震荡区间,-671.2,False,False,10,4.69,2.45,-1.51,-8.13,8.2,2,2026-05-06,-15.42,True,False,False
2026-04-29,2026-04-30,301662.SZ,宏工科技,电力设备,电子/电力设备/有色金属,12.66,6.57,32.45,20日新高,3,固态电池、电池、钠离子电池,多次回流成熟段,抗住且相对强,5.49,True,7,9,False,101,2,limit_strong,2464.2,震荡区间,震荡,当前震荡区间,-671.2,False,False,10,5.76,5.47,4.03,-0.66,7.52,2,2026-05-06,-7.61,True,False,False
2026-04-29,2026-04-30,300057.SZ,万顺新材,有色金属,电子/电力设备/有色金属,7.99,16.29,32.25,3年新高,4,PET铜箔、储能、固态电池、钠离子电池,d1新启动、d3三次确认、多次回流成熟段,抗住且相对强,0.84,True,1,4,False,51,10,limit_medium,2464.2,震荡区间,震荡,当前震荡区间,-671.2,False,False,10,-0.41,-3.39,-7.3,-16.03,2.06,2,2026-05-06,-17.72,False,False,False
2026-04-29,2026-04-30,603399.SH,永杉锂业,有色金属,电子/电力设备/有色金属,9.98,10.38,32.15,3年新高,3,储能、固态电池、小金属,d3三次确认、多次回流成熟段,抗住且相对强,10.51,True,1,3,True,51,1,limit_strong,2464.2,震荡区间,震荡,当前震荡区间,-671.2,False,False,10,28.08,39.31,31.65,10.83,39.31,5,2026-05-11,-20.44,True,True,True
2026-04-29,2026-04-30,600379.SH,宝光股份,电力设备,电子/电力设备/有色金属,10.03,9.87,31.51,3年新高,2,储能、燃料电池,d3三次确认、久违回流/成熟重启,抗住且相对强,10.47,True,1,2,True,101,1,limit_strong,2464.2,震荡区间,震荡,当前震荡区间,-671.2,False,False,10,17.05,20.85,24.0,10.1,24.2,8,2026-05-14,-11.35,True,True,True
2026-04-29,2026-04-30,002759.SZ,天际股份,电力设备,电子/电力设备/有色金属,5.91,27.82,31.17,,4,固态电池、电池、电池化学品、钠离子电池,d2二次回流、多次回流成熟段,抗住且相对强,6.22,True,7,14,False,101,2,limit_strong,2464.2,震荡区间,震荡,当前震荡区间,-671.2,False,False,10,7.72,6.05,3.53,-1.11,14.72,2,2026-05-06,-13.8,True,True,False
2026-04-29,2026-04-30,000688.SZ,国城矿业,有色金属,电子/电力设备/有色金属,7.54,15.75,29.92,历史新高,4,小金属、金属铜、黄金,d1新启动、多次回流成熟段,抗住且相对强,4.87,True,6,12,False,51,1,limit_strong,2464.2,震荡区间,震荡,当前震荡区间,-671.2,False,False,10,-2.66,-10.74,-16.36,-15.91,4.34,1,2026-04-30,-21.54,False,False,False
2026-04-29,2026-04-30,300432.SZ,富临精工,电力设备,电子/电力设备/有色金属,5.62,24.02,27.54,3年新高,2,储能、盐湖提锂,d3三次确认、多次回流成熟段,抗住且相对强,2.29,True,1,2,False,101,1,limit_medium,2464.2,震荡区间,震荡,当前震荡区间,-671.2,False,False,10,0.33,-3.11,-8.0,-12.71,1.85,1,2026-04-30,-14.3,False,False,False
2026-04-29,2026-04-30,000762.SZ,西藏矿业,有色金属,电子/电力设备/有色金属,5.91,21.17,27.19,3年新高,3,小金属、盐湖提锂、金属铜,多次回流成熟段,补跌但相对强,0.02,True,4,6,False,51,1,limit_strong,2464.2,震荡区间,震荡,当前震荡区间,-671.2,False,False,10,-1.29,-3.78,-9.15,-14.91,1.8,2,2026-05-06,-16.41,False,False,False
2026-04-29,2026-04-30,300632.SZ,光莆股份,电子,电子/电力设备/有色金属,20.01,1.8,26.85,3年新高,3,PET铜箔、储能、固态电池,d1新启动、d3三次确认、多次回流成熟段,抗住且相对强,17.8,True,1,3,True,60,9,limit_strong,2464.2,震荡区间,震荡,当前震荡区间,-671.2,False,False,10,21.48,22.66,50.71,72.63,72.93,9,2026-05-15,-0.17,True,True,True
2026-04-29,2026-04-30,002079.SZ,苏州固锝,电力设备,电子/电力设备/有色金属,9.97,7.16,26.68,20日新高,3,TOPCON电池、储能、光伏设备,d3三次确认、久违回流/成熟重启、多次回流成熟段,抗住且相对强,0.53,True,1,3,True,101,1,limit_strong,2464.2,震荡区间,震荡,当前震荡区间,-671.2,False,False,10,3.59,10.78,10.01,8.3,10.78,5,2026-05-11,-2.24,True,True,False
2026-04-29,2026-04-30,301219.SZ,腾远钴业,有色金属,电子/电力设备/有色金属,6.05,14.4,22.96,,4,固态电池、小金属、金属钴、金属铜,久违回流/成熟重启、多次回流成熟段,抗住且相对强,2.4,True,4,7,False,51,1,limit_strong,2464.2,震荡区间,震荡,当前震荡区间,-671.2,False,False,10,2.84,3.26,4.21,-3.22,4.51,4,2026-05-08,-7.4,False,False,False
2026-04-29,2026-04-30,002805.SZ,丰元股份,电力设备,电子/电力设备/有色金属,10.01,5.05,22.49,60日新高,5,储能、固态电池、电池、电池化学品、钠离子电池,d2二次回流、d3三次确认、多次回流成熟段,抗住且相对强,10.45,True,7,15,True,101,1,limit_strong,2464.2,震荡区间,震荡,当前震荡区间,-671.2,False,False,10,18.05,22.58,31.44,17.19,31.44,7,2026-05-13,-13.08,True,True,True
2026-04-29,2026-04-30,688472.SH,阿特斯,电力设备,电子/电力设备/有色金属,4.51,18.25,19.27,20日新高,3,TOPCON电池、储能、光伏设备,d3三次确认、久违回流/成熟重启、多次回流成熟段,抗住且相对强,0.86,True,1,3,False,101,1,limit_medium,2464.2,震荡区间,震荡,当前震荡区间,-671.2,False,False,10,0.42,4.94,6.19,3.76,7.65,6,2026-05-12,-5.75,True,False,False
2026-04-29,2026-04-30,300457.SZ,赢合科技,电力设备,电子/电力设备/有色金属,6.42,7.89,18.03,20日新高,3,储能、固态电池、电池,d3三次确认、多次回流成熟段,抗住且相对强,0.96,True,7,9,False,101,1,limit_strong,2464.2,震荡区间,震荡,当前震荡区间,-671.2,False,False,10,0.66,-1.14,-0.42,-3.4,2.25,2,2026-05-06,-6.07,False,False,False
2026-04-29,2026-04-30,300724.SZ,捷佳伟创,电力设备,电子/电力设备/有色金属,4.2,16.3,16.96,,3,PET铜箔、TOPCON电池、光伏设备,d1新启动、久违回流/成熟重启、多次回流成熟段,抗住且相对强,2.88,True,1,3,False,101,25,limit_medium,2464.2,震荡区间,震荡,当前震荡区间,-671.2,False,False,10,2.76,4.26,1.9,-2.83,4.26,5,2026-05-11,-6.81,False,False,False
2026-04-29,2026-04-30,603876.SH,鼎胜新材,有色金属,电子/电力设备/有色金属,4.39,14.31,16.61,,3,储能、固态电池、钠离子电池,d3三次确认、多次回流成熟段,抗住且相对强,4.73,True,1,3,False,51,10,limit_medium,2464.2,震荡区间,震荡,当前震荡区间,-671.2,False,False,10,9.66,7.84,0.18,0.11,13.97,2,2026-05-06,-12.81,True,True,False
2026-04-29,2026-04-30,001301.SZ,尚太科技,电力设备,电子/电力设备/有色金属,5.16,10.09,16.39,20日新高,3,储能、电池、电池化学品,d2二次回流、d3三次确认、多次回流成熟段,抗住且相对强,2.02,True,7,13,False,101,1,limit_strong,2464.2,震荡区间,震荡,当前震荡区间,-671.2,False,False,10,-1.97,-4.74,-7.55,-8.29,3.06,2,2026-05-06,-11.01,False,False,False
2026-04-29,2026-04-30,688147.SH,微导纳米,电力设备,电子/电力设备/有色金属,5.14,10.16,16.38,20日新高,1,TOPCON电池,久违回流/成熟重启,抗住且相对强,9.06,True,1,1,False,101,34,limit_medium,2464.2,震荡区间,震荡,当前震荡区间,-671.2,False,False,10,11.11,13.54,25.31,17.57,25.31,7,2026-05-13,-6.17,True,True,True
2026-04-29,2026-04-30,300842.SZ,帝科股份,电力设备,电子/电力设备/有色金属,5.38,9.03,16.17,20日新高,2,TOPCON电池、光伏设备,久违回流/成熟重启、多次回流成熟段,抗住且相对强,1.34,True,1,2,False,101,25,limit_medium,2464.2,震荡区间,震荡,当前震荡区间,-671.2,False,False,10,6.65,8.63,5.64,5.34,8.63,5,2026-05-11,-6.56,True,False,False
2026-04-29,2026-04-30,300490.SZ,华自科技,电力设备,电子/电力设备/有色金属,6.51,6.04,16.0,,4,储能、固态电池、钠离子电池、高压快充,d3三次确认、多次回流成熟段,补跌但相对强,0.14,True,1,4,False,101,1,limit_medium,2464.2,震荡区间,震荡,当前震荡区间,-671.2,False,False,10,2.35,1.4,2.45,-3.06,2.45,7,2026-05-13,-6.21,False,False,False
2026-04-29,2026-04-30,300618.SZ,寒锐钴业,有色金属,电子/电力设备/有色金属,5.32,8.23,15.26,,3,小金属、金属钴、金属铜,久违回流/成熟重启、多次回流成熟段,抗住且相对强,1.01,True,4,6,False,51,1,limit_strong,2464.2,震荡区间,震荡,当前震荡区间,-671.2,False,False,10,1.13,-1.31,-7.19,-11.87,2.75,2,2026-05-06,-14.76,False,False,False
2026-04-29,2026-04-30,300069.SZ,金利华电,电力设备,电子/电力设备/有色金属,7.56,3.98,15.08,120日新高,1,燃料电池,久违回流/成熟重启,抗住且相对强,7.4,True,1,1,False,101,5,limit_medium,2464.2,震荡区间,震荡,当前震荡区间,-671.2,False,False,1,,,,,,,,,False,False,False
2026-04-29,2026-04-30,002716.SZ,湖南白银,有色金属,电子/电力设备/有色金属,3.72,15.47,14.63,,3,小金属、金属铜、黄金,多次回流成熟段,抗住且相对强,1.76,True,4,6,False,51,1,limit_strong,2464.2,震荡区间,震荡,当前震荡区间,-671.2,False,False,10,9.37,8.84,7.01,-6.13,11.03,4,2026-05-08,-15.46,True,True,False
2026-04-29,2026-04-30,301152.SZ,天力锂能,电力设备,电子/电力设备/有色金属,6.91,4.23,14.21,60日新高,5,储能、固态电池、电池、电池化学品、钠离子电池,d2二次回流、d3三次确认、多次回流成熟段,抗住且相对强,1.97,True,7,15,False,101,1,limit_strong,2464.2,震荡区间,震荡,当前震荡区间,-671.2,False,False,10,4.13,1.97,0.09,-3.35,4.58,2,2026-05-06,-7.75,False,False,False
2026-04-29,2026-04-30,002125.SZ,湘潭电化,电力设备,电子/电力设备/有色金属,6.07,5.46,14.18,20日新高,5,固态电池、小金属、电池、电池化学品、钠离子电池,d2二次回流、多次回流成熟段,抗住且相对强,2.1,True,7,15,False,101,2,limit_strong,2464.2,震荡区间,震荡,当前震荡区间,-671.2,False,False,10,3.86,1.66,-0.33,-5.13,3.86,2,2026-05-06,-8.65,False,False,False
2026-04-29,2026-04-30,300477.SZ,ST合纵,电力设备,电子/电力设备/有色金属,9.87,1.98,13.89,,4,储能、小金属、金属钴、金属铜,d3三次确认、久违回流/成熟重启、多次回流成熟段,抗住且相对强,13.09,True,4,7,False,101,1,limit_strong,2464.2,震荡区间,震荡,当前震荡区间,-671.2,False,False,10,13.47,27.76,28.57,13.88,34.69,8,2026-05-14,-15.45,True,True,True
2026-04-30,2026-05-06,301599.SZ,理奇智能,电力设备,电子/电力设备/机械设备,348.6,22.09,1638.42,历史新高,1,芯片,多次回流成熟段,抗住且相对强,8.94,True,3,3,False,37,14,limit_strong,2773.8,中位区,上升,波谷→当前,520.2,True,False,10,4.73,5.85,-8.83,12.66,14.98,4,2026-05-11,-20.71,True,True,False
2026-04-30,2026-05-06,688256.SH,寒武纪,电子,电子/电力设备/机械设备,20.0,284.66,337.44,历史新高,3,先进封装、半导体、芯片,多次回流成熟段,抗住且相对强,3.43,True,4,11,True,37,1,limit_strong,2773.8,中位区,上升,波谷→当前,520.2,True,False,10,-30.44,-24.83,-25.85,-22.4,9.88,2,2026-05-07,-36.7,True,False,False
2026-04-30,2026-05-06,688400.SH,凌云光,机械设备,电子/电力设备/机械设备,20.01,21.98,93.81,历史新高,3,新型工业化、自动化设备、芯片,d3三次确认、多次回流成熟段,抗住且相对强,2.72,True,3,6,True,82,2,limit_strong,2773.8,中位区,上升,波谷→当前,520.2,True,False,10,12.19,10.17,9.25,14.13,16.15,9,2026-05-18,-1.74,True,True,False
2026-04-30,2026-05-06,688820.SH,盛合晶微,电子,电子/电力设备/机械设备,11.35,59.37,87.45,历史新高,4,先进封装、半导体、存储芯片、芯片,多次回流成熟段,抗住且相对强,0.05,True,4,12,False,37,1,limit_strong,2773.8,中位区,上升,波谷→当前,520.2,True,False,10,23.3,33.3,50.29,77.35,82.62,9,2026-05-18,-2.89,True,True,True
2026-04-30,2026-05-06,603629.SH,利通电子,电子,电子/电力设备/机械设备,9.99,63.52,79.62,历史新高,1,芯片,多次回流成熟段,抗住且相对强,6.07,True,3,3,False,37,1,limit_strong,2773.8,中位区,上升,波谷→当前,520.2,True,False,10,16.05,8.73,18.0,20.7,20.89,9,2026-05-18,-0.16,True,True,True
2026-04-30,2026-05-06,300136.SZ,信维通信,电子,电子/电力设备/机械设备,6.77,108.32,70.46,60日新高,1,芯片,多次回流成熟段,抗住且相对强,2.57,True,3,3,False,37,1,limit_strong,2773.8,中位区,上升,波谷→当前,520.2,True,False,10,11.01,19.72,12.28,21.58,26.58,4,2026-05-11,-13.81,True,True,True
2026-04-30,2026-05-06,300672.SZ,国科微,电子,电子/电力设备/机械设备,11.03,34.82,65.09,,3,半导体、存储芯片、芯片,多次回流成熟段,抗住且相对强,2.63,True,4,8,False,37,1,limit_strong,2773.8,中位区,上升,波谷→当前,520.2,True,False,10,20.33,30.9,37.4,34.71,37.96,9,2026-05-18,-2.35,True,True,True
2026-04-30,2026-05-06,688449.SH,联芸科技,电子,电子/电力设备/机械设备,14.14,18.27,60.44,20日新高,3,半导体、存储芯片、芯片,多次回流成熟段,抗住且相对强,0.56,True,4,8,False,37,1,limit_strong,2773.8,中位区,上升,波谷→当前,520.2,True,False,10,21.11,21.69,21.71,34.11,34.11,10,2026-05-19,0.0,True,True,True
2026-04-30,2026-05-06,002353.SZ,杰瑞股份,机械设备,电子/电力设备/机械设备,7.66,38.93,47.79,历史新高,1,专用设备,d2二次回流,抗住且相对强,7.4,True,4,4,False,82,4,limit_strong,2773.8,中位区,上升,波谷→当前,520.2,True,False,10,6.85,4.96,1.22,1.32,10.07,2,2026-05-07,-8.58,True,True,False
2026-04-30,2026-05-06,688347.SH,华虹公司,电子,电子/电力设备/机械设备,6.69,50.17,47.39,,3,半导体、存储芯片、芯片,多次回流成熟段,抗住且相对强,3.87,True,4,8,False,37,1,limit_strong,2773.8,中位区,上升,波谷→当前,520.2,True,False,10,12.74,13.94,11.96,6.2,17.67,2,2026-05-07,-10.92,True,True,False
2026-04-30,2026-05-06,688110.SH,东芯股份,电子,电子/电力设备/机械设备,6.58,50.19,46.62,20日新高,3,半导体、存储芯片、芯片,多次回流成熟段,抗住且相对强,2.49,True,4,8,False,37,1,limit_strong,2773.8,中位区,上升,波谷→当前,520.2,True,False,10,7.69,7.85,11.0,13.45,14.98,4,2026-05-11,-6.19,True,True,False
2026-04-30,2026-05-06,688123.SH,聚辰股份,电子,电子/电力设备/机械设备,9.96,21.23,45.89,,3,半导体、存储芯片、芯片,多次回流成熟段,抗住且相对强,2.15,True,4,8,False,37,1,limit_strong,2773.8,中位区,上升,波谷→当前,520.2,True,False,10,5.8,28.51,39.04,33.48,39.04,7,2026-05-14,-7.06,True,True,True
2026-04-30,2026-05-06,301666.SZ,大普微-UW,电子,电子/电力设备/机械设备,7.43,28.0,39.32,历史新高,2,半导体、存储芯片,多次回流成熟段,抗住且相对强,15.25,True,4,5,False,37,2,limit_strong,2773.8,中位区,上升,波谷→当前,520.2,True,False,9,58.75,65.41,98.43,,,,,,False,False,False
2026-04-30,2026-05-06,002156.SZ,通富微电,电子,电子/电力设备/机械设备,4.59,68.22,37.91,20日新高,5,传感器、先进封装、半导体、存储芯片、芯片,久违回流/成熟重启、多次回流成熟段,抗住且相对强,6.08,True,4,13,False,37,1,limit_strong,2773.8,中位区,上升,波谷→当前,520.2,True,False,10,10.41,14.89,10.88,13.7,18.25,4,2026-05-11,-6.86,True,True,False
2026-04-30,2026-05-06,688047.SH,龙芯中科,电子,电子/电力设备/机械设备,6.61,30.66,36.6,20日新高,3,MCU芯片、半导体、芯片,久违回流/成熟重启、多次回流成熟段,抗住且相对强,4.9,True,4,8,False,37,1,limit_strong,2773.8,中位区,上升,波谷→当前,520.2,True,False,10,4.57,5.34,-0.73,-1.17,10.37,2,2026-05-07,-13.57,True,True,False
2026-04-30,2026-05-06,688699.SH,明微电子,电子,电子/电力设备/机械设备,20.0,3.15,35.5,20日新高,3,先进封装、半导体、芯片,多次回流成熟段,抗住且相对强,7.2,True,4,11,True,37,1,limit_strong,2773.8,中位区,上升,波谷→当前,520.2,True,False,10,12.32,16.27,14.47,18.46,22.39,4,2026-05-11,-7.1,True,True,True
2026-04-30,2026-05-06,688802.SH,沐曦股份-U,电子,电子/电力设备/机械设备,6.26,29.9,34.23,60日新高,3,先进封装、半导体、芯片,多次回流成熟段,抗住且相对强,3.07,True,4,11,False,37,1,limit_strong,2773.8,中位区,上升,波谷→当前,520.2,True,False,10,3.43,2.49,-2.26,-0.68,11.21,2,2026-05-07,-15.14,True,True,False
2026-04-30,2026-05-06,301511.SZ,德福科技,电力设备,电子/电力设备/机械设备,4.44,39.73,27.99,历史新高,1,存储芯片,多次回流成熟段,抗住且相对强,16.47,True,1,1,False,37,,limit_medium,2773.8,中位区,上升,波谷→当前,520.2,True,False,10,25.8,24.84,24.84,33.5,35.85,6,2026-05-13,-10.23,True,True,True
2026-04-30,2026-05-06,688072.SH,拓荆科技,电子,电子/电力设备/机械设备,5.03,29.88,27.5,历史新高,4,先进封装、半导体、存储芯片、芯片,多次回流成熟段,抗住且相对强,0.38,True,4,12,False,37,1,limit_strong,2773.8,中位区,上升,波谷→当前,520.2,True,False,10,4.06,13.94,10.79,24.7,24.7,10,2026-05-19,0.0,True,True,True
2026-04-30,2026-05-06,600379.SH,宝光股份,电力设备,电子/电力设备/机械设备,10.03,7.34,27.17,3年新高,2,燃料电池、芯片,多次回流成熟段,抗住且相对强,6.48,True,3,4,True,37,8,limit_strong,2773.8,中位区,上升,波谷→当前,520.2,True,False,10,-0.18,2.44,12.87,-9.95,12.87,7,2026-05-14,-20.22,True,True,False
2026-04-30,2026-05-06,688020.SH,方邦股份,电子,电子/电力设备/机械设备,7.13,11.67,24.36,历史新高,1,先进封装,多次回流成熟段,抗住且相对强,9.26,True,4,4,False,37,3,limit_strong,2773.8,中位区,上升,波谷→当前,520.2,True,False,10,11.92,6.62,7.1,-3.44,13.19,1,2026-05-06,-15.02,True,True,False
2026-04-30,2026-05-06,688530.SH,欧莱新材,电子,电子/电力设备/机械设备,7.04,11.71,24.09,历史新高,2,半导体、芯片,多次回流成熟段,抗住且相对强,0.37,True,4,7,False,37,1,limit_strong,2773.8,中位区,上升,波谷→当前,520.2,True,False,10,-1.32,3.8,2.11,8.93,11.48,4,2026-05-11,-8.41,True,True,False
2026-04-30,2026-05-06,605389.SH,长龄液压,机械设备,电子/电力设备/机械设备,9.84,5.01,22.02,历史新高,1,减速器,d1新启动,抗住且相对强,2.46,True,1,1,False,82,28,limit_medium,2773.8,中位区,上升,波谷→当前,520.2,True,False,10,8.15,-7.08,3.61,-0.03,8.38,2,2026-05-07,-14.26,True,False,False
2026-04-30,2026-05-06,002158.SZ,汉钟精机,机械设备,电子/电力设备/机械设备,10.0,4.1,20.25,20日新高,2,燃料电池、芯片,多次回流成熟段,抗住且相对强,7.88,True,3,4,True,82,2,limit_strong,2773.8,中位区,上升,波谷→当前,520.2,True,False,10,13.69,18.4,16.19,15.36,21.51,6,2026-05-13,-5.07,True,True,True
2026-04-30,2026-05-06,688008.SH,澜起科技,电子,电子/电力设备/机械设备,2.0,102.26,20.22,,3,半导体、存储芯片、芯片,多次回流成熟段,抗住且相对强,10.89,True,4,8,False,37,1,limit_strong,2773.8,中位区,上升,波谷→当前,520.2,True,False,10,21.33,38.89,52.96,42.59,52.96,7,2026-05-14,-6.78,True,True,True
2026-04-30,2026-05-06,605358.SH,立昂微,电子,电子/电力设备/机械设备,5.23,14.18,19.69,20日新高,3,半导体、存储芯片、芯片,多次回流成熟段,抗住且相对强,1.57,True,4,8,False,37,1,limit_strong,2773.8,中位区,上升,波谷→当前,520.2,True,False,10,21.72,24.28,25.55,34.36,34.36,10,2026-05-19,0.0,True,True,True
2026-04-30,2026-05-06,688813.SH,泰金新能,机械设备,电子/电力设备/机械设备,6.86,8.23,19.68,历史新高,1,专用设备,d2二次回流,抗住且相对强,17.88,True,4,4,False,82,4,limit_strong,2773.8,中位区,上升,波谷→当前,520.2,True,False,10,20.57,39.24,43.94,45.05,48.14,9,2026-05-18,-2.08,True,True,True
2026-04-30,2026-05-06,003026.SZ,中晶科技,电子,电子/电力设备/机械设备,5.42,12.86,19.44,3年新高,3,传感器、半导体、芯片,久违回流/成熟重启、多次回流成熟段,抗住且相对强,0.67,True,4,8,False,37,1,limit_strong,2773.8,中位区,上升,波谷→当前,520.2,True,False,10,-5.58,3.22,-4.32,0.22,4.6,1,2026-05-06,-9.73,False,False,False
2026-04-30,2026-05-06,300053.SZ,航宇微,电子,电子/电力设备/机械设备,6.74,7.92,18.97,,5,MCU芯片、先进封装、半导体、存储芯片、芯片,久违回流/成熟重启、多次回流成熟段,抗住且相对强,4.9,True,4,13,False,37,1,limit_strong,2773.8,中位区,上升,波谷→当前,520.2,True,False,10,11.62,9.83,9.05,6.87,14.25,6,2026-05-13,-7.04,True,True,False
2026-04-30,2026-05-06,600584.SH,长电科技,电子,电子/电力设备/机械设备,2.71,45.66,18.31,,4,先进封装、半导体、存储芯片、芯片,多次回流成熟段,抗住且相对强,1.86,True,4,12,False,37,1,limit_strong,2773.8,中位区,上升,波谷→当前,520.2,True,False,10,11.39,21.25,19.21,33.47,33.47,10,2026-05-19,0.0,True,True,True
2026-04-30,2026-05-06,603986.SH,兆易创新,电子,电子/电力设备/机械设备,1.33,185.17,18.1,,5,MCU芯片、传感器、半导体、存储芯片、芯片,久违回流/成熟重启、多次回流成熟段,抗住且相对强,6.07,True,4,10,False,37,1,limit_strong,2773.8,中位区,上升,波谷→当前,520.2,True,False,10,6.74,12.96,13.8,29.26,29.26,10,2026-05-19,0.0,True,True,True
2026-04-30,2026-05-06,603131.SH,上海沪工,机械设备,电子/电力设备/机械设备,10.01,3.24,18.02,20日新高,1,新型工业化,d3三次确认,抗住且相对强,3.87,True,1,1,True,82,6,limit_strong,2773.8,中位区,上升,波谷→当前,520.2,True,False,10,11.23,7.37,2.04,2.84,11.23,3,2026-05-08,-8.26,True,True,False
2026-04-30,2026-05-06,300814.SZ,中富电路,电子,电子/电力设备/机械设备,5.07,12.44,17.88,20日新高,1,先进封装,多次回流成熟段,抗住且相对强,3.66,True,4,4,False,37,3,limit_strong,2773.8,中位区,上升,波谷→当前,520.2,True,False,10,10.08,12.4,13.61,20.53,20.53,10,2026-05-19,0.0,True,True,True
2026-04-30,2026-05-06,688090.SH,瑞松科技,机械设备,电子/电力设备/机械设备,7.86,4.36,16.41,,4,传感器、新型工业化、自动化设备、芯片,d3三次确认、久违回流/成熟重启、多次回流成熟段,抗住且相对强,0.37,True,3,7,False,82,2,limit_strong,2773.8,中位区,上升,波谷→当前,520.2,True,False,10,16.97,22.29,15.24,20.04,23.73,6,2026-05-13,-6.86,True,True,True
2026-04-30,2026-05-06,688107.SH,安路科技,电子,电子/电力设备/机械设备,6.82,5.05,15.33,20日新高,2,半导体、芯片,多次回流成熟段,抗住且相对强,1.59,True,4,7,False,37,1,limit_strong,2773.8,中位区,上升,波谷→当前,520.2,True,False,10,10.13,15.15,18.35,36.26,36.26,10,2026-05-19,0.0,True,True,True
2026-04-30,2026-05-06,301338.SZ,凯格精机,机械设备,电子/电力设备/机械设备,4.67,9.73,14.57,,4,专用设备、先进封装、新型工业化、芯片,d2二次回流、d3三次确认、多次回流成熟段,抗住且相对强,10.29,True,4,12,False,82,2,limit_strong,2773.8,中位区,上升,波谷→当前,520.2,True,False,10,8.84,3.25,8.13,1.19,12.41,1,2026-05-06,-11.7,True,True,False
2026-04-30,2026-05-06,688368.SH,晶丰明源,电子,电子/电力设备/机械设备,5.5,6.58,14.11,,3,MCU芯片、半导体、芯片,久违回流/成熟重启、多次回流成熟段,抗住且相对强,2.45,True,4,8,False,37,1,limit_strong,2773.8,中位区,上升,波谷→当前,520.2,True,False,10,5.8,10.82,21.78,25.83,25.83,10,2026-05-19,0.0,True,True,True
2026-04-30,2026-05-06,300077.SZ,国民技术,电子,电子/电力设备/机械设备,4.02,11.88,13.86,,3,MCU芯片、半导体、芯片,久违回流/成熟重启、多次回流成熟段,抗住且相对强,0.8,True,4,8,False,37,1,limit_strong,2773.8,中位区,上升,波谷→当前,520.2,True,False,10,11.02,8.59,9.54,23.17,23.17,10,2026-05-19,0.0,True,True,True
2026-04-30,2026-05-06,002747.SZ,埃斯顿,机械设备,电子/电力设备/机械设备,5.14,7.23,13.82,20日新高,2,新型工业化、自动化设备,d3三次确认,抗住且相对强,2.27,True,2,3,False,82,6,limit_strong,2773.8,中位区,上升,波谷→当前,520.2,True,False,10,10.11,12.35,8.55,22.82,22.82,10,2026-05-19,0.0,True,True,True
2026-04-30,2026-05-06,300161.SZ,华中数控,机械设备,电子/电力设备/机械设备,4.91,6.48,12.5,20日新高,1,新型工业化,d3三次确认,抗住且相对强,2.04,True,1,1,False,82,6,limit_medium,2773.8,中位区,上升,波谷→当前,520.2,True,False,10,23.18,17.7,13.33,16.5,27.03,8,2026-05-15,-8.68,True,True,True
2026-04-30,2026-05-06,688783.SH,西安奕材-U,电子,电子/电力设备/机械设备,5.85,4.23,12.03,20日新高,4,MCU芯片、半导体、存储芯片、芯片,久违回流/成熟重启、多次回流成熟段,抗住且相对强,8.77,True,4,9,False,37,1,limit_strong,2773.8,中位区,上升,波谷→当前,520.2,True,False,10,29.37,44.89,43.88,50.21,50.21,10,2026-05-19,0.0,True,True,True
2026-04-30,2026-05-06,603933.SH,睿能科技,电子,电子/电力设备/机械设备,5.03,5.6,11.9,,5,MCU芯片、存储芯片、新型工业化、自动化设备、芯片,d3三次确认、久违回流/成熟重启、多次回流成熟段,抗住且相对强,1.47,True,3,8,False,37,1,limit_strong,2773.8,中位区,上升,波谷→当前,520.2,True,False,10,8.18,8.72,5.52,6.59,10.07,4,2026-05-11,-4.13,True,True,False
2026-04-30,2026-05-06,300706.SZ,阿石创,电子,电子/电力设备/机械设备,3.91,8.14,11.16,20日新高,3,半导体、存储芯片、芯片,多次回流成熟段,抗住且相对强,5.01,True,4,8,False,37,1,limit_strong,2773.8,中位区,上升,波谷→当前,520.2,True,False,10,14.19,12.96,18.12,24.75,24.75,10,2026-05-19,0.0,True,True,True
2026-04-30,2026-05-06,688218.SH,江苏北人,机械设备,电子/电力设备/机械设备,6.25,3.14,11.08,3年新高,2,新型工业化、自动化设备,d3三次确认,抗住且相对强,10.94,True,2,3,False,82,6,limit_strong,2773.8,中位区,上升,波谷→当前,520.2,True,False,10,15.62,21.94,23.03,31.41,31.41,10,2026-05-19,0.0,True,True,True
2026-04-30,2026-05-06,688262.SH,国芯科技,电子,电子/电力设备/机械设备,3.86,7.3,10.43,20日新高,5,MCU芯片、先进封装、半导体、存储芯片、芯片,久违回流/成熟重启、多次回流成熟段,抗住且相对强,0.43,True,4,13,False,37,1,limit_strong,2773.8,中位区,上升,波谷→当前,520.2,True,False,10,3.85,3.82,3.87,1.08,6.47,2,2026-05-07,-5.52,True,False,False
2026-04-30,2026-05-06,688777.SH,中控技术,机械设备,电子/电力设备/机械设备,2.36,17.93,9.99,20日新高,3,传感器、新型工业化、自动化设备,d3三次确认、久违回流/成熟重启,抗住且相对强,1.58,True,2,4,False,82,6,limit_strong,2773.8,中位区,上升,波谷→当前,520.2,True,False,10,2.71,-0.66,-4.87,9.93,9.93,10,2026-05-19,0.0,True,False,False
2026-04-30,2026-05-06,001287.SZ,中电港,电子,电子/电力设备/机械设备,3.28,9.08,9.88,,3,MCU芯片、存储芯片、芯片,久违回流/成熟重启、多次回流成熟段,抗住且相对强,6.09,True,3,5,False,37,1,limit_strong,2773.8,中位区,上升,波谷→当前,520.2,True,False,10,9.6,9.37,13.15,7.18,16.33,4,2026-05-11,-8.06,True,True,False
2026-04-30,2026-05-06,688126.SH,沪硅产业,电子,电子/电力设备/机械设备,2.54,15.03,9.85,,3,半导体、存储芯片、芯片,多次回流成熟段,抗住且相对强,4.42,True,4,8,False,37,1,limit_strong,2773.8,中位区,上升,波谷→当前,520.2,True,False,10,11.55,22.56,21.15,43.23,43.23,10,2026-05-19,0.0,True,True,True
2026-04-30,2026-05-06,688115.SH,思林杰,机械设备,电子/电力设备/机械设备,8.19,1.4,9.69,60日新高,2,新型工业化、芯片,d3三次确认、多次回流成熟段,抗住且相对强,0.06,True,3,4,False,82,2,limit_strong,2773.8,中位区,上升,波谷→当前,520.2,True,False,10,3.14,3.61,2.79,7.16,7.32,4,2026-05-11,-4.23,True,False,False
2026-04-30,2026-05-06,300124.SZ,汇川技术,机械设备,电子/电力设备/机械设备,1.49,38.47,9.24,20日新高,2,新型工业化、自动化设备,d3三次确认,抗住且相对强,1.48,True,2,3,False,82,6,limit_strong,2773.8,中位区,上升,波谷→当前,520.2,True,False,10,9.33,9.99,8.48,13.41,13.41,10,2026-05-19,0.0,True,True,False
2026-04-30,2026-05-06,300456.SZ,赛微电子,电子,电子/电力设备/机械设备,2.07,19.74,9.2,,5,传感器、先进封装、半导体、新型工业化、芯片,d3三次确认、久违回流/成熟重启、多次回流成熟段,抗住且相对强,9.64,True,4,13,False,37,1,limit_strong,2773.8,中位区,上升,波谷→当前,520.2,True,False,10,11.48,7.27,14.25,10.72,15.3,2,2026-05-07,-6.97,True,True,False
2026-04-30,2026-05-06,002021.SZ,中捷资源,机械设备,电子/电力设备/机械设备,6.0,2.26,9.02,20日新高,1,专用设备,d2二次回流,抗住且相对强,0.4,True,4,4,False,82,4,limit_strong,2773.8,中位区,上升,波谷→当前,520.2,True,False,10,5.03,1.26,-1.89,-3.77,5.03,3,2026-05-08,-8.38,True,False,False
2026-04-30,2026-05-06,300283.SZ,温州宏丰,电力设备,电子/电力设备/机械设备,2.38,12.85,8.53,3年新高,1,芯片,多次回流成熟段,抗住且相对强,2.57,True,3,3,False,37,14,limit_strong,2773.8,中位区,上升,波谷→当前,520.2,True,False,10,36.39,39.36,28.51,55.42,55.42,10,2026-05-19,0.0,True,True,True
2026-04-30,2026-05-06,300128.SZ,锦富技术,电力设备,电子/电力设备/机械设备,4.71,3.02,8.19,20日新高,1,新型工业化,d3三次确认,抗住且相对强,2.05,True,1,1,False,37,21,limit_medium,2773.8,中位区,上升,波谷→当前,520.2,True,False,10,7.13,13.02,12.25,24.65,25.12,9,2026-05-18,-0.37,True,True,True
2026-04-30,2026-05-06,300975.SZ,商络电子,电子,电子/电力设备/机械设备,2.3,10.72,7.53,,3,MCU芯片、存储芯片、芯片,久违回流/成熟重启、多次回流成熟段,抗住且相对强,7.95,True,3,5,False,37,1,limit_strong,2773.8,中位区,上升,波谷→当前,520.2,True,False,10,13.0,10.51,11.63,15.84,18.91,6,2026-05-13,-8.75,True,True,False
2026-04-30,2026-05-06,688160.SH,步科股份,机械设备,电子/电力设备/机械设备,4.7,2.5,7.43,,3,减速器、新型工业化、自动化设备,d1新启动、d3三次确认,抗住且相对强,0.56,True,2,4,False,82,6,limit_strong,2773.8,中位区,上升,波谷→当前,520.2,True,False,10,13.86,15.06,9.91,24.46,24.46,10,2026-05-19,0.0,True,True,True
2026-04-30,2026-05-06,001266.SZ,宏英智能,机械设备,电子/电力设备/机械设备,2.71,7.04,7.19,3年新高,3,传感器、新型工业化、自动化设备,d3三次确认、久违回流/成熟重启,抗住且相对强,1.9,True,2,4,False,82,6,limit_strong,2773.8,中位区,上升,波谷→当前,520.2,True,False,10,6.48,9.76,14.24,15.15,24.41,9,2026-05-18,-7.45,True,True,True
2026-05-06,2026-05-07,688008.SH,澜起科技,电子,电子/电力设备/通信,14.82,219.18,219.41,历史新高,3,半导体、存储芯片、芯片,多次回流成熟段,抗住且相对强,2.75,True,1,3,False,110,1,limit_medium,3144.6,高位区,上升,波峰→当前,0.0,True,False,10,25.25,30.06,24.63,29.31,33.22,6,2026-05-14,-6.78,True,True,True
2026-05-06,2026-05-07,688313.SH,仕佳光子,通信,电子/电力设备/通信,14.72,75.34,127.77,历史新高,4,光纤、共封装光学(CPO)、芯片、通信设备,多次回流成熟段,抗住且相对强,7.54,True,1,4,False,11,1,limit_medium,3144.6,高位区,上升,波峰→当前,0.0,True,False,10,18.1,18.8,16.11,22.26,22.26,10,2026-05-20,0.0,True,True,True
2026-05-06,2026-05-07,301511.SZ,德福科技,电力设备,电子/电力设备/通信,20.0,36.7,121.16,历史新高,7,PCB、PET铜箔、储能、共封装光学(CPO)、存储芯片、电池、锂电池,d2二次回流、久违回流/成熟重启、多次回流成熟段,抗住且相对强,2.99,True,3,11,True,64,1,limit_strong,3144.6,高位区,上升,波峰→当前,0.0,True,False,10,2.91,13.21,1.63,21.45,21.45,10,2026-05-20,0.0,True,True,True
2026-05-06,2026-05-07,301666.SZ,大普微-UW,电子,电子/电力设备/通信,19.18,33.52,111.05,历史新高,3,半导体、存储芯片、英伟达,多次回流成熟段,抗住且相对强,11.32,True,1,3,False,110,3,limit_medium,3144.6,高位区,上升,波峰→当前,0.0,True,False,8,32.23,66.49,79.42,,,,,,False,False,False
2026-05-06,2026-05-07,600487.SH,亨通光电,通信,电子/电力设备/通信,9.28,135.41,107.99,,8,6G、光纤、共封装光学(CPO)、液冷服务器、特高压、芯片、通信设备、风电,d3三次确认、久违回流/成熟重启、多次回流成熟段,抗住且相对强,1.43,True,6,13,False,11,1,limit_strong,3144.6,高位区,上升,波峰→当前,0.0,True,False,10,4.44,5.06,-2.79,5.54,7.62,2,2026-05-08,-9.67,True,False,False
2026-05-06,2026-05-07,300769.SZ,德方纳米,电力设备,电子/电力设备/通信,11.4,49.43,80.15,2年新高,2,储能、电池,多次回流成熟段,抗住且相对强,0.97,True,3,5,False,64,1,limit_strong,3144.6,高位区,上升,波峰→当前,0.0,True,False,10,0.17,-1.93,-7.54,-7.92,0.75,1,2026-05-07,-12.36,False,False,False
2026-05-06,2026-05-07,300571.SZ,平治信息,通信,电子/电力设备/通信,16.17,19.68,71.73,3年新高,4,6G、储能、共封装光学(CPO)、芯片,多次回流成熟段,抗住且相对强,7.4,True,2,5,False,11,4,limit_strong,3144.6,高位区,上升,波峰→当前,0.0,True,False,10,11.9,22.26,19.24,23.85,33.15,8,2026-05-18,-6.98,True,True,True
2026-05-06,2026-05-07,300136.SZ,信维通信,电子,电子/电力设备/通信,6.5,111.66,68.69,历史新高,4,6G、AI眼镜、消费电子、芯片,久违回流/成熟重启、多次回流成熟段,抗住且相对强,1.81,True,2,5,False,110,1,limit_strong,3144.6,高位区,上升,波峰→当前,0.0,True,False,10,18.86,16.94,2.45,15.6,18.86,3,2026-05-11,-13.81,True,True,False
2026-05-06,2026-05-07,001309.SZ,德明利,电子,电子/电力设备/通信,10.0,45.19,67.22,历史新高,5,AI PC、共封装光学(CPO)、半导体、存储芯片、芯片,多次回流成熟段,抗住且相对强,4.05,True,5,9,True,110,1,limit_strong,3144.6,高位区,上升,波峰→当前,0.0,True,False,10,10.73,17.76,23.35,20.56,27.33,8,2026-05-18,-5.32,True,True,True
2026-05-06,2026-05-07,301599.SZ,理奇智能,电力设备,电子/电力设备/通信,12.47,25.48,62.95,历史新高,3,光刻胶、电池、芯片,d2二次回流、多次回流成熟段,抗住且相对强,1.67,True,3,5,False,64,4,limit_strong,3144.6,高位区,上升,波峰→当前,0.0,True,False,10,2.24,-10.66,-16.22,13.28,13.28,10,2026-05-20,0.0,True,True,False
2026-05-06,2026-05-07,301205.SZ,联特科技,通信,电子/电力设备/通信,11.19,31.3,62.6,,3,共封装光学(CPO)、芯片、通信设备,多次回流成熟段,抗住且相对强,0.8,True,1,3,False,11,1,limit_medium,3144.6,高位区,上升,波峰→当前,0.0,True,False,10,11.55,12.95,5.62,1.62,12.95,5,2026-05-13,-10.03,True,True,False
2026-05-06,2026-05-07,688347.SH,华虹公司,电子,电子/电力设备/通信,7.8,57.92,59.36,20日新高,3,半导体、存储芯片、芯片,多次回流成熟段,抗住且相对强,6.42,True,1,3,False,110,1,limit_medium,3144.6,高位区,上升,波峰→当前,0.0,True,False,10,8.16,5.67,-1.26,16.97,16.97,10,2026-05-20,0.0,True,True,False
2026-05-06,2026-05-07,002364.SZ,中恒电气,电力设备,电子/电力设备/通信,10.0,31.22,55.87,,6,储能、氢能源、特高压、虚拟电厂、风电、高压快充,d3三次确认、久违回流/成熟重启、多次回流成熟段,抗住且相对强,3.41,True,6,11,True,64,1,limit_strong,3144.6,高位区,上升,波峰→当前,0.0,True,False,10,-0.31,7.87,6.64,14.84,17.83,9,2026-05-19,-2.53,True,True,False
2026-05-06,2026-05-07,300975.SZ,商络电子,电子,电子/电力设备/通信,11.88,21.51,55.1,历史新高,5,AI眼镜、MCU芯片、存储芯片、液冷服务器、芯片,久违回流/成熟重启、多次回流成熟段,抗住且相对强,0.36,True,1,4,False,110,1,limit_medium,3144.6,高位区,上升,波峰→当前,0.0,True,False,10,3.36,6.29,-3.01,2.49,6.29,5,2026-05-13,-8.75,True,False,False
2026-05-06,2026-05-07,300489.SZ,光智科技,电子,电子/电力设备/通信,14.19,14.98,54.92,1年新高,3,先进封装、光学光电子、氢能源,久违回流/成熟重启、多次回流成熟段,抗住且相对强,0.03,True,1,3,False,110,10,limit_medium,3144.6,高位区,上升,波峰→当前,0.0,True,False,10,15.7,11.27,8.87,21.22,21.22,10,2026-05-20,0.0,True,True,True
2026-05-06,2026-05-07,600703.SH,三安光电,电子,电子/电力设备/通信,7.39,48.4,51.41,,6,AI眼镜、先进封装、光伏、光学光电子、共封装光学(CPO)、芯片,久违回流/成熟重启、多次回流成熟段,抗住且相对强,0.39,True,1,6,False,110,1,limit_medium,3144.6,高位区,上升,波峰→当前,0.0,True,False,10,9.26,14.71,10.08,14.1,18.87,6,2026-05-14,-7.39,True,True,False
2026-05-06,2026-05-07,688233.SH,神工股份,电子,电子/电力设备/通信,14.21,12.73,50.7,,3,半导体、存储芯片、芯片,多次回流成熟段,抗住且相对强,0.06,True,1,3,False,110,1,limit_medium,3144.6,高位区,上升,波峰→当前,0.0,True,False,10,16.32,17.31,18.3,31.9,31.9,10,2026-05-20,0.0,True,True,True
2026-05-06,2026-05-07,002156.SZ,通富微电,电子,电子/电力设备/通信,10.01,25.62,50.67,60日新高,6,AI PC、先进封装、共封装光学(CPO)、半导体、存储芯片、芯片,多次回流成熟段,抗住且相对强,1.0,True,5,10,True,110,1,limit_strong,3144.6,高位区,上升,波峰→当前,0.0,True,False,10,7.5,6.87,0.12,9.36,9.36,10,2026-05-20,0.0,True,False,False
2026-05-06,2026-05-07,002436.SZ,兴森科技,电子,电子/电力设备/通信,6.35,63.21,50.49,历史新高,7,6G、PCB、元件、先进封装、共封装光学(CPO)、存储芯片、芯片,久违回流/成熟重启、多次回流成熟段,抗住且相对强,7.27,True,2,8,False,110,1,limit_strong,3144.6,高位区,上升,波峰→当前,0.0,True,False,10,12.56,16.02,6.85,13.81,16.02,5,2026-05-13,-7.9,True,True,False
2026-05-06,2026-05-07,688005.SH,容百科技,电力设备,电子/电力设备/通信,9.59,25.97,48.87,2年新高,2,储能、电池,多次回流成熟段,抗住且相对强,0.8,True,3,5,False,64,1,limit_strong,3144.6,高位区,上升,波峰→当前,0.0,True,False,10,0.18,-3.04,-8.54,-7.49,2.44,2,2026-05-08,-12.35,False,False,False
2026-05-06,2026-05-07,002580.SZ,圣阳股份,电力设备,电子/电力设备/通信,8.37,33.42,48.39,,3,储能、液冷服务器、电池,多次回流成熟段,抗住且相对强,0.66,True,3,6,False,64,1,limit_strong,3144.6,高位区,上升,波峰→当前,0.0,True,False,10,15.08,16.86,-5.34,-11.99,16.86,5,2026-05-13,-24.68,True,True,False
2026-05-06,2026-05-07,600522.SH,中天科技,通信,电子/电力设备/通信,5.34,81.28,48.14,,16,6G、PCB、PET铜箔、储能、光伏、光纤、共封装光学(CPO)、可控核聚变、氢能源、液冷服务器、特高压、芯片、通信设备、钙钛矿电池、铜缆高速连接、风电,d2二次回流、d3三次确认、久违回流/成熟重启、多次回流成熟段,抗住且相对强,5.64,True,6,22,False,11,1,limit_strong,3144.6,高位区,上升,波峰→当前,0.0,True,False,10,25.71,24.96,17.48,30.15,30.15,10,2026-05-20,0.0,True,True,True
2026-05-06,2026-05-07,002281.SZ,光迅科技,通信,电子/电力设备/通信,4.53,105.96,46.63,历史新高,6,6G、光纤、共封装光学(CPO)、液冷服务器、芯片、通信设备,多次回流成熟段,抗住且相对强,4.57,True,1,6,False,11,1,limit_medium,3144.6,高位区,上升,波峰→当前,0.0,True,False,10,31.81,31.26,30.28,56.74,56.74,10,2026-05-20,0.0,True,True,True
2026-05-06,2026-05-07,002792.SZ,通宇通讯,通信,电子/电力设备/通信,10.01,20.47,45.29,,6,6G、储能、共封装光学(CPO)、虚拟电厂、通信设备、铜缆高速连接,久违回流/成熟重启、多次回流成熟段,抗住且相对强,2.76,True,2,6,True,11,1,limit_strong,3144.6,高位区,上升,波峰→当前,0.0,True,False,10,10.37,9.41,0.71,2.77,10.37,3,2026-05-11,-8.83,True,True,False
2026-05-06,2026-05-07,688048.SH,长光华芯,电子,电子/电力设备/通信,5.68,62.43,44.88,,5,光纤、共封装光学(CPO)、半导体、可控核聚变、芯片,久违回流/成熟重启、多次回流成熟段,抗住且相对强,2.87,True,1,5,False,110,1,limit_medium,3144.6,高位区,上升,波峰→当前,0.0,True,False,10,16.48,17.44,12.45,5.91,20.45,6,2026-05-14,-12.08,True,True,True
2026-05-06,2026-05-07,002222.SZ,福晶科技,电子,电子/电力设备/通信,6.73,44.39,44.84,,3,光学光电子、光纤、共封装光学(CPO),久违回流/成熟重启、多次回流成熟段,抗住且相对强,3.45,True,1,3,False,110,7,limit_medium,3144.6,高位区,上升,波峰→当前,0.0,True,False,10,17.3,25.53,14.2,16.66,25.53,5,2026-05-13,-9.96,True,True,True
2026-05-06,2026-05-07,688802.SH,沐曦股份-U,电子,电子/电力设备/通信,7.0,39.12,43.78,60日新高,3,先进封装、半导体、芯片,多次回流成熟段,抗住且相对强,1.19,True,1,3,False,110,1,limit_medium,3144.6,高位区,上升,波峰→当前,0.0,True,False,10,-2.91,-3.53,-11.81,-4.45,3.93,1,2026-05-07,-15.14,False,False,False
2026-05-06,2026-05-07,603063.SH,禾望电气,电力设备,电子/电力设备/通信,10.0,18.51,43.02,历史新高,4,储能、光伏、氢能源、风电,d3三次确认、久违回流/成熟重启、多次回流成熟段,抗住且相对强,5.36,True,6,10,True,64,1,limit_strong,3144.6,高位区,上升,波峰→当前,0.0,True,False,10,17.36,28.15,21.73,26.23,28.15,5,2026-05-13,-6.4,True,True,True
2026-05-06,2026-05-07,002217.SZ,合力泰,电子,电子/电力设备/通信,10.03,17.82,42.34,,3,PCB、光学光电子、华为手机,d3三次确认、久违回流/成熟重启,抗住且相对强,7.32,True,1,3,True,110,9,limit_strong,3144.6,高位区,上升,波峰→当前,0.0,True,False,10,12.26,11.32,-2.83,-10.69,12.26,3,2026-05-11,-20.45,True,True,False
2026-05-06,2026-05-07,688783.SH,西安奕材-U,电子,电子/电力设备/通信,12.7,10.75,41.64,60日新高,4,MCU芯片、半导体、存储芯片、芯片,多次回流成熟段,抗住且相对强,0.4,True,1,3,False,110,1,limit_medium,3144.6,高位区,上升,波峰→当前,0.0,True,False,10,27.48,32.5,27.18,30.66,33.28,9,2026-05-19,-1.97,True,True,True
2026-05-06,2026-05-07,002491.SZ,通鼎互联,通信,电子/电力设备/通信,8.04,25.12,40.3,,3,储能、光纤、通信设备,多次回流成熟段,抗住且相对强,5.66,True,2,4,False,11,1,limit_strong,3144.6,高位区,上升,波峰→当前,0.0,True,False,10,33.16,57.88,32.34,41.48,57.88,5,2026-05-13,-16.18,True,True,True
2026-05-06,2026-05-07,002384.SZ,东山精密,电子,电子/电力设备/通信,2.76,197.49,38.79,历史新高,7,AI手机、PCB、元件、光纤、共封装光学(CPO)、芯片、高压快充,久违回流/成熟重启、多次回流成熟段,抗住且相对强,7.26,True,2,8,False,110,1,limit_strong,3144.6,高位区,上升,波峰→当前,0.0,True,False,10,13.77,15.05,5.98,16.22,16.22,10,2026-05-20,0.0,True,True,False
2026-05-06,2026-05-07,300672.SZ,国科微,电子,电子/电力设备/通信,6.56,33.83,38.16,20日新高,4,半导体、存储芯片、星闪、芯片,d1新启动、多次回流成熟段,抗住且相对强,3.05,True,1,4,False,110,1,limit_medium,3144.6,高位区,上升,波峰→当前,0.0,True,False,10,23.95,27.7,24.02,39.36,39.36,10,2026-05-20,0.0,True,True,True
2026-05-06,2026-05-07,603459.SH,红板科技,电子,电子/电力设备/通信,8.5,18.36,36.42,,6,PCB、元件、共封装光学(CPO)、华为手机、存储芯片、芯片,d3三次确认、久违回流/成熟重启、多次回流成熟段,抗住且相对强,7.26,True,2,7,False,110,1,limit_strong,3144.6,高位区,上升,波峰→当前,0.0,True,False,10,33.11,41.4,25.11,34.23,41.4,5,2026-05-13,-11.52,True,True,True
2026-05-06,2026-05-07,688699.SH,明微电子,电子,电子/电力设备/通信,11.13,10.3,35.72,20日新高,3,先进封装、半导体、芯片,多次回流成熟段,抗住且相对强,1.38,True,1,3,False,110,1,limit_medium,3144.6,高位区,上升,波峰→当前,0.0,True,False,10,10.13,6.74,2.31,14.53,14.53,10,2026-05-20,0.0,True,True,False
2026-05-06,2026-05-07,002929.SZ,润建股份,通信,电子/电力设备/通信,8.33,18.32,35.65,1年新高,4,MR(混合现实)、储能、光伏、虚拟电厂,久违回流/成熟重启、多次回流成熟段,抗住且相对强,5.65,True,2,3,False,11,4,limit_strong,3144.6,高位区,上升,波峰→当前,0.0,True,False,10,20.11,35.78,43.84,36.12,51.25,9,2026-05-19,-10.0,True,True,True
2026-05-06,2026-05-07,300303.SZ,聚飞光电,电子,电子/电力设备/通信,8.44,17.0,34.8,,4,先进封装、光学光电子、共封装光学(CPO)、芯片,久违回流/成熟重启、多次回流成熟段,抗住且相对强,3.28,True,1,4,False,110,1,limit_medium,3144.6,高位区,上升,波峰→当前,0.0,True,False,10,11.1,13.07,9.96,6.85,14.94,4,2026-05-12,-7.04,True,True,False
2026-05-06,2026-05-07,601126.SH,四方股份,电力设备,电子/电力设备/通信,6.78,25.9,34.5,历史新高,8,储能、光伏、氢能源、特高压、电网设备、虚拟电厂、雅下水电、风电,d3三次确认、久违回流/成熟重启、多次回流成熟段,抗住且相对强,1.47,True,6,13,False,64,1,limit_strong,3144.6,高位区,上升,波峰→当前,0.0,True,False,10,14.99,36.19,27.84,44.49,44.49,10,2026-05-20,0.0,True,True,True
2026-05-06,2026-05-07,002309.SZ,中利集团,电力设备,电子/电力设备/通信,7.23,22.65,34.41,,7,TOPCON电池、储能、光伏、光纤、电网设备、钙钛矿电池、风电,d3三次确认、久违回流/成熟重启、多次回流成熟段,抗住且相对强,1.74,True,6,13,False,64,1,limit_strong,3144.6,高位区,上升,波峰→当前,0.0,True,False,10,-0.87,2.17,1.09,-12.83,12.39,6,2026-05-14,-22.44,True,True,False
2026-05-06,2026-05-07,688820.SH,盛合晶微,电子,电子/电力设备/通信,3.98,73.16,34.04,历史新高,4,先进封装、半导体、存储芯片、芯片,多次回流成熟段,抗住且相对强,8.37,True,1,4,False,110,1,limit_medium,3144.6,高位区,上升,波峰→当前,0.0,True,False,10,34.92,45.14,71.65,76.69,76.69,10,2026-05-20,0.0,True,True,True
2026-05-06,2026-05-07,600869.SH,远东股份,电力设备,电子/电力设备/通信,7.36,20.38,33.23,历史新高,12,PET铜箔、储能、光伏、光纤、可控核聚变、液冷服务器、特高压、电网设备、芯片、铜缆高速连接、雅下水电、风电,d2二次回流、d3三次确认、久违回流/成熟重启、多次回流成熟段,抗住且相对强,7.51,True,6,18,False,64,1,limit_strong,3144.6,高位区,上升,波峰→当前,0.0,True,False,10,14.14,26.48,18.59,21.44,26.48,5,2026-05-13,-7.76,True,True,True
2026-05-06,2026-05-07,300706.SZ,阿石创,电子,电子/电力设备/通信,8.94,13.46,32.8,120日新高,6,PET铜箔、光伏、半导体、存储芯片、芯片、钙钛矿电池,d2二次回流、久违回流/成熟重启、多次回流成熟段,抗住且相对强,5.38,True,1,6,False,110,1,limit_medium,3144.6,高位区,上升,波峰→当前,0.0,True,False,10,5.64,9.63,9.33,16.7,16.7,10,2026-05-20,0.0,True,True,False
2026-05-06,2026-05-07,300393.SZ,中来股份,电力设备,电子/电力设备/通信,10.08,10.47,32.62,20日新高,5,TOPCON电池、光伏、光伏设备、虚拟电厂、钙钛矿电池,久违回流/成熟重启、多次回流成熟段,抗住且相对强,4.8,True,1,3,False,64,10,limit_medium,3144.6,高位区,上升,波峰→当前,0.0,True,False,10,11.4,11.76,5.3,-2.6,11.76,5,2026-05-13,-12.85,True,True,False
2026-05-06,2026-05-07,002028.SZ,思源电气,电力设备,电子/电力设备/通信,5.64,32.01,31.91,,4,储能、特高压、电网设备、芯片,久违回流/成熟重启、多次回流成熟段,抗住且相对强,0.55,True,2,5,False,64,1,limit_strong,3144.6,高位区,上升,波峰→当前,0.0,True,False,10,-4.78,0.58,-7.77,-0.34,0.58,5,2026-05-13,-8.3,False,False,False
2026-05-06,2026-05-07,688416.SH,恒烁股份,电子,电子/电力设备/通信,10.8,8.47,31.43,20日新高,4,MCU芯片、半导体、存储芯片、芯片,多次回流成熟段,抗住且相对强,1.06,True,1,3,False,110,1,limit_medium,3144.6,高位区,上升,波峰→当前,0.0,True,False,10,21.04,17.52,11.97,16.24,21.04,3,2026-05-11,-7.49,True,True,True
2026-05-06,2026-05-07,301486.SZ,致尚科技,电子,电子/电力设备/通信,6.61,21.78,30.85,20日新高,6,MR(混合现实)、光纤、共封装光学(CPO)、消费电子、芯片、通信设备,多次回流成熟段,抗住且相对强,0.43,True,2,6,False,110,1,limit_strong,3144.6,高位区,上升,波峰→当前,0.0,True,False,10,7.99,1.14,11.16,9.04,17.44,8,2026-05-18,-7.15,True,True,False
2026-05-06,2026-05-07,600498.SH,烽火通信,通信,电子/电力设备/通信,4.09,55.62,30.5,,8,6G、MCU芯片、光纤、共封装光学(CPO)、液冷服务器、特高压、芯片、通信设备,久违回流/成熟重启、多次回流成熟段,抗住且相对强,2.29,True,1,7,False,11,1,limit_medium,3144.6,高位区,上升,波峰→当前,0.0,True,False,10,20.62,25.17,11.73,20.35,25.17,5,2026-05-13,-10.74,True,True,True
2026-05-06,2026-05-07,688503.SH,聚和材料,电力设备,电子/电力设备/通信,7.31,17.24,30.35,历史新高,6,TOPCON电池、光伏、光伏设备、光刻胶、液冷服务器、芯片,d2二次回流、久违回流/成熟重启、多次回流成熟段,抗住且相对强,2.53,True,1,5,False,64,10,limit_medium,3144.6,高位区,上升,波峰→当前,0.0,True,False,10,2.08,1.41,0.86,5.16,5.16,10,2026-05-20,0.0,True,False,False
2026-05-06,2026-05-07,688123.SH,聚辰股份,电子,电子/电力设备/通信,6.08,24.26,29.95,20日新高,5,AI眼镜、共封装光学(CPO)、半导体、存储芯片、芯片,久违回流/成熟重启、多次回流成熟段,抗住且相对强,0.16,True,1,5,False,110,1,limit_medium,3144.6,高位区,上升,波峰→当前,0.0,True,False,10,15.67,28.52,24.43,25.95,31.07,6,2026-05-14,-7.06,True,True,True
2026-05-06,2026-05-07,688248.SH,南网科技,电力设备,电子/电力设备/通信,11.98,6.18,29.78,20日新高,4,储能、氢能源、虚拟电厂、风电,d3三次确认、久违回流/成熟重启、多次回流成熟段,抗住且相对强,1.54,True,6,9,False,64,1,limit_strong,3144.6,高位区,上升,波峰→当前,0.0,True,False,10,2.93,4.75,-5.38,3.56,5.06,4,2026-05-12,-9.94,True,False,False
2026-05-06,2026-05-07,300617.SZ,安靠智电,电力设备,电子/电力设备/通信,8.9,11.13,29.69,20日新高,6,储能、光伏、特高压、电网设备、虚拟电厂、风电,d3三次确认、久违回流/成熟重启、多次回流成熟段,抗住且相对强,2.59,True,6,11,False,64,1,limit_strong,3144.6,高位区,上升,波峰→当前,0.0,True,False,10,-1.89,4.81,-1.43,-3.7,4.81,5,2026-05-13,-8.12,False,False,False
2026-05-06,2026-05-07,603618.SH,杭电股份,电力设备,电子/电力设备/通信,10.01,8.1,28.49,,7,PET铜箔、储能、光伏、光纤、特高压、电网设备、风电,d2二次回流、d3三次确认、久违回流/成熟重启、多次回流成熟段,抗住且相对强,10.22,True,6,13,True,64,1,limit_strong,3144.6,高位区,上升,波峰→当前,0.0,True,False,10,19.97,26.83,17.08,36.96,36.96,10,2026-05-20,0.0,True,True,True
2026-05-06,2026-05-07,300346.SZ,南大光电,电子,电子/电力设备/通信,4.95,32.47,28.21,,4,光伏、光刻胶、存储芯片、芯片,d2二次回流、久违回流/成熟重启、多次回流成熟段,抗住且相对强,0.5,True,1,4,False,110,1,limit_medium,3144.6,高位区,上升,波峰→当前,0.0,True,False,10,4.55,6.62,4.57,10.93,10.93,10,2026-05-20,0.0,True,True,False
2026-05-06,2026-05-07,300222.SZ,科大智能,电力设备,电子/电力设备/通信,10.54,7.11,28.1,20日新高,5,储能、光伏、电网设备、虚拟电厂、高压快充,久违回流/成熟重启、多次回流成熟段,抗住且相对强,3.53,True,2,5,False,64,1,limit_strong,3144.6,高位区,上升,波峰→当前,0.0,True,False,10,5.01,4.6,4.04,21.65,21.65,10,2026-05-20,0.0,True,True,True
2026-05-06,2026-05-07,600089.SH,特变电工,电力设备,电子/电力设备/通信,3.58,59.3,27.57,,7,储能、光伏、特高压、虚拟电厂、雅下水电、风电、高压快充,d3三次确认、久违回流/成熟重启、多次回流成熟段,抗住且相对强,0.29,True,6,12,False,64,1,limit_strong,3144.6,高位区,上升,波峰→当前,0.0,True,False,10,0.72,4.86,-3.1,-3.92,4.86,5,2026-05-13,-8.38,False,False,False
2026-05-06,2026-05-07,300693.SZ,盛弘股份,电力设备,电子/电力设备/通信,7.12,14.3,26.92,,3,储能、虚拟电厂、高压快充,久违回流/成熟重启、多次回流成熟段,抗住且相对强,4.02,True,2,3,False,64,1,limit_strong,3144.6,高位区,上升,波峰→当前,0.0,True,False,10,19.18,39.82,21.01,23.3,39.82,5,2026-05-13,-14.4,True,True,True
2026-05-06,2026-05-07,002733.SZ,雄韬股份,电力设备,电子/电力设备/通信,7.12,14.16,26.79,,3,储能、氢能源、电池,久违回流/成熟重启、多次回流成熟段,抗住且相对强,1.87,True,3,6,False,64,1,limit_strong,3144.6,高位区,上升,波峰→当前,0.0,True,False,10,-2.63,-5.67,-8.5,-13.23,1.65,1,2026-05-07,-14.87,False,False,False
2026-05-06,2026-05-07,688072.SH,拓荆科技,电子,电子/电力设备/通信,4.31,38.58,26.77,历史新高,4,先进封装、半导体、存储芯片、芯片,多次回流成熟段,抗住且相对强,0.58,True,1,4,False,110,1,limit_medium,3144.6,高位区,上升,波峰→当前,0.0,True,False,10,8.62,10.96,14.17,36.78,36.78,10,2026-05-20,0.0,True,True,True
2026-05-06,2026-05-07,300620.SZ,光库科技,通信,电子/电力设备/通信,3.95,45.91,26.76,,4,光纤、共封装光学(CPO)、芯片、通信设备,多次回流成熟段,抗住且相对强,0.67,True,1,4,False,11,1,limit_medium,3144.6,高位区,上升,波峰→当前,0.0,True,False,10,7.56,11.93,9.97,8.95,15.88,6,2026-05-14,-5.98,True,True,False
2026-05-06,2026-05-07,002484.SZ,江海股份,电子,电子/电力设备/通信,5.42,23.44,26.24,历史新高,3,储能、元件、可控核聚变,久违回流/成熟重启、多次回流成熟段,抗住且相对强,6.09,True,2,5,False,110,18,limit_strong,3144.6,高位区,上升,波峰→当前,0.0,True,False,10,14.1,16.97,20.36,44.94,45.16,9,2026-05-19,-0.15,True,True,True
2026-05-06,2026-05-07,301183.SZ,东田微,电子,电子/电力设备/通信,6.5,15.91,25.93,,4,6G、光学光电子、共封装光学(CPO)、华为手机,d3三次确认、久违回流/成熟重启、多次回流成熟段,抗住且相对强,1.19,True,1,4,False,110,7,limit_medium,3144.6,高位区,上升,波峰→当前,0.0,True,False,10,19.42,38.0,35.9,29.96,38.08,6,2026-05-14,-6.85,True,True,True
2026-05-06,2026-05-07,301319.SZ,唯特偶,电子,电子/电力设备/通信,10.78,5.48,25.24,,3,先进封装、光伏、芯片,久违回流/成熟重启、多次回流成熟段,抗住且相对强,9.71,True,1,3,False,110,1,limit_medium,3144.6,高位区,上升,波峰→当前,0.0,True,False,10,33.55,28.23,36.85,70.8,70.8,10,2026-05-20,0.0,True,True,True
2026-05-06,2026-05-07,300444.SZ,双杰电气,电力设备,电子/电力设备/通信,6.34,15.6,25.04,,7,储能、光伏、特高压、电网设备、虚拟电厂、风电、高压快充,d3三次确认、久违回流/成熟重启、多次回流成熟段,抗住且相对强,0.58,True,6,12,False,64,1,limit_strong,3144.6,高位区,上升,波峰→当前,0.0,True,False,10,-4.0,5.9,-4.59,-6.44,5.9,5,2026-05-13,-11.66,True,False,False
2026-05-06,2026-05-07,605358.SH,立昂微,电子,电子/电力设备/通信,5.5,20.66,25.0,20日新高,5,光伏、共封装光学(CPO)、半导体、存储芯片、芯片,久违回流/成熟重启、多次回流成熟段,抗住且相对强,2.15,True,1,5,False,110,1,limit_medium,3144.6,高位区,上升,波峰→当前,0.0,True,False,10,15.74,21.56,19.14,28.76,28.76,10,2026-05-20,0.0,True,True,True
2026-05-06,2026-05-07,688371.SH,菲沃泰,电子,电子/电力设备/通信,11.65,4.5,24.71,3年新高,3,AI眼镜、共封装光学(CPO)、液冷服务器,久违回流/成熟重启、多次回流成熟段,抗住且相对强,9.58,True,1,3,False,110,7,limit_medium,3144.6,高位区,上升,波峰→当前,0.0,True,False,10,21.96,33.66,34.31,50.0,50.0,10,2026-05-20,0.0,True,True,True
2026-05-06,2026-05-07,600105.SH,永鼎股份,通信,电子/电力设备/通信,2.99,64.7,24.05,,6,光纤、共封装光学(CPO)、可控核聚变、芯片、通信设备、风电,d3三次确认、久违回流/成熟重启、多次回流成熟段,抗住且相对强,4.43,True,6,11,False,11,1,limit_strong,3144.6,高位区,上升,波峰→当前,0.0,True,False,10,17.67,18.66,17.9,15.91,23.6,6,2026-05-14,-6.52,True,True,True
2026-05-06,2026-05-07,002885.SZ,京泉华,电子,电子/电力设备/通信,7.26,10.32,23.32,60日新高,3,储能、光伏、高压快充,久违回流/成熟重启、多次回流成熟段,抗住且相对强,7.25,True,2,4,False,110,21,limit_strong,3144.6,高位区,上升,波峰→当前,0.0,True,False,10,17.0,26.87,28.93,43.16,43.16,10,2026-05-20,0.0,True,True,True
2026-05-06,2026-05-07,300283.SZ,温州宏丰,电力设备,电子/电力设备/通信,6.1,13.26,22.21,3年新高,5,PCB、储能、光伏、电网设备、芯片,久违回流/成熟重启、多次回流成熟段,抗住且相对强,7.34,True,2,6,False,64,1,limit_strong,3144.6,高位区,上升,波峰→当前,0.0,True,False,10,20.21,30.2,19.38,40.12,46.48,9,2026-05-19,-4.34,True,True,True
2026-05-06,2026-05-07,300054.SZ,鼎龙股份,电子,电子/电力设备/通信,3.72,34.62,21.89,历史新高,4,先进封装、光刻胶、存储芯片、芯片,d2二次回流、多次回流成熟段,抗住且相对强,3.63,True,1,4,False,110,1,limit_medium,3144.6,高位区,上升,波峰→当前,0.0,True,False,10,5.09,13.47,7.73,18.8,19.06,9,2026-05-19,-0.22,True,True,False
2026-05-06,2026-05-07,300088.SZ,长信科技,电子,电子/电力设备/通信,5.95,13.16,21.58,,4,AI手机、储能、光伏、光学光电子,久违回流/成熟重启、多次回流成熟段,抗住且相对强,1.58,True,2,5,False,110,21,limit_strong,3144.6,高位区,上升,波峰→当前,0.0,True,False,10,5.04,8.36,2.31,1.15,8.36,5,2026-05-13,-6.65,True,False,False
2026-05-06,2026-05-07,300853.SZ,申昊科技,电力设备,电子/电力设备/通信,10.31,4.25,21.25,1年新高,2,AI眼镜、储能,久违回流/成熟重启、多次回流成熟段,抗住且相对强,3.19,True,2,3,False,64,1,limit_strong,3144.6,高位区,上升,波峰→当前,0.0,True,False,10,5.86,5.98,-0.61,8.16,8.16,10,2026-05-20,0.0,True,False,False
2026-05-06,2026-05-07,300285.SZ,国瓷材料,电子,电子/电力设备/通信,4.61,20.94,21.1,20日新高,3,共封装光学(CPO)、氢能源、芯片,久违回流/成熟重启、多次回流成熟段,抗住且相对强,0.6,True,1,3,False,110,1,limit_medium,3144.6,高位区,上升,波峰→当前,0.0,True,False,10,3.42,13.81,5.0,12.8,17.26,9,2026-05-19,-3.8,True,True,False
2026-05-06,2026-05-07,603050.SH,科林电气,电力设备,电子/电力设备/通信,8.85,5.28,20.34,20日新高,5,储能、光伏、电网设备、虚拟电厂、高压快充,久违回流/成熟重启、多次回流成熟段,抗住且相对强,3.27,True,2,5,False,64,1,limit_strong,3144.6,高位区,上升,波峰→当前,0.0,True,False,10,7.07,6.86,-4.15,-0.17,7.07,3,2026-05-11,-10.48,True,False,False
2026-05-06,2026-05-07,688449.SH,联芸科技,电子,电子/电力设备/通信,4.49,20.29,20.22,120日新高,3,半导体、存储芯片、芯片,多次回流成熟段,抗住且相对强,0.32,True,1,3,False,110,1,limit_medium,3144.6,高位区,上升,波峰→当前,0.0,True,False,10,19.04,22.64,13.87,54.03,54.03,10,2026-05-20,0.0,True,True,True
2026-05-06,2026-05-07,300782.SZ,卓胜微,电子,电子/电力设备/通信,3.59,30.78,19.92,,4,6G、先进封装、半导体、芯片,多次回流成熟段,抗住且相对强,0.52,True,1,4,False,110,1,limit_medium,3144.6,高位区,上升,波峰→当前,0.0,True,False,10,4.06,22.99,29.49,25.97,36.51,6,2026-05-14,-8.16,True,True,True
2026-05-06,2026-05-07,002579.SZ,中京电子,电子,电子/电力设备/通信,7.09,7.84,19.85,,11,6G、AI PC、AI手机、AI眼镜、PCB、储能、元件、先进封装、共封装光学(CPO)、存储芯片、芯片,久违回流/成熟重启、多次回流成熟段,抗住且相对强,1.67,True,5,17,False,110,1,limit_strong,3144.6,高位区,上升,波峰→当前,0.0,True,False,10,6.07,9.14,2.92,1.89,9.14,5,2026-05-13,-6.64,True,False,False
2026-05-06,2026-05-07,300184.SZ,力源信息,电子,电子/电力设备/通信,4.12,22.95,19.74,1年新高,9,6G、MCU芯片、PCB、储能、光伏、存储芯片、星闪、液冷服务器、芯片,d1新启动、久违回流/成熟重启、多次回流成熟段,抗住且相对强,6.32,True,2,9,False,110,1,limit_strong,3144.6,高位区,上升,波峰→当前,0.0,True,False,10,8.06,7.7,1.87,10.43,10.43,10,2026-05-20,0.0,True,True,False
2026-05-06,2026-05-07,300751.SZ,迈为股份,电力设备,电子/电力设备/通信,3.4,32.94,19.51,20日新高,6,先进封装、光伏、光伏设备、存储芯片、芯片、钙钛矿电池,久违回流/成熟重启、多次回流成熟段,抗住且相对强,7.22,True,1,5,False,64,10,limit_medium,3144.6,高位区,上升,波峰→当前,0.0,True,False,10,15.74,10.28,5.32,11.23,15.74,3,2026-05-11,-11.02,True,True,False
2026-05-06,2026-05-07,603220.SH,中贝通信,通信,电子/电力设备/通信,4.88,15.85,19.43,,5,6G、储能、光伏、光纤、共封装光学(CPO),久违回流/成熟重启、多次回流成熟段,抗住且相对强,1.11,True,2,6,False,11,4,limit_strong,3144.6,高位区,上升,波峰→当前,0.0,True,False,10,4.93,5.77,5.09,8.87,12.52,9,2026-05-19,-3.24,True,True,False
2026-05-06,2026-05-07,300903.SZ,科翔股份,电子,电子/电力设备/通信,4.69,16.84,19.25,历史新高,7,PCB、储能、元件、先进封装、共封装光学(CPO)、存储芯片、芯片,久违回流/成熟重启、多次回流成熟段,抗住且相对强,10.22,True,2,9,False,110,1,limit_strong,3144.6,高位区,上升,波峰→当前,0.0,True,False,10,16.73,38.46,44.33,44.35,52.38,6,2026-05-14,-9.01,True,True,True
2026-05-06,2026-05-07,688719.SH,爱科赛博,电力设备,电子/电力设备/通信,10.01,3.68,19.2,历史新高,2,储能、可控核聚变,久违回流/成熟重启、多次回流成熟段,抗住且相对强,2.22,True,2,3,False,64,1,limit_strong,3144.6,高位区,上升,波峰→当前,0.0,True,False,10,13.1,15.63,10.64,20.85,20.85,10,2026-05-20,0.0,True,True,True
2026-05-06,2026-05-07,300265.SZ,通光线缆,电力设备,电子/电力设备/通信,6.51,8.67,19.17,,5,光伏、光纤、特高压、电网设备、风电,d3三次确认、久违回流/成熟重启、多次回流成熟段,抗住且相对强,6.0,True,6,10,False,64,2,limit_strong,3144.6,高位区,上升,波峰→当前,0.0,True,False,10,5.56,39.5,27.66,26.02,39.5,5,2026-05-13,-11.07,True,True,True
2026-05-06,2026-05-07,301099.SZ,雅创电子,电子,电子/电力设备/通信,6.48,8.26,18.62,3年新高,6,AI眼镜、MCU芯片、储能、光伏、存储芯片、芯片,久违回流/成熟重启、多次回流成熟段,抗住且相对强,0.7,True,2,6,False,110,1,limit_strong,3144.6,高位区,上升,波峰→当前,0.0,True,False,10,6.81,3.42,-0.05,4.66,6.81,3,2026-05-11,-6.42,True,False,False
2026-05-06,2026-05-07,688726.SH,拉普拉斯,电力设备,电子/电力设备/通信,4.92,14.17,18.52,,5,TOPCON电池、光伏、光伏设备、芯片、钙钛矿电池,久违回流/成熟重启、多次回流成熟段,抗住且相对强,7.83,True,1,4,False,64,10,limit_medium,3144.6,高位区,上升,波峰→当前,0.0,True,False,10,13.71,11.23,6.46,3.86,13.71,3,2026-05-11,-8.66,True,True,False
2026-05-06,2026-05-07,002463.SZ,沪电股份,电子,电子/电力设备/通信,2.16,69.66,18.03,,3,PCB、元件、芯片,久违回流/成熟重启、多次回流成熟段,抗住且相对强,0.21,True,2,4,False,110,1,limit_strong,3144.6,高位区,上升,波峰→当前,0.0,True,False,10,3.71,7.43,-1.72,-1.15,7.43,5,2026-05-13,-8.86,True,False,False
2026-05-06,2026-05-07,300433.SZ,蓝思科技,电子,电子/电力设备/通信,3.62,23.98,17.73,,6,AI手机、AI眼镜、TOPCON电池、光伏、消费电子、液冷服务器,久违回流/成熟重启、多次回流成熟段,抗住且相对强,1.02,True,2,7,False,110,12,limit_strong,3144.6,高位区,上升,波峰→当前,0.0,True,False,10,15.78,22.8,28.51,36.4,45.38,8,2026-05-18,-6.18,True,True,True
2026-05-06,2026-05-07,688535.SH,华海诚科,电子,电子/电力设备/通信,5.79,9.35,17.7,60日新高,5,先进封装、光伏、半导体、存储芯片、芯片,久违回流/成熟重启、多次回流成熟段,抗住且相对强,2.64,True,1,5,False,110,1,limit_medium,3144.6,高位区,上升,波峰→当前,0.0,True,False,10,11.0,22.73,39.68,47.52,48.27,9,2026-05-19,-0.51,True,True,True
2026-05-06,2026-05-07,300655.SZ,晶瑞电材,电子,电子/电力设备/通信,5.83,9.22,17.7,,3,光刻胶、存储芯片、芯片,d2二次回流、多次回流成熟段,抗住且相对强,0.14,True,1,3,False,110,1,limit_medium,3144.6,高位区,上升,波峰→当前,0.0,True,False,10,3.8,6.16,6.62,14.02,14.02,10,2026-05-20,0.0,True,True,False
2026-05-06,2026-05-07,603078.SH,江化微,电子,电子/电力设备/通信,5.8,9.2,17.59,20日新高,4,先进封装、光刻胶、存储芯片、芯片,d2二次回流、多次回流成熟段,抗住且相对强,1.41,True,1,4,False,110,1,limit_medium,3144.6,高位区,上升,波峰→当前,0.0,True,False,10,8.99,6.4,15.24,34.25,34.25,10,2026-05-20,0.0,True,True,True
2026-05-06,2026-05-07,603920.SH,世运电路,电子,电子/电力设备/通信,4.24,16.85,17.4,,6,AI眼镜、PCB、储能、元件、光伏、共封装光学(CPO),久违回流/成熟重启、多次回流成熟段,抗住且相对强,4.82,True,2,8,False,110,7,limit_strong,3144.6,高位区,上升,波峰→当前,0.0,True,False,10,15.12,18.19,16.47,17.53,21.28,4,2026-05-12,-4.9,True,True,True
2026-05-06,2026-05-07,300953.SZ,震裕科技,电力设备,电子/电力设备/通信,4.26,16.6,17.36,历史新高,3,储能、电池、锂电池,多次回流成熟段,抗住且相对强,4.03,True,3,7,False,64,1,limit_strong,3144.6,高位区,上升,波峰→当前,0.0,True,False,10,5.13,1.71,-0.43,5.39,5.95,8,2026-05-18,-0.82,True,False,False
2026-05-06,2026-05-07,300316.SZ,晶盛机电,电力设备,电子/电力设备/通信,4.67,13.76,17.32,,7,AI眼镜、TOPCON电池、先进封装、光伏、光伏设备、存储芯片、芯片,久违回流/成熟重启、多次回流成熟段,抗住且相对强,3.58,True,1,6,False,64,10,limit_medium,3144.6,高位区,上升,波峰→当前,0.0,True,False,10,6.9,21.03,18.36,27.44,27.44,10,2026-05-20,0.0,True,True,True
2026-05-06,2026-05-07,601179.SH,中国西电,电力设备,电子/电力设备/通信,3.01,33.03,17.3,,7,储能、光伏、可控核聚变、特高压、电网设备、芯片、风电,d3三次确认、久违回流/成熟重启、多次回流成熟段,抗住且相对强,0.62,True,6,13,False,64,1,limit_strong,3144.6,高位区,上升,波峰→当前,0.0,True,False,10,3.84,9.12,-1.66,-2.01,10.15,4,2026-05-12,-11.04,True,True,False
2026-05-06,2026-05-07,688603.SH,天承科技,电子,电子/电力设备/通信,6.52,6.73,16.91,,3,PCB、先进封装、芯片,久违回流/成熟重启、多次回流成熟段,抗住且相对强,1.47,True,1,3,False,110,1,limit_medium,3144.6,高位区,上升,波峰→当前,0.0,True,False,10,22.03,37.46,40.89,49.82,56.19,9,2026-05-19,-4.08,True,True,True
2026-05-06,2026-05-07,000533.SZ,顺钠股份,电力设备,电子/电力设备/通信,5.62,8.92,16.78,,5,储能、光伏、可控核聚变、电网设备、风电,d3三次确认、久违回流/成熟重启、多次回流成熟段,抗住且相对强,4.64,True,6,11,False,64,1,limit_strong,3144.6,高位区,上升,波峰→当前,0.0,True,False,10,-0.52,10.72,2.17,-3.3,10.72,5,2026-05-13,-12.66,True,True,False
2026-05-06,2026-05-07,002993.SZ,奥海科技,电子,电子/电力设备/通信,7.26,5.19,16.54,,5,AI PC、AI眼镜、储能、光伏、消费电子,久违回流/成熟重启、多次回流成熟段,抗住且相对强,0.19,True,5,11,False,110,6,limit_strong,3144.6,高位区,上升,波峰→当前,0.0,True,False,10,3.46,15.1,16.02,21.08,21.08,10,2026-05-20,0.0,True,True,True
2026-05-06,2026-05-07,300684.SZ,中石科技,电子,电子/电力设备/通信,5.46,9.04,16.42,,6,AI PC、MR(混合现实)、储能、光伏、共封装光学(CPO)、液冷服务器,久违回流/成熟重启、多次回流成熟段,抗住且相对强,2.25,True,5,10,False,110,6,limit_strong,3144.6,高位区,上升,波峰→当前,0.0,True,False,10,14.09,12.36,4.67,11.07,14.09,3,2026-05-11,-9.23,True,True,False
2026-05-06,2026-05-07,301189.SZ,奥尼电子,电子,电子/电力设备/通信,5.78,7.85,16.19,,3,星闪、消费电子、英伟达,d1新启动、多次回流成熟段,抗住且相对强,7.56,True,2,4,False,110,17,limit_strong,3144.6,高位区,上升,波峰→当前,0.0,True,False,10,10.19,8.31,15.55,9.3,15.55,7,2026-05-15,-5.4,True,True,False
2026-05-06,2026-05-07,688107.SH,安路科技,电子,电子/电力设备/通信,5.52,8.47,16.07,1年新高,2,半导体、芯片,多次回流成熟段,抗住且相对强,1.28,True,1,2,False,110,1,limit_medium,3144.6,高位区,上升,波峰→当前,0.0,True,False,10,10.33,12.22,23.5,36.22,36.22,10,2026-05-20,0.0,True,True,True
2026-05-06,2026-05-07,601869.SH,长飞光纤,通信,电子/电力设备/通信,2.02,62.86,16.02,,7,光纤、共封装光学(CPO)、特高压、芯片、通信设备、铜缆高速连接、风电,d3三次确认、久违回流/成熟重启、多次回流成熟段,抗住且相对强,3.44,True,6,12,False,11,1,limit_strong,3144.6,高位区,上升,波峰→当前,0.0,True,False,10,10.87,12.72,3.71,10.22,13.96,4,2026-05-12,-8.99,True,True,False
2026-05-07,2026-05-08,002384.SZ,东山精密,电子,电子/电力设备/通信,10.0,171.97,131.14,历史新高,1,光纤,多次回流成熟段,抗住且相对强,3.74,True,1,1,True,68,16,limit_strong,3191.8,高位区,上升,波峰→当前,0.0,True,False,10,3.97,1.81,0.09,-1.94,5.65,9,2026-05-20,-7.19,True,False,False
2026-05-07,2026-05-08,688167.SH,炬光科技,电子,电子/电力设备/通信,20.0,35.82,119.7,历史新高,1,光纤,多次回流成熟段,抗住且相对强,6.5,True,1,1,True,68,16,limit_strong,3191.8,高位区,上升,波峰→当前,0.0,True,False,10,12.47,19.33,17.41,9.03,22.34,4,2026-05-13,-10.88,True,True,True
2026-05-07,2026-05-08,600522.SH,中天科技,通信,电子/电力设备/通信,10.0,106.05,102.98,历史新高,1,光纤,多次回流成熟段,抗住且相对强,9.69,True,1,1,True,52,10,limit_strong,3191.8,高位区,上升,波峰→当前,0.0,True,False,10,14.85,14.9,14.51,9.17,18.32,9,2026-05-20,-7.73,True,True,False
2026-05-07,2026-05-08,688313.SH,仕佳光子,通信,电子/电力设备/通信,11.9,67.69,97.91,历史新高,1,光纤,多次回流成熟段,抗住且相对强,7.48,True,1,1,False,52,10,limit_medium,3191.8,高位区,上升,波峰→当前,0.0,True,False,10,6.94,7.87,2.48,-0.79,9.27,9,2026-05-20,-9.2,True,False,False
2026-05-07,2026-05-08,002281.SZ,光迅科技,通信,电子/电力设备/通信,8.93,112.85,94.86,历史新高,1,光纤,多次回流成熟段,抗住且相对强,13.12,True,1,1,False,52,10,limit_medium,3191.8,高位区,上升,波峰→当前,0.0,True,False,10,22.65,24.05,27.76,32.27,43.89,9,2026-05-20,-8.08,True,True,True
2026-05-07,2026-05-08,001309.SZ,德明利,电子,电子/电力设备/通信,6.79,155.81,84.76,历史新高,1,AI PC,多次回流成熟段,补跌但相对强,0.54,False,0,0,False,68,,limit_weak,3191.8,高位区,上升,波峰→当前,0.0,True,False,10,0.24,17.05,19.23,6.42,19.23,7,2026-05-18,-10.74,True,True,False
2026-05-07,2026-05-08,300398.SZ,飞凯材料,电子,电子/电力设备/通信,13.46,34.06,78.55,3年新高,1,光纤,多次回流成熟段,补跌但相对强,2.05,True,1,1,False,68,16,limit_medium,3191.8,高位区,上升,波峰→当前,0.0,True,False,10,8.43,9.21,7.26,2.62,16.72,4,2026-05-13,-12.08,True,True,False
2026-05-07,2026-05-08,600487.SH,亨通光电,通信,电子/电力设备/通信,5.79,141.95,68.98,历史新高,1,光纤,多次回流成熟段,抗住且相对强,4.84,True,1,1,False,52,10,limit_medium,3191.8,高位区,上升,波峰→当前,0.0,True,False,10,-1.13,-2.58,-5.48,-7.98,1.72,1,2026-05-08,-9.67,False,False,False
2026-05-07,2026-05-08,300657.SZ,弘信电子,电子,电子/电力设备/通信,10.14,26.15,51.85,1年新高,1,AI PC,多次回流成熟段,补跌但相对强,1.57,False,0,0,False,68,,limit_weak,3191.8,高位区,上升,波峰→当前,0.0,True,False,10,-6.93,-6.83,7.08,20.85,28.5,8,2026-05-19,-5.95,True,True,True
2026-05-07,2026-05-08,688498.SH,源杰科技,电子,电子/电力设备/通信,6.4,60.47,49.77,历史新高,1,光纤,多次回流成熟段,补跌但相对强,0.28,True,1,1,False,68,16,limit_medium,3191.8,高位区,上升,波峰→当前,0.0,True,False,10,6.26,0.37,-35.05,-36.28,6.26,3,2026-05-12,-40.03,True,False,False
2026-05-07,2026-05-08,002156.SZ,通富微电,电子,电子/电力设备/通信,3.74,148.41,45.56,历史新高,1,AI PC,多次回流成熟段,补跌但相对强,0.34,False,0,0,False,68,,limit_weak,3191.8,高位区,上升,波峰→当前,0.0,True,False,10,0.68,-2.84,-1.71,4.54,5.42,9,2026-05-20,-0.83,True,False,False
2026-05-07,2026-05-08,603618.SH,杭电股份,电力设备,电子/电力设备/通信,10.0,14.87,38.56,历史新高,1,光纤,多次回流成熟段,抗住且相对强,11.79,True,1,1,True,33,6,limit_strong,3191.8,高位区,上升,波峰→当前,0.0,True,False,10,18.27,10.53,12.87,17.75,24.5,9,2026-05-20,-5.43,True,True,True
2026-05-07,2026-05-08,603228.SH,景旺电子,电子,电子/电力设备/通信,5.79,40.03,36.63,60日新高,1,AI PC,多次回流成熟段,抗住且相对强,3.95,False,0,0,False,68,,limit_weak,3191.8,高位区,上升,波峰→当前,0.0,True,False,10,2.61,-0.31,-0.93,1.04,5.24,4,2026-05-13,-8.76,True,False,False
2026-05-07,2026-05-08,300570.SZ,太辰光,通信,电子/电力设备/通信,4.3,57.53,32.61,20日新高,1,光纤,多次回流成熟段,抗住且相对强,11.15,True,1,1,False,52,10,limit_medium,3191.8,高位区,上升,波峰→当前,0.0,True,False,10,17.77,16.99,6.85,-1.02,19.16,2,2026-05-11,-16.94,True,True,False
2026-05-08,2026-05-11,688017.SH,绿的谐波,机械设备,电子/电力设备/机械设备,14.11,41.89,91.32,历史新高,1,减速器,d3三次确认,抗住且相对强,0.9,True,2,2,False,69,7,limit_strong,3579.6,高位区,上升,波峰→当前,0.0,True,False,10,6.33,16.16,24.02,30.04,30.04,10,2026-05-22,0.0,True,True,True
2026-05-08,2026-05-11,002008.SZ,大族激光,机械设备,电子/电力设备/机械设备,8.58,75.78,74.69,历史新高,2,MR(混合现实)、减速器,d3三次确认、多次回流成熟段,抗住且相对强,7.85,True,2,2,False,69,7,limit_strong,3579.6,高位区,上升,波峰→当前,0.0,True,False,10,21.36,17.4,12.23,19.84,22.26,4,2026-05-14,-8.2,True,True,True
2026-05-08,2026-05-11,002031.SZ,巨轮智能,机械设备,电子/电力设备/机械设备,9.97,15.54,39.3,20日新高,1,减速器,d3三次确认,抗住且相对强,0.68,True,2,2,True,69,7,limit_strong,3579.6,高位区,上升,波峰→当前,0.0,True,False,10,3.26,18.98,18.7,4.82,18.98,5,2026-05-15,-13.57,True,True,False
2026-05-08,2026-05-11,601126.SH,四方股份,电力设备,电子/电力设备/机械设备,5.94,22.84,28.39,历史新高,1,雅下水电,多次回流成熟段,抗住且相对强,5.6,False,0,0,False,18,,limit_weak,3579.6,高位区,上升,波峰→当前,0.0,True,False,10,26.96,19.17,27.07,28.26,34.7,8,2026-05-20,-5.56,True,True,True
2026-05-08,2026-05-11,688167.SH,炬光科技,电子,电子/电力设备/机械设备,2.91,38.35,18.02,历史新高,1,MR(混合现实),多次回流成熟段,抗住且相对强,5.27,False,0,0,False,32,,limit_weak,3579.6,高位区,上升,波峰→当前,0.0,True,False,10,18.88,18.25,9.67,7.44,18.88,3,2026-05-13,-10.88,True,True,False
2026-05-08,2026-05-11,002350.SZ,北京科锐,电力设备,电子/电力设备/机械设备,4.7,9.45,14.45,历史新高,1,超级电容,d1新启动,抗住且相对强,2.47,False,0,0,False,18,,limit_weak,3579.6,高位区,上升,波峰→当前,0.0,True,False,10,5.75,-1.92,4.25,-4.07,5.75,3,2026-05-13,-10.59,True,False,False
2026-05-08,2026-05-11,000636.SZ,风华高科,电子,电子/电力设备/机械设备,2.86,23.12,13.75,20日新高,1,超级电容,d1新启动,抗住且相对强,5.28,False,0,0,False,32,,limit_weak,3579.6,高位区,上升,波峰→当前,0.0,True,False,10,14.3,4.37,25.13,45.42,45.42,10,2026-05-22,0.0,True,True,True
2026-05-08,2026-05-11,300503.SZ,昊志机电,机械设备,电子/电力设备/机械设备,2.12,21.32,9.79,60日新高,1,减速器,d3三次确认,抗住且相对强,4.14,True,2,2,False,69,7,limit_strong,3579.6,高位区,上升,波峰→当前,0.0,True,False,10,0.86,3.87,15.32,30.44,30.44,10,2026-05-22,0.0,True,True,True
2026-05-08,2026-05-11,300780.SZ,德恩精工,机械设备,电子/电力设备/机械设备,4.52,4.45,9.53,20日新高,1,减速器,d3三次确认,抗住且相对强,1.04,True,2,2,False,69,7,limit_strong,3579.6,高位区,上升,波峰→当前,0.0,True,False,10,8.72,14.32,15.93,13.84,15.97,8,2026-05-20,-4.68,True,True,False
2026-05-11,2026-05-12,301308.SZ,江波龙,电子,电子/电力设备/通信,15.97,145.99,192.96,历史新高,7,AI PC、AI手机、AI眼镜、先进封装、半导体、存储芯片、芯片,多次回流成熟段,抗住且相对强,0.75,True,6,17,False,125,1,limit_strong,3409.2,高位区,下降,波峰→当前,-170.4,False,True,10,7.61,6.39,2.67,1.59,9.92,2,2026-05-13,-11.91,True,False,False
2026-05-11,2026-05-12,688766.SH,普冉股份,电子,电子/电力设备/通信,20.0,38.88,124.71,历史新高,4,MCU芯片、半导体、存储芯片、芯片,多次回流成熟段,抗住且相对强,4.55,True,3,10,True,125,1,limit_strong,3409.2,高位区,下降,波峰→当前,-170.4,False,True,10,10.7,8.4,11.55,10.23,15.75,2,2026-05-13,-12.17,True,True,False
2026-05-11,2026-05-12,300308.SZ,中际旭创,通信,电子/电力设备/通信,6.11,293.99,104.76,历史新高,4,共封装光学(CPO)、液冷服务器、芯片、通信设备,多次回流成熟段,抗住且相对强,5.6,True,9,19,False,51,1,limit_strong,3409.2,高位区,下降,波峰→当前,-170.4,False,True,10,14.66,11.15,10.3,16.26,16.26,10,2026-05-25,0.0,True,True,False
2026-05-11,2026-05-12,688146.SH,中船特气,电子,电子/电力设备/通信,20.0,25.22,100.44,历史新高,2,光刻机、芯片,d2二次回流、多次回流成熟段,抗住且相对强,2.15,True,2,3,True,125,1,limit_strong,3409.2,高位区,下降,波峰→当前,-170.4,False,True,10,47.29,41.84,47.77,40.2,51.92,4,2026-05-15,-13.34,True,True,True
2026-05-11,2026-05-12,002475.SZ,立讯精密,电子,电子/电力设备/通信,6.69,205.84,95.98,历史新高,8,AI眼镜、MR(混合现实)、共封装光学(CPO)、华为手机、消费电子、液冷服务器、芯片、铜缆高速连接,多次回流成熟段,抗住且相对强,1.35,True,9,19,False,125,1,limit_strong,3409.2,高位区,下降,波峰→当前,-170.4,False,True,10,-0.87,-4.15,-7.88,-1.79,5.38,2,2026-05-13,-15.32,True,False,False
2026-05-11,2026-05-12,688123.SH,聚辰股份,电子,电子/电力设备/通信,15.98,35.69,95.47,20日新高,5,AI眼镜、共封装光学(CPO)、半导体、存储芯片、芯片,多次回流成熟段,抗住且相对强,4.59,True,9,18,False,125,1,limit_strong,3409.2,高位区,下降,波峰→当前,-170.4,False,True,10,13.31,5.31,8.89,2.53,13.31,3,2026-05-14,-10.37,True,True,False
2026-05-11,2026-05-12,688545.SH,兴福电子,电子,电子/电力设备/通信,20.0,20.28,90.07,历史新高,4,先进封装、光刻胶、存储芯片、芯片,d3三次确认、多次回流成熟段,抗住且相对强,5.68,True,6,12,True,125,1,limit_strong,3409.2,高位区,下降,波峰→当前,-170.4,False,True,10,17.78,24.21,14.42,7.35,24.21,5,2026-05-18,-16.52,True,True,True
2026-05-11,2026-05-12,300661.SZ,圣邦股份,电子,电子/电力设备/通信,11.31,52.72,82.12,3年新高,4,共封装光学(CPO)、半导体、存储芯片、芯片,多次回流成熟段,抗住且相对强,4.92,True,9,17,False,125,1,limit_strong,3409.2,高位区,下降,波峰→当前,-170.4,False,True,10,7.46,7.06,18.69,20.53,20.53,10,2026-05-25,0.0,True,True,True
2026-05-11,2026-05-12,688234.SH,天岳先进,电子,电子/电力设备/通信,15.27,26.52,78.64,3年新高,3,AI眼镜、半导体、芯片,多次回流成熟段,抗住且相对强,3.66,True,3,6,False,125,1,limit_strong,3409.2,高位区,下降,波峰→当前,-170.4,False,True,10,34.93,19.63,23.83,27.99,34.93,3,2026-05-14,-17.39,True,True,True
2026-05-11,2026-05-12,300223.SZ,北京君正,电子,电子/电力设备/通信,9.11,69.79,76.11,60日新高,5,AI眼镜、MCU芯片、半导体、存储芯片、芯片,多次回流成熟段,抗住且相对强,0.37,True,3,11,False,125,1,limit_strong,3409.2,高位区,下降,波峰→当前,-170.4,False,True,10,-2.88,-5.66,-2.86,-2.85,1.76,2,2026-05-13,-12.06,False,False,False
2026-05-11,2026-05-12,600601.SH,方正科技,电子,电子/电力设备/通信,9.98,53.76,73.17,60日新高,3,PCB、元件、共封装光学(CPO),多次回流成熟段,抗住且相对强,7.21,True,9,16,True,125,2,limit_strong,3409.2,高位区,下降,波峰→当前,-170.4,False,True,10,-0.98,-4.73,-9.75,-2.4,7.35,1,2026-05-12,-18.73,True,False,False
2026-05-11,2026-05-12,688603.SH,天承科技,电子,电子/电力设备/通信,20.0,11.43,67.62,历史新高,3,PCB、先进封装、芯片,多次回流成熟段,抗住且相对强,8.59,True,6,9,True,125,1,limit_strong,3409.2,高位区,下降,波峰→当前,-170.4,False,True,10,22.13,18.67,22.77,51.02,51.02,10,2026-05-25,0.0,True,True,True
2026-05-11,2026-05-12,600330.SH,天通股份,电子,电子/电力设备/通信,10.01,40.95,64.06,历史新高,6,AI眼镜、PCB、储能、先进封装、光伏、芯片,多次回流成熟段,抗住且相对强,1.67,True,6,13,True,125,1,limit_strong,3409.2,高位区,下降,波峰→当前,-170.4,False,True,10,2.24,-6.23,-10.5,-2.4,9.32,2,2026-05-13,-21.59,True,False,False
2026-05-11,2026-05-12,688536.SH,思瑞浦,电子,电子/电力设备/通信,12.17,27.71,64.06,2年新高,5,MCU芯片、储能、共封装光学(CPO)、半导体、芯片,多次回流成熟段,抗住且相对强,3.97,True,9,17,False,125,1,limit_strong,3409.2,高位区,下降,波峰→当前,-170.4,False,True,10,3.63,3.1,10.36,12.81,12.81,10,2026-05-25,0.0,True,True,False
2026-05-11,2026-05-12,688141.SH,杰华特,电子,电子/电力设备/通信,11.54,27.1,60.07,历史新高,3,储能、半导体、芯片,多次回流成熟段,抗住且相对强,5.15,True,3,6,False,125,1,limit_strong,3409.2,高位区,下降,波峰→当前,-170.4,False,True,10,-1.04,-9.33,-2.61,-1.33,5.29,1,2026-05-12,-13.88,True,False,False
2026-05-11,2026-05-12,688072.SH,拓荆科技,电子,电子/电力设备/通信,8.88,41.71,57.35,历史新高,5,先进封装、半导体、半导体设备、存储芯片、芯片,d1新启动、多次回流成熟段,抗住且相对强,0.42,True,6,15,False,125,1,limit_strong,3409.2,高位区,下降,波峰→当前,-170.4,False,True,10,-2.22,4.17,25.92,43.0,43.0,10,2026-05-25,0.0,True,True,True
2026-05-11,2026-05-12,300693.SZ,盛弘股份,电力设备,电子/电力设备/通信,11.71,23.4,56.65,历史新高,3,储能、虚拟电厂、高压快充,多次回流成熟段,抗住且相对强,6.51,True,1,3,False,56,2,limit_medium,3409.2,高位区,下降,波峰→当前,-170.4,False,True,10,7.7,0.42,3.46,-1.06,17.31,2,2026-05-13,-17.54,True,True,False
2026-05-11,2026-05-12,688270.SH,ST臻镭,电子,电子/电力设备/通信,11.04,24.81,54.99,,4,6G、共封装光学(CPO)、半导体、芯片,多次回流成熟段,抗住且相对强,1.2,True,9,18,False,125,1,limit_strong,3409.2,高位区,下降,波峰→当前,-170.4,False,True,10,-5.57,-7.79,-11.11,-16.32,2.67,2,2026-05-13,-18.5,False,False,False
2026-05-11,2026-05-12,002371.SZ,北方华创,电子,电子/电力设备/通信,5.99,82.26,54.33,历史新高,5,光伏、半导体、半导体设备、存储芯片、芯片,d1新启动、多次回流成熟段,抗住且相对强,1.3,True,3,11,False,125,1,limit_strong,3409.2,高位区,下降,波峰→当前,-170.4,False,True,10,-1.53,4.32,14.45,21.81,21.81,10,2026-05-25,0.0,True,True,True
2026-05-11,2026-05-12,603063.SH,禾望电气,电力设备,电子/电力设备/通信,10.0,27.2,52.15,历史新高,4,储能、光伏、氢能源、风电,多次回流成熟段,补跌但相对强,0.33,True,2,6,False,56,1,limit_strong,3409.2,高位区,下降,波峰→当前,-170.4,False,True,10,8.65,2.21,7.56,5.74,9.2,2,2026-05-13,-8.1,True,False,False
2026-05-11,2026-05-12,001389.SZ,广合科技,电子,电子/电力设备/通信,10.0,25.21,50.21,历史新高,4,AI PC、PCB、元件、共封装光学(CPO),多次回流成熟段,抗住且相对强,0.06,True,9,18,True,125,2,limit_strong,3409.2,高位区,下降,波峰→当前,-170.4,False,True,10,-2.26,-6.04,-5.76,0.37,2.48,9,2026-05-22,-2.06,False,False,False
2026-05-11,2026-05-12,600869.SH,远东股份,电力设备,电子/电力设备/通信,9.98,25.23,50.13,历史新高,11,储能、光伏、光纤、可控核聚变、液冷服务器、特高压、电网设备、芯片、铜缆高速连接、雅下水电、风电,多次回流成熟段,抗住且相对强,11.04,True,3,17,True,56,1,limit_strong,3409.2,高位区,下降,波峰→当前,-170.4,False,True,10,3.89,2.21,6.39,0.86,10.81,2,2026-05-13,-8.97,True,True,False
2026-05-11,2026-05-12,301629.SZ,矽电股份,电子,电子/电力设备/通信,12.17,15.9,48.53,历史新高,4,半导体、半导体设备、存储芯片、芯片,d1新启动、多次回流成熟段,抗住且相对强,4.48,True,3,9,False,125,1,limit_strong,3409.2,高位区,下降,波峰→当前,-170.4,False,True,10,2.62,3.43,8.59,5.79,8.59,7,2026-05-20,-10.62,True,False,False
2026-05-11,2026-05-12,688693.SH,锴威特,电子,电子/电力设备/通信,14.95,10.14,47.61,历史新高,2,半导体、芯片,多次回流成熟段,抗住且相对强,11.17,True,3,5,False,125,1,limit_strong,3409.2,高位区,下降,波峰→当前,-170.4,False,True,10,13.33,5.24,2.6,0.24,13.33,3,2026-05-14,-17.14,True,True,False
2026-05-11,2026-05-12,688783.SH,西安奕材-U,电子,电子/电力设备/通信,11.06,17.76,46.61,120日新高,4,MCU芯片、半导体、存储芯片、芯片,多次回流成熟段,抗住且相对强,0.71,True,3,10,False,125,1,limit_strong,3409.2,高位区,下降,波峰→当前,-170.4,False,True,10,0.15,-1.56,2.5,-2.73,4.55,6,2026-05-19,-8.46,False,False,False
2026-05-11,2026-05-12,300398.SZ,飞凯材料,电子,电子/电力设备/通信,8.05,32.51,45.9,历史新高,6,先进封装、光伏、光刻胶、光纤、存储芯片、芯片,d3三次确认、多次回流成熟段,抗住且相对强,1.78,True,6,17,False,125,1,limit_strong,3409.2,高位区,下降,波峰→当前,-170.4,False,True,10,2.65,0.81,2.83,8.48,9.71,2,2026-05-13,-12.08,True,False,False
2026-05-11,2026-05-12,002384.SZ,东山精密,电子,电子/电力设备/通信,3.27,193.64,45.5,历史新高,7,AI手机、PCB、元件、光纤、共封装光学(CPO)、芯片、高压快充,多次回流成熟段,抗住且相对强,0.39,True,9,22,False,125,1,limit_strong,3409.2,高位区,下降,波峰→当前,-170.4,False,True,10,-1.56,-3.23,2.15,3.64,3.64,10,2026-05-25,0.0,False,False,False
2026-05-11,2026-05-12,688205.SH,德科立,通信,电子/电力设备/通信,6.99,42.07,45.34,,4,光纤、共封装光学(CPO)、芯片、通信设备,多次回流成熟段,抗住且相对强,6.13,True,9,20,False,51,1,limit_strong,3409.2,高位区,下降,波峰→当前,-170.4,False,True,10,6.06,1.16,-0.67,-3.04,10.21,2,2026-05-13,-15.72,True,True,False
2026-05-11,2026-05-12,688551.SH,科威尔,电力设备,电子/电力设备/通信,20.01,5.11,45.23,2年新高,4,储能、光伏、氢能源、芯片,多次回流成熟段,抗住且相对强,4.26,True,2,7,True,56,1,limit_strong,3409.2,高位区,下降,波峰→当前,-170.4,False,True,10,14.51,9.31,12.92,18.95,18.95,10,2026-05-25,0.0,True,True,False
2026-05-11,2026-05-12,603773.SH,沃格光电,电子,电子/电力设备/通信,10.01,20.35,45.16,历史新高,8,6G、先进封装、光刻机、光学光电子、共封装光学(CPO)、存储芯片、芯片、钙钛矿电池,d2二次回流、多次回流成熟段,抗住且相对强,2.02,True,9,27,True,125,1,limit_strong,3409.2,高位区,下降,波峰→当前,-170.4,False,True,10,4.11,-15.67,-2.84,3.99,10.08,2,2026-05-13,-23.39,True,True,False
2026-05-11,2026-05-12,000636.SZ,风华高科,电子,电子/电力设备/通信,10.01,20.34,45.14,3年新高,8,AI眼镜、储能、元件、光伏、共封装光学(CPO)、液冷服务器、超级电容、高压快充,d2二次回流、多次回流成熟段,抗住且相对强,3.34,True,9,23,True,125,2,limit_strong,3409.2,高位区,下降,波峰→当前,-170.4,False,True,10,-0.88,3.41,19.47,45.4,45.4,10,2026-05-25,0.0,True,True,True
2026-05-11,2026-05-12,300292.SZ,吴通控股,通信,电子/电力设备/通信,11.07,16.39,44.82,1年新高,4,储能、光纤、共封装光学(CPO)、通信服务,d1新启动、多次回流成熟段,抗住且相对强,12.35,True,9,13,False,51,4,limit_strong,3409.2,高位区,下降,波峰→当前,-170.4,False,True,10,11.6,5.39,-0.33,-5.39,15.03,1,2026-05-12,-18.32,True,True,False
2026-05-11,2026-05-12,002491.SZ,通鼎互联,通信,电子/电力设备/通信,10.02,19.82,44.61,3年新高,3,储能、光纤、通信设备,多次回流成熟段,抗住且相对强,7.31,True,6,10,True,51,1,limit_strong,3409.2,高位区,下降,波峰→当前,-170.4,False,True,10,8.45,4.22,6.25,3.74,18.57,2,2026-05-13,-19.33,True,True,False
2026-05-11,2026-05-12,688655.SH,迅捷兴,电子,电子/电力设备/通信,11.06,14.9,42.69,历史新高,3,PCB、元件、共封装光学(CPO),多次回流成熟段,抗住且相对强,4.47,True,9,16,False,125,2,limit_strong,3409.2,高位区,下降,波峰→当前,-170.4,False,True,10,9.5,6.85,11.24,-3.58,11.24,7,2026-05-20,-13.32,True,True,False
2026-05-11,2026-05-12,688652.SH,京仪装备,电子,电子/电力设备/通信,10.28,15.79,40.85,历史新高,4,半导体、半导体设备、存储芯片、芯片,d1新启动、多次回流成熟段,抗住且相对强,2.26,True,3,9,False,125,1,limit_strong,3409.2,高位区,下降,波峰→当前,-170.4,False,True,10,7.98,14.49,23.5,11.37,23.5,7,2026-05-20,-10.23,True,True,True
2026-05-11,2026-05-12,601179.SH,中国西电,电力设备,电子/电力设备/通信,5.29,57.39,40.08,,8,储能、光伏、可控核聚变、特高压、电网设备、芯片、超级电容、风电,d2二次回流、多次回流成熟段,抗住且相对强,7.13,True,2,11,False,56,1,limit_strong,3409.2,高位区,下降,波峰→当前,-170.4,False,True,10,-2.71,-5.41,-5.64,-8.01,6.08,1,2026-05-12,-16.04,True,False,False
2026-05-11,2026-05-12,688601.SH,力芯微,电子,电子/电力设备/通信,12.14,10.75,39.8,20日新高,4,AI手机、AI眼镜、半导体、芯片,多次回流成熟段,抗住且相对强,8.5,True,3,6,False,125,1,limit_strong,3409.2,高位区,下降,波峰→当前,-170.4,False,True,10,8.9,12.41,12.17,11.95,18.1,4,2026-05-15,-7.66,True,True,False
2026-05-11,2026-05-12,300502.SZ,新易盛,通信,电子/电力设备/通信,2.18,318.12,38.88,,3,共封装光学(CPO)、芯片、通信设备,多次回流成熟段,抗住且相对强,2.43,True,9,17,False,51,1,limit_strong,3409.2,高位区,下降,波峰→当前,-170.4,False,True,10,9.62,6.43,4.31,16.91,16.91,10,2026-05-25,0.0,True,True,False
2026-05-11,2026-05-12,600703.SH,三安光电,电子,电子/电力设备/通信,4.97,59.11,38.21,20日新高,6,AI眼镜、先进封装、光伏、光学光电子、共封装光学(CPO)、芯片,多次回流成熟段,抗住且相对强,4.1,True,9,21,False,125,1,limit_strong,3409.2,高位区,下降,波峰→当前,-170.4,False,True,10,8.79,0.87,4.43,0.56,8.79,3,2026-05-14,-10.03,True,False,False
2026-05-11,2026-05-12,603738.SH,泰晶科技,电子,电子/电力设备/通信,10.0,13.44,36.66,历史新高,7,6G、AI眼镜、MCU芯片、元件、光刻机、共封装光学(CPO)、芯片,d2二次回流、多次回流成熟段,抗住且相对强,4.83,True,9,25,True,125,1,limit_strong,3409.2,高位区,下降,波峰→当前,-170.4,False,True,10,2.46,4.43,-1.66,-4.87,7.48,4,2026-05-15,-15.2,True,False,False
2026-05-11,2026-05-12,603061.SH,金海通,电子,电子/电力设备/通信,10.0,12.7,35.64,历史新高,3,半导体、半导体设备、芯片,d1新启动、多次回流成熟段,抗住且相对强,9.86,True,3,6,False,125,1,limit_strong,3409.2,高位区,下降,波峰→当前,-170.4,False,True,10,7.37,5.84,22.32,14.01,22.32,7,2026-05-20,-9.49,True,True,True
2026-05-11,2026-05-12,603920.SH,世运电路,电子,电子/电力设备/通信,5.63,39.35,35.32,20日新高,6,AI眼镜、PCB、储能、元件、光伏、共封装光学(CPO),多次回流成熟段,抗住且相对强,5.21,True,9,20,False,125,2,limit_strong,3409.2,高位区,下降,波峰→当前,-170.4,False,True,10,0.19,1.27,2.09,8.39,8.39,10,2026-05-25,0.0,True,False,False
2026-05-11,2026-05-12,688012.SH,中微公司,电子,电子/电力设备/通信,3.69,87.68,34.55,,5,先进封装、半导体、半导体设备、存储芯片、芯片,d1新启动、多次回流成熟段,抗住且相对强,1.11,True,6,15,False,125,1,limit_strong,3409.2,高位区,下降,波峰→当前,-170.4,False,True,10,0.92,14.37,27.81,26.5,27.81,7,2026-05-20,-4.23,True,True,True
2026-05-11,2026-05-12,601126.SH,四方股份,电力设备,电子/电力设备/通信,7.2,22.12,33.86,历史新高,8,储能、光伏、氢能源、特高压、电网设备、虚拟电厂、雅下水电、风电,多次回流成熟段,抗住且相对强,8.72,True,2,11,False,56,1,limit_strong,3409.2,高位区,下降,波峰→当前,-170.4,False,True,10,7.64,22.29,25.66,17.52,25.66,7,2026-05-20,-6.48,True,True,True
2026-05-11,2026-05-12,688392.SH,XD骄成超,电力设备,电子/电力设备/通信,10.96,8.88,32.66,历史新高,3,先进封装、液冷服务器、芯片,多次回流成熟段,抗住且相对强,3.9,True,6,10,False,56,5,limit_strong,3409.2,高位区,下降,波峰→当前,-170.4,False,True,10,2.39,3.35,12.22,5.59,12.22,7,2026-05-20,-11.48,True,True,False
2026-05-11,2026-05-12,688260.SH,昀冢科技,电子,电子/电力设备/通信,10.87,9.02,32.65,历史新高,2,光纤、消费电子,多次回流成熟段,抗住且相对强,0.23,True,3,3,False,125,,limit_strong,3409.2,高位区,下降,波峰→当前,-170.4,False,True,10,0.14,-2.82,14.87,55.34,55.34,10,2026-05-25,0.0,True,True,True
2026-05-11,2026-05-12,688126.SH,沪硅产业,电子,电子/电力设备/通信,5.22,38.68,32.46,120日新高,3,半导体、存储芯片、芯片,多次回流成熟段,抗住且相对强,4.28,True,3,8,False,125,1,limit_strong,3409.2,高位区,下降,波峰→当前,-170.4,False,True,10,3.22,1.69,21.17,20.09,22.03,6,2026-05-19,-6.23,True,True,True
2026-05-11,2026-05-12,300619.SZ,金银河,电力设备,电子/电力设备/通信,9.8,10.64,31.97,20日新高,1,光伏,多次回流成熟段,抗住且相对强,1.54,True,2,2,False,56,1,limit_strong,3409.2,高位区,下降,波峰→当前,-170.4,False,True,10,-6.06,-1.62,-2.81,-9.6,0.49,1,2026-05-12,-10.05,False,False,False
2026-05-11,2026-05-12,002580.SZ,圣阳股份,电力设备,电子/电力设备/通信,4.16,58.0,31.68,历史新高,2,储能、液冷服务器,多次回流成熟段,补跌但相对强,0.76,True,2,3,False,56,2,limit_strong,3409.2,高位区,下降,波峰→当前,-170.4,False,True,10,-8.61,-22.82,-23.52,-29.41,1.55,2,2026-05-13,-30.49,False,False,False
2026-05-11,2026-05-12,002897.SZ,意华股份,通信,电子/电力设备/通信,7.7,15.92,30.72,,6,6G、光伏、共封装光学(CPO)、液冷服务器、通信设备、铜缆高速连接,多次回流成熟段,抗住且相对强,3.62,True,9,24,False,51,1,limit_strong,3409.2,高位区,下降,波峰→当前,-170.4,False,True,10,2.79,-0.46,4.01,16.47,16.47,10,2026-05-25,0.0,True,True,False
2026-05-11,2026-05-12,002273.SZ,水晶光电,电子,电子/电力设备/通信,4.34,47.19,29.81,历史新高,6,AI手机、AI眼镜、储能、光学光电子、共封装光学(CPO)、华为手机,多次回流成熟段,抗住且相对强,0.52,True,9,13,False,125,2,limit_strong,3409.2,高位区,下降,波峰→当前,-170.4,False,True,10,2.84,-1.17,5.19,6.36,6.89,9,2026-05-22,-0.5,True,False,False
2026-05-11,2026-05-12,688200.SH,华峰测控,电子,电子/电力设备/通信,8.42,12.05,29.23,,3,半导体、半导体设备、芯片,d1新启动、多次回流成熟段,抗住且相对强,1.51,True,3,6,False,125,1,limit_strong,3409.2,高位区,下降,波峰→当前,-170.4,False,True,10,8.01,12.26,30.05,25.83,30.05,7,2026-05-20,-9.62,True,True,True
2026-05-11,2026-05-12,688159.SH,有方科技,通信,电子/电力设备/通信,10.66,7.47,29.14,60日新高,3,存储芯片、星闪、通信设备,d2二次回流、多次回流成熟段,抗住且相对强,4.45,True,6,10,False,51,1,limit_strong,3409.2,高位区,下降,波峰→当前,-170.4,False,True,10,20.56,11.82,6.12,-2.26,20.56,3,2026-05-14,-21.48,True,True,True
2026-05-11,2026-05-12,688598.SH,金博股份,电力设备,电子/电力设备/通信,13.26,4.47,28.03,20日新高,3,光伏、光伏设备、氢能源,多次回流成熟段,抗住且相对强,2.95,True,2,6,False,56,1,limit_strong,3409.2,高位区,下降,波峰→当前,-170.4,False,True,10,12.34,17.97,27.43,21.2,28.2,6,2026-05-19,-5.46,True,True,True
2026-05-11,2026-05-12,688390.SH,固德威,电力设备,电子/电力设备/通信,6.76,15.48,26.6,2年新高,4,储能、光伏、光伏设备、虚拟电厂,多次回流成熟段,抗住且相对强,3.95,True,2,6,False,56,1,limit_strong,3409.2,高位区,下降,波峰→当前,-170.4,False,True,10,2.12,9.37,25.46,24.66,25.46,7,2026-05-20,-4.72,True,True,True
2026-05-11,2026-05-12,605222.SH,起帆电缆,电力设备,电子/电力设备/通信,8.03,10.37,25.86,历史新高,6,储能、光伏、可控核聚变、特高压、电网设备、风电,多次回流成熟段,抗住且相对强,1.25,True,2,8,False,56,1,limit_strong,3409.2,高位区,下降,波峰→当前,-170.4,False,True,10,-2.98,-10.12,-10.7,-16.76,2.22,2,2026-05-13,-18.58,False,False,False
2026-05-11,2026-05-12,688800.SH,瑞可达,电子,电子/电力设备/通信,5.56,21.17,25.58,历史新高,6,6G、储能、光伏、液冷服务器、铜缆高速连接、高压快充,多次回流成熟段,抗住且相对强,6.92,True,4,11,False,125,12,limit_strong,3409.2,高位区,下降,波峰→当前,-170.4,False,True,10,5.32,13.34,9.94,6.65,13.34,5,2026-05-18,-8.4,True,True,False
2026-05-11,2026-05-12,002436.SZ,兴森科技,电子,电子/电力设备/通信,3.62,49.66,25.51,历史新高,7,6G、PCB、元件、先进封装、共封装光学(CPO)、存储芯片、芯片,多次回流成熟段,抗住且相对强,0.7,True,9,31,False,125,1,limit_strong,3409.2,高位区,下降,波峰→当前,-170.4,False,True,10,-1.39,1.33,1.12,14.92,14.92,10,2026-05-25,0.0,True,True,False
2026-05-11,2026-05-12,600198.SH,大唐电信,通信,电子/电力设备/通信,9.95,6.33,25.03,20日新高,4,MCU芯片、半导体、芯片、通信设备,多次回流成熟段,抗住且相对强,1.23,True,6,13,True,51,1,limit_strong,3409.2,高位区,下降,波峰→当前,-170.4,False,True,10,-2.26,-4.42,-6.28,-7.92,4.53,2,2026-05-13,-14.96,False,False,False
2026-05-11,2026-05-12,301328.SZ,维峰电子,电子,电子/电力设备/通信,10.91,5.2,24.88,历史新高,3,储能、光伏、铜缆高速连接,多次回流成熟段,抗住且相对强,2.18,True,2,4,False,125,17,limit_strong,3409.2,高位区,下降,波峰→当前,-170.4,False,True,10,6.99,1.49,7.09,14.17,14.17,10,2026-05-25,0.0,True,True,False
2026-05-11,2026-05-12,605111.SH,新洁能,电子,电子/电力设备/通信,5.75,18.52,24.75,20日新高,4,先进封装、光伏、半导体、芯片,多次回流成熟段,抗住且相对强,2.13,True,6,13,False,125,1,limit_strong,3409.2,高位区,下降,波峰→当前,-170.4,False,True,10,5.56,6.71,14.93,34.28,34.28,10,2026-05-25,0.0,True,True,True
2026-05-11,2026-05-12,688256.SH,寒武纪,电子,电子/电力设备/通信,1.48,275.09,24.55,,3,先进封装、半导体、芯片,多次回流成熟段,抗住且相对强,6.35,True,6,11,False,125,1,limit_strong,3409.2,高位区,下降,波峰→当前,-170.4,False,True,10,5.05,1.42,13.53,17.21,17.21,10,2026-05-25,0.0,True,True,False
2026-05-11,2026-05-12,600089.SH,特变电工,电力设备,电子/电力设备/通信,2.87,70.86,24.16,,7,储能、光伏、特高压、虚拟电厂、雅下水电、风电、高压快充,多次回流成熟段,抗住且相对强,4.48,True,2,9,False,56,1,limit_strong,3409.2,高位区,下降,波峰→当前,-170.4,False,True,10,-0.79,-4.36,-4.61,-5.08,4.11,2,2026-05-13,-11.05,False,False,False
2026-05-11,2026-05-12,600406.SH,国电南瑞,电力设备,电子/电力设备/通信,2.95,66.48,24.05,20日新高,8,储能、光伏、氢能源、特高压、电网设备、芯片、虚拟电厂、雅下水电,多次回流成熟段,抗住且相对强,1.24,True,2,12,False,56,1,limit_strong,3409.2,高位区,下降,波峰→当前,-170.4,False,True,10,1.56,-1.34,-1.19,-2.2,4.36,2,2026-05-13,-8.42,False,False,False
2026-05-11,2026-05-12,300537.SZ,广信材料,电子,电子/电力设备/通信,8.71,7.57,23.96,120日新高,6,BC电池、PCB、光伏、光刻胶、华为手机、芯片,d1新启动、d3三次确认、多次回流成熟段,抗住且相对强,1.56,True,2,8,False,125,1,limit_strong,3409.2,高位区,下降,波峰→当前,-170.4,False,True,10,0.35,16.72,15.68,20.6,22.57,6,2026-05-19,-10.49,True,True,True
2026-05-11,2026-05-12,688019.SH,安集科技,电子,电子/电力设备/通信,5.55,18.49,23.86,20日新高,4,先进封装、光刻胶、存储芯片、芯片,d3三次确认、多次回流成熟段,抗住且相对强,0.34,True,6,12,False,125,1,limit_strong,3409.2,高位区,下降,波峰→当前,-170.4,False,True,10,0.3,6.79,19.85,21.84,21.84,10,2026-05-25,0.0,True,True,True
2026-05-11,2026-05-12,688785.SH,恒运昌,电子,电子/电力设备/通信,9.14,6.48,23.27,20日新高,3,半导体、半导体设备、芯片,d1新启动、多次回流成熟段,抗住且相对强,9.73,True,3,6,False,125,1,limit_strong,3409.2,高位区,下降,波峰→当前,-170.4,False,True,10,13.3,19.73,30.8,11.75,30.8,7,2026-05-20,-14.56,True,True,True
2026-05-11,2026-05-12,688120.SH,华海清科,电子,电子/电力设备/通信,5.59,16.73,22.86,历史新高,5,先进封装、半导体、半导体设备、存储芯片、芯片,d1新启动、多次回流成熟段,抗住且相对强,13.51,True,6,15,False,125,1,limit_strong,3409.2,高位区,下降,波峰→当前,-170.4,False,True,10,21.08,31.95,44.04,42.59,44.04,7,2026-05-20,-7.29,True,True,True
2026-05-11,2026-05-12,688498.SH,源杰科技,电子,电子/电力设备/通信,3.11,53.9,22.83,历史新高,4,光纤、共封装光学(CPO)、半导体、芯片,多次回流成熟段,抗住且相对强,6.45,True,9,17,False,125,1,limit_strong,3409.2,高位区,下降,波峰→当前,-170.4,False,True,10,0.68,-34.85,-31.35,-33.24,6.59,1,2026-05-12,-40.03,True,False,False
2026-05-11,2026-05-12,300903.SZ,科翔股份,电子,电子/电力设备/通信,4.55,22.93,21.79,历史新高,7,PCB、储能、元件、先进封装、共封装光学(CPO)、存储芯片、芯片,多次回流成熟段,抗住且相对强,13.9,True,9,28,False,125,1,limit_strong,3409.2,高位区,下降,波峰→当前,-170.4,False,True,10,30.54,23.97,23.66,36.51,36.51,10,2026-05-25,0.0,True,True,True
2026-05-11,2026-05-12,688508.SH,芯朋微,电子,电子/电力设备/通信,6.18,12.35,21.72,,3,半导体、芯片、高压快充,多次回流成熟段,抗住且相对强,7.69,True,3,6,False,125,1,limit_strong,3409.2,高位区,下降,波峰→当前,-170.4,False,True,10,4.59,0.11,7.67,7.88,7.88,10,2026-05-25,0.0,True,False,False
2026-05-11,2026-05-12,300820.SZ,英杰电气,电力设备,电子/电力设备/通信,8.05,7.11,21.46,20日新高,6,TOPCON电池、储能、光伏、可控核聚变、氢能源、芯片,多次回流成熟段,抗住且相对强,1.45,True,2,9,False,56,1,limit_strong,3409.2,高位区,下降,波峰→当前,-170.4,False,True,10,7.71,22.33,32.77,23.67,32.77,7,2026-05-20,-6.85,True,True,True
2026-05-11,2026-05-12,300394.SZ,天孚通信,通信,电子/电力设备/通信,1.72,152.71,21.26,,5,先进封装、光纤、共封装光学(CPO)、英伟达、通信设备,多次回流成熟段,抗住且相对强,0.49,True,9,25,False,51,1,limit_strong,3409.2,高位区,下降,波峰→当前,-170.4,False,True,10,18.1,15.98,8.16,19.53,20.51,4,2026-05-15,-15.7,True,True,True
2026-05-11,2026-05-12,300323.SZ,华灿光电,电子,电子/电力设备/通信,4.89,18.33,20.94,3年新高,4,AI眼镜、光学光电子、共封装光学(CPO)、芯片,多次回流成熟段,抗住且相对强,6.03,True,9,13,False,125,1,limit_strong,3409.2,高位区,下降,波峰→当前,-170.4,False,True,10,17.73,18.81,22.4,26.92,34.46,8,2026-05-21,-5.61,True,True,True
2026-05-11,2026-05-12,688037.SH,芯源微,电子,电子/电力设备/通信,3.73,30.28,20.53,,6,先进封装、光刻胶、半导体、半导体设备、存储芯片、芯片,d1新启动、d3三次确认、多次回流成熟段,抗住且相对强,15.62,True,6,16,False,125,1,limit_strong,3409.2,高位区,下降,波峰→当前,-170.4,False,True,10,9.1,21.07,30.16,22.1,30.16,7,2026-05-20,-7.36,True,True,True
2026-05-11,2026-05-12,300477.SZ,ST合纵,电力设备,电子/电力设备/通信,11.79,2.86,19.94,20日新高,3,储能、光伏、电网设备,多次回流成熟段,抗住且相对强,1.37,True,2,4,False,56,1,limit_strong,3409.2,高位区,下降,波峰→当前,-170.4,False,True,10,5.43,-10.86,-7.35,-9.27,5.43,3,2026-05-14,-15.45,True,False,False
2026-05-11,2026-05-12,688521.SH,芯原股份,电子,电子/电力设备/通信,2.06,90.55,19.6,,6,AI手机、AI眼镜、MCU芯片、先进封装、半导体、芯片,多次回流成熟段,抗住且相对强,1.58,True,6,14,False,125,1,limit_strong,3409.2,高位区,下降,波峰→当前,-170.4,False,True,10,-0.56,-2.95,10.24,7.06,12.16,6,2026-05-19,-8.79,True,True,False
2026-05-11,2026-05-12,688535.SH,华海诚科,电子,电子/电力设备/通信,5.77,11.08,19.21,历史新高,5,先进封装、光伏、半导体、存储芯片、芯片,多次回流成熟段,抗住且相对强,0.82,True,6,16,False,125,1,limit_strong,3409.2,高位区,下降,波峰→当前,-170.4,False,True,10,8.97,29.18,32.91,28.88,33.58,6,2026-05-19,-5.63,True,True,True
2026-05-11,2026-05-12,300782.SZ,卓胜微,电子,电子/电力设备/通信,3.46,30.76,19.19,,4,6G、先进封装、半导体、芯片,多次回流成熟段,抗住且相对强,2.2,True,6,15,False,125,1,limit_strong,3409.2,高位区,下降,波峰→当前,-170.4,False,True,10,31.19,21.8,21.05,14.74,31.19,3,2026-05-14,-14.09,True,True,True
2026-05-11,2026-05-12,300393.SZ,中来股份,电力设备,电子/电力设备/通信,5.71,10.59,18.58,20日新高,6,BC电池、TOPCON电池、光伏、光伏设备、虚拟电厂、钙钛矿电池,d1新启动、多次回流成熟段,补跌但相对强,0.08,True,2,8,False,56,1,limit_strong,3409.2,高位区,下降,波峰→当前,-170.4,False,True,10,-2.58,-8.38,-12.57,-13.62,0.32,2,2026-05-13,-17.99,False,False,False
2026-05-11,2026-05-12,688127.SH,蓝特光学,电子,电子/电力设备/通信,5.14,12.74,18.35,历史新高,4,光刻机、光学光电子、共封装光学(CPO)、芯片,d2二次回流、多次回流成熟段,抗住且相对强,1.37,True,9,13,False,125,1,limit_strong,3409.2,高位区,下降,波峰→当前,-170.4,False,True,10,8.93,10.6,10.65,5.43,17.0,9,2026-05-22,-9.89,True,True,False
2026-05-11,2026-05-12,688372.SH,伟测科技,电子,电子/电力设备/通信,3.85,20.63,17.49,,5,MCU芯片、先进封装、半导体、存储芯片、芯片,多次回流成熟段,抗住且相对强,1.0,True,6,16,False,125,1,limit_strong,3409.2,高位区,下降,波峰→当前,-170.4,False,True,10,0.44,-2.44,6.59,12.04,12.04,10,2026-05-25,0.0,True,True,False
2026-05-11,2026-05-12,603290.SH,斯达半导,电子,电子/电力设备/通信,4.6,13.67,17.01,,6,MCU芯片、储能、光伏、半导体、芯片、高压快充,多次回流成熟段,抗住且相对强,1.64,True,3,11,False,125,1,limit_strong,3409.2,高位区,下降,波峰→当前,-170.4,False,True,10,11.97,11.2,14.29,25.56,25.56,10,2026-05-25,0.0,True,True,True
2026-05-12,2026-05-13,300265.SZ,通光线缆,电力设备,电子/电力设备/通信,20.0,21.95,93.7,3年新高,1,电网设备,多次回流成熟段,抗住且相对强,8.38,True,8,8,True,55,1,limit_strong,3109.4,高位区,下降,波峰→当前,-470.2,False,True,10,0.78,-2.07,-8.91,-11.76,10.12,1,2026-05-13,-19.87,True,True,False
2026-05-12,2026-05-13,002498.SZ,汉缆股份,电力设备,电子/电力设备/通信,10.0,28.46,53.35,20日新高,1,电网设备,多次回流成熟段,抗住且相对强,8.25,True,8,8,True,55,1,limit_strong,3109.4,高位区,下降,波峰→当前,-470.2,False,True,10,-4.4,-1.6,-12.49,-11.39,9.99,1,2026-05-13,-20.44,True,False,False
2026-05-12,2026-05-13,300001.SZ,特锐德,电力设备,电子/电力设备/通信,8.63,24.81,42.99,20日新高,1,电网设备,多次回流成熟段,抗住且相对强,3.22,True,8,8,False,55,1,limit_strong,3109.4,高位区,下降,波峰→当前,-470.2,False,True,10,9.74,21.31,15.92,15.37,21.8,6,2026-05-20,-6.0,True,True,True
2026-05-12,2026-05-13,601126.SH,四方股份,电力设备,电子/电力设备/通信,7.67,22.15,36.1,历史新高,1,电网设备,多次回流成熟段,抗住且相对强,8.26,True,8,8,False,55,1,limit_strong,3109.4,高位区,下降,波峰→当前,-470.2,False,True,10,3.25,10.09,10.22,2.56,16.71,6,2026-05-20,-12.12,True,True,False
2026-05-12,2026-05-13,688663.SH,新风光,电力设备,电子/电力设备/通信,12.29,7.78,34.28,历史新高,1,电网设备,多次回流成熟段,抗住且相对强,9.3,True,8,8,False,55,1,limit_strong,3109.4,高位区,下降,波峰→当前,-470.2,False,True,10,8.67,31.2,19.58,22.01,32.85,6,2026-05-20,-9.99,True,True,True
2026-05-12,2026-05-13,002112.SZ,三变科技,电力设备,电子/电力设备/通信,5.02,11.17,16.78,20日新高,1,电网设备,多次回流成熟段,抗住且相对强,3.31,True,8,8,False,55,1,limit_strong,3109.4,高位区,下降,波峰→当前,-470.2,False,True,10,-6.1,-6.05,-14.47,-16.06,5.05,1,2026-05-13,-20.1,True,False,False
2026-05-12,2026-05-13,301361.SZ,众智科技,电力设备,电子/电力设备/通信,8.92,3.33,16.28,20日新高,1,电网设备,多次回流成熟段,抗住且相对强,1.04,True,8,8,False,55,1,limit_strong,3109.4,高位区,下降,波峰→当前,-470.2,False,True,10,-2.97,6.81,8.39,-2.85,11.26,8,2026-05-22,-12.68,True,True,False
2026-05-12,2026-05-13,300062.SZ,中能电气,电力设备,电子/电力设备/通信,6.34,5.7,15.14,20日新高,1,电网设备,多次回流成熟段,抗住且相对强,3.15,True,8,8,False,55,1,limit_strong,3109.4,高位区,下降,波峰→当前,-470.2,False,True,10,-0.12,-0.6,-4.29,-14.18,4.89,1,2026-05-13,-18.18,False,False,False
2026-05-12,2026-05-13,002346.SZ,柘中股份,电力设备,电子/电力设备/通信,9.99,1.95,13.95,20日新高,1,电网设备,多次回流成熟段,抗住且相对强,3.17,True,8,8,True,55,1,limit_strong,3109.4,高位区,下降,波峰→当前,-470.2,False,True,10,-1.23,2.11,-0.1,8.59,8.59,10,2026-05-26,0.0,True,False,False
2026-05-13,2026-05-14,301666.SZ,大普微-UW,电子,电子/电力设备/通信,19.96,39.49,125.43,历史新高,1,英伟达,多次回流成熟段,抗住且相对强,2.4,False,0,0,False,96,,limit_weak,2974.4,中位区,下降,波峰→当前,-605.2,False,True,10,29.32,,40.89,16.19,40.89,7,2026-05-22,-19.8,True,True,True
2026-05-13,2026-05-14,300959.SZ,线上线下,通信,电子/电力设备/通信,20.0,14.64,76.52,60日新高,1,通信服务,d2二次回流,抗住且相对强,12.01,False,0,0,False,13,,limit_weak,2974.4,中位区,下降,波峰→当前,-605.2,False,True,10,35.29,36.74,38.5,69.66,69.66,10,2026-05-27,0.0,True,True,True
2026-05-13,2026-05-14,002364.SZ,中恒电气,电力设备,电子/电力设备/通信,10.0,40.72,63.81,历史新高,1,虚拟电厂,多次回流成熟段,抗住且相对强,3.65,True,1,1,True,78,10,limit_strong,2974.4,中位区,下降,波峰→当前,-605.2,False,True,10,1.57,6.47,7.62,17.29,17.29,10,2026-05-27,0.0,True,True,False
2026-05-13,2026-05-14,300433.SZ,蓝思科技,电子,电子/电力设备/通信,7.25,57.69,55.07,20日新高,1,消费电子,多次回流成熟段,补跌但相对强,1.24,False,0,0,False,96,,limit_weak,2974.4,中位区,下降,波峰→当前,-605.2,False,True,10,18.38,11.07,17.47,23.22,23.22,10,2026-05-27,0.0,True,True,True
2026-05-13,2026-05-14,000021.SZ,深科技,电子,电子/电力设备/通信,7.12,55.76,53.17,20日新高,2,消费电子、虚拟电厂,多次回流成熟段,补跌但相对强,1.62,True,1,1,False,96,26,limit_medium,2974.4,中位区,下降,波峰→当前,-605.2,False,True,10,6.99,9.36,9.01,27.07,27.07,10,2026-05-27,0.0,True,True,True
2026-05-13,2026-05-14,300571.SZ,平治信息,通信,电子/电力设备/通信,9.76,21.36,45.11,3年新高,1,通信服务,d2二次回流,抗住且相对强,5.58,False,0,0,False,13,,limit_weak,2974.4,中位区,下降,波峰→当前,-605.2,False,True,10,8.91,1.3,2.73,-20.7,8.91,3,2026-05-18,-27.19,True,False,False
2026-05-13,2026-05-14,600406.SH,国电南瑞,电力设备,电子/电力设备/通信,4.16,68.85,34.52,20日新高,3,电网设备、虚拟电厂、雅下水电,多次回流成熟段,补跌但相对强,0.27,True,7,8,False,78,4,limit_strong,2974.4,中位区,下降,波峰→当前,-605.2,False,True,10,-5.46,-5.32,-7.82,-8.74,0.0,0,2026-05-13,-9.06,False,False,False
2026-05-13,2026-05-14,688663.SH,新风光,电力设备,电子/电力设备/通信,11.04,9.39,33.83,历史新高,1,电网设备,多次回流成熟段,抗住且相对强,6.76,True,7,7,False,78,4,limit_strong,2974.4,中位区,下降,波峰→当前,-605.2,False,True,10,13.49,19.64,12.43,13.53,19.64,5,2026-05-20,-9.99,True,True,False
2026-05-13,2026-05-14,301285.SZ,鸿日达,电子,电子/电力设备/通信,9.75,11.41,32.93,历史新高,1,消费电子,多次回流成熟段,抗住且相对强,7.48,False,0,0,False,96,,limit_weak,2974.4,中位区,下降,波峰→当前,-605.2,False,True,10,3.39,0.46,-4.04,-2.93,5.08,1,2026-05-14,-9.46,True,False,False
2026-05-13,2026-05-14,603002.SH,宏昌电子,电子,电子/电力设备/通信,7.22,16.95,29.73,历史新高,1,英伟达,多次回流成熟段,抗住且相对强,3.39,False,0,0,False,96,,limit_weak,2974.4,中位区,下降,波峰→当前,-605.2,False,True,10,-7.47,-3.27,0.62,2.29,4.88,9,2026-05-26,-2.47,False,False,False
2026-05-13,2026-05-14,300001.SZ,特锐德,电力设备,电子/电力设备/通信,4.96,27.54,26.03,3年新高,2,电网设备、虚拟电厂,多次回流成熟段,抗住且相对强,11.1,True,7,8,False,78,4,limit_strong,2974.4,中位区,下降,波峰→当前,-605.2,False,True,10,10.21,16.04,16.01,11.17,16.04,5,2026-05-20,-6.0,True,True,False
2026-05-13,2026-05-14,002993.SZ,奥海科技,电子,电子/电力设备/通信,10.0,4.36,20.88,3年新高,1,消费电子,多次回流成熟段,抗住且相对强,2.52,False,0,0,True,96,,limit_strong,2974.4,中位区,下降,波峰→当前,-605.2,False,True,10,0.94,5.2,16.36,14.28,17.69,8,2026-05-25,-3.06,True,True,False
2026-05-13,2026-05-14,603052.SH,可川科技,电子,电子/电力设备/通信,10.01,3.6,18.99,历史新高,1,消费电子,多次回流成熟段,抗住且相对强,12.4,False,0,0,True,96,,limit_strong,2974.4,中位区,下降,波峰→当前,-605.2,False,True,10,-1.38,-2.38,-6.96,-12.4,10.0,1,2026-05-14,-20.37,True,True,False
2026-05-13,2026-05-14,603679.SH,华体科技,电子,电子/电力设备/通信,10.02,3.06,17.53,60日新高,1,虚拟电厂,多次回流成熟段,抗住且相对强,3.93,True,1,1,True,96,26,limit_strong,2974.4,中位区,下降,波峰→当前,-605.2,False,True,10,0.0,-1.36,-0.11,0.11,3.11,8,2026-05-25,-2.91,False,False,False
2026-05-13,2026-05-14,300843.SZ,胜蓝股份,电子,电子/电力设备/通信,5.73,8.06,16.27,历史新高,1,消费电子,多次回流成熟段,抗住且相对强,4.05,False,0,0,False,96,,limit_weak,2974.4,中位区,下降,波峰→当前,-605.2,False,True,10,2.22,12.13,3.53,-2.11,12.13,5,2026-05-20,-12.7,True,True,False
2026-05-14,2026-05-15,688146.SH,中船特气,电子,电子/电力设备/通信,20.0,37.68,122.77,历史新高,1,光刻机,d3三次确认,抗住且相对强,4.26,False,0,0,True,13,,limit_strong,2479.8,中位区,下降,波谷→当前,0.0,False,False,10,-10.62,-9.39,-4.81,23.77,23.77,10,2026-05-28,0.0,True,True,True
2026-05-14,2026-05-15,600353.SH,旭光电子,电子,电子/电力设备/通信,7.76,24.45,38.37,120日新高,1,光刻机,d3三次确认,补跌但相对强,1.07,False,0,0,False,13,,limit_weak,2479.8,中位区,下降,波谷→当前,0.0,False,False,10,10.09,2.8,12.27,13.18,17.35,9,2026-05-27,-3.55,True,True,False
2026-05-14,2026-05-15,688409.SH,富创精密,电子,电子/电力设备/通信,6.33,15.26,24.73,历史新高,1,光刻机,d3三次确认,抗住且相对强,15.37,False,0,0,False,13,,limit_weak,2479.8,中位区,下降,波谷→当前,0.0,False,False,10,23.14,15.17,22.12,15.02,32.01,4,2026-05-20,-15.31,True,True,True
2026-05-15,2026-05-18,688820.SH,盛合晶微,电子,电子/电力设备/机械设备,18.76,94.98,182.83,历史新高,2,半导体、存储芯片,多次回流成熟段,抗住且相对强,0.76,False,0,0,False,9,,limit_weak,2115.6,中位区,下降,波谷→当前,0.0,False,False,10,2.94,2.24,24.56,6.89,24.56,7,2026-05-26,-14.19,True,True,True
2026-05-15,2026-05-18,688017.SH,绿的谐波,机械设备,电子/电力设备/机械设备,15.28,58.46,116.83,历史新高,4,人形机器人、减速器、新型工业化、自动化设备,多次回流成熟段,抗住且相对强,5.64,True,1,1,False,18,2,limit_medium,2115.6,中位区,下降,波谷→当前,0.0,False,False,10,5.94,11.95,10.79,0.16,14.24,6,2026-05-25,-12.32,True,True,False
2026-05-15,2026-05-18,603986.SH,兆易创新,电子,电子/电力设备/机械设备,5.38,227.92,81.22,历史新高,3,人形机器人、半导体、存储芯片,多次回流成熟段,抗住且相对强,5.01,True,1,1,False,9,7,limit_medium,2115.6,中位区,下降,波谷→当前,0.0,False,False,10,18.56,24.88,40.2,24.42,40.2,7,2026-05-26,-11.25,True,True,True
2026-05-15,2026-05-18,603667.SH,五洲新春,机械设备,电子/电力设备/机械设备,9.72,65.74,78.81,,3,人形机器人、减速器、通用设备,多次回流成熟段,抗住且相对强,0.63,True,1,1,False,18,2,limit_medium,2115.6,中位区,下降,波谷→当前,0.0,False,False,10,-5.25,4.43,2.71,-15.01,4.43,5,2026-05-22,-18.61,False,False,False
2026-05-15,2026-05-18,688535.SH,华海诚科,电子,电子/电力设备/机械设备,15.49,24.53,76.72,历史新高,2,半导体、存储芯片,多次回流成熟段,抗住且相对强,1.09,False,0,0,False,9,,limit_weak,2115.6,中位区,下降,波谷→当前,0.0,False,False,10,5.61,0.17,2.27,-10.15,6.15,2,2026-05-19,-15.36,True,False,False
2026-05-15,2026-05-18,301696.SZ,三瑞智能,电力设备,电子/电力设备/机械设备,20.0,14.48,76.11,历史新高,2,人形机器人、减速器,多次回流成熟段,抗住且相对强,12.55,True,1,1,True,12,4,limit_strong,2115.6,中位区,下降,波谷→当前,0.0,False,False,10,14.84,8.51,6.12,-7.92,15.11,2,2026-05-19,-20.0,True,True,False
2026-05-15,2026-05-18,688549.SH,中巨芯-U,电子,电子/电力设备/机械设备,20.01,11.96,69.2,历史新高,1,存储芯片,多次回流成熟段,抗住且相对强,9.34,False,0,0,True,9,,limit_strong,2115.6,中位区,下降,波谷→当前,0.0,False,False,10,6.73,-2.92,-9.95,-14.53,10.9,1,2026-05-18,-22.93,True,True,False
2026-05-15,2026-05-18,688409.SH,富创精密,电子,电子/电力设备/机械设备,14.25,19.39,62.75,历史新高,2,半导体、半导体设备,d2二次回流、多次回流成熟段,抗住且相对强,3.11,False,0,0,False,9,,limit_weak,2115.6,中位区,下降,波谷→当前,0.0,False,False,10,15.55,2.96,1.07,-7.25,15.55,3,2026-05-20,-19.73,True,True,False
2026-05-15,2026-05-18,300276.SZ,三丰智能,机械设备,电子/电力设备/机械设备,19.94,9.44,61.26,20日新高,2,新型工业化、自动化设备,多次回流成熟段,抗住且相对强,4.58,False,0,0,True,18,,limit_strong,2115.6,中位区,下降,波谷→当前,0.0,False,False,10,2.61,6.41,13.42,-3.21,13.42,7,2026-05-26,-14.66,True,True,False
2026-05-15,2026-05-18,300433.SZ,蓝思科技,电子,电子/电力设备/机械设备,5.88,89.43,55.61,20日新高,3,人形机器人、减速器、新型工业化,多次回流成熟段,抗住且相对强,11.56,True,1,1,False,9,7,limit_medium,2115.6,中位区,下降,波谷→当前,0.0,False,False,10,6.14,12.25,12.48,18.39,18.39,10,2026-05-29,0.0,True,True,False
2026-05-15,2026-05-18,300567.SZ,精测电子,机械设备,电子/电力设备/机械设备,10.06,26.2,51.49,历史新高,2,存储芯片、通用设备,多次回流成熟段,抗住且相对强,2.17,False,0,0,False,18,,limit_weak,2115.6,中位区,下降,波谷→当前,0.0,False,False,10,13.47,11.6,24.58,10.97,28.26,6,2026-05-25,-13.48,True,True,True
2026-05-15,2026-05-18,301486.SZ,致尚科技,电子,电子/电力设备/机械设备,8.52,36.07,51.17,历史新高,1,新型工业化,多次回流成熟段,抗住且相对强,4.09,False,0,0,False,9,,limit_weak,2115.6,中位区,下降,波谷→当前,0.0,False,False,10,-1.91,0.5,10.58,-0.78,13.59,6,2026-05-25,-12.65,True,True,False
2026-05-15,2026-05-18,688808.SH,联讯仪器,机械设备,电子/电力设备/机械设备,6.84,44.39,45.57,历史新高,2,存储芯片、通用设备,多次回流成熟段,抗住且相对强,14.91,False,0,0,False,18,,limit_weak,2115.6,中位区,下降,波谷→当前,0.0,False,False,10,34.62,50.0,52.08,47.0,59.19,9,2026-05-28,-7.65,True,True,True
2026-05-15,2026-05-18,688037.SH,芯源微,电子,电子/电力设备/机械设备,7.26,38.71,45.17,历史新高,3,半导体、半导体设备、存储芯片,d2二次回流、多次回流成熟段,抗住且相对强,1.89,False,0,0,False,9,,limit_weak,2115.6,中位区,下降,波谷→当前,0.0,False,False,10,11.23,4.34,-3.02,-11.36,11.23,3,2026-05-20,-20.31,True,True,False
2026-05-15,2026-05-18,688120.SH,华海清科,电子,电子/电力设备/机械设备,6.79,42.42,44.22,历史新高,3,半导体、半导体设备、存储芯片,d2二次回流、多次回流成熟段,抗住且相对强,0.49,False,0,0,False,9,,limit_weak,2115.6,中位区,下降,波谷→当前,0.0,False,False,10,11.4,3.28,10.21,-2.33,11.4,3,2026-05-20,-12.32,True,True,False
2026-05-15,2026-05-18,301377.SZ,鼎泰高科,机械设备,电子/电力设备/机械设备,9.6,21.08,44.08,历史新高,2,工业母机、通用设备,多次回流成熟段,抗住且相对强,2.37,False,0,0,False,18,,limit_weak,2115.6,中位区,下降,波谷→当前,0.0,False,False,10,0.15,25.41,32.11,41.6,49.23,9,2026-05-28,-5.11,True,True,True
2026-05-15,2026-05-18,301413.SZ,安培龙,机械设备,电子/电力设备/机械设备,10.61,13.52,39.01,20日新高,2,人形机器人、通用设备,多次回流成熟段,抗住且相对强,0.74,True,1,1,False,18,2,limit_medium,2115.6,中位区,下降,波谷→当前,0.0,False,False,10,4.7,5.31,3.97,-32.18,6.23,4,2026-05-21,-36.16,True,False,False
2026-05-15,2026-05-18,603078.SH,江化微,电子,电子/电力设备/机械设备,10.0,14.78,38.44,60日新高,1,存储芯片,多次回流成熟段,抗住且相对强,5.22,False,0,0,True,9,,limit_strong,2115.6,中位区,下降,波谷→当前,0.0,False,False,10,16.5,13.22,9.55,14.71,16.5,3,2026-05-20,-8.74,True,True,False
2026-05-15,2026-05-18,603278.SH,大业股份,机械设备,电子/电力设备/机械设备,9.99,12.42,35.21,60日新高,2,人形机器人、通用设备,多次回流成熟段,抗住且相对强,0.6,True,1,1,True,18,2,limit_strong,2115.6,中位区,下降,波谷→当前,0.0,False,False,10,-12.62,-16.39,-16.63,-28.13,0.65,1,2026-05-18,-28.59,False,False,False
2026-05-15,2026-05-18,002979.SZ,雷赛智能,机械设备,电子/电力设备/机械设备,10.01,11.9,34.53,历史新高,3,人形机器人、新型工业化、自动化设备,多次回流成熟段,抗住且相对强,8.8,True,1,1,True,18,2,limit_strong,2115.6,中位区,下降,波谷→当前,0.0,False,False,10,5.6,2.06,-0.94,-8.83,11.02,2,2026-05-19,-17.88,True,True,False
2026-05-15,2026-05-18,300666.SZ,江丰电子,电子,电子/电力设备/机械设备,5.48,38.82,34.14,历史新高,2,半导体、存储芯片,多次回流成熟段,抗住且相对强,4.44,False,0,0,False,9,,limit_weak,2115.6,中位区,下降,波谷→当前,0.0,False,False,10,12.55,3.55,3.81,0.18,12.68,2,2026-05-19,-14.27,True,True,False
2026-05-15,2026-05-18,002747.SZ,埃斯顿,机械设备,电子/电力设备/机械设备,7.12,22.36,33.67,60日新高,4,人形机器人、工业母机、新型工业化、自动化设备,多次回流成熟段,抗住且相对强,2.47,True,1,1,False,18,2,limit_medium,2115.6,中位区,下降,波谷→当前,0.0,False,False,10,2.63,14.31,18.09,9.01,18.09,7,2026-05-26,-7.69,True,True,False
2026-05-15,2026-05-18,002484.SZ,江海股份,电子,电子/电力设备/机械设备,6.01,31.1,33.52,历史新高,1,人形机器人,多次回流成熟段,抗住且相对强,8.08,True,1,1,False,9,7,limit_medium,2115.6,中位区,下降,波谷→当前,0.0,False,False,10,20.43,24.33,26.28,59.99,59.99,10,2026-05-29,0.0,True,True,True
2026-05-15,2026-05-18,300024.SZ,机器人,机械设备,电子/电力设备/机械设备,7.7,18.21,32.86,20日新高,3,人形机器人、新型工业化、自动化设备,多次回流成熟段,抗住且相对强,0.57,True,1,1,False,18,2,limit_medium,2115.6,中位区,下降,波谷→当前,0.0,False,False,10,-0.44,1.12,5.9,-8.08,5.9,7,2026-05-26,-13.2,True,False,False
2026-05-15,2026-05-18,688698.SH,伟创电气,机械设备,电子/电力设备/机械设备,9.7,11.17,32.42,20日新高,2,人形机器人、自动化设备,多次回流成熟段,抗住且相对强,1.78,True,1,1,False,18,2,limit_medium,2115.6,中位区,下降,波谷→当前,0.0,False,False,10,7.98,13.02,6.5,-10.67,13.02,5,2026-05-22,-20.96,True,True,False
2026-05-15,2026-05-18,300809.SZ,华辰装备,机械设备,电子/电力设备/机械设备,10.58,8.71,31.22,60日新高,4,人形机器人、工业母机、新型工业化、通用设备,多次回流成熟段,抗住且相对强,0.62,True,1,1,False,18,2,limit_medium,2115.6,中位区,下降,波谷→当前,0.0,False,False,10,-3.82,0.28,8.56,-3.43,8.56,7,2026-05-26,-11.05,True,False,False
2026-05-15,2026-05-18,300115.SZ,长盈精密,电子,电子/电力设备/机械设备,4.18,49.31,29.35,20日新高,3,人形机器人、减速器、新型工业化,多次回流成熟段,抗住且相对强,0.15,True,1,1,False,9,7,limit_medium,2115.6,中位区,下降,波谷→当前,0.0,False,False,10,-2.78,-0.66,-0.63,-12.41,1.71,1,2026-05-18,-13.88,False,False,False
2026-05-15,2026-05-18,300124.SZ,汇川技术,机械设备,电子/电力设备/机械设备,3.9,55.85,29.15,60日新高,4,人形机器人、工业母机、新型工业化、自动化设备,多次回流成熟段,抗住且相对强,0.0,True,1,1,False,18,2,limit_medium,2115.6,中位区,下降,波谷→当前,0.0,False,False,10,-0.72,2.16,4.6,-4.35,4.6,7,2026-05-26,-8.56,False,False,False
2026-05-15,2026-05-18,688809.SH,强一股份,电子,电子/电力设备/机械设备,6.49,19.9,28.95,历史新高,3,半导体、半导体设备、存储芯片,d2二次回流、多次回流成熟段,抗住且相对强,0.59,False,0,0,False,9,,limit_weak,2115.6,中位区,下降,波谷→当前,0.0,False,False,10,17.5,11.06,9.73,-2.88,17.5,3,2026-05-20,-17.34,True,True,False
2026-05-15,2026-05-18,688025.SH,杰普特,机械设备,电子/电力设备/机械设备,5.56,23.23,26.8,历史新高,1,自动化设备,多次回流成熟段,抗住且相对强,1.01,False,0,0,False,18,,limit_weak,2115.6,中位区,下降,波谷→当前,0.0,False,False,10,2.71,13.84,14.38,-1.57,14.38,7,2026-05-26,-13.95,True,True,False
2026-05-15,2026-05-18,003021.SZ,兆威机电,电力设备,电子/电力设备/机械设备,6.5,15.45,25.55,20日新高,3,人形机器人、减速器、新型工业化,多次回流成熟段,抗住且相对强,5.5,True,1,1,False,12,4,limit_medium,2115.6,中位区,下降,波谷→当前,0.0,False,False,10,3.41,5.37,7.93,-8.64,7.93,7,2026-05-26,-15.36,True,False,False
2026-05-15,2026-05-18,300007.SZ,汉威科技,机械设备,电子/电力设备/机械设备,6.5,13.49,23.87,20日新高,2,人形机器人、通用设备,多次回流成熟段,抗住且相对强,3.03,True,1,1,False,18,2,limit_medium,2115.6,中位区,下降,波谷→当前,0.0,False,False,10,4.1,7.99,8.35,-10.67,8.35,7,2026-05-26,-17.56,True,False,False
2026-05-15,2026-05-18,688160.SH,步科股份,机械设备,电子/电力设备/机械设备,8.69,7.52,23.83,20日新高,4,人形机器人、减速器、新型工业化、自动化设备,多次回流成熟段,抗住且相对强,0.53,True,1,1,False,18,2,limit_medium,2115.6,中位区,下降,波谷→当前,0.0,False,False,10,0.7,10.94,5.1,-13.34,10.94,5,2026-05-22,-21.88,True,True,False
2026-05-15,2026-05-18,688777.SH,中控技术,机械设备,电子/电力设备/机械设备,4.81,24.26,23.69,,3,人形机器人、新型工业化、自动化设备,多次回流成熟段,抗住且相对强,6.26,True,1,1,False,18,2,limit_medium,2115.6,中位区,下降,波谷→当前,0.0,False,False,10,11.27,8.98,13.33,8.53,15.1,9,2026-05-28,-5.71,True,True,False
2026-05-15,2026-05-18,301596.SZ,瑞迪智驱,机械设备,电子/电力设备/机械设备,11.92,3.76,23.11,60日新高,4,人形机器人、减速器、新型工业化、通用设备,多次回流成熟段,抗住且相对强,1.69,True,1,1,False,18,2,limit_medium,2115.6,中位区,下降,波谷→当前,0.0,False,False,10,0.36,9.82,6.75,-6.5,9.82,5,2026-05-22,-14.86,True,False,False
2026-05-15,2026-05-18,301317.SZ,鑫磊股份,机械设备,电子/电力设备/机械设备,8.18,7.95,23.06,历史新高,1,通用设备,多次回流成熟段,抗住且相对强,4.78,False,0,0,False,18,,limit_weak,2115.6,中位区,下降,波谷→当前,0.0,False,False,10,-2.04,0.81,-6.76,-16.75,4.83,1,2026-05-18,-20.58,False,False,False
2026-05-15,2026-05-18,603082.SH,北自科技,机械设备,电子/电力设备/机械设备,10.01,5.27,22.98,120日新高,3,人形机器人、新型工业化、通用设备,多次回流成熟段,抗住且相对强,9.95,True,1,1,True,18,2,limit_strong,2115.6,中位区,下降,波谷→当前,0.0,False,False,10,8.89,1.02,-0.76,-15.7,20.99,2,2026-05-19,-30.32,True,True,True
2026-05-15,2026-05-18,688003.SH,天准科技,机械设备,电子/电力设备/机械设备,6.42,11.61,21.88,历史新高,3,人形机器人、新型工业化、自动化设备,多次回流成熟段,抗住且相对强,7.67,True,1,1,False,18,2,limit_medium,2115.6,中位区,下降,波谷→当前,0.0,False,False,10,3.98,8.14,-0.48,5.71,16.44,9,2026-05-28,-9.22,True,True,False
2026-05-15,2026-05-18,301029.SZ,怡合达,机械设备,电子/电力设备/机械设备,6.95,8.68,20.48,120日新高,5,人形机器人、减速器、工业母机、新型工业化、自动化设备,多次回流成熟段,抗住且相对强,0.74,True,1,1,False,18,2,limit_medium,2115.6,中位区,下降,波谷→当前,0.0,False,False,10,-0.95,2.33,-1.31,-6.24,2.33,5,2026-05-22,-8.37,False,False,False
2026-05-15,2026-05-18,688112.SH,鼎阳科技,机械设备,电子/电力设备/机械设备,8.89,5.08,20.04,3年新高,1,通用设备,多次回流成熟段,抗住且相对强,4.4,False,0,0,False,18,,limit_weak,2115.6,中位区,下降,波谷→当前,0.0,False,False,10,11.36,7.64,1.67,1.71,11.36,3,2026-05-20,-8.71,True,True,False
2026-05-15,2026-05-18,688322.SH,奥比中光-W,电子,电子/电力设备/机械设备,4.82,16.2,19.4,20日新高,2,人形机器人、新型工业化,多次回流成熟段,抗住且相对强,5.63,True,1,1,False,9,7,limit_medium,2115.6,中位区,下降,波谷→当前,0.0,False,False,10,15.37,32.75,31.45,25.25,32.91,6,2026-05-25,-5.96,True,True,True
2026-05-15,2026-05-18,688596.SH,正帆科技,机械设备,电子/电力设备/机械设备,4.01,23.11,19.28,120日新高,1,存储芯片,多次回流成熟段,抗住且相对强,2.24,False,0,0,False,18,,limit_weak,2115.6,中位区,下降,波谷→当前,0.0,False,False,10,4.6,-2.62,-9.79,-15.5,4.6,3,2026-05-20,-19.22,False,False,False
2026-05-15,2026-05-18,300660.SZ,江苏雷利,电力设备,电子/电力设备/机械设备,5.86,9.37,17.94,20日新高,2,人形机器人、减速器,多次回流成熟段,抗住且相对强,3.11,True,1,1,False,12,4,limit_medium,2115.6,中位区,下降,波谷→当前,0.0,False,False,10,0.41,3.87,4.91,-8.17,4.91,7,2026-05-26,-12.46,False,False,False
2026-05-15,2026-05-18,603728.SH,鸣志电器,电力设备,电子/电力设备/机械设备,5.26,11.27,17.66,20日新高,2,人形机器人、减速器,多次回流成熟段,抗住且相对强,3.25,True,1,1,False,12,4,limit_medium,2115.6,中位区,下降,波谷→当前,0.0,False,False,10,2.28,4.92,7.71,-5.65,7.71,7,2026-05-26,-12.4,True,False,False
2026-05-15,2026-05-18,603662.SH,柯力传感,机械设备,电子/电力设备/机械设备,6.01,8.26,17.27,20日新高,2,人形机器人、通用设备,多次回流成熟段,抗住且相对强,5.93,True,1,1,False,18,2,limit_medium,2115.6,中位区,下降,波谷→当前,0.0,False,False,10,3.53,5.33,8.08,-5.42,8.08,7,2026-05-26,-12.49,True,False,False
2026-05-15,2026-05-18,002892.SZ,科力尔,电力设备,电子/电力设备/机械设备,9.99,2.97,17.22,20日新高,2,工业母机、新型工业化,多次回流成熟段,抗住且相对强,1.61,False,0,0,True,12,,limit_strong,2115.6,中位区,下降,波谷→当前,0.0,False,False,10,0.53,3.0,8.91,-6.26,8.91,7,2026-05-26,-13.93,True,False,False
2026-05-15,2026-05-18,002896.SZ,中大力德,机械设备,电子/电力设备/机械设备,3.92,14.51,14.93,,4,人形机器人、减速器、新型工业化、通用设备,多次回流成熟段,抗住且相对强,0.17,True,1,1,False,18,2,limit_medium,2115.6,中位区,下降,波谷→当前,0.0,False,False,10,-4.8,-0.3,11.27,-5.93,11.27,7,2026-05-26,-15.45,True,True,False
2026-05-15,2026-05-18,300421.SZ,力星股份,机械设备,电子/电力设备/机械设备,5.4,6.68,13.96,,4,人形机器人、减速器、工业母机、通用设备,多次回流成熟段,抗住且相对强,2.68,True,1,1,False,18,2,limit_medium,2115.6,中位区,下降,波谷→当前,0.0,False,False,10,0.56,4.64,-1.27,-16.21,4.64,5,2026-05-22,-19.92,False,False,False
2026-05-15,2026-05-18,600577.SH,精达股份,电力设备,电子/电力设备/机械设备,3.3,16.3,13.32,20日新高,1,人形机器人,多次回流成熟段,抗住且相对强,0.5,True,1,1,False,12,4,limit_medium,2115.6,中位区,下降,波谷→当前,0.0,False,False,10,4.48,5.69,5.9,-7.6,6.54,6,2026-05-25,-13.28,True,False,False
2026-05-15,2026-05-18,300128.SZ,锦富技术,电力设备,电子/电力设备/机械设备,4.01,9.01,12.04,60日新高,2,人形机器人、新型工业化,多次回流成熟段,抗住且相对强,7.1,True,1,1,False,12,4,limit_medium,2115.6,中位区,下降,波谷→当前,0.0,False,False,10,7.04,7.3,5.44,3.45,10.36,6,2026-05-25,-7.58,True,True,False
2026-05-15,2026-05-18,300259.SZ,新天科技,机械设备,电子/电力设备/机械设备,4.97,5.38,11.53,3年新高,1,通用设备,多次回流成熟段,抗住且相对强,19.27,False,0,0,False,18,,limit_weak,2115.6,中位区,下降,波谷→当前,0.0,False,False,10,32.39,41.48,23.86,23.48,41.48,5,2026-05-22,-12.72,True,True,True
2026-05-15,2026-05-18,002009.SZ,天奇股份,机械设备,电子/电力设备/机械设备,2.32,24.44,11.47,20日新高,2,人形机器人、新型工业化,多次回流成熟段,抗住且相对强,1.23,True,1,1,False,18,2,limit_medium,2115.6,中位区,下降,波谷→当前,0.0,False,False,10,-7.45,-6.28,-12.77,-23.94,1.28,1,2026-05-18,-24.89,False,False,False
2026-05-15,2026-05-18,002786.SZ,银宝山新,机械设备,电子/电力设备/机械设备,6.32,3.0,10.95,20日新高,1,新型工业化,多次回流成熟段,抗住且相对强,5.54,False,0,0,False,18,,limit_weak,2115.6,中位区,下降,波谷→当前,0.0,False,False,10,4.88,3.8,12.96,0.0,12.96,7,2026-05-26,-11.47,True,True,False
2026-05-15,2026-05-18,603370.SH,XD华新精,电力设备,电子/电力设备/机械设备,10.01,1.16,10.78,20日新高,1,工业母机,多次回流成熟段,抗住且相对强,0.25,False,0,0,True,12,,limit_strong,2115.6,中位区,下降,波谷→当前,0.0,False,False,10,-2.31,-0.93,-1.59,-10.11,1.23,2,2026-05-19,-11.81,False,False,False
2026-05-15,2026-05-18,001266.SZ,宏英智能,机械设备,电子/电力设备/机械设备,5.48,3.72,10.57,历史新高,2,新型工业化、自动化设备,多次回流成熟段,抗住且相对强,3.2,False,0,0,False,18,,limit_weak,2115.6,中位区,下降,波谷→当前,0.0,False,False,10,5.11,13.58,5.6,2.86,13.58,5,2026-05-22,-12.04,True,True,False
2026-05-15,2026-05-18,301368.SZ,丰立智能,机械设备,电子/电力设备/机械设备,5.41,3.41,9.99,20日新高,3,人形机器人、减速器、通用设备,多次回流成熟段,抗住且相对强,1.07,True,1,1,False,18,2,limit_medium,2115.6,中位区,下降,波谷→当前,0.0,False,False,10,0.13,0.9,-1.01,-14.34,3.56,2,2026-05-19,-17.28,False,False,False
2026-05-15,2026-05-18,300907.SZ,康平科技,电力设备,电子/电力设备/机械设备,6.44,2.31,9.79,60日新高,1,新型工业化,多次回流成熟段,抗住且相对强,10.97,False,0,0,False,12,,limit_weak,2115.6,中位区,下降,波谷→当前,0.0,False,False,10,5.87,24.39,25.14,30.17,33.68,9,2026-05-28,-2.63,True,True,True
2026-05-15,2026-05-18,002527.SZ,新时达,机械设备,电子/电力设备/机械设备,4.73,3.79,9.21,20日新高,5,人形机器人、减速器、工业母机、新型工业化、自动化设备,多次回流成熟段,抗住且相对强,1.19,True,1,1,False,18,2,limit_medium,2115.6,中位区,下降,波谷→当前,0.0,False,False,10,0.51,1.97,4.88,2.33,4.88,7,2026-05-26,-8.33,False,False,False
2026-05-15,2026-05-18,688686.SH,奥普特,机械设备,电子/电力设备/机械设备,4.79,3.33,8.74,60日新高,1,自动化设备,多次回流成熟段,抗住且相对强,8.91,False,0,0,False,18,,limit_weak,2115.6,中位区,下降,波谷→当前,0.0,False,False,10,10.13,26.1,23.87,22.19,26.1,5,2026-05-22,-3.1,True,True,True
2026-05-15,2026-05-18,301510.SZ,固高科技,机械设备,电子/电力设备/机械设备,3.05,7.8,8.52,1年新高,3,工业母机、新型工业化、自动化设备,多次回流成熟段,抗住且相对强,1.1,False,0,0,False,18,,limit_weak,2115.6,中位区,下降,波谷→当前,0.0,False,False,10,0.56,-2.25,-6.06,-19.19,1.86,2,2026-05-19,-20.66,False,False,False
2026-05-15,2026-05-18,300354.SZ,东华测试,机械设备,电子/电力设备/机械设备,5.67,2.22,8.45,,3,人形机器人、新型工业化、通用设备,多次回流成熟段,抗住且相对强,1.01,True,1,1,False,18,2,limit_medium,2115.6,中位区,下降,波谷→当前,0.0,False,False,10,-0.57,-2.37,-5.81,-15.69,1.37,2,2026-05-19,-16.83,False,False,False
2026-05-15,2026-05-18,603400.SH,华之杰,机械设备,电子/电力设备/机械设备,4.91,2.7,8.07,120日新高,1,通用设备,多次回流成熟段,抗住且相对强,0.78,False,0,0,False,18,,limit_weak,2115.6,中位区,下降,波谷→当前,0.0,False,False,10,0.21,-6.8,-11.94,-21.25,0.83,1,2026-05-18,-21.89,False,False,False
2026-05-15,2026-05-18,603269.SH,海鸥股份,机械设备,电子/电力设备/机械设备,2.8,8.29,8.06,历史新高,1,通用设备,多次回流成熟段,抗住且相对强,2.07,False,0,0,False,18,,limit_weak,2115.6,中位区,下降,波谷→当前,0.0,False,False,10,1.57,6.55,1.48,-0.51,6.55,5,2026-05-22,-6.62,True,False,False
2026-05-15,2026-05-18,300838.SZ,浙江力诺,机械设备,电子/电力设备/机械设备,5.39,2.19,7.98,3年新高,1,通用设备,多次回流成熟段,抗住且相对强,4.72,False,0,0,False,18,,limit_weak,2115.6,中位区,下降,波谷→当前,0.0,False,False,10,7.45,7.3,-3.28,-15.8,8.45,4,2026-05-21,-22.35,True,False,False
2026-05-19,2026-05-20,000988.SZ,华工科技,机械设备,电子/电力设备/机械设备,7.48,218.06,110.46,历史新高,2,钙钛矿电池、高压快充,多次回流成熟段,抗住且相对强,2.93,False,0,0,False,10,,limit_weak,2412.2,中位区,上升,波谷→当前,445.8,True,False,10,-1.32,7.53,4.56,-5.78,8.55,4,2026-05-25,-16.79,True,False,False
2026-05-19,2026-05-20,301021.SZ,英诺激光,机械设备,电子/电力设备/机械设备,15.31,15.99,61.22,历史新高,1,钙钛矿电池,多次回流成熟段,抗住且相对强,0.71,False,0,0,False,10,,limit_weak,2412.2,中位区,上升,波谷→当前,445.8,True,False,10,2.65,-3.41,11.13,7.83,11.13,7,2026-05-28,-2.98,True,True,False
2026-05-19,2026-05-20,000636.SZ,风华高科,电子,电子/电力设备/机械设备,9.99,22.61,47.5,3年新高,3,元件、超级电容、高压快充,d3三次确认、多次回流成熟段,抗住且相对强,2.87,False,0,0,True,16,,limit_strong,2412.2,中位区,上升,波谷→当前,445.8,True,False,10,16.22,28.82,50.26,85.08,85.08,10,2026-06-02,0.0,True,True,True
2026-05-19,2026-05-20,600563.SH,法拉电子,电子,电子/电力设备/机械设备,10.0,19.16,43.77,3年新高,3,元件、超级电容、高压快充,d3三次确认、多次回流成熟段,抗住且相对强,7.83,False,0,0,True,16,,limit_strong,2412.2,中位区,上升,波谷→当前,445.8,True,False,10,18.02,10.1,19.76,12.38,19.76,7,2026-05-28,-12.65,True,True,False
2026-05-19,2026-05-20,300274.SZ,阳光电源,电力设备,电子/电力设备/机械设备,3.37,159.67,42.58,20日新高,1,虚拟电厂,多次回流成熟段,抗住且相对强,5.38,False,0,0,False,4,,limit_weak,2412.2,中位区,上升,波谷→当前,445.8,True,False,10,4.53,13.73,20.78,9.73,20.78,7,2026-05-28,-9.15,True,True,True
2026-05-19,2026-05-20,600353.SH,旭光电子,电子,电子/电力设备/机械设备,9.99,15.38,39.18,历史新高,1,虚拟电厂,多次回流成熟段,抗住且相对强,0.76,False,0,0,False,16,,limit_weak,2412.2,中位区,上升,波谷→当前,445.8,True,False,10,1.29,-3.1,2.8,-0.04,6.59,6,2026-05-27,-10.26,True,False,False
2026-05-19,2026-05-20,002782.SZ,可立克,电子,电子/电力设备/机械设备,10.01,7.92,28.17,20日新高,1,高压快充,多次回流成熟段,抗住且相对强,7.83,False,0,0,True,16,,limit_strong,2412.2,中位区,上升,波谷→当前,445.8,True,False,10,4.64,3.44,8.59,-4.42,10.0,1,2026-05-20,-13.11,True,True,False
2026-05-19,2026-05-20,002169.SZ,智光电气,电力设备,电子/电力设备/机械设备,8.18,11.08,27.23,20日新高,2,电网设备、虚拟电厂,多次回流成熟段,抗住且相对强,9.16,False,0,0,False,4,,limit_weak,2412.2,中位区,上升,波谷→当前,445.8,True,False,10,16.05,12.61,12.24,-3.51,16.05,3,2026-05-22,-16.85,True,True,False
2026-05-19,2026-05-20,603989.SH,艾华集团,电子,电子/电力设备/机械设备,10.0,6.31,25.12,3年新高,2,元件、高压快充,多次回流成熟段,抗住且相对强,4.07,False,0,0,True,16,,limit_strong,2412.2,中位区,上升,波谷→当前,445.8,True,False,10,17.44,31.2,58.76,31.16,58.76,7,2026-05-28,-17.39,True,True,True
2026-05-19,2026-05-20,300843.SZ,胜蓝股份,电子,电子/电力设备/机械设备,6.02,8.04,17.07,历史新高,1,高压快充,多次回流成熟段,抗住且相对强,1.3,False,0,0,False,16,,limit_weak,2412.2,中位区,上升,波谷→当前,445.8,True,False,10,-4.47,-9.52,-7.12,-16.09,3.47,1,2026-05-20,-19.87,False,False,False
2026-05-19,2026-05-20,300623.SZ,捷捷微电,电子,电子/电力设备/机械设备,4.52,13.69,16.72,20日新高,1,高压快充,多次回流成熟段,抗住且相对强,1.3,False,0,0,False,16,,limit_weak,2412.2,中位区,上升,波谷→当前,445.8,True,False,10,2.47,7.34,13.92,-0.76,13.92,7,2026-05-28,-12.88,True,True,False
2026-05-19,2026-05-20,301018.SZ,申菱环境,机械设备,电子/电力设备/机械设备,3.83,16.65,15.63,历史新高,1,高压快充,多次回流成熟段,抗住且相对强,12.82,False,0,0,False,10,,limit_weak,2412.2,中位区,上升,波谷→当前,445.8,True,False,10,16.5,8.49,7.27,-31.49,16.5,3,2026-05-22,-41.19,True,True,False
2026-05-19,2026-05-20,603191.SH,望变电气,电力设备,电子/电力设备/机械设备,4.06,9.94,12.8,20日新高,1,电网设备,多次回流成熟段,抗住且相对强,0.01,False,0,0,False,4,,limit_weak,2412.2,中位区,上升,波谷→当前,445.8,True,False,10,-5.85,-10.14,-10.53,-8.88,0.87,1,2026-05-20,-11.6,False,False,False
2026-05-19,2026-05-20,688663.SH,新风光,电力设备,电子/电力设备/机械设备,4.11,8.57,12.03,历史新高,1,电网设备,多次回流成熟段,抗住且相对强,0.4,False,0,0,False,4,,limit_weak,2412.2,中位区,上升,波谷→当前,445.8,True,False,10,-4.85,-7.0,-5.07,-10.63,1.26,1,2026-05-20,-11.74,False,False,False
2026-05-19,2026-05-20,688390.SH,固德威,电力设备,电子/电力设备/机械设备,3.29,10.91,10.87,2年新高,1,虚拟电厂,多次回流成熟段,抗住且相对强,10.2,False,0,0,False,4,,limit_weak,2412.2,中位区,上升,波谷→当前,445.8,True,False,10,9.68,7.21,15.45,8.23,15.45,7,2026-05-28,-6.25,True,True,False
2026-05-20,2026-05-21,603986.SH,兆易创新,电子,电子/电力设备/机械设备,10.0,265.24,162.86,历史新高,2,半导体、存储芯片,多次回流成熟段,补跌但相对强,0.74,False,0,0,False,0,,limit_weak,2096.8,中位区,下降,波谷→当前,130.4,True,False,10,15.86,15.54,4.94,10.61,18.25,4,2026-05-26,-11.25,True,True,False
2026-05-20,2026-05-21,600584.SH,长电科技,电子,电子/电力设备/机械设备,8.9,186.83,121.65,历史新高,2,半导体、存储芯片,多次回流成熟段,抗住且相对强,4.63,False,0,0,False,0,,limit_weak,2096.8,中位区,下降,波谷→当前,130.4,True,False,10,21.07,30.11,23.91,21.01,33.18,4,2026-05-26,-14.56,True,True,True
2026-05-20,2026-05-21,301013.SZ,利和兴,机械设备,电子/电力设备/机械设备,20.0,22.12,94.06,120日新高,1,存储芯片,多次回流成熟段,补跌但相对强,0.66,False,0,0,False,0,,limit_weak,2096.8,中位区,下降,波谷→当前,130.4,True,False,10,18.34,20.76,21.95,48.73,48.73,10,2026-06-03,0.0,True,True,True
2026-05-20,2026-05-21,300274.SZ,阳光电源,电力设备,电子/电力设备/机械设备,6.24,192.99,86.69,20日新高,1,光伏设备,多次回流成熟段,补跌但相对强,1.88,False,0,0,False,0,,limit_weak,2096.8,中位区,下降,波谷→当前,130.4,True,False,10,0.02,10.1,6.45,2.15,13.69,6,2026-05-28,-10.15,True,True,False
2026-05-20,2026-05-21,300604.SZ,长川科技,电子,电子/电力设备/机械设备,7.82,90.49,74.39,历史新高,3,半导体、半导体设备、存储芯片,d3三次确认、多次回流成熟段,补跌但相对强,0.88,False,0,0,False,0,,limit_weak,2096.8,中位区,下降,波谷→当前,130.4,True,False,10,2.67,-8.84,-12.74,-11.31,2.67,3,2026-05-25,-17.89,False,False,False
2026-05-20,2026-05-21,002156.SZ,通富微电,电子,电子/电力设备/机械设备,5.81,122.88,64.4,历史新高,2,半导体、存储芯片,多次回流成熟段,补跌但相对强,2.86,False,0,0,False,0,,limit_weak,2096.8,中位区,下降,波谷→当前,130.4,True,False,10,12.04,14.84,5.97,12.75,21.05,4,2026-05-26,-18.57,True,True,True
2026-05-20,2026-05-21,002371.SZ,北方华创,电子,电子/电力设备/机械设备,5.86,105.21,60.11,历史新高,3,半导体、半导体设备、存储芯片,d3三次确认、多次回流成熟段,抗住且相对强,4.76,False,0,0,False,0,,limit_weak,2096.8,中位区,下降,波谷→当前,130.4,True,False,10,6.43,-0.19,-3.98,-6.27,6.43,3,2026-05-25,-15.51,True,False,False
2026-05-20,2026-05-21,300672.SZ,国科微,电子,电子/电力设备/机械设备,10.23,32.58,58.39,历史新高,2,半导体、存储芯片,多次回流成熟段,补跌但相对强,1.85,False,0,0,False,0,,limit_weak,2096.8,中位区,下降,波谷→当前,130.4,True,False,10,25.84,32.56,24.24,14.77,32.56,5,2026-05-27,-13.42,True,True,True
2026-05-20,2026-05-21,002709.SZ,天赐材料,电力设备,电子/电力设备/机械设备,6.54,78.28,57.86,,4,固态电池、电池、电池化学品、钠离子电池,d3三次确认、久违回流/成熟重启,补跌但相对强,2.47,False,0,0,False,0,,limit_weak,2096.8,中位区,下降,波谷→当前,130.4,True,False,10,-8.5,-7.83,-10.29,-11.55,0.14,2,2026-05-22,-11.67,False,False,False
2026-05-20,2026-05-21,002008.SZ,大族激光,机械设备,电子/电力设备/机械设备,5.51,88.17,51.74,,3,光刻机、固态电池、存储芯片,久违回流/成熟重启、多次回流成熟段,补跌但相对强,1.13,False,0,0,False,0,,limit_weak,2096.8,中位区,下降,波谷→当前,130.4,True,False,10,-1.6,-9.15,-8.78,-9.64,1.2,2,2026-05-22,-14.61,False,False,False
2026-05-20,2026-05-21,605117.SH,德业股份,电力设备,电子/电力设备/机械设备,7.66,44.37,51.02,历史新高,1,光伏设备,多次回流成熟段,补跌但相对强,2.35,False,0,0,False,0,,limit_weak,2096.8,中位区,下降,波谷→当前,130.4,True,False,10,-30.25,-27.87,-31.86,-32.04,0.0,0,2026-05-20,-34.53,False,False,False
2026-05-20,2026-05-21,300568.SZ,星源材质,电力设备,电子/电力设备/机械设备,8.82,31.69,49.65,3年新高,4,固态电池、电池、电池化学品、钠离子电池,d3三次确认、久违回流/成熟重启,补跌但相对强,0.18,False,0,0,False,0,,limit_weak,2096.8,中位区,下降,波谷→当前,130.4,True,False,10,-5.04,-6.63,-13.36,-13.96,0.0,0,2026-05-20,-13.96,False,False,False
2026-05-20,2026-05-21,603005.SH,晶方科技,电子,电子/电力设备/机械设备,10.01,24.24,49.28,1年新高,3,光刻机、光刻胶、半导体,多次回流成熟段,补跌但相对强,1.73,False,0,0,False,0,,limit_weak,2096.8,中位区,下降,波谷→当前,130.4,True,False,10,16.98,16.87,11.52,10.14,23.91,6,2026-05-28,-17.26,True,True,True
2026-05-20,2026-05-21,603186.SH,华正新材,电子,电子/电力设备/机械设备,10.0,17.57,41.92,历史新高,1,固态电池,久违回流/成熟重启,补跌但相对强,2.45,False,0,0,False,0,,limit_weak,2096.8,中位区,下降,波谷→当前,130.4,True,False,10,15.14,12.77,15.89,3.97,16.33,4,2026-05-26,-10.63,True,True,False
2026-05-20,2026-05-21,688082.SH,盛美上海,电子,电子/电力设备/机械设备,7.05,34.39,41.34,60日新高,3,半导体、半导体设备、存储芯片,d3三次确认、多次回流成熟段,抗住且相对强,4.66,False,0,0,False,0,,limit_weak,2096.8,中位区,下降,波谷→当前,130.4,True,False,10,19.14,14.39,8.71,20.06,21.98,4,2026-05-26,-16.28,True,True,True
2026-05-20,2026-05-21,000636.SZ,风华高科,电子,电子/电力设备/机械设备,5.04,59.2,38.78,3年新高,1,超级电容,多次回流成熟段,抗住且相对强,4.28,False,0,0,False,0,,limit_weak,2096.8,中位区,下降,波谷→当前,130.4,True,False,10,21.71,30.06,55.97,78.06,78.06,10,2026-06-03,0.0,True,True,True
2026-05-20,2026-05-21,600563.SH,法拉电子,电子,电子/电力设备/机械设备,10.0,12.4,35.21,3年新高,1,超级电容,多次回流成熟段,补跌但相对强,1.23,False,0,0,False,0,,limit_weak,2096.8,中位区,下降,波谷→当前,130.4,True,False,10,6.2,4.93,2.17,-0.84,8.88,6,2026-05-28,-12.65,True,False,False
2026-05-20,2026-05-21,001301.SZ,尚太科技,电力设备,电子/电力设备/机械设备,9.1,13.91,33.94,20日新高,2,电池、电池化学品,d3三次确认、久违回流/成熟重启,抗住且相对强,5.25,False,0,0,False,0,,limit_weak,2096.8,中位区,下降,波谷→当前,130.4,True,False,10,1.27,7.04,0.16,11.49,11.49,10,2026-06-03,0.0,True,True,False
2026-05-20,2026-05-21,301421.SZ,波长光电,电子,电子/电力设备/机械设备,7.48,16.36,30.25,60日新高,1,光刻机,多次回流成熟段,抗住且相对强,5.65,False,0,0,False,0,,limit_weak,2096.8,中位区,下降,波谷→当前,130.4,True,False,10,12.65,-7.91,-17.53,-21.69,12.65,3,2026-05-25,-32.11,True,True,False
2026-05-20,2026-05-21,300655.SZ,晶瑞电材,电子,电子/电力设备/机械设备,6.29,22.88,30.09,20日新高,2,光刻胶、存储芯片,多次回流成熟段,补跌但相对强,0.01,False,0,0,False,0,,limit_weak,2096.8,中位区,下降,波谷→当前,130.4,True,False,10,2.76,-3.74,-13.51,-16.32,2.76,3,2026-05-25,-18.9,False,False,False
2026-05-20,2026-05-21,688362.SH,甬矽电子,电子,电子/电力设备/机械设备,6.59,20.36,29.74,历史新高,1,半导体,多次回流成熟段,补跌但相对强,0.13,False,0,0,False,0,,limit_weak,2096.8,中位区,下降,波谷→当前,130.4,True,False,10,23.24,25.7,16.84,11.24,37.87,4,2026-05-26,-21.06,True,True,True
2026-05-20,2026-05-21,603690.SH,至纯科技,电子,电子/电力设备/机械设备,6.92,16.61,28.2,60日新高,3,半导体、半导体设备、存储芯片,d3三次确认、多次回流成熟段,补跌但相对强,0.89,False,0,0,False,0,,limit_weak,2096.8,中位区,下降,波谷→当前,130.4,True,False,10,-0.48,-10.02,-19.74,-17.39,0.0,0,2026-05-20,-21.0,False,False,False
2026-05-20,2026-05-21,688012.SH,中微公司,电子,电子/电力设备/机械设备,2.26,141.71,26.9,历史新高,3,半导体、半导体设备、存储芯片,d3三次确认、多次回流成熟段,补跌但相对强,0.73,False,0,0,False,0,,limit_weak,2096.8,中位区,下降,波谷→当前,130.4,True,False,10,-1.03,-7.2,-39.29,-41.69,0.0,0,2026-05-20,-44.32,False,False,False
2026-05-20,2026-05-21,300037.SZ,新宙邦,电力设备,电子/电力设备/机械设备,4.99,26.18,25.53,,5,固态电池、电池、电池化学品、超级电容、钠离子电池,d3三次确认、久违回流/成熟重启、多次回流成熟段,补跌但相对强,0.91,False,0,0,False,0,,limit_weak,2096.8,中位区,下降,波谷→当前,130.4,True,False,10,0.71,10.0,8.41,4.59,17.64,6,2026-05-28,-11.2,True,True,False
2026-05-20,2026-05-21,605111.SH,新洁能,电子,电子/电力设备/机械设备,5.97,17.63,25.07,3年新高,1,半导体,多次回流成熟段,补跌但相对强,1.79,False,0,0,False,0,,limit_weak,2096.8,中位区,下降,波谷→当前,130.4,True,False,10,16.84,26.96,23.1,19.5,28.44,6,2026-05-28,-10.78,True,True,True
2026-05-20,2026-05-21,300769.SZ,德方纳米,电力设备,电子/电力设备/机械设备,4.28,29.04,23.06,,3,固态电池、电池、电池化学品,d3三次确认、久违回流/成熟重启,抗住且相对强,3.24,False,0,0,False,0,,limit_weak,2096.8,中位区,下降,波谷→当前,130.4,True,False,10,-5.43,-7.45,-10.42,-13.17,0.27,1,2026-05-21,-13.41,False,False,False
2026-05-20,2026-05-21,002150.SZ,正泰电源,机械设备,电子/电力设备/机械设备,5.11,19.91,22.8,20日新高,1,光伏设备,多次回流成熟段,补跌但相对强,1.37,False,0,0,False,0,,limit_weak,2096.8,中位区,下降,波谷→当前,130.4,True,False,10,-2.91,3.2,-8.35,-14.98,3.2,5,2026-05-27,-17.62,False,False,False
2026-05-20,2026-05-21,603989.SH,艾华集团,电子,电子/电力设备/机械设备,6.24,11.34,21.01,3年新高,1,固态电池,久违回流/成熟重启,抗住且相对强,4.2,False,0,0,False,0,,limit_weak,2096.8,中位区,下降,波谷→当前,130.4,True,False,10,19.41,35.86,39.28,21.12,49.44,6,2026-05-28,-18.95,True,True,True
2026-05-20,2026-05-21,002077.SZ,大港股份,电子,电子/电力设备/机械设备,5.1,14.01,19.09,60日新高,2,半导体、存储芯片,多次回流成熟段,补跌但相对强,0.69,False,0,0,False,0,,limit_weak,2096.8,中位区,下降,波谷→当前,130.4,True,False,10,3.44,0.6,-7.31,-6.98,3.44,3,2026-05-25,-11.28,False,False,False
2026-05-20,2026-05-21,603375.SH,盛景微,电子,电子/电力设备/机械设备,10.0,3.37,18.36,2年新高,2,半导体、存储芯片,多次回流成熟段,补跌但相对强,0.39,False,0,0,False,0,,limit_weak,2096.8,中位区,下降,波谷→当前,130.4,True,False,10,3.43,-3.0,-7.4,-6.03,3.43,3,2026-05-25,-14.95,False,False,False
2026-05-22,2026-05-25,600183.SH,生益科技,电子,电子/电力设备/机械设备,10.0,71.06,84.3,历史新高,1,元件,多次回流成熟段,抗住且相对强,3.09,False,0,0,True,11,,limit_strong,2421.2,震荡区间,震荡,当前震荡区间,-553.2,False,False,9,21.99,30.19,30.61,,,,,,False,False,False
2026-05-22,2026-05-25,002916.SZ,深南电路,电子,电子/电力设备/机械设备,10.0,55.85,74.73,历史新高,1,元件,多次回流成熟段,抗住且相对强,0.95,False,0,0,False,11,,limit_weak,2421.2,震荡区间,震荡,当前震荡区间,-553.2,False,False,9,4.7,8.76,5.43,,,,,,False,False,False
2026-05-22,2026-05-25,688260.SH,昀冢科技,电子,电子/电力设备/机械设备,20.0,10.47,64.71,历史新高,1,MLCC,d1新启动,抗住且相对强,3.5,False,0,0,False,11,,limit_weak,2421.2,震荡区间,震荡,当前震荡区间,-553.2,False,False,9,16.59,23.08,26.67,,,,,,False,False,False
2026-05-22,2026-05-25,603228.SH,景旺电子,电子,电子/电力设备/机械设备,10.0,36.57,60.47,120日新高,1,元件,多次回流成熟段,抗住且相对强,0.57,False,0,0,True,11,,limit_strong,2421.2,震荡区间,震荡,当前震荡区间,-553.2,False,False,9,-0.06,-4.02,-8.39,,,,,,False,False,False
2026-05-25,2026-05-26,688347.SH,华虹公司,电子,电子/电力设备/机械设备,20.0,99.77,199.77,历史新高,3,半导体、存储芯片、芯片,久违回流/成熟重启、多次回流成熟段,抗住且相对强,4.33,True,9,11,True,113,1,limit_strong,2382.4,震荡区间,震荡,当前震荡区间,-97.4,False,False,8,16.22,3.77,8.58,,,,,,False,False,False
2026-05-25,2026-05-26,603986.SH,兆易创新,电子,电子/电力设备/机械设备,10.0,293.88,171.43,历史新高,4,MCU芯片、半导体、存储芯片、芯片,久违回流/成熟重启、多次回流成熟段,抗住且相对强,2.84,True,9,11,False,113,1,limit_strong,2382.4,震荡区间,震荡,当前震荡区间,-97.4,False,False,8,-6.32,-9.23,-4.53,,,,,,False,False,False
2026-05-25,2026-05-26,688072.SH,拓荆科技,电子,电子/电力设备/机械设备,16.86,97.23,166.25,历史新高,5,先进封装、半导体、半导体设备、存储芯片、芯片,久违回流/成熟重启、多次回流成熟段,抗住且相对强,4.8,True,9,20,False,113,1,limit_strong,2382.4,震荡区间,震荡,当前震荡区间,-97.4,False,False,8,-6.71,-19.09,-14.63,,,,,,False,False,False
2026-05-25,2026-05-26,688256.SH,寒武纪,电子,电子/电力设备/机械设备,9.37,240.28,145.24,,3,先进封装、半导体、芯片,久违回流/成熟重启、多次回流成熟段,抗住且相对强,1.1,True,9,19,False,113,1,limit_strong,2382.4,震荡区间,震荡,当前震荡区间,-97.4,False,False,8,-1.07,-11.98,-2.02,,,,,,False,False,False
2026-05-25,2026-05-26,600584.SH,长电科技,电子,电子/电力设备/机械设备,10.0,210.49,145.08,历史新高,5,先进封装、共封装光学(CPO)、半导体、存储芯片、芯片,久违回流/成熟重启、多次回流成熟段,抗住且相对强,10.78,True,9,27,True,113,1,limit_strong,2382.4,震荡区间,震荡,当前震荡区间,-97.4,False,False,8,5.7,-5.64,-0.05,,,,,,False,False,False
2026-05-25,2026-05-26,688820.SH,盛合晶微,电子,电子/电力设备/机械设备,13.82,95.84,135.29,历史新高,4,先进封装、半导体、存储芯片、芯片,久违回流/成熟重启、多次回流成熟段,抗住且相对强,7.82,True,9,20,False,113,1,limit_strong,2382.4,震荡区间,震荡,当前震荡区间,-97.4,False,False,8,0.5,-16.4,-12.66,,,,,,False,False,False
2026-05-25,2026-05-26,000988.SZ,华工科技,机械设备,电子/电力设备/机械设备,10.0,178.98,133.78,历史新高,8,3D打印、PCB、先进封装、共封装光学(CPO)、存储芯片、芯片、铜缆高速连接、高压快充,久违回流/成熟重启、多次回流成熟段,补跌但相对强,0.62,True,9,20,True,88,3,limit_strong,2382.4,震荡区间,震荡,当前震荡区间,-97.4,False,False,8,-3.67,-16.79,-10.21,,,,,,False,False,False
2026-05-25,2026-05-26,002156.SZ,通富微电,电子,电子/电力设备/机械设备,9.99,153.43,123.74,历史新高,5,先进封装、共封装光学(CPO)、半导体、存储芯片、芯片,久违回流/成熟重启、多次回流成熟段,抗住且相对强,8.82,True,9,27,True,113,1,limit_strong,2382.4,震荡区间,震荡,当前震荡区间,-97.4,False,False,8,-0.69,-12.02,0.63,,,,,,False,False,False
2026-05-25,2026-05-26,688082.SH,盛美上海,电子,电子/电力设备/机械设备,17.75,45.93,120.29,历史新高,5,先进封装、半导体、半导体设备、存储芯片、芯片,久违回流/成熟重启、多次回流成熟段,抗住且相对强,3.16,True,9,20,False,113,1,limit_strong,2382.4,震荡区间,震荡,当前震荡区间,-97.4,False,False,8,-2.84,-14.28,0.77,,,,,,False,False,False
2026-05-25,2026-05-26,688362.SH,甬矽电子,电子,电子/电力设备/机械设备,20.0,33.41,115.6,历史新高,4,MCU芯片、先进封装、半导体、芯片,久违回流/成熟重启、多次回流成熟段,抗住且相对强,12.65,True,9,19,True,113,1,limit_strong,2382.4,震荡区间,震荡,当前震荡区间,-97.4,False,False,8,9.7,-11.69,-9.74,,,,,,False,False,False
2026-05-25,2026-05-26,300975.SZ,商络电子,电子,电子/电力设备/机械设备,20.0,28.19,106.19,历史新高,4,MCU芯片、MLCC、存储芯片、芯片,d2二次回流、久违回流/成熟重启、多次回流成熟段,抗住且相对强,6.99,True,1,2,True,113,1,limit_strong,2382.4,震荡区间,震荡,当前震荡区间,-97.4,False,False,8,37.24,40.75,56.03,,,,,,False,False,False
2026-05-25,2026-05-26,300593.SZ,新雷能,电力设备,电子/电力设备/机械设备,17.05,34.42,100.03,3年新高,1,芯片,久违回流/成熟重启,抗住且相对强,4.2,True,1,1,False,29,7,limit_medium,2382.4,震荡区间,震荡,当前震荡区间,-97.4,False,False,8,-3.1,-9.74,-9.36,,,,,,False,False,False
2026-05-25,2026-05-26,300672.SZ,国科微,电子,电子/电力设备/机械设备,12.29,61.47,96.36,历史新高,3,半导体、存储芯片、芯片,久违回流/成熟重启、多次回流成熟段,补跌但相对强,0.4,True,9,11,False,113,1,limit_strong,2382.4,震荡区间,震荡,当前震荡区间,-97.4,False,False,8,4.59,-6.19,-8.8,,,,,,False,False,False
2026-05-25,2026-05-26,000021.SZ,深科技,电子,电子/电力设备/机械设备,9.06,94.37,88.01,历史新高,6,先进封装、共封装光学(CPO)、存储芯片、消费电子、芯片、超级电容,久违回流/成熟重启、多次回流成熟段,抗住且相对强,4.67,True,9,18,False,113,1,limit_strong,2382.4,震荡区间,震荡,当前震荡区间,-97.4,False,False,8,3.65,-11.47,-6.93,,,,,,False,False,False
2026-05-25,2026-05-26,300602.SZ,飞荣达,电子,电子/电力设备/机械设备,15.24,32.07,86.3,历史新高,4,MR(混合现实)、共封装光学(CPO)、华为手机、消费电子,久违回流/成熟重启、多次回流成熟段,抗住且相对强,2.72,True,7,7,False,113,6,limit_strong,2382.4,震荡区间,震荡,当前震荡区间,-97.4,False,False,8,6.93,-2.79,-7.89,,,,,,False,False,False
2026-05-25,2026-05-26,002463.SZ,沪电股份,电子,电子/电力设备/机械设备,7.43,121.17,81.79,历史新高,2,PCB、芯片,久违回流/成熟重启,抗住且相对强,9.61,True,2,3,False,113,1,limit_strong,2382.4,震荡区间,震荡,当前震荡区间,-97.4,False,False,8,8.58,-0.02,5.92,,,,,,False,False,False
2026-05-25,2026-05-26,600183.SH,生益科技,电子,电子/电力设备/机械设备,7.88,91.02,75.18,历史新高,5,PCB、先进封装、共封装光学(CPO)、存储芯片、芯片,久违回流/成熟重启、多次回流成熟段,抗住且相对强,10.78,True,9,20,False,113,1,limit_strong,2382.4,震荡区间,震荡,当前震荡区间,-97.4,False,False,8,16.41,16.4,21.09,,,,,,False,False,False
2026-05-25,2026-05-26,002185.SZ,华天科技,电子,电子/电力设备/机械设备,9.98,48.35,69.4,3年新高,5,先进封装、共封装光学(CPO)、半导体、存储芯片、芯片,久违回流/成熟重启、多次回流成熟段,抗住且相对强,10.8,True,9,27,True,113,1,limit_strong,2382.4,震荡区间,震荡,当前震荡区间,-97.4,False,False,8,26.64,8.6,12.91,,,,,,False,False,False
2026-05-25,2026-05-26,300735.SZ,光弘科技,电子,电子/电力设备/机械设备,18.01,14.74,69.15,20日新高,3,MCU芯片、华为手机、消费电子,久违回流/成熟重启、多次回流成熟段,抗住且相对强,1.6,False,0,0,False,113,,limit_weak,2382.4,震荡区间,震荡,当前震荡区间,-97.4,False,False,8,1.52,-9.52,-10.55,,,,,,False,False,False
2026-05-25,2026-05-26,603005.SH,晶方科技,电子,电子/电力设备/机械设备,9.99,45.1,67.09,3年新高,4,先进封装、光刻胶、半导体、芯片,久违回流/成熟重启、多次回流成熟段,抗住且相对强,5.54,True,9,19,True,113,1,limit_strong,2382.4,震荡区间,震荡,当前震荡区间,-97.4,False,False,8,5.92,-12.36,-5.85,,,,,,False,False,False
2026-05-25,2026-05-26,002436.SZ,兴森科技,电子,电子/电力设备/机械设备,7.62,74.18,65.63,历史新高,5,PCB、先进封装、共封装光学(CPO)、存储芯片、芯片,久违回流/成熟重启、多次回流成熟段,补跌但相对强,0.75,True,9,20,False,113,1,limit_strong,2382.4,震荡区间,震荡,当前震荡区间,-97.4,False,False,8,-4.67,1.31,4.46,,,,,,False,False,False
2026-05-25,2026-05-26,300373.SZ,扬杰科技,电子,电子/电力设备/机械设备,10.26,40.87,65.59,历史新高,4,半导体、芯片、英伟达、高压快充,久违回流/成熟重启、多次回流成熟段,抗住且相对强,3.57,True,9,10,False,113,1,limit_strong,2382.4,震荡区间,震荡,当前震荡区间,-97.4,False,False,8,20.01,4.21,11.11,,,,,,False,False,False
2026-05-25,2026-05-26,601138.SH,工业富联,电子,电子/电力设备/机械设备,4.68,184.56,63.58,,4,共封装光学(CPO)、消费电子、芯片、英伟达,久违回流/成熟重启,补跌但相对强,0.32,True,7,8,False,113,1,limit_strong,2382.4,震荡区间,震荡,当前震荡区间,-97.4,False,False,8,6.69,4.91,15.29,,,,,,False,False,False
2026-05-25,2026-05-26,002851.SZ,麦格米特,电力设备,电子/电力设备/机械设备,10.0,39.27,62.67,,5,芯片、英伟达、超级电容、风电、高压快充,久违回流/成熟重启、多次回流成熟段,抗住且相对强,4.78,True,2,3,True,29,5,limit_strong,2382.4,震荡区间,震荡,当前震荡区间,-97.4,False,False,8,2.36,1.62,19.36,,,,,,False,False,False
2026-05-25,2026-05-26,301563.SZ,云汉芯城,电子,电子/电力设备/机械设备,16.67,11.86,57.41,120日新高,5,MCU芯片、MLCC、PCB、存储芯片、芯片,d2二次回流、久违回流/成熟重启、多次回流成熟段,补跌但相对强,0.67,True,2,4,False,113,1,limit_strong,2382.4,震荡区间,震荡,当前震荡区间,-97.4,False,False,8,21.54,-11.62,3.2,,,,,,False,False,False
2026-05-25,2026-05-26,002938.SZ,鹏鼎控股,电子,电子/电力设备/机械设备,10.0,23.9,48.89,历史新高,2,PCB、共封装光学(CPO),久违回流/成熟重启,抗住且相对强,2.25,True,7,9,True,113,6,limit_strong,2382.4,震荡区间,震荡,当前震荡区间,-97.4,False,False,8,-7.28,-9.6,-5.27,,,,,,False,False,False
2026-05-25,2026-05-26,688352.SH,颀中科技,电子,电子/电力设备/机械设备,15.67,9.43,48.12,3年新高,4,MCU芯片、先进封装、半导体、芯片,久违回流/成熟重启、多次回流成熟段,抗住且相对强,10.23,True,9,19,False,113,1,limit_strong,2382.4,震荡区间,震荡,当前震荡区间,-97.4,False,False,8,7.61,24.61,32.33,,,,,,False,False,False
2026-05-25,2026-05-26,688172.SH,燕东微,电子,电子/电力设备/机械设备,11.47,17.24,47.62,历史新高,3,MCU芯片、半导体、芯片,久违回流/成熟重启、多次回流成熟段,抗住且相对强,5.78,True,9,10,False,113,1,limit_strong,2382.4,震荡区间,震荡,当前震荡区间,-97.4,False,False,8,28.71,4.84,9.04,,,,,,False,False,False
2026-05-25,2026-05-26,002916.SZ,深南电路,电子,电子/电力设备/机械设备,5.74,64.73,46.18,历史新高,4,PCB、先进封装、存储芯片、芯片,久违回流/成熟重启、多次回流成熟段,抗住且相对强,5.66,True,9,13,False,113,1,limit_strong,2382.4,震荡区间,震荡,当前震荡区间,-97.4,False,False,8,-0.43,-5.0,-4.5,,,,,,False,False,False
2026-05-25,2026-05-26,002056.SZ,横店东磁,电力设备,电子/电力设备/机械设备,10.01,20.69,45.53,20日新高,2,BC电池、MLCC,d2二次回流,抗住且相对强,5.17,False,0,0,True,29,,limit_strong,2382.4,震荡区间,震荡,当前震荡区间,-97.4,False,False,8,20.35,8.57,22.71,,,,,,False,False,False
2026-05-25,2026-05-26,688120.SH,华海清科,电子,电子/电力设备/机械设备,6.78,39.97,42.86,,5,先进封装、半导体、半导体设备、存储芯片、芯片,久违回流/成熟重启、多次回流成熟段,补跌但相对强,0.72,True,9,20,False,113,1,limit_strong,2382.4,震荡区间,震荡,当前震荡区间,-97.4,False,False,8,-6.95,-17.05,-15.98,,,,,,False,False,False
2026-05-25,2026-05-26,603228.SH,景旺电子,电子,电子/电力设备/机械设备,5.36,61.9,42.17,历史新高,4,PCB、共封装光学(CPO)、华为手机、英伟达,久违回流/成熟重启、多次回流成熟段,抗住且相对强,1.45,True,7,9,False,113,6,limit_strong,2382.4,震荡区间,震荡,当前震荡区间,-97.4,False,False,8,-6.56,-17.17,-14.54,,,,,,False,False,False
2026-05-25,2026-05-26,688720.SH,艾森股份,电子,电子/电力设备/机械设备,12.76,10.91,42.15,,6,PCB、先进封装、光刻胶、半导体、存储芯片、芯片,久违回流/成熟重启、多次回流成熟段,抗住且相对强,5.51,True,9,22,False,113,1,limit_strong,2382.4,震荡区间,震荡,当前震荡区间,-97.4,False,False,8,-1.93,-16.49,-14.47,,,,,,False,False,False
2026-05-25,2026-05-26,688469.SH,芯联集成-U,电子,电子/电力设备/机械设备,8.27,25.27,41.57,,4,MCU芯片、半导体、特高压、芯片,久违回流/成熟重启、多次回流成熟段,抗住且相对强,1.39,True,9,10,False,113,1,limit_strong,2382.4,震荡区间,震荡,当前震荡区间,-97.4,False,False,8,8.85,-7.03,-5.82,,,,,,False,False,False
2026-05-25,2026-05-26,002552.SZ,宝鼎科技,机械设备,电子/电力设备/机械设备,9.99,15.7,39.58,历史新高,1,PCB,久违回流/成熟重启,抗住且相对强,11.56,True,2,2,True,88,8,limit_strong,2382.4,震荡区间,震荡,当前震荡区间,-97.4,False,False,8,26.89,32.26,35.78,,,,,,False,False,False
2026-05-25,2026-05-26,603936.SH,博敏电子,电子,电子/电力设备/机械设备,10.0,15.08,38.83,3年新高,4,PCB、先进封装、共封装光学(CPO)、存储芯片,久违回流/成熟重启、多次回流成熟段,抗住且相对强,6.37,True,9,19,True,113,3,limit_strong,2382.4,震荡区间,震荡,当前震荡区间,-97.4,False,False,8,2.29,-10.02,-12.64,,,,,,False,False,False
2026-05-25,2026-05-26,300322.SZ,硕贝德,电子,电子/电力设备/机械设备,8.82,18.56,38.0,,3,先进封装、消费电子、芯片,久违回流/成熟重启,抗住且相对强,1.77,True,9,10,False,113,1,limit_strong,2382.4,震荡区间,震荡,当前震荡区间,-97.4,False,False,8,4.88,-13.64,-15.95,,,,,,False,False,False
2026-05-25,2026-05-26,300868.SZ,杰美特,电子,电子/电力设备/机械设备,20.0,3.32,36.44,历史新高,1,消费电子,久违回流/成熟重启,抗住且相对强,2.11,False,0,0,True,113,,limit_strong,2382.4,震荡区间,震荡,当前震荡区间,-97.4,False,False,8,-3.45,-12.22,-2.83,,,,,,False,False,False
2026-05-25,2026-05-26,300476.SZ,胜宏科技,电子,电子/电力设备/机械设备,2.13,275.43,35.35,历史新高,4,PCB、共封装光学(CPO)、芯片、英伟达,久违回流/成熟重启,抗住且相对强,3.24,True,7,10,False,113,1,limit_strong,2382.4,震荡区间,震荡,当前震荡区间,-97.4,False,False,8,-2.14,-10.73,-7.84,,,,,,False,False,False
2026-05-25,2026-05-26,002741.SZ,光华科技,电子,电子/电力设备/机械设备,10.02,12.28,35.11,3年新高,4,PCB、先进封装、共封装光学(CPO)、芯片,久违回流/成熟重启,抗住且相对强,1.6,True,9,19,True,113,1,limit_strong,2382.4,震荡区间,震荡,当前震荡区间,-97.4,False,False,8,11.68,-1.97,1.15,,,,,,False,False,False
2026-05-25,2026-05-26,300054.SZ,鼎龙股份,电子,电子/电力设备/机械设备,5.48,38.91,34.18,,4,先进封装、光刻胶、存储芯片、芯片,久违回流/成熟重启、多次回流成熟段,抗住且相对强,4.09,True,9,11,False,113,1,limit_strong,2382.4,震荡区间,震荡,当前震荡区间,-97.4,False,False,8,-3.17,-14.52,-8.57,,,,,,False,False,False
2026-05-25,2026-05-26,603186.SH,华正新材,电子,电子/电力设备/机械设备,5.98,29.72,32.6,历史新高,3,PCB、先进封装、芯片,久违回流/成熟重启,抗住且相对强,1.81,True,9,12,False,113,1,limit_strong,2382.4,震荡区间,震荡,当前震荡区间,-97.4,False,False,8,0.66,-8.33,-9.71,,,,,,False,False,False
2026-05-25,2026-05-26,000725.SZ,京东方Ａ,电子,电子/电力设备/机械设备,2.13,224.99,31.95,3年新高,2,先进封装、芯片,久违回流/成熟重启,抗住且相对强,10.27,True,9,10,False,113,1,limit_strong,2382.4,震荡区间,震荡,当前震荡区间,-97.4,False,False,8,7.78,1.71,6.07,,,,,,False,False,False
2026-05-25,2026-05-26,688019.SH,安集科技,电子,电子/电力设备/机械设备,5.79,29.98,31.7,,4,先进封装、光刻胶、存储芯片、芯片,久违回流/成熟重启、多次回流成熟段,抗住且相对强,3.84,True,9,11,False,113,1,limit_strong,2382.4,震荡区间,震荡,当前震荡区间,-97.4,False,False,8,-7.96,-18.6,-15.25,,,,,,False,False,False
2026-05-25,2026-05-26,002947.SZ,恒铭达,电子,电子/电力设备/机械设备,10.0,9.35,30.58,历史新高,1,消费电子,久违回流/成熟重启,抗住且相对强,4.31,False,0,0,True,113,,limit_strong,2382.4,震荡区间,震荡,当前震荡区间,-97.4,False,False,8,-3.83,-10.67,-11.0,,,,,,False,False,False
2026-05-25,2026-05-26,603989.SH,艾华集团,电子,电子/电力设备/机械设备,8.02,14.22,30.24,3年新高,2,MLCC、高压快充,d2二次回流、多次回流成熟段,抗住且相对强,4.2,False,0,0,False,113,,limit_weak,2382.4,震荡区间,震荡,当前震荡区间,-97.4,False,False,8,25.15,4.98,1.43,,,,,,False,False,False
2026-05-25,2026-05-26,688260.SH,昀冢科技,电子,电子/电力设备/机械设备,8.29,13.28,30.21,历史新高,2,MLCC、消费电子,d2二次回流、久违回流/成熟重启,抗住且相对强,3.7,False,0,0,False,113,,limit_weak,2382.4,震荡区间,震荡,当前震荡区间,-97.4,False,False,8,21.72,5.18,17.16,,,,,,False,False,False
2026-05-25,2026-05-26,301566.SZ,达利凯普,电子,电子/电力设备/机械设备,8.12,13.56,29.9,历史新高,1,MLCC,d2二次回流,补跌但相对强,0.19,False,0,0,False,113,,limit_weak,2382.4,震荡区间,震荡,当前震荡区间,-97.4,False,False,8,2.5,-8.51,13.36,,,,,,False,False,False
2026-05-25,2026-05-26,300976.SZ,达瑞电子,电子,电子/电力设备/机械设备,11.63,6.57,29.81,3年新高,2,消费电子、芯片,久违回流/成熟重启,抗住且相对强,3.14,True,1,1,False,113,1,limit_medium,2382.4,震荡区间,震荡,当前震荡区间,-97.4,False,False,8,10.39,-33.38,-29.23,,,,,,False,False,False
2026-05-25,2026-05-26,603203.SH,快克智能,机械设备,电子/电力设备/机械设备,10.0,8.55,29.24,,5,PCB、先进封装、共封装光学(CPO)、存储芯片、芯片,久违回流/成熟重启、多次回流成熟段,抗住且相对强,5.06,True,9,20,True,88,3,limit_strong,2382.4,震荡区间,震荡,当前震荡区间,-97.4,False,False,8,12.7,3.08,2.18,,,,,,False,False,False
2026-05-25,2026-05-26,300151.SZ,昌红科技,机械设备,电子/电力设备/机械设备,9.01,9.99,28.48,3年新高,1,芯片,久违回流/成熟重启,抗住且相对强,3.04,True,1,1,False,88,3,limit_medium,2382.4,震荡区间,震荡,当前震荡区间,-97.4,False,False,8,4.11,-2.5,4.58,,,,,,False,False,False
2026-05-25,2026-05-26,603629.SH,利通电子,电子,电子/电力设备/机械设备,3.25,70.63,27.31,历史新高,3,消费电子、芯片、英伟达,久违回流/成熟重启,抗住且相对强,5.7,True,1,1,False,113,1,limit_medium,2382.4,震荡区间,震荡,当前震荡区间,-97.4,False,False,8,8.93,7.26,2.91,,,,,,False,False,False
2026-05-25,2026-05-26,301377.SZ,鼎泰高科,机械设备,电子/电力设备/机械设备,5.43,24.14,26.68,历史新高,1,PCB,久违回流/成熟重启,补跌但相对强,1.48,True,2,2,False,88,8,limit_strong,2382.4,震荡区间,震荡,当前震荡区间,-97.4,False,False,8,12.86,3.32,17.48,,,,,,False,False,False
2026-05-25,2026-05-26,002119.SZ,康强电子,电子,电子/电力设备/机械设备,6.93,14.71,26.58,60日新高,4,先进封装、半导体、存储芯片、芯片,久违回流/成熟重启、多次回流成熟段,抗住且相对强,1.38,True,9,20,False,113,1,limit_strong,2382.4,震荡区间,震荡,当前震荡区间,-97.4,False,False,8,1.55,-14.75,-4.17,,,,,,False,False,False
2026-05-25,2026-05-26,600592.SH,龙溪股份,机械设备,电子/电力设备/机械设备,9.98,6.5,25.44,20日新高,1,风电,久违回流/成熟重启,抗住且相对强,4.95,True,2,2,True,88,11,limit_strong,2382.4,震荡区间,震荡,当前震荡区间,-97.4,False,False,8,-0.14,-6.63,-4.28,,,,,,False,False,False
2026-05-25,2026-05-26,601615.SH,明阳智能,电力设备,电子/电力设备/机械设备,4.41,31.76,24.85,20日新高,3,HJT电池、芯片、风电,d2二次回流、久违回流/成熟重启,抗住且相对强,7.2,True,2,3,False,29,5,limit_strong,2382.4,震荡区间,震荡,当前震荡区间,-97.4,False,False,8,0.4,-7.76,-15.12,,,,,,False,False,False
2026-05-25,2026-05-26,603806.SH,福斯特,电力设备,电子/电力设备/机械设备,5.65,19.11,24.7,,3,BC电池、HJT电池、PCB,d2二次回流、久违回流/成熟重启,抗住且相对强,3.07,True,2,2,False,29,9,limit_strong,2382.4,震荡区间,震荡,当前震荡区间,-97.4,False,False,8,0.49,-5.78,-5.19,,,,,,False,False,False
2026-05-25,2026-05-26,605111.SH,新洁能,电子,电子/电力设备/机械设备,10.01,5.66,23.81,3年新高,3,先进封装、半导体、芯片,久违回流/成熟重启、多次回流成熟段,抗住且相对强,2.57,True,9,19,True,113,1,limit_strong,2382.4,震荡区间,震荡,当前震荡区间,-97.4,False,False,8,9.93,-1.85,2.28,,,,,,False,False,False
2026-05-25,2026-05-26,301626.SZ,苏州天脉,电子,电子/电力设备/机械设备,7.4,10.18,23.61,历史新高,1,消费电子,久违回流/成熟重启,抗住且相对强,5.89,False,0,0,False,113,,limit_weak,2382.4,震荡区间,震荡,当前震荡区间,-97.4,False,False,8,8.96,3.81,4.21,,,,,,False,False,False
2026-05-25,2026-05-26,301366.SZ,一博科技,电子,电子/电力设备/机械设备,8.27,7.51,22.66,1年新高,4,PCB、共封装光学(CPO)、芯片、英伟达,久违回流/成熟重启,抗住且相对强,3.58,True,7,10,False,113,1,limit_strong,2382.4,震荡区间,震荡,当前震荡区间,-97.4,False,False,8,-1.13,-9.41,15.83,,,,,,False,False,False
2026-05-25,2026-05-26,600203.SH,福日电子,电子,电子/电力设备/机械设备,6.9,10.51,22.37,60日新高,2,华为手机、消费电子,久违回流/成熟重启、多次回流成熟段,抗住且相对强,7.01,False,0,0,False,113,,limit_weak,2382.4,震荡区间,震荡,当前震荡区间,-97.4,False,False,8,4.1,-0.84,-4.94,,,,,,False,False,False
2026-05-25,2026-05-26,603931.SH,格林达,电子,电子/电力设备/机械设备,8.6,6.7,22.26,历史新高,2,光刻胶、芯片,久违回流/成熟重启、多次回流成熟段,抗住且相对强,2.04,True,1,1,False,113,1,limit_medium,2382.4,震荡区间,震荡,当前震荡区间,-97.4,False,False,8,7.4,10.88,1.74,,,,,,False,False,False
2026-05-25,2026-05-26,003019.SZ,宸展光电,电子,电子/电力设备/机械设备,8.66,6.48,22.04,120日新高,1,芯片,久违回流/成熟重启,抗住且相对强,7.69,True,1,1,False,113,1,limit_medium,2382.4,震荡区间,震荡,当前震荡区间,-97.4,False,False,8,6.4,-2.39,-1.47,,,,,,False,False,False
2026-05-25,2026-05-26,688433.SH,华曙高科,机械设备,电子/电力设备/机械设备,7.18,9.18,21.75,历史新高,1,3D打印,久违回流/成熟重启,补跌但相对强,0.03,False,0,0,False,88,,limit_weak,2382.4,震荡区间,震荡,当前震荡区间,-97.4,False,False,8,-7.11,-17.74,-11.42,,,,,,False,False,False
2026-05-25,2026-05-26,300606.SZ,金太阳,机械设备,电子/电力设备/机械设备,7.9,7.53,21.68,,4,3D打印、PCB、存储芯片、芯片,久违回流/成熟重启、多次回流成熟段,补跌但相对强,1.0,True,2,4,False,88,3,limit_strong,2382.4,震荡区间,震荡,当前震荡区间,-97.4,False,False,8,-4.0,-19.29,-18.59,,,,,,False,False,False
2026-05-25,2026-05-26,600520.SH,三佳科技,机械设备,电子/电力设备/机械设备,9.99,4.51,21.22,1年新高,2,先进封装、芯片,久违回流/成熟重启,抗住且相对强,11.57,True,9,10,True,88,3,limit_strong,2382.4,震荡区间,震荡,当前震荡区间,-97.4,False,False,8,-0.21,-9.71,-12.16,,,,,,False,False,False
2026-05-25,2026-05-26,600580.SH,卧龙电驱,电力设备,电子/电力设备/机械设备,3.41,37.2,20.8,20日新高,1,风电,久违回流/成熟重启,抗住且相对强,4.25,True,2,2,False,29,5,limit_strong,2382.4,震荡区间,震荡,当前震荡区间,-97.4,False,False,8,-1.91,-5.41,-8.66,,,,,,False,False,False
2026-05-25,2026-05-26,301200.SZ,大族数控,机械设备,电子/电力设备/机械设备,4.01,24.9,20.01,历史新高,2,PCB、先进封装,久违回流/成熟重启,抗住且相对强,1.69,True,9,11,False,88,8,limit_strong,2382.4,震荡区间,震荡,当前震荡区间,-97.4,False,False,8,3.51,-3.22,0.35,,,,,,False,False,False
2026-05-25,2026-05-26,002438.SZ,江苏神通,机械设备,电子/电力设备/机械设备,9.98,3.78,19.4,20日新高,3,可控核聚变、芯片、风电,久违回流/成熟重启,补跌但相对强,1.45,True,2,3,True,88,3,limit_strong,2382.4,震荡区间,震荡,当前震荡区间,-97.4,False,False,8,1.13,-4.79,-5.46,,,,,,False,False,False
2026-05-25,2026-05-26,603773.SH,沃格光电,电子,电子/电力设备/机械设备,4.03,22.56,19.14,,4,先进封装、共封装光学(CPO)、存储芯片、芯片,久违回流/成熟重启、多次回流成熟段,抗住且相对强,10.78,True,9,18,False,113,1,limit_strong,2382.4,震荡区间,震荡,当前震荡区间,-97.4,False,False,8,32.17,37.58,42.78,,,,,,False,False,False
2026-05-25,2026-05-26,000636.SZ,风华高科,电子,电子/电力设备/机械设备,9.99,3.61,18.98,历史新高,4,MLCC、共封装光学(CPO)、超级电容、高压快充,d2二次回流、久违回流/成熟重启、多次回流成熟段,抗住且相对强,1.55,True,7,7,True,113,6,limit_strong,2382.4,震荡区间,震荡,当前震荡区间,-97.4,False,False,8,17.54,33.04,46.3,,,,,,False,False,False
2026-05-25,2026-05-26,600114.SH,东睦股份,机械设备,电子/电力设备/机械设备,4.3,18.42,18.45,历史新高,2,3D打印、共封装光学(CPO),久违回流/成熟重启,抗住且相对强,2.07,True,7,7,False,88,13,limit_strong,2382.4,震荡区间,震荡,当前震荡区间,-97.4,False,False,8,1.25,-9.73,0.41,,,,,,False,False,False
2026-05-25,2026-05-26,300219.SZ,鸿利智汇,电子,电子/电力设备/机械设备,6.52,7.34,17.66,3年新高,2,MR(混合现实)、芯片,久违回流/成熟重启,抗住且相对强,5.79,True,1,1,False,113,1,limit_medium,2382.4,震荡区间,震荡,当前震荡区间,-97.4,False,False,8,-4.12,-10.58,-7.13,,,,,,False,False,False
2026-05-25,2026-05-26,603890.SH,春秋电子,电子,电子/电力设备/机械设备,3.79,20.8,17.29,历史新高,1,消费电子,久违回流/成熟重启,抗住且相对强,2.58,False,0,0,False,113,,limit_weak,2382.4,震荡区间,震荡,当前震荡区间,-97.4,False,False,8,-5.41,14.47,31.42,,,,,,False,False,False
2026-05-25,2026-05-26,301568.SZ,思泰克,机械设备,电子/电力设备/机械设备,6.16,7.87,17.28,2年新高,3,PCB、光刻胶、芯片,久违回流/成熟重启、多次回流成熟段,抗住且相对强,3.61,True,2,3,False,88,3,limit_strong,2382.4,震荡区间,震荡,当前震荡区间,-97.4,False,False,8,15.77,6.35,13.57,,,,,,False,False,False
2026-05-25,2026-05-26,301458.SZ,钧崴电子,电子,电子/电力设备/机械设备,6.43,6.62,16.54,1年新高,2,英伟达、高压快充,久违回流/成熟重启、多次回流成熟段,补跌但相对强,0.19,False,0,0,False,113,,limit_weak,2382.4,震荡区间,震荡,当前震荡区间,-97.4,False,False,8,0.21,0.46,8.67,,,,,,False,False,False
2026-05-25,2026-05-26,301369.SZ,联动科技,电子,电子/电力设备/机械设备,6.51,6.34,16.39,,3,半导体、半导体设备、芯片,久违回流/成熟重启、多次回流成熟段,抗住且相对强,4.57,True,9,10,False,113,1,limit_strong,2382.4,震荡区间,震荡,当前震荡区间,-97.4,False,False,8,-3.67,-9.4,-9.17,,,,,,False,False,False
2026-05-25,2026-05-26,000670.SZ,盈方微,电子,电子/电力设备/机械设备,3.93,17.39,16.39,60日新高,2,存储芯片、芯片,久违回流/成熟重启、多次回流成熟段,抗住且相对强,8.35,True,1,2,False,113,1,limit_medium,2382.4,震荡区间,震荡,当前震荡区间,-97.4,False,False,8,4.54,-8.11,-4.97,,,,,,False,False,False
2026-05-25,2026-05-26,300223.SZ,北京君正,电子,电子/电力设备/机械设备,2.54,41.58,16.38,,5,3D打印、MCU芯片、半导体、存储芯片、芯片,久违回流/成熟重启、多次回流成熟段,抗住且相对强,6.19,True,9,11,False,113,1,limit_strong,2382.4,震荡区间,震荡,当前震荡区间,-97.4,False,False,8,13.86,1.54,1.72,,,,,,False,False,False
2026-05-26,2026-05-27,688183.SH,生益电子,电子,电子/电力设备/机械设备,20.0,97.09,197.07,历史新高,1,元件,多次回流成熟段,抗住且相对强,2.32,False,0,0,False,0,,limit_weak,1931.6,震荡区间,震荡,当前震荡区间,-184.0,False,False,7,4.5,-0.42,-2.65,,,,,,False,False,False
2026-05-26,2026-05-27,600183.SH,生益科技,电子,电子/电力设备/机械设备,10.0,96.18,98.07,历史新高,1,元件,多次回流成熟段,抗住且相对强,4.21,False,0,0,False,0,,limit_weak,1931.6,震荡区间,震荡,当前震荡区间,-184.0,False,False,7,9.71,10.06,12.32,,,,,,False,False,False
2026-05-26,2026-05-27,002552.SZ,宝鼎科技,机械设备,电子/电力设备/机械设备,10.0,16.55,40.68,历史新高,1,元件,多次回流成熟段,抗住且相对强,7.34,False,0,0,False,0,,limit_weak,1931.6,震荡区间,震荡,当前震荡区间,-184.0,False,False,7,19.76,26.15,22.46,,,,,,False,False,False
2026-05-26,2026-05-27,002579.SZ,中京电子,电子,电子/电力设备/机械设备,10.02,15.57,39.54,120日新高,1,元件,多次回流成熟段,抗住且相对强,11.38,False,0,0,False,0,,limit_weak,1931.6,震荡区间,震荡,当前震荡区间,-184.0,False,False,7,14.03,38.03,37.03,,,,,,False,False,False
2026-05-27,2026-05-28,000636.SZ,风华高科,电子,电子/电力设备/机械设备,6.04,91.21,57.68,历史新高,1,MLCC,d3三次确认,抗住且相对强,8.27,False,0,0,False,58,,limit_weak,1798.8,震荡区间,震荡,当前震荡区间,-167.6,False,False,6,24.49,36.91,,,,,,,False,False,False
2026-05-27,2026-05-28,300408.SZ,三环集团,电子,电子/电力设备/机械设备,5.18,97.54,51.16,历史新高,1,MLCC,d3三次确认,抗住且相对强,5.69,False,0,0,False,58,,limit_weak,1798.8,震荡区间,震荡,当前震荡区间,-167.6,False,False,6,2.15,9.68,,,,,,,False,False,False
2026-05-27,2026-05-28,300975.SZ,商络电子,电子,电子/电力设备/机械设备,7.71,33.8,44.82,历史新高,1,MLCC,d3三次确认,抗住且相对强,18.24,False,0,0,False,58,,limit_weak,1798.8,震荡区间,震荡,当前震荡区间,-167.6,False,False,6,23.04,36.39,,,,,,,False,False,False
2026-05-27,2026-05-28,603989.SH,艾华集团,电子,电子/电力设备/机械设备,10.02,13.54,36.87,3年新高,1,MLCC,d3三次确认,抗住且相对强,8.26,False,0,0,True,58,,limit_strong,1798.8,震荡区间,震荡,当前震荡区间,-167.6,False,False,6,-7.73,-10.85,,,,,,,False,False,False
2026-05-28,2026-05-29,688006.SH,杭可科技,电力设备,电子/电力设备/机械设备,19.99,20.51,90.53,120日新高,1,MLCC,多次回流成熟段,抗住且相对强,2.97,False,0,0,False,0,,limit_weak,2263.4,震荡区间,震荡,当前震荡区间,-148.8,False,False,5,-8.54,-14.12,,,,,,,False,False,False
2026-05-28,2026-05-29,000636.SZ,风华高科,电子,电子/电力设备/机械设备,10.0,73.26,85.59,历史新高,1,MLCC,多次回流成熟段,抗住且相对强,13.47,False,0,0,False,0,,limit_weak,2263.4,震荡区间,震荡,当前震荡区间,-148.8,False,False,5,23.17,30.55,,,,,,,False,False,False
2026-05-28,2026-05-29,300408.SZ,三环集团,电子,电子/电力设备/机械设备,7.42,128.51,84.11,历史新高,1,MLCC,多次回流成熟段,补跌但相对强,1.92,False,0,0,False,0,,limit_weak,2263.4,震荡区间,震荡,当前震荡区间,-148.8,False,False,5,1.78,5.24,,,,,,,False,False,False
2026-06-02,2026-06-03,300620.SZ,光库科技,通信,电子/电力设备/通信,14.85,87.37,138.81,历史新高,1,通信设备,多次回流成熟段,抗住且相对强,0.54,True,7,7,False,67,1,limit_strong,2160.4,震荡区间,震荡,当前震荡区间,-260.8,False,False,2,,,,,,,,,False,False,False
2026-06-02,2026-06-03,600487.SH,亨通光电,通信,电子/电力设备/通信,10.01,154.81,124.55,历史新高,1,通信设备,多次回流成熟段,抗住且相对强,5.22,True,7,7,True,67,1,limit_strong,2160.4,震荡区间,震荡,当前震荡区间,-260.8,False,False,2,,,,,,,,,False,False,False
2026-06-02,2026-06-03,600869.SH,远东股份,电力设备,电子/电力设备/通信,10.01,29.78,54.63,历史新高,1,PET铜箔,d3三次确认,抗住且相对强,7.39,True,1,1,True,46,15,limit_strong,2160.4,震荡区间,震荡,当前震荡区间,-260.8,False,False,2,,,,,,,,,False,False,False
2026-06-02,2026-06-03,301419.SZ,阿莱德,通信,电子/电力设备/通信,20.0,7.38,54.33,历史新高,1,通信设备,多次回流成熟段,抗住且相对强,7.43,True,7,7,True,67,1,limit_strong,2160.4,震荡区间,震荡,当前震荡区间,-260.8,False,False,2,,,,,,,,,False,False,False
2026-06-02,2026-06-03,002484.SZ,江海股份,电子,电子/电力设备/通信,5.45,56.4,40.93,历史新高,1,MLCC,多次回流成熟段,抗住且相对强,2.65,False,0,0,False,80,,limit_weak,2160.4,震荡区间,震荡,当前震荡区间,-260.8,False,False,2,,,,,,,,,False,False,False
2026-06-02,2026-06-03,002859.SZ,洁美科技,电子,电子/电力设备/通信,7.13,25.29,35.86,历史新高,2,MLCC、PET铜箔,d3三次确认、多次回流成熟段,抗住且相对强,5.56,True,1,1,False,80,,limit_medium,2160.4,震荡区间,震荡,当前震荡区间,-260.8,False,False,2,,,,,,,,,False,False,False
2026-06-03,2026-06-04,300308.SZ,中际旭创,通信,电子/通信/电力设备,6.98,438.81,146.22,历史新高,4,共封装光学(CPO)、液冷服务器、芯片、通信设备,久违回流/成熟重启、多次回流成熟段,抗住且相对强,0.32,True,4,9,False,45,1,limit_strong,2308.2,震荡区间,震荡,当前震荡区间,-74.2,False,False,1,,,,,,,,,False,False,False
2026-06-03,2026-06-04,688008.SH,澜起科技,电子,电子/通信/电力设备,7.13,234.01,109.07,,3,半导体、存储芯片、芯片,多次回流成熟段,抗住且相对强,0.01,True,1,3,False,55,1,limit_medium,2308.2,震荡区间,震荡,当前震荡区间,-74.2,False,False,1,,,,,,,,,False,False,False
2026-06-03,2026-06-04,688268.SH,华特气体,电子,电子/通信/电力设备,20.0,26.75,103.44,,4,光刻机、光刻胶、存储芯片、芯片,久违回流/成熟重启、多次回流成熟段,抗住且相对强,13.24,True,1,4,True,55,1,limit_strong,2308.2,震荡区间,震荡,当前震荡区间,-74.2,False,False,1,,,,,,,,,False,False,False
2026-06-03,2026-06-04,002384.SZ,东山精密,电子,电子/通信/电力设备,6.19,265.54,100.87,,6,AI手机、PCB、元件、光纤、共封装光学(CPO)、芯片,久违回流/成熟重启、多次回流成熟段,抗住且相对强,3.91,True,4,9,False,55,1,limit_strong,2308.2,震荡区间,震荡,当前震荡区间,-74.2,False,False,1,,,,,,,,,False,False,False
2026-06-03,2026-06-04,601869.SH,长飞光纤,通信,电子/通信/电力设备,8.87,93.84,85.92,历史新高,5,光纤、共封装光学(CPO)、芯片、通信设备、铜缆高速连接,久违回流/成熟重启、多次回流成熟段,抗住且相对强,2.38,True,4,10,False,45,1,limit_strong,2308.2,震荡区间,震荡,当前震荡区间,-74.2,False,False,1,,,,,,,,,False,False,False
2026-06-03,2026-06-04,300088.SZ,长信科技,电子,电子/通信/电力设备,12.67,42.57,82.67,3年新高,3,AI手机、光伏、光学光电子,久违回流/成熟重启,抗住且相对强,1.82,True,1,2,False,55,14,limit_medium,2308.2,震荡区间,震荡,当前震荡区间,-74.2,False,False,1,,,,,,,,,False,False,False
2026-06-03,2026-06-04,600487.SH,亨通光电,通信,电子/通信/电力设备,10.0,63.33,79.58,历史新高,6,6G、光纤、共封装光学(CPO)、液冷服务器、芯片、通信设备,久违回流/成熟重启、多次回流成熟段,抗住且相对强,6.97,True,4,12,True,45,1,limit_strong,2308.2,震荡区间,震荡,当前震荡区间,-74.2,False,False,1,,,,,,,,,False,False,False
2026-06-03,2026-06-04,000100.SZ,TCL科技,电子,电子/通信/电力设备,7.0,114.97,75.06,,4,AI眼镜、光伏、光学光电子、芯片,久违回流/成熟重启、多次回流成熟段,抗住且相对强,1.54,True,1,4,False,55,1,limit_medium,2308.2,震荡区间,震荡,当前震荡区间,-74.2,False,False,1,,,,,,,,,False,False,False
2026-06-03,2026-06-04,688082.SH,盛美上海,电子,电子/通信/电力设备,12.39,36.42,74.77,,5,先进封装、半导体、半导体设备、存储芯片、芯片,多次回流成熟段,抗住且相对强,4.68,True,1,4,False,55,1,limit_medium,2308.2,震荡区间,震荡,当前震荡区间,-74.2,False,False,1,,,,,,,,,False,False,False
2026-06-03,2026-06-04,688048.SH,长光华芯,电子,电子/通信/电力设备,7.72,75.53,67.09,,5,光纤、共封装光学(CPO)、半导体、可控核聚变、芯片,久违回流/成熟重启、多次回流成熟段,抗住且相对强,0.07,True,4,8,False,55,1,limit_strong,2308.2,震荡区间,震荡,当前震荡区间,-74.2,False,False,1,,,,,,,,,False,False,False
2026-06-03,2026-06-04,600522.SH,中天科技,通信,电子/通信/电力设备,4.87,189.63,67.06,,12,6G、PCB、PET铜箔、光伏、光纤、共封装光学(CPO)、可控核聚变、液冷服务器、芯片、通信设备、钙钛矿电池、铜缆高速连接,久违回流/成熟重启、多次回流成熟段,抗住且相对强,2.33,True,4,18,False,45,1,limit_strong,2308.2,震荡区间,震荡,当前震荡区间,-74.2,False,False,1,,,,,,,,,False,False,False
2026-06-03,2026-06-04,603083.SH,剑桥科技,通信,电子/通信/电力设备,6.72,94.56,65.35,,3,共封装光学(CPO)、液冷服务器、通信设备,久违回流/成熟重启、多次回流成熟段,抗住且相对强,0.7,True,4,8,False,45,1,limit_strong,2308.2,震荡区间,震荡,当前震荡区间,-74.2,False,False,1,,,,,,,,,False,False,False
2026-06-03,2026-06-04,603986.SH,兆易创新,电子,电子/通信/电力设备,3.69,288.39,62.66,,5,MCU芯片、光伏、半导体、存储芯片、芯片,久违回流/成熟重启、多次回流成熟段,抗住且相对强,5.27,True,2,6,False,55,1,limit_strong,2308.2,震荡区间,震荡,当前震荡区间,-74.2,False,False,1,,,,,,,,,False,False,False
2026-06-03,2026-06-04,300319.SZ,麦捷科技,电子,电子/通信/电力设备,10.3,33.3,59.44,历史新高,6,AI眼镜、元件、共封装光学(CPO)、存储芯片、芯片、英伟达,久违回流/成熟重启、多次回流成熟段,抗住且相对强,5.97,True,4,10,False,55,1,limit_strong,2308.2,震荡区间,震荡,当前震荡区间,-74.2,False,False,1,,,,,,,,,False,False,False
2026-06-03,2026-06-04,688079.SH,美迪凯,电子,电子/通信/电力设备,12.86,18.76,55.7,历史新高,5,AI眼镜、先进封装、光刻机、光学光电子、芯片,久违回流/成熟重启、多次回流成熟段,抗住且相对强,3.2,True,1,5,False,55,1,limit_medium,2308.2,震荡区间,震荡,当前震荡区间,-74.2,False,False,1,,,,,,,,,False,False,False
2026-06-03,2026-06-04,605358.SH,立昂微,电子,电子/通信/电力设备,7.89,46.82,53.99,,5,光伏、共封装光学(CPO)、半导体、存储芯片、芯片,久违回流/成熟重启、多次回流成熟段,抗住且相对强,7.74,True,4,8,False,55,1,limit_strong,2308.2,震荡区间,震荡,当前震荡区间,-74.2,False,False,1,,,,,,,,,False,False,False
2026-06-03,2026-06-04,600105.SH,永鼎股份,通信,电子/通信/电力设备,4.64,121.22,51.09,,5,光纤、共封装光学(CPO)、可控核聚变、芯片、通信设备,久违回流/成熟重启、多次回流成熟段,抗住且相对强,4.49,True,4,10,False,45,1,limit_strong,2308.2,震荡区间,震荡,当前震荡区间,-74.2,False,False,1,,,,,,,,,False,False,False
2026-06-03,2026-06-04,300323.SZ,华灿光电,电子,电子/通信/电力设备,8.66,31.51,48.61,,4,AI眼镜、光学光电子、共封装光学(CPO)、芯片,久违回流/成熟重启、多次回流成熟段,抗住且相对强,6.56,True,4,7,False,55,1,limit_strong,2308.2,震荡区间,震荡,当前震荡区间,-74.2,False,False,1,,,,,,,,,False,False,False
2026-06-03,2026-06-04,300398.SZ,飞凯材料,电子,电子/通信/电力设备,8.64,29.61,47.01,,6,先进封装、光伏、光刻胶、光纤、存储芯片、芯片,久违回流/成熟重启、多次回流成熟段,抗住且相对强,4.84,True,1,6,False,55,1,limit_medium,2308.2,震荡区间,震荡,当前震荡区间,-74.2,False,False,1,,,,,,,,,False,False,False
2026-06-03,2026-06-04,600869.SH,远东股份,电力设备,电子/通信/电力设备,6.41,51.15,45.84,历史新高,7,PET铜箔、光伏、光纤、可控核聚变、液冷服务器、芯片、铜缆高速连接,久违回流/成熟重启、多次回流成熟段,补跌但相对强,0.47,True,1,7,False,6,,limit_medium,2308.2,震荡区间,震荡,当前震荡区间,-74.2,False,False,1,,,,,,,,,False,False,False
2026-06-03,2026-06-04,601231.SH,环旭电子,电子,电子/通信/电力设备,10.01,20.1,44.88,,3,AI眼镜、共封装光学(CPO)、芯片,久违回流/成熟重启、多次回流成熟段,抗住且相对强,2.65,True,4,6,True,55,1,limit_strong,2308.2,震荡区间,震荡,当前震荡区间,-74.2,False,False,1,,,,,,,,,False,False,False
2026-06-03,2026-06-04,002859.SZ,洁美科技,电子,电子/通信/电力设备,7.86,28.42,41.9,历史新高,3,MLCC、PET铜箔、可控核聚变,多次回流成熟段,抗住且相对强,6.58,True,1,2,False,55,,limit_medium,2308.2,震荡区间,震荡,当前震荡区间,-74.2,False,False,1,,,,,,,,,False,False,False
2026-06-03,2026-06-04,002056.SZ,横店东磁,电力设备,电子/通信/电力设备,7.17,32.26,40.72,历史新高,5,BC电池、MLCC、TOPCON电池、光伏、钙钛矿电池,d3三次确认、久违回流/成熟重启、多次回流成熟段,抗住且相对强,8.94,True,1,3,False,6,,limit_medium,2308.2,震荡区间,震荡,当前震荡区间,-74.2,False,False,1,,,,,,,,,False,False,False
2026-06-03,2026-06-04,301611.SZ,珂玛科技,电子,电子/通信/电力设备,9.56,17.86,40.4,,4,光刻机、半导体、存储芯片、芯片,久违回流/成熟重启、多次回流成熟段,抗住且相对强,8.16,True,1,4,False,55,1,limit_medium,2308.2,震荡区间,震荡,当前震荡区间,-74.2,False,False,1,,,,,,,,,False,False,False
2026-06-03,2026-06-04,688525.SH,佰维存储,电子,电子/通信/电力设备,3.49,130.35,39.85,,6,AI手机、AI眼镜、先进封装、半导体、存储芯片、芯片,久违回流/成熟重启、多次回流成熟段,抗住且相对强,6.44,True,1,5,False,55,1,limit_medium,2308.2,震荡区间,震荡,当前震荡区间,-74.2,False,False,1,,,,,,,,,False,False,False
2026-06-03,2026-06-04,002980.SZ,华盛昌,电力设备,电子/通信/电力设备,9.16,18.64,39.55,,3,AI眼镜、光伏、共封装光学(CPO),久违回流/成熟重启、多次回流成熟段,抗住且相对强,5.89,True,4,6,False,6,,limit_strong,2308.2,震荡区间,震荡,当前震荡区间,-74.2,False,False,1,,,,,,,,,False,False,False
2026-06-03,2026-06-04,600498.SH,烽火通信,通信,电子/通信/电力设备,5.09,60.29,39.52,,7,6G、MCU芯片、光纤、共封装光学(CPO)、液冷服务器、芯片、通信设备,久违回流/成熟重启、多次回流成熟段,抗住且相对强,1.33,True,4,14,False,45,1,limit_strong,2308.2,震荡区间,震荡,当前震荡区间,-74.2,False,False,1,,,,,,,,,False,False,False
2026-06-03,2026-06-04,300570.SZ,太辰光,通信,电子/通信/电力设备,4.94,61.94,38.88,,5,光纤、共封装光学(CPO)、芯片、通信设备、铜缆高速连接,久违回流/成熟重启、多次回流成熟段,抗住且相对强,1.63,True,4,10,False,45,1,limit_strong,2308.2,震荡区间,震荡,当前震荡区间,-74.2,False,False,1,,,,,,,,,False,False,False
2026-06-03,2026-06-04,300136.SZ,信维通信,电子,电子/通信/电力设备,3.95,91.41,37.77,,3,6G、AI眼镜、芯片,久违回流/成熟重启、多次回流成熟段,抗住且相对强,0.25,True,2,4,False,55,1,limit_strong,2308.2,震荡区间,震荡,当前震荡区间,-74.2,False,False,1,,,,,,,,,False,False,False
2026-06-03,2026-06-04,002484.SZ,江海股份,电子,电子/通信/电力设备,4.95,53.09,36.07,历史新高,3,MLCC、元件、可控核聚变,多次回流成熟段,抗住且相对强,7.74,True,2,3,False,55,4,limit_strong,2308.2,震荡区间,震荡,当前震荡区间,-74.2,False,False,1,,,,,,,,,False,False,False
2026-06-03,2026-06-04,301577.SZ,美信科技,通信,电子/通信/电力设备,13.97,5.23,31.95,历史新高,1,通信设备,多次回流成熟段,抗住且相对强,2.26,True,3,3,False,45,1,limit_strong,2308.2,震荡区间,震荡,当前震荡区间,-74.2,False,False,1,,,,,,,,,False,False,False
2026-06-03,2026-06-04,300285.SZ,国瓷材料,电子,电子/通信/电力设备,3.46,84.23,31.75,历史新高,2,共封装光学(CPO)、芯片,多次回流成熟段,抗住且相对强,3.58,True,4,5,False,55,1,limit_strong,2308.2,震荡区间,震荡,当前震荡区间,-74.2,False,False,1,,,,,,,,,False,False,False
2026-06-03,2026-06-04,000725.SZ,京东方Ａ,电子,电子/通信/电力设备,2.19,209.85,31.72,,7,AI眼镜、先进封装、光伏、光学光电子、光纤、芯片、钙钛矿电池,久违回流/成熟重启、多次回流成熟段,抗住且相对强,7.76,True,1,7,False,55,1,limit_medium,2308.2,震荡区间,震荡,当前震荡区间,-74.2,False,False,1,,,,,,,,,False,False,False
2026-06-03,2026-06-04,603005.SH,晶方科技,电子,电子/通信/电力设备,4.92,37.88,30.28,,5,先进封装、光刻机、光刻胶、半导体、芯片,久违回流/成熟重启、多次回流成熟段,抗住且相对强,7.73,True,1,5,False,55,1,limit_medium,2308.2,震荡区间,震荡,当前震荡区间,-74.2,False,False,1,,,,,,,,,False,False,False
2026-06-03,2026-06-04,688820.SH,盛合晶微,电子,电子/通信/电力设备,3.56,69.73,29.73,,4,先进封装、半导体、存储芯片、芯片,多次回流成熟段,抗住且相对强,0.19,True,1,4,False,55,1,limit_medium,2308.2,震荡区间,震荡,当前震荡区间,-74.2,False,False,1,,,,,,,,,False,False,False
2026-06-03,2026-06-04,300604.SZ,长川科技,电子,电子/通信/电力设备,3.19,67.99,26.3,,4,半导体、半导体设备、存储芯片、芯片,多次回流成熟段,抗住且相对强,1.99,True,1,3,False,55,1,limit_medium,2308.2,震荡区间,震荡,当前震荡区间,-74.2,False,False,1,,,,,,,,,False,False,False
2026-06-03,2026-06-04,000021.SZ,深科技,电子,电子/通信/电力设备,3.01,72.91,25.7,,4,先进封装、共封装光学(CPO)、存储芯片、芯片,多次回流成熟段,抗住且相对强,1.34,True,4,7,False,55,1,limit_strong,2308.2,震荡区间,震荡,当前震荡区间,-74.2,False,False,1,,,,,,,,,False,False,False
2026-06-03,2026-06-04,688233.SH,神工股份,电子,电子/通信/电力设备,8.4,9.31,25.63,,3,半导体、存储芯片、芯片,多次回流成熟段,抗住且相对强,1.11,True,1,3,False,55,1,limit_medium,2308.2,震荡区间,震荡,当前震荡区间,-74.2,False,False,1,,,,,,,,,False,False,False
2026-06-03,2026-06-04,688347.SH,华虹公司,电子,电子/通信/电力设备,2.98,73.38,25.53,,3,半导体、存储芯片、芯片,多次回流成熟段,抗住且相对强,2.35,True,1,3,False,55,1,limit_medium,2308.2,震荡区间,震荡,当前震荡区间,-74.2,False,False,1,,,,,,,,,False,False,False
2026-06-03,2026-06-04,301308.SZ,江波龙,电子,电子/通信/电力设备,2.5,101.31,25.16,,6,AI手机、AI眼镜、先进封装、半导体、存储芯片、芯片,久违回流/成熟重启、多次回流成熟段,抗住且相对强,4.49,True,1,5,False,55,1,limit_medium,2308.2,震荡区间,震荡,当前震荡区间,-74.2,False,False,1,,,,,,,,,False,False,False
2026-06-03,2026-06-04,603618.SH,杭电股份,电力设备,电子/通信/电力设备,3.57,46.69,24.39,历史新高,3,PET铜箔、光伏、光纤,久违回流/成熟重启、多次回流成熟段,补跌但相对强,1.57,True,1,3,False,6,,limit_medium,2308.2,震荡区间,震荡,当前震荡区间,-74.2,False,False,1,,,,,,,,,False,False,False
2026-06-03,2026-06-04,300054.SZ,鼎龙股份,电子,电子/通信/电力设备,4.39,30.24,24.14,,4,先进封装、光刻胶、存储芯片、芯片,多次回流成熟段,抗住且相对强,1.99,True,1,4,False,55,1,limit_medium,2308.2,震荡区间,震荡,当前震荡区间,-74.2,False,False,1,,,,,,,,,False,False,False
2026-06-03,2026-06-04,300903.SZ,科翔股份,电子,电子/通信/电力设备,5.44,19.07,23.76,,6,PCB、元件、先进封装、共封装光学(CPO)、存储芯片、芯片,多次回流成熟段,抗住且相对强,3.14,True,4,10,False,55,1,limit_strong,2308.2,震荡区间,震荡,当前震荡区间,-74.2,False,False,1,,,,,,,,,False,False,False
2026-06-03,2026-06-04,002409.SZ,雅克科技,电子,电子/通信/电力设备,3.8,27.91,20.08,,5,先进封装、光刻胶、半导体、存储芯片、芯片,多次回流成熟段,抗住且相对强,1.24,True,1,5,False,55,1,limit_medium,2308.2,震荡区间,震荡,当前震荡区间,-74.2,False,False,1,,,,,,,,,False,False,False
2026-06-03,2026-06-04,300241.SZ,瑞丰光电,电子,电子/通信/电力设备,6.28,9.64,19.5,20日新高,1,光学光电子,久违回流/成熟重启,抗住且相对强,0.5,True,1,1,False,55,14,limit_medium,2308.2,震荡区间,震荡,当前震荡区间,-74.2,False,False,1,,,,,,,,,False,False,False
2026-06-03,2026-06-04,000823.SZ,超声电子,电子,电子/通信/电力设备,4.69,17.14,19.42,3年新高,4,AI眼镜、PCB、元件、共封装光学(CPO),久违回流/成熟重启、多次回流成熟段,抗住且相对强,0.27,True,4,8,False,55,2,limit_strong,2308.2,震荡区间,震荡,当前震荡区间,-74.2,False,False,1,,,,,,,,,False,False,False
2026-06-03,2026-06-04,688800.SH,瑞可达,电子,电子/通信/电力设备,4.78,16.03,19.14,,4,6G、光伏、液冷服务器、铜缆高速连接,久违回流/成熟重启、多次回流成熟段,抗住且相对强,5.75,True,2,5,False,55,17,limit_strong,2308.2,震荡区间,震荡,当前震荡区间,-74.2,False,False,1,,,,,,,,,False,False,False
2026-06-03,2026-06-04,001309.SZ,德明利,电子,电子/通信/电力设备,2.15,78.34,19.03,,4,共封装光学(CPO)、半导体、存储芯片、芯片,多次回流成熟段,抗住且相对强,7.74,True,4,7,False,55,1,limit_strong,2308.2,震荡区间,震荡,当前震荡区间,-74.2,False,False,1,,,,,,,,,False,False,False
2026-06-03,2026-06-04,002897.SZ,意华股份,通信,电子/通信/电力设备,3.4,28.78,18.24,历史新高,6,6G、光伏、共封装光学(CPO)、液冷服务器、通信设备、铜缆高速连接,久违回流/成熟重启、多次回流成熟段,抗住且相对强,5.36,True,4,12,False,45,1,limit_strong,2308.2,震荡区间,震荡,当前震荡区间,-74.2,False,False,1,,,,,,,,,False,False,False
2026-06-03,2026-06-04,688200.SH,华峰测控,电子,电子/通信/电力设备,4.46,16.64,18.19,,3,半导体、半导体设备、芯片,多次回流成熟段,抗住且相对强,10.79,True,1,2,False,55,1,limit_medium,2308.2,震荡区间,震荡,当前震荡区间,-74.2,False,False,1,,,,,,,,,False,False,False
2026-06-03,2026-06-04,688545.SH,兴福电子,电子,电子/通信/电力设备,5.05,12.67,17.98,,4,先进封装、光刻胶、存储芯片、芯片,多次回流成熟段,抗住且相对强,11.75,True,1,4,False,55,1,limit_medium,2308.2,震荡区间,震荡,当前震荡区间,-74.2,False,False,1,,,,,,,,,False,False,False
2026-06-03,2026-06-04,688106.SH,金宏气体,电子,电子/通信/电力设备,5.58,10.21,17.83,,4,光伏、可控核聚变、存储芯片、芯片,久违回流/成熟重启、多次回流成熟段,抗住且相对强,2.8,True,1,4,False,55,1,limit_medium,2308.2,震荡区间,震荡,当前震荡区间,-74.2,False,False,1,,,,,,,,,False,False,False
2026-06-03,2026-06-04,688371.SH,菲沃泰,电子,电子/通信/电力设备,6.27,7.79,17.5,,3,AI眼镜、共封装光学(CPO)、液冷服务器,久违回流/成熟重启、多次回流成熟段,抗住且相对强,3.88,True,4,6,False,55,2,limit_strong,2308.2,震荡区间,震荡,当前震荡区间,-74.2,False,False,1,,,,,,,,,False,False,False
2026-06-03,2026-06-04,300476.SZ,胜宏科技,电子,电子/通信/电力设备,1.25,192.29,17.33,,7,AI手机、PCB、元件、光伏、共封装光学(CPO)、芯片、英伟达,久违回流/成熟重启、多次回流成熟段,抗住且相对强,1.5,True,4,10,False,55,1,limit_strong,2308.2,震荡区间,震荡,当前震荡区间,-74.2,False,False,1,,,,,,,,,False,False,False
2026-06-03,2026-06-04,688668.SH,鼎通科技,通信,电子/通信/电力设备,4.23,15.74,16.78,,5,光纤、液冷服务器、英伟达、通信设备、铜缆高速连接,久违回流/成熟重启、多次回流成熟段,抗住且相对强,19.93,True,3,7,False,45,1,limit_strong,2308.2,震荡区间,震荡,当前震荡区间,-74.2,False,False,1,,,,,,,,,False,False,False
2026-06-03,2026-06-04,600198.SH,大唐电信,通信,电子/通信/电力设备,10.06,2.77,16.74,,4,MCU芯片、半导体、芯片、通信设备,多次回流成熟段,抗住且相对强,4.33,True,3,7,True,45,1,limit_strong,2308.2,震荡区间,震荡,当前震荡区间,-74.2,False,False,1,,,,,,,,,False,False,False
2026-06-03,2026-06-04,600703.SH,三安光电,电子,电子/通信/电力设备,2.31,51.86,16.64,,6,AI眼镜、先进封装、光伏、光学光电子、共封装光学(CPO)、芯片,久违回流/成熟重启、多次回流成熟段,抗住且相对强,7.73,True,4,9,False,55,1,limit_strong,2308.2,震荡区间,震荡,当前震荡区间,-74.2,False,False,1,,,,,,,,,False,False,False
2026-06-03,2026-06-04,002951.SZ,金时科技,电力设备,电子/通信/电力设备,5.62,8.54,16.42,3年新高,1,MLCC,多次回流成熟段,抗住且相对强,11.94,False,0,0,False,6,,limit_weak,2308.2,震荡区间,震荡,当前震荡区间,-74.2,False,False,1,,,,,,,,,False,False,False
2026-06-03,2026-06-04,688126.SH,沪硅产业,电子,电子/通信/电力设备,2.31,43.39,15.22,,3,半导体、存储芯片、芯片,多次回流成熟段,抗住且相对强,11.86,True,1,3,False,55,1,limit_medium,2308.2,震荡区间,震荡,当前震荡区间,-74.2,False,False,1,,,,,,,,,False,False,False
2026-06-03,2026-06-04,002456.SZ,欧菲光,电子,电子/通信/电力设备,3.15,22.4,14.91,60日新高,2,AI眼镜、光学光电子,久违回流/成熟重启,抗住且相对强,0.08,True,1,2,False,55,14,limit_medium,2308.2,震荡区间,震荡,当前震荡区间,-74.2,False,False,1,,,,,,,,,False,False,False
2026-06-03,2026-06-04,688432.SH,有研硅,电子,电子/通信/电力设备,5.82,6.23,14.53,,3,半导体、存储芯片、芯片,多次回流成熟段,抗住且相对强,5.17,True,1,3,False,55,1,limit_medium,2308.2,震荡区间,震荡,当前震荡区间,-74.2,False,False,1,,,,,,,,,False,False,False
2026-06-03,2026-06-04,600353.SH,旭光电子,电子,电子/通信/电力设备,3.53,16.13,14.18,,4,先进封装、光刻机、可控核聚变、芯片,久违回流/成熟重启、多次回流成熟段,抗住且相对强,7.72,True,1,4,False,55,1,limit_medium,2308.2,震荡区间,震荡,当前震荡区间,-74.2,False,False,1,,,,,,,,,False,False,False
2026-06-03,2026-06-04,300346.SZ,南大光电,电子,电子/通信/电力设备,2.98,22.12,14.02,,4,光伏、光刻胶、存储芯片、芯片,久违回流/成熟重启、多次回流成熟段,抗住且相对强,1.22,True,1,4,False,55,1,limit_medium,2308.2,震荡区间,震荡,当前震荡区间,-74.2,False,False,1,,,,,,,,,False,False,False
2026-06-03,2026-06-04,688484.SH,南芯科技,电子,电子/通信/电力设备,5.37,6.54,13.73,,6,AI手机、AI眼镜、MCU芯片、半导体、液冷服务器、芯片,久违回流/成熟重启、多次回流成熟段,抗住且相对强,0.74,True,2,6,False,55,1,limit_strong,2308.2,震荡区间,震荡,当前震荡区间,-74.2,False,False,1,,,,,,,,,False,False,False
2026-06-03,2026-06-04,688783.SH,西安奕材-U,电子,电子/通信/电力设备,3.85,11.99,13.33,,4,MCU芯片、半导体、存储芯片、芯片,多次回流成熟段,抗住且相对强,6.85,True,2,5,False,55,1,limit_strong,2308.2,震荡区间,震荡,当前震荡区间,-74.2,False,False,1,,,,,,,,,False,False,False
2026-06-03,2026-06-04,002815.SZ,崇达技术,电子,电子/通信/电力设备,3.03,18.36,12.98,,6,6G、PCB、元件、先进封装、共封装光学(CPO)、芯片,多次回流成熟段,抗住且相对强,2.57,True,4,11,False,55,1,limit_strong,2308.2,震荡区间,震荡,当前震荡区间,-74.2,False,False,1,,,,,,,,,False,False,False
2026-06-03,2026-06-04,300316.SZ,晶盛机电,电力设备,电子/通信/电力设备,3.0,16.57,12.21,,7,AI眼镜、BC电池、TOPCON电池、先进封装、光伏、存储芯片、芯片,d3三次确认、久违回流/成熟重启、多次回流成熟段,抗住且相对强,3.2,True,1,6,False,6,,limit_medium,2308.2,震荡区间,震荡,当前震荡区间,-74.2,False,False,1,,,,,,,,,False,False,False
2026-06-03,2026-06-04,688378.SH,奥来德,电子,电子/通信/电力设备,5.8,4.4,12.17,,3,AI眼镜、光刻胶、钙钛矿电池,久违回流/成熟重启、多次回流成熟段,抗住且相对强,17.74,True,1,3,False,55,23,limit_medium,2308.2,震荡区间,震荡,当前震荡区间,-74.2,False,False,1,,,,,,,,,False,False,False
2026-06-03,2026-06-04,688147.SH,微导纳米,电力设备,电子/通信/电力设备,3.58,11.24,12.0,,9,BC电池、TOPCON电池、先进封装、光伏、半导体、半导体设备、存储芯片、芯片、钙钛矿电池,d3三次确认、久违回流/成熟重启、多次回流成熟段,抗住且相对强,4.81,True,1,7,False,6,,limit_medium,2308.2,震荡区间,震荡,当前震荡区间,-74.2,False,False,1,,,,,,,,,False,False,False
2026-06-03,2026-06-04,301458.SZ,钧崴电子,电子,电子/通信/电力设备,3.09,14.95,11.95,历史新高,2,元件、英伟达,多次回流成熟段,抗住且相对强,8.29,True,2,3,False,55,4,limit_strong,2308.2,震荡区间,震荡,当前震荡区间,-74.2,False,False,1,,,,,,,,,False,False,False
2026-06-03,2026-06-04,300661.SZ,圣邦股份,电子,电子/通信/电力设备,2.46,22.43,11.65,,4,共封装光学(CPO)、半导体、存储芯片、芯片,多次回流成熟段,抗住且相对强,1.45,True,4,7,False,55,1,limit_strong,2308.2,震荡区间,震荡,当前震荡区间,-74.2,False,False,1,,,,,,,,,False,False,False
2026-06-03,2026-06-04,000636.SZ,风华高科,电子,电子/通信/电力设备,1.05,120.95,11.55,历史新高,6,AI眼镜、MLCC、元件、光伏、共封装光学(CPO)、液冷服务器,久违回流/成熟重启、多次回流成熟段,抗住且相对强,2.63,True,4,9,False,55,2,limit_strong,2308.2,震荡区间,震荡,当前震荡区间,-74.2,False,False,1,,,,,,,,,False,False,False
